{
  "type": "FeatureCollection",
  "name": "sql_statement",
  "crs": {
    "type": "name",
    "properties": {
      "name": "urn:ogc:def:crs:OGC:1.3:CRS84"
    }
  },
  "features": [
    {
      "type": "Feature",
      "properties": {
        "uuid": "93a9e45e-f8c8-48b0-9fe8-7ba5706500b6",
        "layer_id": "glb_con_geographic_lines_ln",
        "timeframe": null,
        "feature_class": "Prime Meridian",
        "feature_rank": 0,
        "is_visible": true,
        "is_labeled": true,
        "needs_review": false,
        "review_notes": null,
        "img_url": null,
        "last_edited": "2026-07-13",
        "last_editor": "postgres",
        "name_en": "Myth Drannor PM",
        "name_ru": null,
        "name_abb_en": null,
        "name_abb_ru": null,
        "label_en": "Myth Drannor PM",
        "label_ru": null,
        "descr_en": null,
        "descr_ru": null,
        "descr_html_en": null,
        "descr_html_ru": null,
        "url_en": null,
        "url_ru": null,
        "source_name": "TSR FRIA 2e",
        "source_url": "https://www.profantasy.com/fratlas/fratlashome.htm",
        "dnd_editions_str": "2e, 3e, 5e",
        "feature_levels_str": null,
        "extra_str": null,
        "location_en": "central Great Sea",
        "name_alt_en_str": null,
        "location_ru": "центральный Великое море",
        "name_alt_ru_str": null,
        "geog_extent_length_km": 20075.0,
        "geog_extent_length_miles": 12474.0,
        "geog_extent_centroid_md": "00° 00′ 00″ N 000° 00′ 00″ E",
        "geog_extent_centroid_fria": "00° 00′ 00″ N 053° 28′ 53″ W",
        "geog_extent_perimeter_km": null,
        "geog_extent_perimeter_miles": null,
        "geog_extent_area_sq_km": null,
        "geog_extent_area_sq_miles": null,
        "geog_extent_bbox_md": {
          "east": 0,
          "west": 0,
          "north": 90,
          "south": -90
        },
        "geog_extent_bbox_fria": {
          "east": -53.48150148799,
          "west": -53.48150148799,
          "north": 90,
          "south": -90
        },
        "name_it": null,
        "name_abb_it": null,
        "label_it": "Myth Drannor PM",
        "descr_it": null,
        "descr_html_it": null,
        "url_it": null,
        "location_it": "Mare Grande centrale",
        "name_alt_it_str": null,
        "topical_tags": "",
        "related_location_tags": "",
        "related_cultures_tags": "",
        "related_factions_tags": ""
      },
      "geometry": {
        "type": "MultiLineString",
        "coordinates": [
          [
            [
              -53.48150148799,
              90.0
            ],
            [
              -53.48150148799,
              89.50138504155125
            ],
            [
              -53.48150148799,
              89.00277008310249
            ],
            [
              -53.48150148799,
              88.50415512465374
            ],
            [
              -53.48150148799,
              88.00554016620498
            ],
            [
              -53.48150148799,
              87.50692520775624
            ],
            [
              -53.48150148799,
              87.00831024930748
            ],
            [
              -53.48150148799,
              86.50969529085873
            ],
            [
              -53.48150148799,
              86.01108033240997
            ],
            [
              -53.48150148799,
              85.51246537396122
            ],
            [
              -53.48150148799,
              85.01385041551247
            ],
            [
              -53.48150148799,
              84.51523545706371
            ],
            [
              -53.48150148799,
              84.01662049861496
            ],
            [
              -53.48150148799,
              83.5180055401662
            ],
            [
              -53.48150148799,
              83.01939058171745
            ],
            [
              -53.48150148799,
              82.5207756232687
            ],
            [
              -53.48150148799,
              82.02216066481995
            ],
            [
              -53.48150148799,
              81.5235457063712
            ],
            [
              -53.48150148799,
              81.02493074792244
            ],
            [
              -53.48150148799,
              80.52631578947368
            ],
            [
              -53.48150148799,
              80.02770083102493
            ],
            [
              -53.48150148799,
              79.52908587257618
            ],
            [
              -53.48150148799,
              79.03047091412742
            ],
            [
              -53.48150148799,
              78.53185595567867
            ],
            [
              -53.48150148799,
              78.03324099722991
            ],
            [
              -53.48150148799,
              77.53462603878117
            ],
            [
              -53.48150148799,
              77.03601108033241
            ],
            [
              -53.48150148799,
              76.53739612188366
            ],
            [
              -53.48150148799,
              76.0387811634349
            ],
            [
              -53.48150148799,
              75.54016620498615
            ],
            [
              -53.48150148799,
              75.0415512465374
            ],
            [
              -53.48150148799,
              74.54293628808864
            ],
            [
              -53.48150148799,
              74.04432132963989
            ],
            [
              -53.48150148799,
              73.54570637119113
            ],
            [
              -53.48150148799,
              73.04709141274239
            ],
            [
              -53.48150148799,
              72.54847645429362
            ],
            [
              -53.48150148799,
              72.04986149584488
            ],
            [
              -53.48150148799,
              71.55124653739612
            ],
            [
              -53.48150148799,
              71.05263157894737
            ],
            [
              -53.48150148799,
              70.55401662049861
            ],
            [
              -53.48150148799,
              70.05540166204986
            ],
            [
              -53.48150148799,
              69.5567867036011
            ],
            [
              -53.48150148799,
              69.05817174515235
            ],
            [
              -53.48150148799,
              68.55955678670361
            ],
            [
              -53.48150148799,
              68.06094182825484
            ],
            [
              -53.48150148799,
              67.5623268698061
            ],
            [
              -53.48150148799,
              67.06371191135734
            ],
            [
              -53.48150148799,
              66.56509695290859
            ],
            [
              -53.48150148799,
              66.06648199445983
            ],
            [
              -53.48150148799,
              65.56786703601108
            ],
            [
              -53.48150148799,
              65.06925207756233
            ],
            [
              -53.48150148799,
              64.57063711911357
            ],
            [
              -53.48150148799,
              64.07202216066482
            ],
            [
              -53.48150148799,
              63.57340720221606
            ],
            [
              -53.48150148799,
              63.07479224376732
            ],
            [
              -53.48150148799,
              62.576177285318565
            ],
            [
              -53.48150148799,
              62.07756232686981
            ],
            [
              -53.48150148799,
              61.578947368421055
            ],
            [
              -53.48150148799,
              61.0803324099723
            ],
            [
              -53.48150148799,
              60.581717451523545
            ],
            [
              -53.48150148799,
              60.08310249307479
            ],
            [
              -53.48150148799,
              59.584487534626035
            ],
            [
              -53.48150148799,
              59.08587257617729
            ],
            [
              -53.48150148799,
              58.58725761772853
            ],
            [
              -53.48150148799,
              58.08864265927978
            ],
            [
              -53.48150148799,
              57.59002770083102
            ],
            [
              -53.48150148799,
              57.09141274238227
            ],
            [
              -53.48150148799,
              56.59279778393352
            ],
            [
              -53.48150148799,
              56.094182825484765
            ],
            [
              -53.48150148799,
              55.59556786703601
            ],
            [
              -53.48150148799,
              55.096952908587255
            ],
            [
              -53.48150148799,
              54.5983379501385
            ],
            [
              -53.48150148799,
              54.099722991689745
            ],
            [
              -53.48150148799,
              53.601108033241
            ],
            [
              -53.48150148799,
              53.10249307479224
            ],
            [
              -53.48150148799,
              52.603878116343495
            ],
            [
              -53.48150148799,
              52.10526315789474
            ],
            [
              -53.48150148799,
              51.606648199445985
            ],
            [
              -53.48150148799,
              51.10803324099723
            ],
            [
              -53.48150148799,
              50.609418282548475
            ],
            [
              -53.48150148799,
              50.11080332409973
            ],
            [
              -53.48150148799,
              49.61218836565097
            ],
            [
              -53.48150148799,
              49.11357340720222
            ],
            [
              -53.48150148799,
              48.61495844875346
            ],
            [
              -53.48150148799,
              48.11634349030471
            ],
            [
              -53.48150148799,
              47.61772853185595
            ],
            [
              -53.48150148799,
              47.119113573407205
            ],
            [
              -53.48150148799,
              46.62049861495845
            ],
            [
              -53.48150148799,
              46.121883656509695
            ],
            [
              -53.48150148799,
              45.62326869806094
            ],
            [
              -53.48150148799,
              45.124653739612185
            ],
            [
              -53.48150148799,
              44.62603878116344
            ],
            [
              -53.48150148799,
              44.12742382271468
            ],
            [
              -53.48150148799,
              43.628808864265935
            ],
            [
              -53.48150148799,
              43.13019390581717
            ],
            [
              -53.48150148799,
              42.631578947368425
            ],
            [
              -53.48150148799,
              42.13296398891966
            ],
            [
              -53.48150148799,
              41.634349030470915
            ],
            [
              -53.48150148799,
              41.13573407202216
            ],
            [
              -53.48150148799,
              40.63711911357341
            ],
            [
              -53.48150148799,
              40.13850415512465
            ],
            [
              -53.48150148799,
              39.6398891966759
            ],
            [
              -53.48150148799,
              39.14127423822714
            ],
            [
              -53.48150148799,
              38.64265927977839
            ],
            [
              -53.48150148799,
              38.14404432132964
            ],
            [
              -53.48150148799,
              37.64542936288089
            ],
            [
              -53.48150148799,
              37.14681440443213
            ],
            [
              -53.48150148799,
              36.64819944598338
            ],
            [
              -53.48150148799,
              36.14958448753463
            ],
            [
              -53.48150148799,
              35.65096952908587
            ],
            [
              -53.48150148799,
              35.15235457063712
            ],
            [
              -53.48150148799,
              34.65373961218837
            ],
            [
              -53.48150148799,
              34.15512465373961
            ],
            [
              -53.48150148799,
              33.65650969529086
            ],
            [
              -53.48150148799,
              33.15789473684211
            ],
            [
              -53.48150148799,
              32.65927977839335
            ],
            [
              -53.48150148799,
              32.1606648199446
            ],
            [
              -53.48150148799,
              31.662049861495845
            ],
            [
              -53.48150148799,
              31.16343490304709
            ],
            [
              -53.48150148799,
              30.664819944598335
            ],
            [
              -53.48150148799,
              30.166204986149587
            ],
            [
              -53.48150148799,
              29.667590027700825
            ],
            [
              -53.48150148799,
              29.168975069252078
            ],
            [
              -53.48150148799,
              28.670360110803323
            ],
            [
              -53.48150148799,
              28.171745152354575
            ],
            [
              -53.48150148799,
              27.673130193905813
            ],
            [
              -53.48150148799,
              27.174515235457065
            ],
            [
              -53.48150148799,
              26.675900277008303
            ],
            [
              -53.48150148799,
              26.177285318559555
            ],
            [
              -53.48150148799,
              25.678670360110814
            ],
            [
              -53.48150148799,
              25.180055401662045
            ],
            [
              -53.48150148799,
              24.681440443213305
            ],
            [
              -53.48150148799,
              24.182825484764535
            ],
            [
              -53.48150148799,
              23.684210526315795
            ],
            [
              -53.48150148799,
              23.18559556786704
            ],
            [
              -53.48150148799,
              22.686980609418285
            ],
            [
              -53.48150148799,
              22.18836565096953
            ],
            [
              -53.48150148799,
              21.689750692520775
            ],
            [
              -53.48150148799,
              21.19113573407202
            ],
            [
              -53.48150148799,
              20.692520775623265
            ],
            [
              -53.48150148799,
              20.19390581717451
            ],
            [
              -53.48150148799,
              19.69529085872577
            ],
            [
              -53.48150148799,
              19.196675900277
            ],
            [
              -53.48150148799,
              18.69806094182826
            ],
            [
              -53.48150148799,
              18.19944598337949
            ],
            [
              -53.48150148799,
              17.70083102493075
            ],
            [
              -53.48150148799,
              17.202216066481995
            ],
            [
              -53.48150148799,
              16.70360110803324
            ],
            [
              -53.48150148799,
              16.204986149584485
            ],
            [
              -53.48150148799,
              15.70637119113573
            ],
            [
              -53.48150148799,
              15.20775623268699
            ],
            [
              -53.48150148799,
              14.70914127423822
            ],
            [
              -53.48150148799,
              14.21052631578948
            ],
            [
              -53.48150148799,
              13.711911357340725
            ],
            [
              -53.48150148799,
              13.21329639889197
            ],
            [
              -53.48150148799,
              12.714681440443215
            ],
            [
              -53.48150148799,
              12.21606648199446
            ],
            [
              -53.48150148799,
              11.717451523545705
            ],
            [
              -53.48150148799,
              11.21883656509695
            ],
            [
              -53.48150148799,
              10.720221606648195
            ],
            [
              -53.48150148799,
              10.221606648199455
            ],
            [
              -53.48150148799,
              9.722991689750685
            ],
            [
              -53.48150148799,
              9.224376731301945
            ],
            [
              -53.48150148799,
              8.725761772853176
            ],
            [
              -53.48150148799,
              8.227146814404435
            ],
            [
              -53.48150148799,
              7.72853185595568
            ],
            [
              -53.48150148799,
              7.229916897506925
            ],
            [
              -53.48150148799,
              6.73130193905817
            ],
            [
              -53.48150148799,
              6.232686980609415
            ],
            [
              -53.48150148799,
              5.73407202216066
            ],
            [
              -53.48150148799,
              5.235457063711905
            ],
            [
              -53.48150148799,
              4.736842105263165
            ],
            [
              -53.48150148799,
              4.23822714681441
            ],
            [
              -53.48150148799,
              3.739612188365655
            ],
            [
              -53.48150148799,
              3.2409972299169
            ],
            [
              -53.48150148799,
              2.742382271468145
            ],
            [
              -53.48150148799,
              2.24376731301939
            ],
            [
              -53.48150148799,
              1.745152354570635
            ],
            [
              -53.48150148799,
              1.24653739612188
            ],
            [
              -53.48150148799,
              0.747922437673139
            ],
            [
              -53.48150148799,
              0.24930747922437
            ],
            [
              -53.48150148799,
              -0.24930747922437
            ],
            [
              -53.48150148799,
              -0.747922437673125
            ],
            [
              -53.48150148799,
              -1.246537396121894
            ],
            [
              -53.48150148799,
              -1.745152354570635
            ],
            [
              -53.48150148799,
              -2.24376731301939
            ],
            [
              -53.48150148799,
              -2.742382271468131
            ],
            [
              -53.48150148799,
              -3.2409972299169
            ],
            [
              -53.48150148799,
              -3.739612188365655
            ],
            [
              -53.48150148799,
              -4.23822714681441
            ],
            [
              -53.48150148799,
              -4.73684210526315
            ],
            [
              -53.48150148799,
              -5.23545706371192
            ],
            [
              -53.48150148799,
              -5.734072022160674
            ],
            [
              -53.48150148799,
              -6.232686980609415
            ],
            [
              -53.48150148799,
              -6.73130193905817
            ],
            [
              -53.48150148799,
              -7.229916897506911
            ],
            [
              -53.48150148799,
              -7.72853185595568
            ],
            [
              -53.48150148799,
              -8.227146814404435
            ],
            [
              -53.48150148799,
              -8.725761772853176
            ],
            [
              -53.48150148799,
              -9.22437673130193
            ],
            [
              -53.48150148799,
              -9.7229916897507
            ],
            [
              -53.48150148799,
              -10.221606648199455
            ],
            [
              -53.48150148799,
              -10.720221606648195
            ],
            [
              -53.48150148799,
              -11.21883656509695
            ],
            [
              -53.48150148799,
              -11.71745152354572
            ],
            [
              -53.48150148799,
              -12.21606648199446
            ],
            [
              -53.48150148799,
              -12.714681440443215
            ],
            [
              -53.48150148799,
              -13.213296398891956
            ],
            [
              -53.48150148799,
              -13.711911357340725
            ],
            [
              -53.48150148799,
              -14.21052631578948
            ],
            [
              -53.48150148799,
              -14.70914127423822
            ],
            [
              -53.48150148799,
              -15.207756232686975
            ],
            [
              -53.48150148799,
              -15.706371191135744
            ],
            [
              -53.48150148799,
              -16.2049861495845
            ],
            [
              -53.48150148799,
              -16.70360110803324
            ],
            [
              -53.48150148799,
              -17.202216066481995
            ],
            [
              -53.48150148799,
              -17.700831024930736
            ],
            [
              -53.48150148799,
              -18.199445983379505
            ],
            [
              -53.48150148799,
              -18.69806094182826
            ],
            [
              -53.48150148799,
              -19.196675900277
            ],
            [
              -53.48150148799,
              -19.695290858725755
            ],
            [
              -53.48150148799,
              -20.193905817174524
            ],
            [
              -53.48150148799,
              -20.692520775623265
            ],
            [
              -53.48150148799,
              -21.19113573407202
            ],
            [
              -53.48150148799,
              -21.689750692520775
            ],
            [
              -53.48150148799,
              -22.18836565096953
            ],
            [
              -53.48150148799,
              -22.686980609418285
            ],
            [
              -53.48150148799,
              -23.18559556786704
            ],
            [
              -53.48150148799,
              -23.68421052631578
            ],
            [
              -53.48150148799,
              -24.18282548476455
            ],
            [
              -53.48150148799,
              -24.681440443213305
            ],
            [
              -53.48150148799,
              -25.180055401662045
            ],
            [
              -53.48150148799,
              -25.6786703601108
            ],
            [
              -53.48150148799,
              -26.17728531855957
            ],
            [
              -53.48150148799,
              -26.67590027700831
            ],
            [
              -53.48150148799,
              -27.174515235457065
            ],
            [
              -53.48150148799,
              -27.67313019390582
            ],
            [
              -53.48150148799,
              -28.17174515235456
            ],
            [
              -53.48150148799,
              -28.67036011080333
            ],
            [
              -53.48150148799,
              -29.168975069252085
            ],
            [
              -53.48150148799,
              -29.667590027700825
            ],
            [
              -53.48150148799,
              -30.16620498614958
            ],
            [
              -53.48150148799,
              -30.66481994459835
            ],
            [
              -53.48150148799,
              -31.16343490304709
            ],
            [
              -53.48150148799,
              -31.662049861495845
            ],
            [
              -53.48150148799,
              -32.160664819944586
            ],
            [
              -53.48150148799,
              -32.659279778393355
            ],
            [
              -53.48150148799,
              -33.15789473684211
            ],
            [
              -53.48150148799,
              -33.65650969529085
            ],
            [
              -53.48150148799,
              -34.155124653739605
            ],
            [
              -53.48150148799,
              -34.653739612188375
            ],
            [
              -53.48150148799,
              -35.15235457063713
            ],
            [
              -53.48150148799,
              -35.65096952908587
            ],
            [
              -53.48150148799,
              -36.149584487534625
            ],
            [
              -53.48150148799,
              -36.648199445983394
            ],
            [
              -53.48150148799,
              -37.146814404432135
            ],
            [
              -53.48150148799,
              -37.64542936288089
            ],
            [
              -53.48150148799,
              -38.14404432132963
            ],
            [
              -53.48150148799,
              -38.64265927977837
            ],
            [
              -53.48150148799,
              -39.14127423822714
            ],
            [
              -53.48150148799,
              -39.63988919667591
            ],
            [
              -53.48150148799,
              -40.13850415512465
            ],
            [
              -53.48150148799,
              -40.63711911357339
            ],
            [
              -53.48150148799,
              -41.13573407202216
            ],
            [
              -53.48150148799,
              -41.63434903047093
            ],
            [
              -53.48150148799,
              -42.13296398891967
            ],
            [
              -53.48150148799,
              -42.63157894736841
            ],
            [
              -53.48150148799,
              -43.13019390581718
            ],
            [
              -53.48150148799,
              -43.62880886426592
            ],
            [
              -53.48150148799,
              -44.12742382271469
            ],
            [
              -53.48150148799,
              -44.62603878116343
            ],
            [
              -53.48150148799,
              -45.1246537396122
            ],
            [
              -53.48150148799,
              -45.62326869806094
            ],
            [
              -53.48150148799,
              -46.12188365650968
            ],
            [
              -53.48150148799,
              -46.62049861495845
            ],
            [
              -53.48150148799,
              -47.11911357340722
            ],
            [
              -53.48150148799,
              -47.61772853185596
            ],
            [
              -53.48150148799,
              -48.1163434903047
            ],
            [
              -53.48150148799,
              -48.61495844875347
            ],
            [
              -53.48150148799,
              -49.11357340720221
            ],
            [
              -53.48150148799,
              -49.61218836565098
            ],
            [
              -53.48150148799,
              -50.11080332409972
            ],
            [
              -53.48150148799,
              -50.60941828254846
            ],
            [
              -53.48150148799,
              -51.10803324099723
            ],
            [
              -53.48150148799,
              -51.606648199446
            ],
            [
              -53.48150148799,
              -52.10526315789474
            ],
            [
              -53.48150148799,
              -52.60387811634348
            ],
            [
              -53.48150148799,
              -53.10249307479225
            ],
            [
              -53.48150148799,
              -53.60110803324102
            ],
            [
              -53.48150148799,
              -54.09972299168976
            ],
            [
              -53.48150148799,
              -54.5983379501385
            ],
            [
              -53.48150148799,
              -55.09695290858724
            ],
            [
              -53.48150148799,
              -55.59556786703601
            ],
            [
              -53.48150148799,
              -56.09418282548478
            ],
            [
              -53.48150148799,
              -56.59279778393352
            ],
            [
              -53.48150148799,
              -57.09141274238226
            ],
            [
              -53.48150148799,
              -57.59002770083103
            ],
            [
              -53.48150148799,
              -58.08864265927977
            ],
            [
              -53.48150148799,
              -58.58725761772854
            ],
            [
              -53.48150148799,
              -59.08587257617728
            ],
            [
              -53.48150148799,
              -59.58448753462602
            ],
            [
              -53.48150148799,
              -60.08310249307479
            ],
            [
              -53.48150148799,
              -60.58171745152356
            ],
            [
              -53.48150148799,
              -61.0803324099723
            ],
            [
              -53.48150148799,
              -61.57894736842104
            ],
            [
              -53.48150148799,
              -62.07756232686981
            ],
            [
              -53.48150148799,
              -62.57617728531855
            ],
            [
              -53.48150148799,
              -63.07479224376732
            ],
            [
              -53.48150148799,
              -63.57340720221606
            ],
            [
              -53.48150148799,
              -64.07202216066483
            ],
            [
              -53.48150148799,
              -64.57063711911357
            ],
            [
              -53.48150148799,
              -65.06925207756234
            ],
            [
              -53.48150148799,
              -65.56786703601108
            ],
            [
              -53.48150148799,
              -66.06648199445985
            ],
            [
              -53.48150148799,
              -66.56509695290859
            ],
            [
              -53.48150148799,
              -67.06371191135733
            ],
            [
              -53.48150148799,
              -67.5623268698061
            ],
            [
              -53.48150148799,
              -68.06094182825487
            ],
            [
              -53.48150148799,
              -68.55955678670361
            ],
            [
              -53.48150148799,
              -69.05817174515235
            ],
            [
              -53.48150148799,
              -69.55678670360109
            ],
            [
              -53.48150148799,
              -70.05540166204986
            ],
            [
              -53.48150148799,
              -70.55401662049863
            ],
            [
              -53.48150148799,
              -71.05263157894737
            ],
            [
              -53.48150148799,
              -71.55124653739611
            ],
            [
              -53.48150148799,
              -72.04986149584488
            ],
            [
              -53.48150148799,
              -72.54847645429365
            ],
            [
              -53.48150148799,
              -73.04709141274239
            ],
            [
              -53.48150148799,
              -73.54570637119113
            ],
            [
              -53.48150148799,
              -74.04432132963987
            ],
            [
              -53.48150148799,
              -74.54293628808864
            ],
            [
              -53.48150148799,
              -75.04155124653741
            ],
            [
              -53.48150148799,
              -75.54016620498615
            ],
            [
              -53.48150148799,
              -76.03878116343489
            ],
            [
              -53.48150148799,
              -76.53739612188366
            ],
            [
              -53.48150148799,
              -77.0360110803324
            ],
            [
              -53.48150148799,
              -77.53462603878117
            ],
            [
              -53.48150148799,
              -78.03324099722991
            ],
            [
              -53.48150148799,
              -78.53185595567868
            ],
            [
              -53.48150148799,
              -79.03047091412742
            ],
            [
              -53.48150148799,
              -79.52908587257619
            ],
            [
              -53.48150148799,
              -80.02770083102493
            ],
            [
              -53.48150148799,
              -80.52631578947367
            ],
            [
              -53.48150148799,
              -81.02493074792244
            ],
            [
              -53.48150148799,
              -81.52354570637118
            ],
            [
              -53.48150148799,
              -82.02216066481995
            ],
            [
              -53.48150148799,
              -82.52077562326869
            ],
            [
              -53.48150148799,
              -83.01939058171746
            ],
            [
              -53.48150148799,
              -83.5180055401662
            ],
            [
              -53.48150148799,
              -84.01662049861497
            ],
            [
              -53.48150148799,
              -84.51523545706371
            ],
            [
              -53.48150148799,
              -85.01385041551248
            ],
            [
              -53.48150148799,
              -85.51246537396122
            ],
            [
              -53.48150148799,
              -86.01108033240996
            ],
            [
              -53.48150148799,
              -86.50969529085873
            ],
            [
              -53.48150148799,
              -87.0083102493075
            ],
            [
              -53.48150148799,
              -87.50692520775624
            ],
            [
              -53.48150148799,
              -88.00554016620498
            ],
            [
              -53.48150148799,
              -88.50415512465372
            ],
            [
              -53.48150148799,
              -89.00277008310249
            ],
            [
              -53.48150148799,
              -89.50138504155126
            ],
            [
              -53.48150148799,
              -90.0
            ]
          ]
        ]
      }
    },
    {
      "type": "Feature",
      "properties": {
        "uuid": "4c3bcdc5-ef0b-4016-9421-6c2851438ce5",
        "layer_id": "glb_con_geographic_lines_ln",
        "timeframe": null,
        "feature_class": "Tropic Circle",
        "feature_rank": 0,
        "is_visible": true,
        "is_labeled": true,
        "needs_review": false,
        "review_notes": null,
        "img_url": null,
        "last_edited": "2026-07-13",
        "last_editor": "postgres",
        "name_en": "Northern Tropic",
        "name_ru": null,
        "name_abb_en": null,
        "name_abb_ru": null,
        "label_en": "Northern Tropic",
        "label_ru": null,
        "descr_en": null,
        "descr_ru": null,
        "descr_html_en": null,
        "descr_html_ru": null,
        "url_en": null,
        "url_ru": null,
        "source_name": "TSR FRIA 2e",
        "source_url": "https://www.profantasy.com/fratlas/fratlashome.htm",
        "dnd_editions_str": "2e, 3e, 5e",
        "feature_levels_str": null,
        "extra_str": null,
        "location_en": "western Kara-Tur",
        "name_alt_en_str": null,
        "location_ru": "западный Кара-Тур",
        "name_alt_ru_str": null,
        "geog_extent_length_km": 37874.0,
        "geog_extent_length_miles": 23534.0,
        "geog_extent_centroid_md": "90° 00′ 00″ N 161° 20′ 34″ W",
        "geog_extent_centroid_fria": "90° 00′ 00″ N 145° 10′ 32″ E",
        "geog_extent_perimeter_km": null,
        "geog_extent_perimeter_miles": null,
        "geog_extent_area_sq_km": null,
        "geog_extent_area_sq_miles": null,
        "geog_extent_bbox_md": {
          "east": -126.51849851201,
          "west": -126.51849851201,
          "north": 20,
          "south": 20
        },
        "geog_extent_bbox_fria": {
          "east": 180,
          "west": -180,
          "north": 20,
          "south": 20
        },
        "name_it": null,
        "name_abb_it": null,
        "label_it": "Northern Tropic",
        "descr_it": null,
        "descr_html_it": null,
        "url_it": null,
        "location_it": "Kara-Tur occidentale",
        "name_alt_it_str": null,
        "topical_tags": "",
        "related_location_tags": "",
        "related_cultures_tags": "",
        "related_factions_tags": ""
      },
      "geometry": {
        "type": "MultiLineString",
        "coordinates": [
          [
            [
              -180.0,
              20.0
            ],
            [
              -179.50069348127602,
              20.0
            ],
            [
              -179.001386962552,
              20.0
            ],
            [
              -178.50208044382802,
              20.0
            ],
            [
              -178.002773925104,
              20.0
            ],
            [
              -177.50346740638003,
              20.0
            ],
            [
              -177.00416088765604,
              20.0
            ],
            [
              -176.50485436893203,
              20.0
            ],
            [
              -176.00554785020805,
              20.0
            ],
            [
              -175.50624133148406,
              20.0
            ],
            [
              -175.00693481276005,
              20.0
            ],
            [
              -174.50762829403607,
              20.0
            ],
            [
              -174.00832177531206,
              20.0
            ],
            [
              -173.50901525658807,
              20.0
            ],
            [
              -173.0097087378641,
              20.0
            ],
            [
              -172.51040221914008,
              20.0
            ],
            [
              -172.0110957004161,
              20.0
            ],
            [
              -171.5117891816921,
              20.0
            ],
            [
              -171.0124826629681,
              20.0
            ],
            [
              -170.5131761442441,
              20.0
            ],
            [
              -170.0138696255201,
              20.0
            ],
            [
              -169.51456310679612,
              20.0
            ],
            [
              -169.01525658807213,
              20.0
            ],
            [
              -168.51595006934812,
              20.0
            ],
            [
              -168.01664355062414,
              20.0
            ],
            [
              -167.51733703190013,
              20.0
            ],
            [
              -167.01803051317614,
              20.0
            ],
            [
              -166.51872399445216,
              20.0
            ],
            [
              -166.01941747572815,
              20.0
            ],
            [
              -165.52011095700416,
              20.0
            ],
            [
              -165.02080443828015,
              20.0
            ],
            [
              -164.52149791955617,
              20.0
            ],
            [
              -164.02219140083218,
              20.0
            ],
            [
              -163.52288488210817,
              20.0
            ],
            [
              -163.0235783633842,
              20.0
            ],
            [
              -162.5242718446602,
              20.0
            ],
            [
              -162.0249653259362,
              20.0
            ],
            [
              -161.5256588072122,
              20.0
            ],
            [
              -161.0263522884882,
              20.0
            ],
            [
              -160.52704576976421,
              20.0
            ],
            [
              -160.02773925104023,
              20.0
            ],
            [
              -159.52843273231622,
              20.0
            ],
            [
              -159.02912621359224,
              20.0
            ],
            [
              -158.52981969486825,
              20.0
            ],
            [
              -158.03051317614424,
              20.0
            ],
            [
              -157.53120665742026,
              20.0
            ],
            [
              -157.03190013869624,
              20.0
            ],
            [
              -156.53259361997226,
              20.0
            ],
            [
              -156.03328710124828,
              20.0
            ],
            [
              -155.53398058252426,
              20.0
            ],
            [
              -155.03467406380028,
              20.0
            ],
            [
              -154.53536754507627,
              20.0
            ],
            [
              -154.0360610263523,
              20.0
            ],
            [
              -153.5367545076283,
              20.0
            ],
            [
              -153.0374479889043,
              20.0
            ],
            [
              -152.5381414701803,
              20.0
            ],
            [
              -152.0388349514563,
              20.0
            ],
            [
              -151.5395284327323,
              20.0
            ],
            [
              -151.04022191400833,
              20.0
            ],
            [
              -150.54091539528432,
              20.0
            ],
            [
              -150.04160887656033,
              20.0
            ],
            [
              -149.54230235783635,
              20.0
            ],
            [
              -149.04299583911234,
              20.0
            ],
            [
              -148.54368932038835,
              20.0
            ],
            [
              -148.04438280166437,
              20.0
            ],
            [
              -147.54507628294036,
              20.0
            ],
            [
              -147.04576976421637,
              20.0
            ],
            [
              -146.54646324549236,
              20.0
            ],
            [
              -146.04715672676838,
              20.0
            ],
            [
              -145.5478502080444,
              20.0
            ],
            [
              -145.04854368932038,
              20.0
            ],
            [
              -144.5492371705964,
              20.0
            ],
            [
              -144.0499306518724,
              20.0
            ],
            [
              -143.5506241331484,
              20.0
            ],
            [
              -143.05131761442442,
              20.0
            ],
            [
              -142.5520110957004,
              20.0
            ],
            [
              -142.05270457697642,
              20.0
            ],
            [
              -141.5533980582524,
              20.0
            ],
            [
              -141.05409153952843,
              20.0
            ],
            [
              -140.55478502080445,
              20.0
            ],
            [
              -140.05547850208043,
              20.0
            ],
            [
              -139.55617198335645,
              20.0
            ],
            [
              -139.05686546463244,
              20.0
            ],
            [
              -138.55755894590845,
              20.0
            ],
            [
              -138.05825242718447,
              20.0
            ],
            [
              -137.5589459084605,
              20.0
            ],
            [
              -137.05963938973647,
              20.0
            ],
            [
              -136.5603328710125,
              20.0
            ],
            [
              -136.06102635228848,
              20.0
            ],
            [
              -135.5617198335645,
              20.0
            ],
            [
              -135.0624133148405,
              20.0
            ],
            [
              -134.5631067961165,
              20.0
            ],
            [
              -134.06380027739252,
              20.0
            ],
            [
              -133.5644937586685,
              20.0
            ],
            [
              -133.06518723994452,
              20.0
            ],
            [
              -132.56588072122054,
              20.0
            ],
            [
              -132.06657420249653,
              20.0
            ],
            [
              -131.56726768377254,
              20.0
            ],
            [
              -131.06796116504853,
              20.0
            ],
            [
              -130.56865464632455,
              20.0
            ],
            [
              -130.06934812760056,
              20.0
            ],
            [
              -129.57004160887658,
              20.0
            ],
            [
              -129.07073509015257,
              20.0
            ],
            [
              -128.57142857142858,
              20.0
            ],
            [
              -128.07212205270457,
              20.0
            ],
            [
              -127.57281553398059,
              20.0
            ],
            [
              -127.07350901525659,
              20.0
            ],
            [
              -126.57420249653259,
              20.0
            ],
            [
              -126.0748959778086,
              20.0
            ],
            [
              -125.5755894590846,
              20.0
            ],
            [
              -125.07628294036061,
              20.0
            ],
            [
              -124.5769764216366,
              20.0
            ],
            [
              -124.07766990291262,
              20.0
            ],
            [
              -123.57836338418862,
              20.0
            ],
            [
              -123.07905686546462,
              20.0
            ],
            [
              -122.57975034674064,
              20.0
            ],
            [
              -122.08044382801664,
              20.0
            ],
            [
              -121.58113730929264,
              20.0
            ],
            [
              -121.08183079056866,
              20.0
            ],
            [
              -120.58252427184465,
              20.0
            ],
            [
              -120.08321775312066,
              20.0
            ],
            [
              -119.58391123439667,
              20.0
            ],
            [
              -119.08460471567267,
              20.0
            ],
            [
              -118.58529819694868,
              20.0
            ],
            [
              -118.08599167822469,
              20.0
            ],
            [
              -117.58668515950069,
              20.0
            ],
            [
              -117.0873786407767,
              20.0
            ],
            [
              -116.5880721220527,
              20.0
            ],
            [
              -116.08876560332871,
              20.0
            ],
            [
              -115.58945908460471,
              20.0
            ],
            [
              -115.09015256588071,
              20.0
            ],
            [
              -114.59084604715673,
              20.0
            ],
            [
              -114.09153952843273,
              20.0
            ],
            [
              -113.59223300970874,
              20.0
            ],
            [
              -113.09292649098474,
              20.0
            ],
            [
              -112.59361997226075,
              20.0
            ],
            [
              -112.09431345353676,
              20.0
            ],
            [
              -111.59500693481276,
              20.0
            ],
            [
              -111.09570041608876,
              20.0
            ],
            [
              -110.59639389736478,
              20.0
            ],
            [
              -110.09708737864078,
              20.0
            ],
            [
              -109.59778085991678,
              20.0
            ],
            [
              -109.09847434119278,
              20.0
            ],
            [
              -108.5991678224688,
              20.0
            ],
            [
              -108.0998613037448,
              20.0
            ],
            [
              -107.6005547850208,
              20.0
            ],
            [
              -107.1012482662968,
              20.0
            ],
            [
              -106.60194174757282,
              20.0
            ],
            [
              -106.10263522884883,
              20.0
            ],
            [
              -105.60332871012483,
              20.0
            ],
            [
              -105.10402219140083,
              20.0
            ],
            [
              -104.60471567267683,
              20.0
            ],
            [
              -104.10540915395283,
              20.0
            ],
            [
              -103.60610263522884,
              20.0
            ],
            [
              -103.10679611650485,
              20.0
            ],
            [
              -102.60748959778086,
              20.0
            ],
            [
              -102.10818307905686,
              20.0
            ],
            [
              -101.60887656033286,
              20.0
            ],
            [
              -101.10957004160888,
              20.0
            ],
            [
              -100.61026352288488,
              20.0
            ],
            [
              -100.11095700416088,
              20.0
            ],
            [
              -99.61165048543688,
              20.0
            ],
            [
              -99.1123439667129,
              20.0
            ],
            [
              -98.6130374479889,
              20.0
            ],
            [
              -98.1137309292649,
              20.0
            ],
            [
              -97.6144244105409,
              20.0
            ],
            [
              -97.11511789181692,
              20.0
            ],
            [
              -96.61581137309292,
              20.0
            ],
            [
              -96.11650485436893,
              20.0
            ],
            [
              -95.61719833564493,
              20.0
            ],
            [
              -95.11789181692095,
              20.0
            ],
            [
              -94.61858529819695,
              20.0
            ],
            [
              -94.11927877947295,
              20.0
            ],
            [
              -93.61997226074895,
              20.0
            ],
            [
              -93.12066574202497,
              20.0
            ],
            [
              -92.62135922330097,
              20.0
            ],
            [
              -92.12205270457697,
              20.0
            ],
            [
              -91.62274618585298,
              20.0
            ],
            [
              -91.12343966712899,
              20.0
            ],
            [
              -90.624133148405,
              20.0
            ],
            [
              -90.124826629681,
              20.0
            ],
            [
              -89.625520110957,
              20.0
            ],
            [
              -89.12621359223301,
              20.0
            ],
            [
              -88.62690707350902,
              20.0
            ],
            [
              -88.12760055478502,
              20.0
            ],
            [
              -87.62829403606102,
              20.0
            ],
            [
              -87.12898751733704,
              20.0
            ],
            [
              -86.62968099861304,
              20.0
            ],
            [
              -86.13037447988904,
              20.0
            ],
            [
              -85.63106796116504,
              20.0
            ],
            [
              -85.13176144244106,
              20.0
            ],
            [
              -84.63245492371706,
              20.0
            ],
            [
              -84.13314840499307,
              20.0
            ],
            [
              -83.63384188626907,
              20.0
            ],
            [
              -83.13453536754508,
              20.0
            ],
            [
              -82.63522884882109,
              20.0
            ],
            [
              -82.13592233009709,
              20.0
            ],
            [
              -81.63661581137309,
              20.0
            ],
            [
              -81.1373092926491,
              20.0
            ],
            [
              -80.63800277392511,
              20.0
            ],
            [
              -80.13869625520111,
              20.0
            ],
            [
              -79.63938973647711,
              20.0
            ],
            [
              -79.14008321775313,
              20.0
            ],
            [
              -78.64077669902913,
              20.0
            ],
            [
              -78.14147018030513,
              20.0
            ],
            [
              -77.64216366158114,
              20.0
            ],
            [
              -77.14285714285715,
              20.0
            ],
            [
              -76.64355062413316,
              20.0
            ],
            [
              -76.14424410540916,
              20.0
            ],
            [
              -75.64493758668516,
              20.0
            ],
            [
              -75.14563106796118,
              20.0
            ],
            [
              -74.64632454923718,
              20.0
            ],
            [
              -74.14701803051318,
              20.0
            ],
            [
              -73.64771151178918,
              20.0
            ],
            [
              -73.14840499306517,
              20.0
            ],
            [
              -72.64909847434119,
              20.0
            ],
            [
              -72.14979195561719,
              20.0
            ],
            [
              -71.65048543689319,
              20.0
            ],
            [
              -71.1511789181692,
              20.0
            ],
            [
              -70.65187239944521,
              20.0
            ],
            [
              -70.15256588072121,
              20.0
            ],
            [
              -69.65325936199721,
              20.0
            ],
            [
              -69.15395284327322,
              20.0
            ],
            [
              -68.65464632454923,
              20.0
            ],
            [
              -68.15533980582524,
              20.0
            ],
            [
              -67.65603328710124,
              20.0
            ],
            [
              -67.15672676837724,
              20.0
            ],
            [
              -66.65742024965326,
              20.0
            ],
            [
              -66.15811373092926,
              20.0
            ],
            [
              -65.65880721220526,
              20.0
            ],
            [
              -65.15950069348126,
              20.0
            ],
            [
              -64.66019417475728,
              20.0
            ],
            [
              -64.16088765603328,
              20.0
            ],
            [
              -63.661581137309284,
              20.0
            ],
            [
              -63.162274618585286,
              20.0
            ],
            [
              -62.6629680998613,
              20.0
            ],
            [
              -62.163661581137305,
              20.0
            ],
            [
              -61.66435506241331,
              20.0
            ],
            [
              -61.16504854368931,
              20.0
            ],
            [
              -60.665742024965326,
              20.0
            ],
            [
              -60.16643550624133,
              20.0
            ],
            [
              -59.66712898751733,
              20.0
            ],
            [
              -59.16782246879333,
              20.0
            ],
            [
              -58.66851595006935,
              20.0
            ],
            [
              -58.16920943134535,
              20.0
            ],
            [
              -57.66990291262135,
              20.0
            ],
            [
              -57.170596393897355,
              20.0
            ],
            [
              -56.67128987517337,
              20.0
            ],
            [
              -56.171983356449374,
              20.0
            ],
            [
              -55.672676837725376,
              20.0
            ],
            [
              -55.17337031900138,
              20.0
            ],
            [
              -54.674063800277395,
              20.0
            ],
            [
              -54.1747572815534,
              20.0
            ],
            [
              -53.6754507628294,
              20.0
            ],
            [
              -53.1761442441054,
              20.0
            ],
            [
              -52.67683772538142,
              20.0
            ],
            [
              -52.17753120665742,
              20.0
            ],
            [
              -51.67822468793344,
              20.0
            ],
            [
              -51.178918169209425,
              20.0
            ],
            [
              -50.67961165048544,
              20.0
            ],
            [
              -50.18030513176143,
              20.0
            ],
            [
              -49.680998613037445,
              20.0
            ],
            [
              -49.18169209431346,
              20.0
            ],
            [
              -48.68238557558945,
              20.0
            ],
            [
              -48.183079056865466,
              20.0
            ],
            [
              -47.68377253814148,
              20.0
            ],
            [
              -47.18446601941747,
              20.0
            ],
            [
              -46.68515950069349,
              20.0
            ],
            [
              -46.185852981969475,
              20.0
            ],
            [
              -45.68654646324549,
              20.0
            ],
            [
              -45.18723994452151,
              20.0
            ],
            [
              -44.687933425797496,
              20.0
            ],
            [
              -44.18862690707351,
              20.0
            ],
            [
              -43.68932038834953,
              20.0
            ],
            [
              -43.19001386962552,
              20.0
            ],
            [
              -42.69070735090153,
              20.0
            ],
            [
              -42.19140083217752,
              20.0
            ],
            [
              -41.69209431345354,
              20.0
            ],
            [
              -41.192787794729554,
              20.0
            ],
            [
              -40.69348127600554,
              20.0
            ],
            [
              -40.19417475728156,
              20.0
            ],
            [
              -39.694868238557575,
              20.0
            ],
            [
              -39.19556171983356,
              20.0
            ],
            [
              -38.69625520110958,
              20.0
            ],
            [
              -38.19694868238557,
              20.0
            ],
            [
              -37.697642163661584,
              20.0
            ],
            [
              -37.1983356449376,
              20.0
            ],
            [
              -36.69902912621359,
              20.0
            ],
            [
              -36.199722607489605,
              20.0
            ],
            [
              -35.70041608876562,
              20.0
            ],
            [
              -35.20110957004161,
              20.0
            ],
            [
              -34.701803051317626,
              20.0
            ],
            [
              -34.202496532593614,
              20.0
            ],
            [
              -33.70319001386963,
              20.0
            ],
            [
              -33.20388349514565,
              20.0
            ],
            [
              -32.704576976421635,
              20.0
            ],
            [
              -32.20527045769765,
              20.0
            ],
            [
              -31.705963938973667,
              20.0
            ],
            [
              -31.206657420249655,
              20.0
            ],
            [
              -30.707350901525643,
              20.0
            ],
            [
              -30.20804438280166,
              20.0
            ],
            [
              -29.708737864077648,
              20.0
            ],
            [
              -29.209431345353664,
              20.0
            ],
            [
              -28.71012482662968,
              20.0
            ],
            [
              -28.21081830790567,
              20.0
            ],
            [
              -27.711511789181685,
              20.0
            ],
            [
              -27.212205270457673,
              20.0
            ],
            [
              -26.71289875173369,
              20.0
            ],
            [
              -26.213592233009706,
              20.0
            ],
            [
              -25.714285714285694,
              20.0
            ],
            [
              -25.21497919556171,
              20.0
            ],
            [
              -24.715672676837727,
              20.0
            ],
            [
              -24.216366158113715,
              20.0
            ],
            [
              -23.71705963938973,
              20.0
            ],
            [
              -23.21775312066572,
              20.0
            ],
            [
              -22.718446601941736,
              20.0
            ],
            [
              -22.219140083217752,
              20.0
            ],
            [
              -21.71983356449374,
              20.0
            ],
            [
              -21.220527045769757,
              20.0
            ],
            [
              -20.721220527045773,
              20.0
            ],
            [
              -20.22191400832176,
              20.0
            ],
            [
              -19.722607489597777,
              20.0
            ],
            [
              -19.223300970873765,
              20.0
            ],
            [
              -18.723994452149782,
              20.0
            ],
            [
              -18.2246879334258,
              20.0
            ],
            [
              -17.725381414701786,
              20.0
            ],
            [
              -17.226074895977803,
              20.0
            ],
            [
              -16.72676837725382,
              20.0
            ],
            [
              -16.227461858529807,
              20.0
            ],
            [
              -15.728155339805824,
              20.0
            ],
            [
              -15.228848821081812,
              20.0
            ],
            [
              -14.729542302357828,
              20.0
            ],
            [
              -14.230235783633844,
              20.0
            ],
            [
              -13.730929264909832,
              20.0
            ],
            [
              -13.231622746185849,
              20.0
            ],
            [
              -12.732316227461865,
              20.0
            ],
            [
              -12.233009708737853,
              20.0
            ],
            [
              -11.73370319001387,
              20.0
            ],
            [
              -11.234396671289858,
              20.0
            ],
            [
              -10.735090152565874,
              20.0
            ],
            [
              -10.23578363384189,
              20.0
            ],
            [
              -9.736477115117879,
              20.0
            ],
            [
              -9.237170596393895,
              20.0
            ],
            [
              -8.737864077669911,
              20.0
            ],
            [
              -8.2385575589459,
              20.0
            ],
            [
              -7.739251040221916,
              20.0
            ],
            [
              -7.239944521497904,
              20.0
            ],
            [
              -6.74063800277392,
              20.0
            ],
            [
              -6.241331484049937,
              20.0
            ],
            [
              -5.742024965325925,
              20.0
            ],
            [
              -5.242718446601941,
              20.0
            ],
            [
              -4.743411927877958,
              20.0
            ],
            [
              -4.244105409153946,
              20.0
            ],
            [
              -3.744798890429962,
              20.0
            ],
            [
              -3.24549237170595,
              20.0
            ],
            [
              -2.746185852981966,
              20.0
            ],
            [
              -2.246879334257983,
              20.0
            ],
            [
              -1.747572815533971,
              20.0
            ],
            [
              -1.248266296809987,
              20.0
            ],
            [
              -0.748959778086004,
              20.0
            ],
            [
              -0.249653259361992,
              20.0
            ],
            [
              0.249653259361992,
              20.0
            ],
            [
              0.748959778086004,
              20.0
            ],
            [
              1.248266296809987,
              20.0
            ],
            [
              1.747572815533971,
              20.0
            ],
            [
              2.246879334257983,
              20.0
            ],
            [
              2.746185852981966,
              20.0
            ],
            [
              3.24549237170595,
              20.0
            ],
            [
              3.744798890429962,
              20.0
            ],
            [
              4.244105409153946,
              20.0
            ],
            [
              4.743411927877958,
              20.0
            ],
            [
              5.242718446601941,
              20.0
            ],
            [
              5.742024965325925,
              20.0
            ],
            [
              6.241331484049937,
              20.0
            ],
            [
              6.74063800277392,
              20.0
            ],
            [
              7.239944521497904,
              20.0
            ],
            [
              7.739251040221916,
              20.0
            ],
            [
              8.2385575589459,
              20.0
            ],
            [
              8.737864077669911,
              20.0
            ],
            [
              9.237170596393895,
              20.0
            ],
            [
              9.736477115117879,
              20.0
            ],
            [
              10.23578363384189,
              20.0
            ],
            [
              10.735090152565874,
              20.0
            ],
            [
              11.234396671289858,
              20.0
            ],
            [
              11.73370319001387,
              20.0
            ],
            [
              12.233009708737853,
              20.0
            ],
            [
              12.732316227461865,
              20.0
            ],
            [
              13.231622746185849,
              20.0
            ],
            [
              13.730929264909832,
              20.0
            ],
            [
              14.230235783633844,
              20.0
            ],
            [
              14.729542302357828,
              20.0
            ],
            [
              15.228848821081812,
              20.0
            ],
            [
              15.728155339805824,
              20.0
            ],
            [
              16.227461858529807,
              20.0
            ],
            [
              16.72676837725382,
              20.0
            ],
            [
              17.226074895977803,
              20.0
            ],
            [
              17.725381414701786,
              20.0
            ],
            [
              18.2246879334258,
              20.0
            ],
            [
              18.723994452149782,
              20.0
            ],
            [
              19.223300970873765,
              20.0
            ],
            [
              19.722607489597777,
              20.0
            ],
            [
              20.22191400832176,
              20.0
            ],
            [
              20.721220527045773,
              20.0
            ],
            [
              21.220527045769757,
              20.0
            ],
            [
              21.71983356449374,
              20.0
            ],
            [
              22.219140083217752,
              20.0
            ],
            [
              22.718446601941736,
              20.0
            ],
            [
              23.21775312066572,
              20.0
            ],
            [
              23.71705963938973,
              20.0
            ],
            [
              24.216366158113715,
              20.0
            ],
            [
              24.715672676837727,
              20.0
            ],
            [
              25.21497919556171,
              20.0
            ],
            [
              25.714285714285694,
              20.0
            ],
            [
              26.213592233009706,
              20.0
            ],
            [
              26.71289875173369,
              20.0
            ],
            [
              27.212205270457673,
              20.0
            ],
            [
              27.711511789181685,
              20.0
            ],
            [
              28.21081830790567,
              20.0
            ],
            [
              28.71012482662968,
              20.0
            ],
            [
              29.209431345353664,
              20.0
            ],
            [
              29.708737864077648,
              20.0
            ],
            [
              30.20804438280166,
              20.0
            ],
            [
              30.707350901525643,
              20.0
            ],
            [
              31.206657420249627,
              20.0
            ],
            [
              31.70596393897364,
              20.0
            ],
            [
              32.20527045769762,
              20.0
            ],
            [
              32.704576976421635,
              20.0
            ],
            [
              33.20388349514565,
              20.0
            ],
            [
              33.70319001386966,
              20.0
            ],
            [
              34.20249653259364,
              20.0
            ],
            [
              34.701803051317626,
              20.0
            ],
            [
              35.20110957004164,
              20.0
            ],
            [
              35.70041608876562,
              20.0
            ],
            [
              36.19972260748963,
              20.0
            ],
            [
              36.69902912621362,
              20.0
            ],
            [
              37.1983356449376,
              20.0
            ],
            [
              37.69764216366161,
              20.0
            ],
            [
              38.196948682385596,
              20.0
            ],
            [
              38.69625520110958,
              20.0
            ],
            [
              39.19556171983359,
              20.0
            ],
            [
              39.694868238557575,
              20.0
            ],
            [
              40.19417475728159,
              20.0
            ],
            [
              40.69348127600557,
              20.0
            ],
            [
              41.192787794729554,
              20.0
            ],
            [
              41.692094313453566,
              20.0
            ],
            [
              42.19140083217755,
              20.0
            ],
            [
              42.69070735090153,
              20.0
            ],
            [
              43.190013869625545,
              20.0
            ],
            [
              43.68932038834953,
              20.0
            ],
            [
              44.18862690707354,
              20.0
            ],
            [
              44.687933425797524,
              20.0
            ],
            [
              45.18723994452151,
              20.0
            ],
            [
              45.68654646324552,
              20.0
            ],
            [
              46.185852981969504,
              20.0
            ],
            [
              46.68515950069349,
              20.0
            ],
            [
              47.1844660194175,
              20.0
            ],
            [
              47.68377253814148,
              20.0
            ],
            [
              48.183079056865495,
              20.0
            ],
            [
              48.68238557558948,
              20.0
            ],
            [
              49.18169209431346,
              20.0
            ],
            [
              49.680998613037474,
              20.0
            ],
            [
              50.18030513176146,
              20.0
            ],
            [
              50.67961165048544,
              20.0
            ],
            [
              51.17891816920945,
              20.0
            ],
            [
              51.67822468793344,
              20.0
            ],
            [
              52.17753120665745,
              20.0
            ],
            [
              52.67683772538143,
              20.0
            ],
            [
              53.176144244105416,
              20.0
            ],
            [
              53.67545076282943,
              20.0
            ],
            [
              54.17475728155341,
              20.0
            ],
            [
              54.674063800277395,
              20.0
            ],
            [
              55.17337031900141,
              20.0
            ],
            [
              55.67267683772539,
              20.0
            ],
            [
              56.1719833564494,
              20.0
            ],
            [
              56.671289875173386,
              20.0
            ],
            [
              57.17059639389737,
              20.0
            ],
            [
              57.66990291262138,
              20.0
            ],
            [
              58.169209431345365,
              20.0
            ],
            [
              58.66851595006935,
              20.0
            ],
            [
              59.16782246879336,
              20.0
            ],
            [
              59.667128987517344,
              20.0
            ],
            [
              60.166435506241356,
              20.0
            ],
            [
              60.66574202496534,
              20.0
            ],
            [
              61.16504854368932,
              20.0
            ],
            [
              61.664355062413335,
              20.0
            ],
            [
              62.16366158113732,
              20.0
            ],
            [
              62.6629680998613,
              20.0
            ],
            [
              63.162274618585315,
              20.0
            ],
            [
              63.6615811373093,
              20.0
            ],
            [
              64.16088765603331,
              20.0
            ],
            [
              64.6601941747573,
              20.0
            ],
            [
              65.15950069348128,
              20.0
            ],
            [
              65.65880721220529,
              20.0
            ],
            [
              66.15811373092927,
              20.0
            ],
            [
              66.65742024965326,
              20.0
            ],
            [
              67.15672676837727,
              20.0
            ],
            [
              67.65603328710125,
              20.0
            ],
            [
              68.15533980582526,
              20.0
            ],
            [
              68.65464632454925,
              20.0
            ],
            [
              69.15395284327323,
              20.0
            ],
            [
              69.65325936199724,
              20.0
            ],
            [
              70.15256588072123,
              20.0
            ],
            [
              70.65187239944521,
              20.0
            ],
            [
              71.15117891816922,
              20.0
            ],
            [
              71.6504854368932,
              20.0
            ],
            [
              72.14979195561722,
              20.0
            ],
            [
              72.6490984743412,
              20.0
            ],
            [
              73.14840499306518,
              20.0
            ],
            [
              73.6477115117892,
              20.0
            ],
            [
              74.14701803051318,
              20.0
            ],
            [
              74.64632454923716,
              20.0
            ],
            [
              75.14563106796118,
              20.0
            ],
            [
              75.64493758668516,
              20.0
            ],
            [
              76.14424410540914,
              20.0
            ],
            [
              76.64355062413313,
              20.0
            ],
            [
              77.14285714285717,
              20.0
            ],
            [
              77.64216366158115,
              20.0
            ],
            [
              78.14147018030513,
              20.0
            ],
            [
              78.64077669902912,
              20.0
            ],
            [
              79.1400832177531,
              20.0
            ],
            [
              79.63938973647714,
              20.0
            ],
            [
              80.13869625520113,
              20.0
            ],
            [
              80.63800277392511,
              20.0
            ],
            [
              81.13730929264909,
              20.0
            ],
            [
              81.63661581137308,
              20.0
            ],
            [
              82.13592233009712,
              20.0
            ],
            [
              82.6352288488211,
              20.0
            ],
            [
              83.13453536754508,
              20.0
            ],
            [
              83.63384188626907,
              20.0
            ],
            [
              84.13314840499305,
              20.0
            ],
            [
              84.63245492371703,
              20.0
            ],
            [
              85.13176144244107,
              20.0
            ],
            [
              85.63106796116506,
              20.0
            ],
            [
              86.13037447988904,
              20.0
            ],
            [
              86.62968099861303,
              20.0
            ],
            [
              87.12898751733701,
              20.0
            ],
            [
              87.62829403606105,
              20.0
            ],
            [
              88.12760055478503,
              20.0
            ],
            [
              88.62690707350902,
              20.0
            ],
            [
              89.126213592233,
              20.0
            ],
            [
              89.62552011095698,
              20.0
            ],
            [
              90.12482662968102,
              20.0
            ],
            [
              90.62413314840501,
              20.0
            ],
            [
              91.12343966712899,
              20.0
            ],
            [
              91.62274618585298,
              20.0
            ],
            [
              92.12205270457696,
              20.0
            ],
            [
              92.62135922330094,
              20.0
            ],
            [
              93.12066574202498,
              20.0
            ],
            [
              93.61997226074897,
              20.0
            ],
            [
              94.11927877947295,
              20.0
            ],
            [
              94.61858529819693,
              20.0
            ],
            [
              95.11789181692092,
              20.0
            ],
            [
              95.61719833564496,
              20.0
            ],
            [
              96.11650485436894,
              20.0
            ],
            [
              96.61581137309292,
              20.0
            ],
            [
              97.11511789181691,
              20.0
            ],
            [
              97.61442441054089,
              20.0
            ],
            [
              98.11373092926493,
              20.0
            ],
            [
              98.61303744798892,
              20.0
            ],
            [
              99.1123439667129,
              20.0
            ],
            [
              99.61165048543688,
              20.0
            ],
            [
              100.11095700416087,
              20.0
            ],
            [
              100.61026352288485,
              20.0
            ],
            [
              101.10957004160889,
              20.0
            ],
            [
              101.60887656033287,
              20.0
            ],
            [
              102.10818307905686,
              20.0
            ],
            [
              102.60748959778084,
              20.0
            ],
            [
              103.10679611650482,
              20.0
            ],
            [
              103.60610263522886,
              20.0
            ],
            [
              104.10540915395285,
              20.0
            ],
            [
              104.60471567267683,
              20.0
            ],
            [
              105.10402219140082,
              20.0
            ],
            [
              105.6033287101248,
              20.0
            ],
            [
              106.10263522884884,
              20.0
            ],
            [
              106.60194174757282,
              20.0
            ],
            [
              107.1012482662968,
              20.0
            ],
            [
              107.60055478502079,
              20.0
            ],
            [
              108.09986130374477,
              20.0
            ],
            [
              108.59916782246876,
              20.0
            ],
            [
              109.0984743411928,
              20.0
            ],
            [
              109.59778085991678,
              20.0
            ],
            [
              110.09708737864077,
              20.0
            ],
            [
              110.59639389736475,
              20.0
            ],
            [
              111.09570041608873,
              20.0
            ],
            [
              111.59500693481277,
              20.0
            ],
            [
              112.09431345353676,
              20.0
            ],
            [
              112.59361997226074,
              20.0
            ],
            [
              113.09292649098472,
              20.0
            ],
            [
              113.5922330097087,
              20.0
            ],
            [
              114.09153952843275,
              20.0
            ],
            [
              114.59084604715673,
              20.0
            ],
            [
              115.09015256588071,
              20.0
            ],
            [
              115.5894590846047,
              20.0
            ],
            [
              116.08876560332868,
              20.0
            ],
            [
              116.58807212205267,
              20.0
            ],
            [
              117.0873786407767,
              20.0
            ],
            [
              117.58668515950069,
              20.0
            ],
            [
              118.08599167822467,
              20.0
            ],
            [
              118.58529819694871,
              20.0
            ],
            [
              119.0846047156727,
              20.0
            ],
            [
              119.58391123439668,
              20.0
            ],
            [
              120.08321775312072,
              20.0
            ],
            [
              120.5825242718447,
              20.0
            ],
            [
              121.08183079056869,
              20.0
            ],
            [
              121.58113730929267,
              20.0
            ],
            [
              122.08044382801666,
              20.0
            ],
            [
              122.57975034674064,
              20.0
            ],
            [
              123.07905686546468,
              20.0
            ],
            [
              123.57836338418866,
              20.0
            ],
            [
              124.07766990291265,
              20.0
            ],
            [
              124.57697642163663,
              20.0
            ],
            [
              125.07628294036061,
              20.0
            ],
            [
              125.57558945908465,
              20.0
            ],
            [
              126.07489597780864,
              20.0
            ],
            [
              126.57420249653262,
              20.0
            ],
            [
              127.0735090152566,
              20.0
            ],
            [
              127.57281553398059,
              20.0
            ],
            [
              128.07212205270457,
              20.0
            ],
            [
              128.5714285714286,
              20.0
            ],
            [
              129.0707350901526,
              20.0
            ],
            [
              129.57004160887658,
              20.0
            ],
            [
              130.06934812760056,
              20.0
            ],
            [
              130.56865464632455,
              20.0
            ],
            [
              131.0679611650486,
              20.0
            ],
            [
              131.56726768377257,
              20.0
            ],
            [
              132.06657420249655,
              20.0
            ],
            [
              132.56588072122054,
              20.0
            ],
            [
              133.06518723994452,
              20.0
            ],
            [
              133.56449375866856,
              20.0
            ],
            [
              134.06380027739255,
              20.0
            ],
            [
              134.56310679611653,
              20.0
            ],
            [
              135.0624133148405,
              20.0
            ],
            [
              135.5617198335645,
              20.0
            ],
            [
              136.06102635228854,
              20.0
            ],
            [
              136.56033287101252,
              20.0
            ],
            [
              137.0596393897365,
              20.0
            ],
            [
              137.5589459084605,
              20.0
            ],
            [
              138.05825242718447,
              20.0
            ],
            [
              138.55755894590845,
              20.0
            ],
            [
              139.0568654646325,
              20.0
            ],
            [
              139.55617198335648,
              20.0
            ],
            [
              140.05547850208046,
              20.0
            ],
            [
              140.55478502080445,
              20.0
            ],
            [
              141.05409153952843,
              20.0
            ],
            [
              141.55339805825247,
              20.0
            ],
            [
              142.05270457697645,
              20.0
            ],
            [
              142.55201109570044,
              20.0
            ],
            [
              143.05131761442442,
              20.0
            ],
            [
              143.5506241331484,
              20.0
            ],
            [
              144.0499306518724,
              20.0
            ],
            [
              144.54923717059643,
              20.0
            ],
            [
              145.0485436893204,
              20.0
            ],
            [
              145.5478502080444,
              20.0
            ],
            [
              146.04715672676838,
              20.0
            ],
            [
              146.54646324549236,
              20.0
            ],
            [
              147.0457697642164,
              20.0
            ],
            [
              147.54507628294039,
              20.0
            ],
            [
              148.04438280166437,
              20.0
            ],
            [
              148.54368932038835,
              20.0
            ],
            [
              149.04299583911234,
              20.0
            ],
            [
              149.54230235783638,
              20.0
            ],
            [
              150.04160887656036,
              20.0
            ],
            [
              150.54091539528434,
              20.0
            ],
            [
              151.04022191400833,
              20.0
            ],
            [
              151.5395284327323,
              20.0
            ],
            [
              152.03883495145635,
              20.0
            ],
            [
              152.53814147018034,
              20.0
            ],
            [
              153.03744798890432,
              20.0
            ],
            [
              153.5367545076283,
              20.0
            ],
            [
              154.0360610263523,
              20.0
            ],
            [
              154.53536754507627,
              20.0
            ],
            [
              155.0346740638003,
              20.0
            ],
            [
              155.5339805825243,
              20.0
            ],
            [
              156.03328710124828,
              20.0
            ],
            [
              156.53259361997226,
              20.0
            ],
            [
              157.03190013869624,
              20.0
            ],
            [
              157.53120665742028,
              20.0
            ],
            [
              158.03051317614427,
              20.0
            ],
            [
              158.52981969486825,
              20.0
            ],
            [
              159.02912621359224,
              20.0
            ],
            [
              159.52843273231622,
              20.0
            ],
            [
              160.0277392510402,
              20.0
            ],
            [
              160.52704576976424,
              20.0
            ],
            [
              161.02635228848823,
              20.0
            ],
            [
              161.5256588072122,
              20.0
            ],
            [
              162.0249653259362,
              20.0
            ],
            [
              162.52427184466018,
              20.0
            ],
            [
              163.02357836338422,
              20.0
            ],
            [
              163.5228848821082,
              20.0
            ],
            [
              164.02219140083218,
              20.0
            ],
            [
              164.52149791955617,
              20.0
            ],
            [
              165.02080443828015,
              20.0
            ],
            [
              165.5201109570042,
              20.0
            ],
            [
              166.01941747572818,
              20.0
            ],
            [
              166.51872399445216,
              20.0
            ],
            [
              167.01803051317614,
              20.0
            ],
            [
              167.51733703190013,
              20.0
            ],
            [
              168.01664355062417,
              20.0
            ],
            [
              168.51595006934815,
              20.0
            ],
            [
              169.01525658807213,
              20.0
            ],
            [
              169.51456310679612,
              20.0
            ],
            [
              170.0138696255201,
              20.0
            ],
            [
              170.51317614424408,
              20.0
            ],
            [
              171.01248266296813,
              20.0
            ],
            [
              171.5117891816921,
              20.0
            ],
            [
              172.0110957004161,
              20.0
            ],
            [
              172.51040221914008,
              20.0
            ],
            [
              173.00970873786406,
              20.0
            ],
            [
              173.5090152565881,
              20.0
            ],
            [
              174.00832177531208,
              20.0
            ],
            [
              174.50762829403607,
              20.0
            ],
            [
              175.00693481276005,
              20.0
            ],
            [
              175.50624133148403,
              20.0
            ],
            [
              176.00554785020802,
              20.0
            ],
            [
              176.50485436893206,
              20.0
            ],
            [
              177.00416088765604,
              20.0
            ],
            [
              177.50346740638003,
              20.0
            ],
            [
              178.002773925104,
              20.0
            ],
            [
              178.502080443828,
              20.0
            ],
            [
              179.00138696255203,
              20.0
            ],
            [
              179.50069348127602,
              20.0
            ],
            [
              180.0,
              20.0
            ]
          ]
        ]
      }
    },
    {
      "type": "Feature",
      "properties": {
        "uuid": "4c61ec6f-fda3-4251-90eb-4ce1981dff08",
        "layer_id": "glb_con_geographic_lines_ln",
        "timeframe": null,
        "feature_class": "Polar Circle",
        "feature_rank": 1,
        "is_visible": true,
        "is_labeled": true,
        "needs_review": false,
        "review_notes": null,
        "img_url": null,
        "last_edited": "2026-07-13",
        "last_editor": "postgres",
        "name_en": "Southern Polar Circle",
        "name_ru": null,
        "name_abb_en": null,
        "name_abb_ru": null,
        "label_en": "Southern Polar Circle",
        "label_ru": null,
        "descr_en": null,
        "descr_ru": null,
        "descr_html_en": null,
        "descr_html_ru": null,
        "url_en": null,
        "url_ru": null,
        "source_name": "TSR FRIA 2e",
        "source_url": "https://www.profantasy.com/fratlas/fratlashome.htm",
        "dnd_editions_str": "2e, 3e, 5e",
        "feature_levels_str": null,
        "extra_str": null,
        "location_en": "central Southern Ocean",
        "name_alt_en_str": null,
        "location_ru": "центральный Южный океан",
        "name_alt_ru_str": null,
        "geog_extent_length_km": 13851.0,
        "geog_extent_length_miles": 8607.0,
        "geog_extent_centroid_md": "90° 00′ 00″ S 038° 21′ 57″ W",
        "geog_extent_centroid_fria": "90° 00′ 00″ S 091° 50′ 51″ W",
        "geog_extent_perimeter_km": null,
        "geog_extent_perimeter_miles": null,
        "geog_extent_area_sq_km": null,
        "geog_extent_area_sq_miles": null,
        "geog_extent_bbox_md": {
          "east": -126.51849851201,
          "west": -126.51849851201,
          "north": -70,
          "south": -70
        },
        "geog_extent_bbox_fria": {
          "east": 180,
          "west": -180,
          "north": -70,
          "south": -70
        },
        "name_it": null,
        "name_abb_it": null,
        "label_it": "Southern Polar Circle",
        "descr_it": null,
        "descr_html_it": null,
        "url_it": null,
        "location_it": "Oceano Meridionale centrale",
        "name_alt_it_str": null,
        "topical_tags": "",
        "related_location_tags": "",
        "related_cultures_tags": "",
        "related_factions_tags": ""
      },
      "geometry": {
        "type": "MultiLineString",
        "coordinates": [
          [
            [
              -180.0,
              -70.0
            ],
            [
              -179.50069348127602,
              -70.0
            ],
            [
              -179.001386962552,
              -70.0
            ],
            [
              -178.50208044382802,
              -70.0
            ],
            [
              -178.002773925104,
              -70.0
            ],
            [
              -177.50346740638003,
              -70.0
            ],
            [
              -177.00416088765604,
              -70.0
            ],
            [
              -176.50485436893203,
              -70.0
            ],
            [
              -176.00554785020805,
              -70.0
            ],
            [
              -175.50624133148406,
              -70.0
            ],
            [
              -175.00693481276005,
              -70.0
            ],
            [
              -174.50762829403607,
              -70.0
            ],
            [
              -174.00832177531206,
              -70.0
            ],
            [
              -173.50901525658807,
              -70.0
            ],
            [
              -173.0097087378641,
              -70.0
            ],
            [
              -172.51040221914008,
              -70.0
            ],
            [
              -172.0110957004161,
              -70.0
            ],
            [
              -171.5117891816921,
              -70.0
            ],
            [
              -171.0124826629681,
              -70.0
            ],
            [
              -170.5131761442441,
              -70.0
            ],
            [
              -170.0138696255201,
              -70.0
            ],
            [
              -169.51456310679612,
              -70.0
            ],
            [
              -169.01525658807213,
              -70.0
            ],
            [
              -168.51595006934812,
              -70.0
            ],
            [
              -168.01664355062414,
              -70.0
            ],
            [
              -167.51733703190013,
              -70.0
            ],
            [
              -167.01803051317614,
              -70.0
            ],
            [
              -166.51872399445216,
              -70.0
            ],
            [
              -166.01941747572815,
              -70.0
            ],
            [
              -165.52011095700416,
              -70.0
            ],
            [
              -165.02080443828015,
              -70.0
            ],
            [
              -164.52149791955617,
              -70.0
            ],
            [
              -164.02219140083218,
              -70.0
            ],
            [
              -163.52288488210817,
              -70.0
            ],
            [
              -163.0235783633842,
              -70.0
            ],
            [
              -162.5242718446602,
              -70.0
            ],
            [
              -162.0249653259362,
              -70.0
            ],
            [
              -161.5256588072122,
              -70.0
            ],
            [
              -161.0263522884882,
              -70.0
            ],
            [
              -160.52704576976421,
              -70.0
            ],
            [
              -160.02773925104023,
              -70.0
            ],
            [
              -159.52843273231622,
              -70.0
            ],
            [
              -159.02912621359224,
              -70.0
            ],
            [
              -158.52981969486825,
              -70.0
            ],
            [
              -158.03051317614424,
              -70.0
            ],
            [
              -157.53120665742026,
              -70.0
            ],
            [
              -157.03190013869624,
              -70.0
            ],
            [
              -156.53259361997226,
              -70.0
            ],
            [
              -156.03328710124828,
              -70.0
            ],
            [
              -155.53398058252426,
              -70.0
            ],
            [
              -155.03467406380028,
              -70.0
            ],
            [
              -154.53536754507627,
              -70.0
            ],
            [
              -154.0360610263523,
              -70.0
            ],
            [
              -153.5367545076283,
              -70.0
            ],
            [
              -153.0374479889043,
              -70.0
            ],
            [
              -152.5381414701803,
              -70.0
            ],
            [
              -152.0388349514563,
              -70.0
            ],
            [
              -151.5395284327323,
              -70.0
            ],
            [
              -151.04022191400833,
              -70.0
            ],
            [
              -150.54091539528432,
              -70.0
            ],
            [
              -150.04160887656033,
              -70.0
            ],
            [
              -149.54230235783635,
              -70.0
            ],
            [
              -149.04299583911234,
              -70.0
            ],
            [
              -148.54368932038835,
              -70.0
            ],
            [
              -148.04438280166437,
              -70.0
            ],
            [
              -147.54507628294036,
              -70.0
            ],
            [
              -147.04576976421637,
              -70.0
            ],
            [
              -146.54646324549236,
              -70.0
            ],
            [
              -146.04715672676838,
              -70.0
            ],
            [
              -145.5478502080444,
              -70.0
            ],
            [
              -145.04854368932038,
              -70.0
            ],
            [
              -144.5492371705964,
              -70.0
            ],
            [
              -144.0499306518724,
              -70.0
            ],
            [
              -143.5506241331484,
              -70.0
            ],
            [
              -143.05131761442442,
              -70.0
            ],
            [
              -142.5520110957004,
              -70.0
            ],
            [
              -142.05270457697642,
              -70.0
            ],
            [
              -141.5533980582524,
              -70.0
            ],
            [
              -141.05409153952843,
              -70.0
            ],
            [
              -140.55478502080445,
              -70.0
            ],
            [
              -140.05547850208043,
              -70.0
            ],
            [
              -139.55617198335645,
              -70.0
            ],
            [
              -139.05686546463244,
              -70.0
            ],
            [
              -138.55755894590845,
              -70.0
            ],
            [
              -138.05825242718447,
              -70.0
            ],
            [
              -137.5589459084605,
              -70.0
            ],
            [
              -137.05963938973647,
              -70.0
            ],
            [
              -136.5603328710125,
              -70.0
            ],
            [
              -136.06102635228848,
              -70.0
            ],
            [
              -135.5617198335645,
              -70.0
            ],
            [
              -135.0624133148405,
              -70.0
            ],
            [
              -134.5631067961165,
              -70.0
            ],
            [
              -134.06380027739252,
              -70.0
            ],
            [
              -133.5644937586685,
              -70.0
            ],
            [
              -133.06518723994452,
              -70.0
            ],
            [
              -132.56588072122054,
              -70.0
            ],
            [
              -132.06657420249653,
              -70.0
            ],
            [
              -131.56726768377254,
              -70.0
            ],
            [
              -131.06796116504853,
              -70.0
            ],
            [
              -130.56865464632455,
              -70.0
            ],
            [
              -130.06934812760056,
              -70.0
            ],
            [
              -129.57004160887658,
              -70.0
            ],
            [
              -129.07073509015257,
              -70.0
            ],
            [
              -128.57142857142858,
              -70.0
            ],
            [
              -128.07212205270457,
              -70.0
            ],
            [
              -127.57281553398059,
              -70.0
            ],
            [
              -127.07350901525659,
              -70.0
            ],
            [
              -126.57420249653259,
              -70.0
            ],
            [
              -126.0748959778086,
              -70.0
            ],
            [
              -125.5755894590846,
              -70.0
            ],
            [
              -125.07628294036061,
              -70.0
            ],
            [
              -124.5769764216366,
              -70.0
            ],
            [
              -124.07766990291262,
              -70.0
            ],
            [
              -123.57836338418862,
              -70.0
            ],
            [
              -123.07905686546462,
              -70.0
            ],
            [
              -122.57975034674064,
              -70.0
            ],
            [
              -122.08044382801664,
              -70.0
            ],
            [
              -121.58113730929264,
              -70.0
            ],
            [
              -121.08183079056866,
              -70.0
            ],
            [
              -120.58252427184465,
              -70.0
            ],
            [
              -120.08321775312066,
              -70.0
            ],
            [
              -119.58391123439667,
              -70.0
            ],
            [
              -119.08460471567267,
              -70.0
            ],
            [
              -118.58529819694868,
              -70.0
            ],
            [
              -118.08599167822469,
              -70.0
            ],
            [
              -117.58668515950069,
              -70.0
            ],
            [
              -117.0873786407767,
              -70.0
            ],
            [
              -116.5880721220527,
              -70.0
            ],
            [
              -116.08876560332871,
              -70.0
            ],
            [
              -115.58945908460471,
              -70.0
            ],
            [
              -115.09015256588071,
              -70.0
            ],
            [
              -114.59084604715673,
              -70.0
            ],
            [
              -114.09153952843273,
              -70.0
            ],
            [
              -113.59223300970874,
              -70.0
            ],
            [
              -113.09292649098474,
              -70.0
            ],
            [
              -112.59361997226075,
              -70.0
            ],
            [
              -112.09431345353676,
              -70.0
            ],
            [
              -111.59500693481276,
              -70.0
            ],
            [
              -111.09570041608876,
              -70.0
            ],
            [
              -110.59639389736478,
              -70.0
            ],
            [
              -110.09708737864078,
              -70.0
            ],
            [
              -109.59778085991678,
              -70.0
            ],
            [
              -109.09847434119278,
              -70.0
            ],
            [
              -108.5991678224688,
              -70.0
            ],
            [
              -108.0998613037448,
              -70.0
            ],
            [
              -107.6005547850208,
              -70.0
            ],
            [
              -107.1012482662968,
              -70.0
            ],
            [
              -106.60194174757282,
              -70.0
            ],
            [
              -106.10263522884883,
              -70.0
            ],
            [
              -105.60332871012483,
              -70.0
            ],
            [
              -105.10402219140083,
              -70.0
            ],
            [
              -104.60471567267683,
              -70.0
            ],
            [
              -104.10540915395283,
              -70.0
            ],
            [
              -103.60610263522884,
              -70.0
            ],
            [
              -103.10679611650485,
              -70.0
            ],
            [
              -102.60748959778086,
              -70.0
            ],
            [
              -102.10818307905686,
              -70.0
            ],
            [
              -101.60887656033286,
              -70.0
            ],
            [
              -101.10957004160888,
              -70.0
            ],
            [
              -100.61026352288488,
              -70.0
            ],
            [
              -100.11095700416088,
              -70.0
            ],
            [
              -99.61165048543688,
              -70.0
            ],
            [
              -99.1123439667129,
              -70.0
            ],
            [
              -98.6130374479889,
              -70.0
            ],
            [
              -98.1137309292649,
              -70.0
            ],
            [
              -97.6144244105409,
              -70.0
            ],
            [
              -97.11511789181692,
              -70.0
            ],
            [
              -96.61581137309292,
              -70.0
            ],
            [
              -96.11650485436893,
              -70.0
            ],
            [
              -95.61719833564493,
              -70.0
            ],
            [
              -95.11789181692095,
              -70.0
            ],
            [
              -94.61858529819695,
              -70.0
            ],
            [
              -94.11927877947295,
              -70.0
            ],
            [
              -93.61997226074895,
              -70.0
            ],
            [
              -93.12066574202497,
              -70.0
            ],
            [
              -92.62135922330097,
              -70.0
            ],
            [
              -92.12205270457697,
              -70.0
            ],
            [
              -91.62274618585298,
              -70.0
            ],
            [
              -91.12343966712899,
              -70.0
            ],
            [
              -90.624133148405,
              -70.0
            ],
            [
              -90.124826629681,
              -70.0
            ],
            [
              -89.625520110957,
              -70.0
            ],
            [
              -89.12621359223301,
              -70.0
            ],
            [
              -88.62690707350902,
              -70.0
            ],
            [
              -88.12760055478502,
              -70.0
            ],
            [
              -87.62829403606102,
              -70.0
            ],
            [
              -87.12898751733704,
              -70.0
            ],
            [
              -86.62968099861304,
              -70.0
            ],
            [
              -86.13037447988904,
              -70.0
            ],
            [
              -85.63106796116504,
              -70.0
            ],
            [
              -85.13176144244106,
              -70.0
            ],
            [
              -84.63245492371706,
              -70.0
            ],
            [
              -84.13314840499307,
              -70.0
            ],
            [
              -83.63384188626907,
              -70.0
            ],
            [
              -83.13453536754508,
              -70.0
            ],
            [
              -82.63522884882109,
              -70.0
            ],
            [
              -82.13592233009709,
              -70.0
            ],
            [
              -81.63661581137309,
              -70.0
            ],
            [
              -81.1373092926491,
              -70.0
            ],
            [
              -80.63800277392511,
              -70.0
            ],
            [
              -80.13869625520111,
              -70.0
            ],
            [
              -79.63938973647711,
              -70.0
            ],
            [
              -79.14008321775313,
              -70.0
            ],
            [
              -78.64077669902913,
              -70.0
            ],
            [
              -78.14147018030513,
              -70.0
            ],
            [
              -77.64216366158114,
              -70.0
            ],
            [
              -77.14285714285715,
              -70.0
            ],
            [
              -76.64355062413316,
              -70.0
            ],
            [
              -76.14424410540916,
              -70.0
            ],
            [
              -75.64493758668516,
              -70.0
            ],
            [
              -75.14563106796118,
              -70.0
            ],
            [
              -74.64632454923718,
              -70.0
            ],
            [
              -74.14701803051318,
              -70.0
            ],
            [
              -73.64771151178918,
              -70.0
            ],
            [
              -73.14840499306517,
              -70.0
            ],
            [
              -72.64909847434119,
              -70.0
            ],
            [
              -72.14979195561719,
              -70.0
            ],
            [
              -71.65048543689319,
              -70.0
            ],
            [
              -71.1511789181692,
              -70.0
            ],
            [
              -70.65187239944521,
              -70.0
            ],
            [
              -70.15256588072121,
              -70.0
            ],
            [
              -69.65325936199721,
              -70.0
            ],
            [
              -69.15395284327322,
              -70.0
            ],
            [
              -68.65464632454923,
              -70.0
            ],
            [
              -68.15533980582524,
              -70.0
            ],
            [
              -67.65603328710124,
              -70.0
            ],
            [
              -67.15672676837724,
              -70.0
            ],
            [
              -66.65742024965326,
              -70.0
            ],
            [
              -66.15811373092926,
              -70.0
            ],
            [
              -65.65880721220526,
              -70.0
            ],
            [
              -65.15950069348126,
              -70.0
            ],
            [
              -64.66019417475728,
              -70.0
            ],
            [
              -64.16088765603328,
              -70.0
            ],
            [
              -63.661581137309284,
              -70.0
            ],
            [
              -63.162274618585286,
              -70.0
            ],
            [
              -62.6629680998613,
              -70.0
            ],
            [
              -62.163661581137305,
              -70.0
            ],
            [
              -61.66435506241331,
              -70.0
            ],
            [
              -61.16504854368931,
              -70.0
            ],
            [
              -60.665742024965326,
              -70.0
            ],
            [
              -60.16643550624133,
              -70.0
            ],
            [
              -59.66712898751733,
              -70.0
            ],
            [
              -59.16782246879333,
              -70.0
            ],
            [
              -58.66851595006935,
              -70.0
            ],
            [
              -58.16920943134535,
              -70.0
            ],
            [
              -57.66990291262135,
              -70.0
            ],
            [
              -57.170596393897355,
              -70.0
            ],
            [
              -56.67128987517337,
              -70.0
            ],
            [
              -56.171983356449374,
              -70.0
            ],
            [
              -55.672676837725376,
              -70.0
            ],
            [
              -55.17337031900138,
              -70.0
            ],
            [
              -54.674063800277395,
              -70.0
            ],
            [
              -54.1747572815534,
              -70.0
            ],
            [
              -53.6754507628294,
              -70.0
            ],
            [
              -53.1761442441054,
              -70.0
            ],
            [
              -52.67683772538142,
              -70.0
            ],
            [
              -52.17753120665742,
              -70.0
            ],
            [
              -51.67822468793344,
              -70.0
            ],
            [
              -51.178918169209425,
              -70.0
            ],
            [
              -50.67961165048544,
              -70.0
            ],
            [
              -50.18030513176143,
              -70.0
            ],
            [
              -49.680998613037445,
              -70.0
            ],
            [
              -49.18169209431346,
              -70.0
            ],
            [
              -48.68238557558945,
              -70.0
            ],
            [
              -48.183079056865466,
              -70.0
            ],
            [
              -47.68377253814148,
              -70.0
            ],
            [
              -47.18446601941747,
              -70.0
            ],
            [
              -46.68515950069349,
              -70.0
            ],
            [
              -46.185852981969475,
              -70.0
            ],
            [
              -45.68654646324549,
              -70.0
            ],
            [
              -45.18723994452151,
              -70.0
            ],
            [
              -44.687933425797496,
              -70.0
            ],
            [
              -44.18862690707351,
              -70.0
            ],
            [
              -43.68932038834953,
              -70.0
            ],
            [
              -43.19001386962552,
              -70.0
            ],
            [
              -42.69070735090153,
              -70.0
            ],
            [
              -42.19140083217752,
              -70.0
            ],
            [
              -41.69209431345354,
              -70.0
            ],
            [
              -41.192787794729554,
              -70.0
            ],
            [
              -40.69348127600554,
              -70.0
            ],
            [
              -40.19417475728156,
              -70.0
            ],
            [
              -39.694868238557575,
              -70.0
            ],
            [
              -39.19556171983356,
              -70.0
            ],
            [
              -38.69625520110958,
              -70.0
            ],
            [
              -38.19694868238557,
              -70.0
            ],
            [
              -37.697642163661584,
              -70.0
            ],
            [
              -37.1983356449376,
              -70.0
            ],
            [
              -36.69902912621359,
              -70.0
            ],
            [
              -36.199722607489605,
              -70.0
            ],
            [
              -35.70041608876562,
              -70.0
            ],
            [
              -35.20110957004161,
              -70.0
            ],
            [
              -34.701803051317626,
              -70.0
            ],
            [
              -34.202496532593614,
              -70.0
            ],
            [
              -33.70319001386963,
              -70.0
            ],
            [
              -33.20388349514565,
              -70.0
            ],
            [
              -32.704576976421635,
              -70.0
            ],
            [
              -32.20527045769765,
              -70.0
            ],
            [
              -31.705963938973667,
              -70.0
            ],
            [
              -31.206657420249655,
              -70.0
            ],
            [
              -30.707350901525643,
              -70.0
            ],
            [
              -30.20804438280166,
              -70.0
            ],
            [
              -29.708737864077648,
              -70.0
            ],
            [
              -29.209431345353664,
              -70.0
            ],
            [
              -28.71012482662968,
              -70.0
            ],
            [
              -28.21081830790567,
              -70.0
            ],
            [
              -27.711511789181685,
              -70.0
            ],
            [
              -27.212205270457673,
              -70.0
            ],
            [
              -26.71289875173369,
              -70.0
            ],
            [
              -26.213592233009706,
              -70.0
            ],
            [
              -25.714285714285694,
              -70.0
            ],
            [
              -25.21497919556171,
              -70.0
            ],
            [
              -24.715672676837727,
              -70.0
            ],
            [
              -24.216366158113715,
              -70.0
            ],
            [
              -23.71705963938973,
              -70.0
            ],
            [
              -23.21775312066572,
              -70.0
            ],
            [
              -22.718446601941736,
              -70.0
            ],
            [
              -22.219140083217752,
              -70.0
            ],
            [
              -21.71983356449374,
              -70.0
            ],
            [
              -21.220527045769757,
              -70.0
            ],
            [
              -20.721220527045773,
              -70.0
            ],
            [
              -20.22191400832176,
              -70.0
            ],
            [
              -19.722607489597777,
              -70.0
            ],
            [
              -19.223300970873765,
              -70.0
            ],
            [
              -18.723994452149782,
              -70.0
            ],
            [
              -18.2246879334258,
              -70.0
            ],
            [
              -17.725381414701786,
              -70.0
            ],
            [
              -17.226074895977803,
              -70.0
            ],
            [
              -16.72676837725382,
              -70.0
            ],
            [
              -16.227461858529807,
              -70.0
            ],
            [
              -15.728155339805824,
              -70.0
            ],
            [
              -15.228848821081812,
              -70.0
            ],
            [
              -14.729542302357828,
              -70.0
            ],
            [
              -14.230235783633844,
              -70.0
            ],
            [
              -13.730929264909832,
              -70.0
            ],
            [
              -13.231622746185849,
              -70.0
            ],
            [
              -12.732316227461865,
              -70.0
            ],
            [
              -12.233009708737853,
              -70.0
            ],
            [
              -11.73370319001387,
              -70.0
            ],
            [
              -11.234396671289858,
              -70.0
            ],
            [
              -10.735090152565874,
              -70.0
            ],
            [
              -10.23578363384189,
              -70.0
            ],
            [
              -9.736477115117879,
              -70.0
            ],
            [
              -9.237170596393895,
              -70.0
            ],
            [
              -8.737864077669911,
              -70.0
            ],
            [
              -8.2385575589459,
              -70.0
            ],
            [
              -7.739251040221916,
              -70.0
            ],
            [
              -7.239944521497904,
              -70.0
            ],
            [
              -6.74063800277392,
              -70.0
            ],
            [
              -6.241331484049937,
              -70.0
            ],
            [
              -5.742024965325925,
              -70.0
            ],
            [
              -5.242718446601941,
              -70.0
            ],
            [
              -4.743411927877958,
              -70.0
            ],
            [
              -4.244105409153946,
              -70.0
            ],
            [
              -3.744798890429962,
              -70.0
            ],
            [
              -3.24549237170595,
              -70.0
            ],
            [
              -2.746185852981966,
              -70.0
            ],
            [
              -2.246879334257983,
              -70.0
            ],
            [
              -1.747572815533971,
              -70.0
            ],
            [
              -1.248266296809987,
              -70.0
            ],
            [
              -0.748959778086004,
              -70.0
            ],
            [
              -0.249653259361992,
              -70.0
            ],
            [
              0.249653259361992,
              -70.0
            ],
            [
              0.748959778086004,
              -70.0
            ],
            [
              1.248266296809987,
              -70.0
            ],
            [
              1.747572815533971,
              -70.0
            ],
            [
              2.246879334257983,
              -70.0
            ],
            [
              2.746185852981966,
              -70.0
            ],
            [
              3.24549237170595,
              -70.0
            ],
            [
              3.744798890429962,
              -70.0
            ],
            [
              4.244105409153946,
              -70.0
            ],
            [
              4.743411927877958,
              -70.0
            ],
            [
              5.242718446601941,
              -70.0
            ],
            [
              5.742024965325925,
              -70.0
            ],
            [
              6.241331484049937,
              -70.0
            ],
            [
              6.74063800277392,
              -70.0
            ],
            [
              7.239944521497904,
              -70.0
            ],
            [
              7.739251040221916,
              -70.0
            ],
            [
              8.2385575589459,
              -70.0
            ],
            [
              8.737864077669911,
              -70.0
            ],
            [
              9.237170596393895,
              -70.0
            ],
            [
              9.736477115117879,
              -70.0
            ],
            [
              10.23578363384189,
              -70.0
            ],
            [
              10.735090152565874,
              -70.0
            ],
            [
              11.234396671289858,
              -70.0
            ],
            [
              11.73370319001387,
              -70.0
            ],
            [
              12.233009708737853,
              -70.0
            ],
            [
              12.732316227461865,
              -70.0
            ],
            [
              13.231622746185849,
              -70.0
            ],
            [
              13.730929264909832,
              -70.0
            ],
            [
              14.230235783633844,
              -70.0
            ],
            [
              14.729542302357828,
              -70.0
            ],
            [
              15.228848821081812,
              -70.0
            ],
            [
              15.728155339805824,
              -70.0
            ],
            [
              16.227461858529807,
              -70.0
            ],
            [
              16.72676837725382,
              -70.0
            ],
            [
              17.226074895977803,
              -70.0
            ],
            [
              17.725381414701786,
              -70.0
            ],
            [
              18.2246879334258,
              -70.0
            ],
            [
              18.723994452149782,
              -70.0
            ],
            [
              19.223300970873765,
              -70.0
            ],
            [
              19.722607489597777,
              -70.0
            ],
            [
              20.22191400832176,
              -70.0
            ],
            [
              20.721220527045773,
              -70.0
            ],
            [
              21.220527045769757,
              -70.0
            ],
            [
              21.71983356449374,
              -70.0
            ],
            [
              22.219140083217752,
              -70.0
            ],
            [
              22.718446601941736,
              -70.0
            ],
            [
              23.21775312066572,
              -70.0
            ],
            [
              23.71705963938973,
              -70.0
            ],
            [
              24.216366158113715,
              -70.0
            ],
            [
              24.715672676837727,
              -70.0
            ],
            [
              25.21497919556171,
              -70.0
            ],
            [
              25.714285714285694,
              -70.0
            ],
            [
              26.213592233009706,
              -70.0
            ],
            [
              26.71289875173369,
              -70.0
            ],
            [
              27.212205270457673,
              -70.0
            ],
            [
              27.711511789181685,
              -70.0
            ],
            [
              28.21081830790567,
              -70.0
            ],
            [
              28.71012482662968,
              -70.0
            ],
            [
              29.209431345353664,
              -70.0
            ],
            [
              29.708737864077648,
              -70.0
            ],
            [
              30.20804438280166,
              -70.0
            ],
            [
              30.707350901525643,
              -70.0
            ],
            [
              31.206657420249627,
              -70.0
            ],
            [
              31.70596393897364,
              -70.0
            ],
            [
              32.20527045769762,
              -70.0
            ],
            [
              32.704576976421635,
              -70.0
            ],
            [
              33.20388349514565,
              -70.0
            ],
            [
              33.70319001386966,
              -70.0
            ],
            [
              34.20249653259364,
              -70.0
            ],
            [
              34.701803051317626,
              -70.0
            ],
            [
              35.20110957004164,
              -70.0
            ],
            [
              35.70041608876562,
              -70.0
            ],
            [
              36.19972260748963,
              -70.0
            ],
            [
              36.69902912621362,
              -70.0
            ],
            [
              37.1983356449376,
              -70.0
            ],
            [
              37.69764216366161,
              -70.0
            ],
            [
              38.196948682385596,
              -70.0
            ],
            [
              38.69625520110958,
              -70.0
            ],
            [
              39.19556171983359,
              -70.0
            ],
            [
              39.694868238557575,
              -70.0
            ],
            [
              40.19417475728159,
              -70.0
            ],
            [
              40.69348127600557,
              -70.0
            ],
            [
              41.192787794729554,
              -70.0
            ],
            [
              41.692094313453566,
              -70.0
            ],
            [
              42.19140083217755,
              -70.0
            ],
            [
              42.69070735090153,
              -70.0
            ],
            [
              43.190013869625545,
              -70.0
            ],
            [
              43.68932038834953,
              -70.0
            ],
            [
              44.18862690707354,
              -70.0
            ],
            [
              44.687933425797524,
              -70.0
            ],
            [
              45.18723994452151,
              -70.0
            ],
            [
              45.68654646324552,
              -70.0
            ],
            [
              46.185852981969504,
              -70.0
            ],
            [
              46.68515950069349,
              -70.0
            ],
            [
              47.1844660194175,
              -70.0
            ],
            [
              47.68377253814148,
              -70.0
            ],
            [
              48.183079056865495,
              -70.0
            ],
            [
              48.68238557558948,
              -70.0
            ],
            [
              49.18169209431346,
              -70.0
            ],
            [
              49.680998613037474,
              -70.0
            ],
            [
              50.18030513176146,
              -70.0
            ],
            [
              50.67961165048544,
              -70.0
            ],
            [
              51.17891816920945,
              -70.0
            ],
            [
              51.67822468793344,
              -70.0
            ],
            [
              52.17753120665745,
              -70.0
            ],
            [
              52.67683772538143,
              -70.0
            ],
            [
              53.176144244105416,
              -70.0
            ],
            [
              53.67545076282943,
              -70.0
            ],
            [
              54.17475728155341,
              -70.0
            ],
            [
              54.674063800277395,
              -70.0
            ],
            [
              55.17337031900141,
              -70.0
            ],
            [
              55.67267683772539,
              -70.0
            ],
            [
              56.1719833564494,
              -70.0
            ],
            [
              56.671289875173386,
              -70.0
            ],
            [
              57.17059639389737,
              -70.0
            ],
            [
              57.66990291262138,
              -70.0
            ],
            [
              58.169209431345365,
              -70.0
            ],
            [
              58.66851595006935,
              -70.0
            ],
            [
              59.16782246879336,
              -70.0
            ],
            [
              59.667128987517344,
              -70.0
            ],
            [
              60.166435506241356,
              -70.0
            ],
            [
              60.66574202496534,
              -70.0
            ],
            [
              61.16504854368932,
              -70.0
            ],
            [
              61.664355062413335,
              -70.0
            ],
            [
              62.16366158113732,
              -70.0
            ],
            [
              62.6629680998613,
              -70.0
            ],
            [
              63.162274618585315,
              -70.0
            ],
            [
              63.6615811373093,
              -70.0
            ],
            [
              64.16088765603331,
              -70.0
            ],
            [
              64.6601941747573,
              -70.0
            ],
            [
              65.15950069348128,
              -70.0
            ],
            [
              65.65880721220529,
              -70.0
            ],
            [
              66.15811373092927,
              -70.0
            ],
            [
              66.65742024965326,
              -70.0
            ],
            [
              67.15672676837727,
              -70.0
            ],
            [
              67.65603328710125,
              -70.0
            ],
            [
              68.15533980582526,
              -70.0
            ],
            [
              68.65464632454925,
              -70.0
            ],
            [
              69.15395284327323,
              -70.0
            ],
            [
              69.65325936199724,
              -70.0
            ],
            [
              70.15256588072123,
              -70.0
            ],
            [
              70.65187239944521,
              -70.0
            ],
            [
              71.15117891816922,
              -70.0
            ],
            [
              71.6504854368932,
              -70.0
            ],
            [
              72.14979195561722,
              -70.0
            ],
            [
              72.6490984743412,
              -70.0
            ],
            [
              73.14840499306518,
              -70.0
            ],
            [
              73.6477115117892,
              -70.0
            ],
            [
              74.14701803051318,
              -70.0
            ],
            [
              74.64632454923716,
              -70.0
            ],
            [
              75.14563106796118,
              -70.0
            ],
            [
              75.64493758668516,
              -70.0
            ],
            [
              76.14424410540914,
              -70.0
            ],
            [
              76.64355062413313,
              -70.0
            ],
            [
              77.14285714285717,
              -70.0
            ],
            [
              77.64216366158115,
              -70.0
            ],
            [
              78.14147018030513,
              -70.0
            ],
            [
              78.64077669902912,
              -70.0
            ],
            [
              79.1400832177531,
              -70.0
            ],
            [
              79.63938973647714,
              -70.0
            ],
            [
              80.13869625520113,
              -70.0
            ],
            [
              80.63800277392511,
              -70.0
            ],
            [
              81.13730929264909,
              -70.0
            ],
            [
              81.63661581137308,
              -70.0
            ],
            [
              82.13592233009712,
              -70.0
            ],
            [
              82.6352288488211,
              -70.0
            ],
            [
              83.13453536754508,
              -70.0
            ],
            [
              83.63384188626907,
              -70.0
            ],
            [
              84.13314840499305,
              -70.0
            ],
            [
              84.63245492371703,
              -70.0
            ],
            [
              85.13176144244107,
              -70.0
            ],
            [
              85.63106796116506,
              -70.0
            ],
            [
              86.13037447988904,
              -70.0
            ],
            [
              86.62968099861303,
              -70.0
            ],
            [
              87.12898751733701,
              -70.0
            ],
            [
              87.62829403606105,
              -70.0
            ],
            [
              88.12760055478503,
              -70.0
            ],
            [
              88.62690707350902,
              -70.0
            ],
            [
              89.126213592233,
              -70.0
            ],
            [
              89.62552011095698,
              -70.0
            ],
            [
              90.12482662968102,
              -70.0
            ],
            [
              90.62413314840501,
              -70.0
            ],
            [
              91.12343966712899,
              -70.0
            ],
            [
              91.62274618585298,
              -70.0
            ],
            [
              92.12205270457696,
              -70.0
            ],
            [
              92.62135922330094,
              -70.0
            ],
            [
              93.12066574202498,
              -70.0
            ],
            [
              93.61997226074897,
              -70.0
            ],
            [
              94.11927877947295,
              -70.0
            ],
            [
              94.61858529819693,
              -70.0
            ],
            [
              95.11789181692092,
              -70.0
            ],
            [
              95.61719833564496,
              -70.0
            ],
            [
              96.11650485436894,
              -70.0
            ],
            [
              96.61581137309292,
              -70.0
            ],
            [
              97.11511789181691,
              -70.0
            ],
            [
              97.61442441054089,
              -70.0
            ],
            [
              98.11373092926493,
              -70.0
            ],
            [
              98.61303744798892,
              -70.0
            ],
            [
              99.1123439667129,
              -70.0
            ],
            [
              99.61165048543688,
              -70.0
            ],
            [
              100.11095700416087,
              -70.0
            ],
            [
              100.61026352288485,
              -70.0
            ],
            [
              101.10957004160889,
              -70.0
            ],
            [
              101.60887656033287,
              -70.0
            ],
            [
              102.10818307905686,
              -70.0
            ],
            [
              102.60748959778084,
              -70.0
            ],
            [
              103.10679611650482,
              -70.0
            ],
            [
              103.60610263522886,
              -70.0
            ],
            [
              104.10540915395285,
              -70.0
            ],
            [
              104.60471567267683,
              -70.0
            ],
            [
              105.10402219140082,
              -70.0
            ],
            [
              105.6033287101248,
              -70.0
            ],
            [
              106.10263522884884,
              -70.0
            ],
            [
              106.60194174757282,
              -70.0
            ],
            [
              107.1012482662968,
              -70.0
            ],
            [
              107.60055478502079,
              -70.0
            ],
            [
              108.09986130374477,
              -70.0
            ],
            [
              108.59916782246876,
              -70.0
            ],
            [
              109.0984743411928,
              -70.0
            ],
            [
              109.59778085991678,
              -70.0
            ],
            [
              110.09708737864077,
              -70.0
            ],
            [
              110.59639389736475,
              -70.0
            ],
            [
              111.09570041608873,
              -70.0
            ],
            [
              111.59500693481277,
              -70.0
            ],
            [
              112.09431345353676,
              -70.0
            ],
            [
              112.59361997226074,
              -70.0
            ],
            [
              113.09292649098472,
              -70.0
            ],
            [
              113.5922330097087,
              -70.0
            ],
            [
              114.09153952843275,
              -70.0
            ],
            [
              114.59084604715673,
              -70.0
            ],
            [
              115.09015256588071,
              -70.0
            ],
            [
              115.5894590846047,
              -70.0
            ],
            [
              116.08876560332868,
              -70.0
            ],
            [
              116.58807212205267,
              -70.0
            ],
            [
              117.0873786407767,
              -70.0
            ],
            [
              117.58668515950069,
              -70.0
            ],
            [
              118.08599167822467,
              -70.0
            ],
            [
              118.58529819694871,
              -70.0
            ],
            [
              119.0846047156727,
              -70.0
            ],
            [
              119.58391123439668,
              -70.0
            ],
            [
              120.08321775312072,
              -70.0
            ],
            [
              120.5825242718447,
              -70.0
            ],
            [
              121.08183079056869,
              -70.0
            ],
            [
              121.58113730929267,
              -70.0
            ],
            [
              122.08044382801666,
              -70.0
            ],
            [
              122.57975034674064,
              -70.0
            ],
            [
              123.07905686546468,
              -70.0
            ],
            [
              123.57836338418866,
              -70.0
            ],
            [
              124.07766990291265,
              -70.0
            ],
            [
              124.57697642163663,
              -70.0
            ],
            [
              125.07628294036061,
              -70.0
            ],
            [
              125.57558945908465,
              -70.0
            ],
            [
              126.07489597780864,
              -70.0
            ],
            [
              126.57420249653262,
              -70.0
            ],
            [
              127.0735090152566,
              -70.0
            ],
            [
              127.57281553398059,
              -70.0
            ],
            [
              128.07212205270457,
              -70.0
            ],
            [
              128.5714285714286,
              -70.0
            ],
            [
              129.0707350901526,
              -70.0
            ],
            [
              129.57004160887658,
              -70.0
            ],
            [
              130.06934812760056,
              -70.0
            ],
            [
              130.56865464632455,
              -70.0
            ],
            [
              131.0679611650486,
              -70.0
            ],
            [
              131.56726768377257,
              -70.0
            ],
            [
              132.06657420249655,
              -70.0
            ],
            [
              132.56588072122054,
              -70.0
            ],
            [
              133.06518723994452,
              -70.0
            ],
            [
              133.56449375866856,
              -70.0
            ],
            [
              134.06380027739255,
              -70.0
            ],
            [
              134.56310679611653,
              -70.0
            ],
            [
              135.0624133148405,
              -70.0
            ],
            [
              135.5617198335645,
              -70.0
            ],
            [
              136.06102635228854,
              -70.0
            ],
            [
              136.56033287101252,
              -70.0
            ],
            [
              137.0596393897365,
              -70.0
            ],
            [
              137.5589459084605,
              -70.0
            ],
            [
              138.05825242718447,
              -70.0
            ],
            [
              138.55755894590845,
              -70.0
            ],
            [
              139.0568654646325,
              -70.0
            ],
            [
              139.55617198335648,
              -70.0
            ],
            [
              140.05547850208046,
              -70.0
            ],
            [
              140.55478502080445,
              -70.0
            ],
            [
              141.05409153952843,
              -70.0
            ],
            [
              141.55339805825247,
              -70.0
            ],
            [
              142.05270457697645,
              -70.0
            ],
            [
              142.55201109570044,
              -70.0
            ],
            [
              143.05131761442442,
              -70.0
            ],
            [
              143.5506241331484,
              -70.0
            ],
            [
              144.0499306518724,
              -70.0
            ],
            [
              144.54923717059643,
              -70.0
            ],
            [
              145.0485436893204,
              -70.0
            ],
            [
              145.5478502080444,
              -70.0
            ],
            [
              146.04715672676838,
              -70.0
            ],
            [
              146.54646324549236,
              -70.0
            ],
            [
              147.0457697642164,
              -70.0
            ],
            [
              147.54507628294039,
              -70.0
            ],
            [
              148.04438280166437,
              -70.0
            ],
            [
              148.54368932038835,
              -70.0
            ],
            [
              149.04299583911234,
              -70.0
            ],
            [
              149.54230235783638,
              -70.0
            ],
            [
              150.04160887656036,
              -70.0
            ],
            [
              150.54091539528434,
              -70.0
            ],
            [
              151.04022191400833,
              -70.0
            ],
            [
              151.5395284327323,
              -70.0
            ],
            [
              152.03883495145635,
              -70.0
            ],
            [
              152.53814147018034,
              -70.0
            ],
            [
              153.03744798890432,
              -70.0
            ],
            [
              153.5367545076283,
              -70.0
            ],
            [
              154.0360610263523,
              -70.0
            ],
            [
              154.53536754507627,
              -70.0
            ],
            [
              155.0346740638003,
              -70.0
            ],
            [
              155.5339805825243,
              -70.0
            ],
            [
              156.03328710124828,
              -70.0
            ],
            [
              156.53259361997226,
              -70.0
            ],
            [
              157.03190013869624,
              -70.0
            ],
            [
              157.53120665742028,
              -70.0
            ],
            [
              158.03051317614427,
              -70.0
            ],
            [
              158.52981969486825,
              -70.0
            ],
            [
              159.02912621359224,
              -70.0
            ],
            [
              159.52843273231622,
              -70.0
            ],
            [
              160.0277392510402,
              -70.0
            ],
            [
              160.52704576976424,
              -70.0
            ],
            [
              161.02635228848823,
              -70.0
            ],
            [
              161.5256588072122,
              -70.0
            ],
            [
              162.0249653259362,
              -70.0
            ],
            [
              162.52427184466018,
              -70.0
            ],
            [
              163.02357836338422,
              -70.0
            ],
            [
              163.5228848821082,
              -70.0
            ],
            [
              164.02219140083218,
              -70.0
            ],
            [
              164.52149791955617,
              -70.0
            ],
            [
              165.02080443828015,
              -70.0
            ],
            [
              165.5201109570042,
              -70.0
            ],
            [
              166.01941747572818,
              -70.0
            ],
            [
              166.51872399445216,
              -70.0
            ],
            [
              167.01803051317614,
              -70.0
            ],
            [
              167.51733703190013,
              -70.0
            ],
            [
              168.01664355062417,
              -70.0
            ],
            [
              168.51595006934815,
              -70.0
            ],
            [
              169.01525658807213,
              -70.0
            ],
            [
              169.51456310679612,
              -70.0
            ],
            [
              170.0138696255201,
              -70.0
            ],
            [
              170.51317614424408,
              -70.0
            ],
            [
              171.01248266296813,
              -70.0
            ],
            [
              171.5117891816921,
              -70.0
            ],
            [
              172.0110957004161,
              -70.0
            ],
            [
              172.51040221914008,
              -70.0
            ],
            [
              173.00970873786406,
              -70.0
            ],
            [
              173.5090152565881,
              -70.0
            ],
            [
              174.00832177531208,
              -70.0
            ],
            [
              174.50762829403607,
              -70.0
            ],
            [
              175.00693481276005,
              -70.0
            ],
            [
              175.50624133148403,
              -70.0
            ],
            [
              176.00554785020802,
              -70.0
            ],
            [
              176.50485436893206,
              -70.0
            ],
            [
              177.00416088765604,
              -70.0
            ],
            [
              177.50346740638003,
              -70.0
            ],
            [
              178.002773925104,
              -70.0
            ],
            [
              178.502080443828,
              -70.0
            ],
            [
              179.00138696255203,
              -70.0
            ],
            [
              179.50069348127602,
              -70.0
            ],
            [
              180.0,
              -70.0
            ]
          ]
        ]
      }
    },
    {
      "type": "Feature",
      "properties": {
        "uuid": "93a7164d-4bfc-4f30-8e65-979f91deb957",
        "layer_id": "glb_con_geographic_lines_ln",
        "timeframe": null,
        "feature_class": "Polar Circle",
        "feature_rank": 1,
        "is_visible": true,
        "is_labeled": true,
        "needs_review": false,
        "review_notes": null,
        "img_url": null,
        "last_edited": "2026-07-13",
        "last_editor": "postgres",
        "name_en": "Northern Polar Circle",
        "name_ru": null,
        "name_abb_en": null,
        "name_abb_ru": null,
        "label_en": "Northern Polar Circle",
        "label_ru": null,
        "descr_en": null,
        "descr_ru": null,
        "descr_html_en": null,
        "descr_html_ru": null,
        "url_en": null,
        "url_ru": null,
        "source_name": "TSR FRIA 2e",
        "source_url": "https://www.profantasy.com/fratlas/fratlashome.htm",
        "dnd_editions_str": "2e, 3e, 5e",
        "feature_levels_str": null,
        "extra_str": null,
        "location_en": "central Great Ice Sea",
        "name_alt_en_str": null,
        "location_ru": "центральный Великое Ледяное море",
        "name_alt_ru_str": null,
        "geog_extent_length_km": 13851.0,
        "geog_extent_length_miles": 8607.0,
        "geog_extent_centroid_md": "90° 00′ 00″ N 041° 30′ 03″ W",
        "geog_extent_centroid_fria": "90° 00′ 00″ N 094° 58′ 57″ W",
        "geog_extent_perimeter_km": null,
        "geog_extent_perimeter_miles": null,
        "geog_extent_area_sq_km": null,
        "geog_extent_area_sq_miles": null,
        "geog_extent_bbox_md": {
          "east": -126.51849851201,
          "west": -126.51849851201,
          "north": 70,
          "south": 70
        },
        "geog_extent_bbox_fria": {
          "east": 180,
          "west": -180,
          "north": 70,
          "south": 70
        },
        "name_it": null,
        "name_abb_it": null,
        "label_it": "Northern Polar Circle",
        "descr_it": null,
        "descr_html_it": null,
        "url_it": null,
        "location_it": "Mare del Grande Ghiaccio centrale",
        "name_alt_it_str": null,
        "topical_tags": "",
        "related_location_tags": "",
        "related_cultures_tags": "",
        "related_factions_tags": ""
      },
      "geometry": {
        "type": "MultiLineString",
        "coordinates": [
          [
            [
              -180.0,
              70.0
            ],
            [
              -179.50069348127602,
              70.0
            ],
            [
              -179.001386962552,
              70.0
            ],
            [
              -178.50208044382802,
              70.0
            ],
            [
              -178.002773925104,
              70.0
            ],
            [
              -177.50346740638003,
              70.0
            ],
            [
              -177.00416088765604,
              70.0
            ],
            [
              -176.50485436893203,
              70.0
            ],
            [
              -176.00554785020805,
              70.0
            ],
            [
              -175.50624133148406,
              70.0
            ],
            [
              -175.00693481276005,
              70.0
            ],
            [
              -174.50762829403607,
              70.0
            ],
            [
              -174.00832177531206,
              70.0
            ],
            [
              -173.50901525658807,
              70.0
            ],
            [
              -173.0097087378641,
              70.0
            ],
            [
              -172.51040221914008,
              70.0
            ],
            [
              -172.0110957004161,
              70.0
            ],
            [
              -171.5117891816921,
              70.0
            ],
            [
              -171.0124826629681,
              70.0
            ],
            [
              -170.5131761442441,
              70.0
            ],
            [
              -170.0138696255201,
              70.0
            ],
            [
              -169.51456310679612,
              70.0
            ],
            [
              -169.01525658807213,
              70.0
            ],
            [
              -168.51595006934812,
              70.0
            ],
            [
              -168.01664355062414,
              70.0
            ],
            [
              -167.51733703190013,
              70.0
            ],
            [
              -167.01803051317614,
              70.0
            ],
            [
              -166.51872399445216,
              70.0
            ],
            [
              -166.01941747572815,
              70.0
            ],
            [
              -165.52011095700416,
              70.0
            ],
            [
              -165.02080443828015,
              70.0
            ],
            [
              -164.52149791955617,
              70.0
            ],
            [
              -164.02219140083218,
              70.0
            ],
            [
              -163.52288488210817,
              70.0
            ],
            [
              -163.0235783633842,
              70.0
            ],
            [
              -162.5242718446602,
              70.0
            ],
            [
              -162.0249653259362,
              70.0
            ],
            [
              -161.5256588072122,
              70.0
            ],
            [
              -161.0263522884882,
              70.0
            ],
            [
              -160.52704576976421,
              70.0
            ],
            [
              -160.02773925104023,
              70.0
            ],
            [
              -159.52843273231622,
              70.0
            ],
            [
              -159.02912621359224,
              70.0
            ],
            [
              -158.52981969486825,
              70.0
            ],
            [
              -158.03051317614424,
              70.0
            ],
            [
              -157.53120665742026,
              70.0
            ],
            [
              -157.03190013869624,
              70.0
            ],
            [
              -156.53259361997226,
              70.0
            ],
            [
              -156.03328710124828,
              70.0
            ],
            [
              -155.53398058252426,
              70.0
            ],
            [
              -155.03467406380028,
              70.0
            ],
            [
              -154.53536754507627,
              70.0
            ],
            [
              -154.0360610263523,
              70.0
            ],
            [
              -153.5367545076283,
              70.0
            ],
            [
              -153.0374479889043,
              70.0
            ],
            [
              -152.5381414701803,
              70.0
            ],
            [
              -152.0388349514563,
              70.0
            ],
            [
              -151.5395284327323,
              70.0
            ],
            [
              -151.04022191400833,
              70.0
            ],
            [
              -150.54091539528432,
              70.0
            ],
            [
              -150.04160887656033,
              70.0
            ],
            [
              -149.54230235783635,
              70.0
            ],
            [
              -149.04299583911234,
              70.0
            ],
            [
              -148.54368932038835,
              70.0
            ],
            [
              -148.04438280166437,
              70.0
            ],
            [
              -147.54507628294036,
              70.0
            ],
            [
              -147.04576976421637,
              70.0
            ],
            [
              -146.54646324549236,
              70.0
            ],
            [
              -146.04715672676838,
              70.0
            ],
            [
              -145.5478502080444,
              70.0
            ],
            [
              -145.04854368932038,
              70.0
            ],
            [
              -144.5492371705964,
              70.0
            ],
            [
              -144.0499306518724,
              70.0
            ],
            [
              -143.5506241331484,
              70.0
            ],
            [
              -143.05131761442442,
              70.0
            ],
            [
              -142.5520110957004,
              70.0
            ],
            [
              -142.05270457697642,
              70.0
            ],
            [
              -141.5533980582524,
              70.0
            ],
            [
              -141.05409153952843,
              70.0
            ],
            [
              -140.55478502080445,
              70.0
            ],
            [
              -140.05547850208043,
              70.0
            ],
            [
              -139.55617198335645,
              70.0
            ],
            [
              -139.05686546463244,
              70.0
            ],
            [
              -138.55755894590845,
              70.0
            ],
            [
              -138.05825242718447,
              70.0
            ],
            [
              -137.5589459084605,
              70.0
            ],
            [
              -137.05963938973647,
              70.0
            ],
            [
              -136.5603328710125,
              70.0
            ],
            [
              -136.06102635228848,
              70.0
            ],
            [
              -135.5617198335645,
              70.0
            ],
            [
              -135.0624133148405,
              70.0
            ],
            [
              -134.5631067961165,
              70.0
            ],
            [
              -134.06380027739252,
              70.0
            ],
            [
              -133.5644937586685,
              70.0
            ],
            [
              -133.06518723994452,
              70.0
            ],
            [
              -132.56588072122054,
              70.0
            ],
            [
              -132.06657420249653,
              70.0
            ],
            [
              -131.56726768377254,
              70.0
            ],
            [
              -131.06796116504853,
              70.0
            ],
            [
              -130.56865464632455,
              70.0
            ],
            [
              -130.06934812760056,
              70.0
            ],
            [
              -129.57004160887658,
              70.0
            ],
            [
              -129.07073509015257,
              70.0
            ],
            [
              -128.57142857142858,
              70.0
            ],
            [
              -128.07212205270457,
              70.0
            ],
            [
              -127.57281553398059,
              70.0
            ],
            [
              -127.07350901525659,
              70.0
            ],
            [
              -126.57420249653259,
              70.0
            ],
            [
              -126.0748959778086,
              70.0
            ],
            [
              -125.5755894590846,
              70.0
            ],
            [
              -125.07628294036061,
              70.0
            ],
            [
              -124.5769764216366,
              70.0
            ],
            [
              -124.07766990291262,
              70.0
            ],
            [
              -123.57836338418862,
              70.0
            ],
            [
              -123.07905686546462,
              70.0
            ],
            [
              -122.57975034674064,
              70.0
            ],
            [
              -122.08044382801664,
              70.0
            ],
            [
              -121.58113730929264,
              70.0
            ],
            [
              -121.08183079056866,
              70.0
            ],
            [
              -120.58252427184465,
              70.0
            ],
            [
              -120.08321775312066,
              70.0
            ],
            [
              -119.58391123439667,
              70.0
            ],
            [
              -119.08460471567267,
              70.0
            ],
            [
              -118.58529819694868,
              70.0
            ],
            [
              -118.08599167822469,
              70.0
            ],
            [
              -117.58668515950069,
              70.0
            ],
            [
              -117.0873786407767,
              70.0
            ],
            [
              -116.5880721220527,
              70.0
            ],
            [
              -116.08876560332871,
              70.0
            ],
            [
              -115.58945908460471,
              70.0
            ],
            [
              -115.09015256588071,
              70.0
            ],
            [
              -114.59084604715673,
              70.0
            ],
            [
              -114.09153952843273,
              70.0
            ],
            [
              -113.59223300970874,
              70.0
            ],
            [
              -113.09292649098474,
              70.0
            ],
            [
              -112.59361997226075,
              70.0
            ],
            [
              -112.09431345353676,
              70.0
            ],
            [
              -111.59500693481276,
              70.0
            ],
            [
              -111.09570041608876,
              70.0
            ],
            [
              -110.59639389736478,
              70.0
            ],
            [
              -110.09708737864078,
              70.0
            ],
            [
              -109.59778085991678,
              70.0
            ],
            [
              -109.09847434119278,
              70.0
            ],
            [
              -108.5991678224688,
              70.0
            ],
            [
              -108.0998613037448,
              70.0
            ],
            [
              -107.6005547850208,
              70.0
            ],
            [
              -107.1012482662968,
              70.0
            ],
            [
              -106.60194174757282,
              70.0
            ],
            [
              -106.10263522884883,
              70.0
            ],
            [
              -105.60332871012483,
              70.0
            ],
            [
              -105.10402219140083,
              70.0
            ],
            [
              -104.60471567267683,
              70.0
            ],
            [
              -104.10540915395283,
              70.0
            ],
            [
              -103.60610263522884,
              70.0
            ],
            [
              -103.10679611650485,
              70.0
            ],
            [
              -102.60748959778086,
              70.0
            ],
            [
              -102.10818307905686,
              70.0
            ],
            [
              -101.60887656033286,
              70.0
            ],
            [
              -101.10957004160888,
              70.0
            ],
            [
              -100.61026352288488,
              70.0
            ],
            [
              -100.11095700416088,
              70.0
            ],
            [
              -99.61165048543688,
              70.0
            ],
            [
              -99.1123439667129,
              70.0
            ],
            [
              -98.6130374479889,
              70.0
            ],
            [
              -98.1137309292649,
              70.0
            ],
            [
              -97.6144244105409,
              70.0
            ],
            [
              -97.11511789181692,
              70.0
            ],
            [
              -96.61581137309292,
              70.0
            ],
            [
              -96.11650485436893,
              70.0
            ],
            [
              -95.61719833564493,
              70.0
            ],
            [
              -95.11789181692095,
              70.0
            ],
            [
              -94.61858529819695,
              70.0
            ],
            [
              -94.11927877947295,
              70.0
            ],
            [
              -93.61997226074895,
              70.0
            ],
            [
              -93.12066574202497,
              70.0
            ],
            [
              -92.62135922330097,
              70.0
            ],
            [
              -92.12205270457697,
              70.0
            ],
            [
              -91.62274618585298,
              70.0
            ],
            [
              -91.12343966712899,
              70.0
            ],
            [
              -90.624133148405,
              70.0
            ],
            [
              -90.124826629681,
              70.0
            ],
            [
              -89.625520110957,
              70.0
            ],
            [
              -89.12621359223301,
              70.0
            ],
            [
              -88.62690707350902,
              70.0
            ],
            [
              -88.12760055478502,
              70.0
            ],
            [
              -87.62829403606102,
              70.0
            ],
            [
              -87.12898751733704,
              70.0
            ],
            [
              -86.62968099861304,
              70.0
            ],
            [
              -86.13037447988904,
              70.0
            ],
            [
              -85.63106796116504,
              70.0
            ],
            [
              -85.13176144244106,
              70.0
            ],
            [
              -84.63245492371706,
              70.0
            ],
            [
              -84.13314840499307,
              70.0
            ],
            [
              -83.63384188626907,
              70.0
            ],
            [
              -83.13453536754508,
              70.0
            ],
            [
              -82.63522884882109,
              70.0
            ],
            [
              -82.13592233009709,
              70.0
            ],
            [
              -81.63661581137309,
              70.0
            ],
            [
              -81.1373092926491,
              70.0
            ],
            [
              -80.63800277392511,
              70.0
            ],
            [
              -80.13869625520111,
              70.0
            ],
            [
              -79.63938973647711,
              70.0
            ],
            [
              -79.14008321775313,
              70.0
            ],
            [
              -78.64077669902913,
              70.0
            ],
            [
              -78.14147018030513,
              70.0
            ],
            [
              -77.64216366158114,
              70.0
            ],
            [
              -77.14285714285715,
              70.0
            ],
            [
              -76.64355062413316,
              70.0
            ],
            [
              -76.14424410540916,
              70.0
            ],
            [
              -75.64493758668516,
              70.0
            ],
            [
              -75.14563106796118,
              70.0
            ],
            [
              -74.64632454923718,
              70.0
            ],
            [
              -74.14701803051318,
              70.0
            ],
            [
              -73.64771151178918,
              70.0
            ],
            [
              -73.14840499306517,
              70.0
            ],
            [
              -72.64909847434119,
              70.0
            ],
            [
              -72.14979195561719,
              70.0
            ],
            [
              -71.65048543689319,
              70.0
            ],
            [
              -71.1511789181692,
              70.0
            ],
            [
              -70.65187239944521,
              70.0
            ],
            [
              -70.15256588072121,
              70.0
            ],
            [
              -69.65325936199721,
              70.0
            ],
            [
              -69.15395284327322,
              70.0
            ],
            [
              -68.65464632454923,
              70.0
            ],
            [
              -68.15533980582524,
              70.0
            ],
            [
              -67.65603328710124,
              70.0
            ],
            [
              -67.15672676837724,
              70.0
            ],
            [
              -66.65742024965326,
              70.0
            ],
            [
              -66.15811373092926,
              70.0
            ],
            [
              -65.65880721220526,
              70.0
            ],
            [
              -65.15950069348126,
              70.0
            ],
            [
              -64.66019417475728,
              70.0
            ],
            [
              -64.16088765603328,
              70.0
            ],
            [
              -63.661581137309284,
              70.0
            ],
            [
              -63.162274618585286,
              70.0
            ],
            [
              -62.6629680998613,
              70.0
            ],
            [
              -62.163661581137305,
              70.0
            ],
            [
              -61.66435506241331,
              70.0
            ],
            [
              -61.16504854368931,
              70.0
            ],
            [
              -60.665742024965326,
              70.0
            ],
            [
              -60.16643550624133,
              70.0
            ],
            [
              -59.66712898751733,
              70.0
            ],
            [
              -59.16782246879333,
              70.0
            ],
            [
              -58.66851595006935,
              70.0
            ],
            [
              -58.16920943134535,
              70.0
            ],
            [
              -57.66990291262135,
              70.0
            ],
            [
              -57.170596393897355,
              70.0
            ],
            [
              -56.67128987517337,
              70.0
            ],
            [
              -56.171983356449374,
              70.0
            ],
            [
              -55.672676837725376,
              70.0
            ],
            [
              -55.17337031900138,
              70.0
            ],
            [
              -54.674063800277395,
              70.0
            ],
            [
              -54.1747572815534,
              70.0
            ],
            [
              -53.6754507628294,
              70.0
            ],
            [
              -53.1761442441054,
              70.0
            ],
            [
              -52.67683772538142,
              70.0
            ],
            [
              -52.17753120665742,
              70.0
            ],
            [
              -51.67822468793344,
              70.0
            ],
            [
              -51.178918169209425,
              70.0
            ],
            [
              -50.67961165048544,
              70.0
            ],
            [
              -50.18030513176143,
              70.0
            ],
            [
              -49.680998613037445,
              70.0
            ],
            [
              -49.18169209431346,
              70.0
            ],
            [
              -48.68238557558945,
              70.0
            ],
            [
              -48.183079056865466,
              70.0
            ],
            [
              -47.68377253814148,
              70.0
            ],
            [
              -47.18446601941747,
              70.0
            ],
            [
              -46.68515950069349,
              70.0
            ],
            [
              -46.185852981969475,
              70.0
            ],
            [
              -45.68654646324549,
              70.0
            ],
            [
              -45.18723994452151,
              70.0
            ],
            [
              -44.687933425797496,
              70.0
            ],
            [
              -44.18862690707351,
              70.0
            ],
            [
              -43.68932038834953,
              70.0
            ],
            [
              -43.19001386962552,
              70.0
            ],
            [
              -42.69070735090153,
              70.0
            ],
            [
              -42.19140083217752,
              70.0
            ],
            [
              -41.69209431345354,
              70.0
            ],
            [
              -41.192787794729554,
              70.0
            ],
            [
              -40.69348127600554,
              70.0
            ],
            [
              -40.19417475728156,
              70.0
            ],
            [
              -39.694868238557575,
              70.0
            ],
            [
              -39.19556171983356,
              70.0
            ],
            [
              -38.69625520110958,
              70.0
            ],
            [
              -38.19694868238557,
              70.0
            ],
            [
              -37.697642163661584,
              70.0
            ],
            [
              -37.1983356449376,
              70.0
            ],
            [
              -36.69902912621359,
              70.0
            ],
            [
              -36.199722607489605,
              70.0
            ],
            [
              -35.70041608876562,
              70.0
            ],
            [
              -35.20110957004161,
              70.0
            ],
            [
              -34.701803051317626,
              70.0
            ],
            [
              -34.202496532593614,
              70.0
            ],
            [
              -33.70319001386963,
              70.0
            ],
            [
              -33.20388349514565,
              70.0
            ],
            [
              -32.704576976421635,
              70.0
            ],
            [
              -32.20527045769765,
              70.0
            ],
            [
              -31.705963938973667,
              70.0
            ],
            [
              -31.206657420249655,
              70.0
            ],
            [
              -30.707350901525643,
              70.0
            ],
            [
              -30.20804438280166,
              70.0
            ],
            [
              -29.708737864077648,
              70.0
            ],
            [
              -29.209431345353664,
              70.0
            ],
            [
              -28.71012482662968,
              70.0
            ],
            [
              -28.21081830790567,
              70.0
            ],
            [
              -27.711511789181685,
              70.0
            ],
            [
              -27.212205270457673,
              70.0
            ],
            [
              -26.71289875173369,
              70.0
            ],
            [
              -26.213592233009706,
              70.0
            ],
            [
              -25.714285714285694,
              70.0
            ],
            [
              -25.21497919556171,
              70.0
            ],
            [
              -24.715672676837727,
              70.0
            ],
            [
              -24.216366158113715,
              70.0
            ],
            [
              -23.71705963938973,
              70.0
            ],
            [
              -23.21775312066572,
              70.0
            ],
            [
              -22.718446601941736,
              70.0
            ],
            [
              -22.219140083217752,
              70.0
            ],
            [
              -21.71983356449374,
              70.0
            ],
            [
              -21.220527045769757,
              70.0
            ],
            [
              -20.721220527045773,
              70.0
            ],
            [
              -20.22191400832176,
              70.0
            ],
            [
              -19.722607489597777,
              70.0
            ],
            [
              -19.223300970873765,
              70.0
            ],
            [
              -18.723994452149782,
              70.0
            ],
            [
              -18.2246879334258,
              70.0
            ],
            [
              -17.725381414701786,
              70.0
            ],
            [
              -17.226074895977803,
              70.0
            ],
            [
              -16.72676837725382,
              70.0
            ],
            [
              -16.227461858529807,
              70.0
            ],
            [
              -15.728155339805824,
              70.0
            ],
            [
              -15.228848821081812,
              70.0
            ],
            [
              -14.729542302357828,
              70.0
            ],
            [
              -14.230235783633844,
              70.0
            ],
            [
              -13.730929264909832,
              70.0
            ],
            [
              -13.231622746185849,
              70.0
            ],
            [
              -12.732316227461865,
              70.0
            ],
            [
              -12.233009708737853,
              70.0
            ],
            [
              -11.73370319001387,
              70.0
            ],
            [
              -11.234396671289858,
              70.0
            ],
            [
              -10.735090152565874,
              70.0
            ],
            [
              -10.23578363384189,
              70.0
            ],
            [
              -9.736477115117879,
              70.0
            ],
            [
              -9.237170596393895,
              70.0
            ],
            [
              -8.737864077669911,
              70.0
            ],
            [
              -8.2385575589459,
              70.0
            ],
            [
              -7.739251040221916,
              70.0
            ],
            [
              -7.239944521497904,
              70.0
            ],
            [
              -6.74063800277392,
              70.0
            ],
            [
              -6.241331484049937,
              70.0
            ],
            [
              -5.742024965325925,
              70.0
            ],
            [
              -5.242718446601941,
              70.0
            ],
            [
              -4.743411927877958,
              70.0
            ],
            [
              -4.244105409153946,
              70.0
            ],
            [
              -3.744798890429962,
              70.0
            ],
            [
              -3.24549237170595,
              70.0
            ],
            [
              -2.746185852981966,
              70.0
            ],
            [
              -2.246879334257983,
              70.0
            ],
            [
              -1.747572815533971,
              70.0
            ],
            [
              -1.248266296809987,
              70.0
            ],
            [
              -0.748959778086004,
              70.0
            ],
            [
              -0.249653259361992,
              70.0
            ],
            [
              0.249653259361992,
              70.0
            ],
            [
              0.748959778086004,
              70.0
            ],
            [
              1.248266296809987,
              70.0
            ],
            [
              1.747572815533971,
              70.0
            ],
            [
              2.246879334257983,
              70.0
            ],
            [
              2.746185852981966,
              70.0
            ],
            [
              3.24549237170595,
              70.0
            ],
            [
              3.744798890429962,
              70.0
            ],
            [
              4.244105409153946,
              70.0
            ],
            [
              4.743411927877958,
              70.0
            ],
            [
              5.242718446601941,
              70.0
            ],
            [
              5.742024965325925,
              70.0
            ],
            [
              6.241331484049937,
              70.0
            ],
            [
              6.74063800277392,
              70.0
            ],
            [
              7.239944521497904,
              70.0
            ],
            [
              7.739251040221916,
              70.0
            ],
            [
              8.2385575589459,
              70.0
            ],
            [
              8.737864077669911,
              70.0
            ],
            [
              9.237170596393895,
              70.0
            ],
            [
              9.736477115117879,
              70.0
            ],
            [
              10.23578363384189,
              70.0
            ],
            [
              10.735090152565874,
              70.0
            ],
            [
              11.234396671289858,
              70.0
            ],
            [
              11.73370319001387,
              70.0
            ],
            [
              12.233009708737853,
              70.0
            ],
            [
              12.732316227461865,
              70.0
            ],
            [
              13.231622746185849,
              70.0
            ],
            [
              13.730929264909832,
              70.0
            ],
            [
              14.230235783633844,
              70.0
            ],
            [
              14.729542302357828,
              70.0
            ],
            [
              15.228848821081812,
              70.0
            ],
            [
              15.728155339805824,
              70.0
            ],
            [
              16.227461858529807,
              70.0
            ],
            [
              16.72676837725382,
              70.0
            ],
            [
              17.226074895977803,
              70.0
            ],
            [
              17.725381414701786,
              70.0
            ],
            [
              18.2246879334258,
              70.0
            ],
            [
              18.723994452149782,
              70.0
            ],
            [
              19.223300970873765,
              70.0
            ],
            [
              19.722607489597777,
              70.0
            ],
            [
              20.22191400832176,
              70.0
            ],
            [
              20.721220527045773,
              70.0
            ],
            [
              21.220527045769757,
              70.0
            ],
            [
              21.71983356449374,
              70.0
            ],
            [
              22.219140083217752,
              70.0
            ],
            [
              22.718446601941736,
              70.0
            ],
            [
              23.21775312066572,
              70.0
            ],
            [
              23.71705963938973,
              70.0
            ],
            [
              24.216366158113715,
              70.0
            ],
            [
              24.715672676837727,
              70.0
            ],
            [
              25.21497919556171,
              70.0
            ],
            [
              25.714285714285694,
              70.0
            ],
            [
              26.213592233009706,
              70.0
            ],
            [
              26.71289875173369,
              70.0
            ],
            [
              27.212205270457673,
              70.0
            ],
            [
              27.711511789181685,
              70.0
            ],
            [
              28.21081830790567,
              70.0
            ],
            [
              28.71012482662968,
              70.0
            ],
            [
              29.209431345353664,
              70.0
            ],
            [
              29.708737864077648,
              70.0
            ],
            [
              30.20804438280166,
              70.0
            ],
            [
              30.707350901525643,
              70.0
            ],
            [
              31.206657420249627,
              70.0
            ],
            [
              31.70596393897364,
              70.0
            ],
            [
              32.20527045769762,
              70.0
            ],
            [
              32.704576976421635,
              70.0
            ],
            [
              33.20388349514565,
              70.0
            ],
            [
              33.70319001386966,
              70.0
            ],
            [
              34.20249653259364,
              70.0
            ],
            [
              34.701803051317626,
              70.0
            ],
            [
              35.20110957004164,
              70.0
            ],
            [
              35.70041608876562,
              70.0
            ],
            [
              36.19972260748963,
              70.0
            ],
            [
              36.69902912621362,
              70.0
            ],
            [
              37.1983356449376,
              70.0
            ],
            [
              37.69764216366161,
              70.0
            ],
            [
              38.196948682385596,
              70.0
            ],
            [
              38.69625520110958,
              70.0
            ],
            [
              39.19556171983359,
              70.0
            ],
            [
              39.694868238557575,
              70.0
            ],
            [
              40.19417475728159,
              70.0
            ],
            [
              40.69348127600557,
              70.0
            ],
            [
              41.192787794729554,
              70.0
            ],
            [
              41.692094313453566,
              70.0
            ],
            [
              42.19140083217755,
              70.0
            ],
            [
              42.69070735090153,
              70.0
            ],
            [
              43.190013869625545,
              70.0
            ],
            [
              43.68932038834953,
              70.0
            ],
            [
              44.18862690707354,
              70.0
            ],
            [
              44.687933425797524,
              70.0
            ],
            [
              45.18723994452151,
              70.0
            ],
            [
              45.68654646324552,
              70.0
            ],
            [
              46.185852981969504,
              70.0
            ],
            [
              46.68515950069349,
              70.0
            ],
            [
              47.1844660194175,
              70.0
            ],
            [
              47.68377253814148,
              70.0
            ],
            [
              48.183079056865495,
              70.0
            ],
            [
              48.68238557558948,
              70.0
            ],
            [
              49.18169209431346,
              70.0
            ],
            [
              49.680998613037474,
              70.0
            ],
            [
              50.18030513176146,
              70.0
            ],
            [
              50.67961165048544,
              70.0
            ],
            [
              51.17891816920945,
              70.0
            ],
            [
              51.67822468793344,
              70.0
            ],
            [
              52.17753120665745,
              70.0
            ],
            [
              52.67683772538143,
              70.0
            ],
            [
              53.176144244105416,
              70.0
            ],
            [
              53.67545076282943,
              70.0
            ],
            [
              54.17475728155341,
              70.0
            ],
            [
              54.674063800277395,
              70.0
            ],
            [
              55.17337031900141,
              70.0
            ],
            [
              55.67267683772539,
              70.0
            ],
            [
              56.1719833564494,
              70.0
            ],
            [
              56.671289875173386,
              70.0
            ],
            [
              57.17059639389737,
              70.0
            ],
            [
              57.66990291262138,
              70.0
            ],
            [
              58.169209431345365,
              70.0
            ],
            [
              58.66851595006935,
              70.0
            ],
            [
              59.16782246879336,
              70.0
            ],
            [
              59.667128987517344,
              70.0
            ],
            [
              60.166435506241356,
              70.0
            ],
            [
              60.66574202496534,
              70.0
            ],
            [
              61.16504854368932,
              70.0
            ],
            [
              61.664355062413335,
              70.0
            ],
            [
              62.16366158113732,
              70.0
            ],
            [
              62.6629680998613,
              70.0
            ],
            [
              63.162274618585315,
              70.0
            ],
            [
              63.6615811373093,
              70.0
            ],
            [
              64.16088765603331,
              70.0
            ],
            [
              64.6601941747573,
              70.0
            ],
            [
              65.15950069348128,
              70.0
            ],
            [
              65.65880721220529,
              70.0
            ],
            [
              66.15811373092927,
              70.0
            ],
            [
              66.65742024965326,
              70.0
            ],
            [
              67.15672676837727,
              70.0
            ],
            [
              67.65603328710125,
              70.0
            ],
            [
              68.15533980582526,
              70.0
            ],
            [
              68.65464632454925,
              70.0
            ],
            [
              69.15395284327323,
              70.0
            ],
            [
              69.65325936199724,
              70.0
            ],
            [
              70.15256588072123,
              70.0
            ],
            [
              70.65187239944521,
              70.0
            ],
            [
              71.15117891816922,
              70.0
            ],
            [
              71.6504854368932,
              70.0
            ],
            [
              72.14979195561722,
              70.0
            ],
            [
              72.6490984743412,
              70.0
            ],
            [
              73.14840499306518,
              70.0
            ],
            [
              73.6477115117892,
              70.0
            ],
            [
              74.14701803051318,
              70.0
            ],
            [
              74.64632454923716,
              70.0
            ],
            [
              75.14563106796118,
              70.0
            ],
            [
              75.64493758668516,
              70.0
            ],
            [
              76.14424410540914,
              70.0
            ],
            [
              76.64355062413313,
              70.0
            ],
            [
              77.14285714285717,
              70.0
            ],
            [
              77.64216366158115,
              70.0
            ],
            [
              78.14147018030513,
              70.0
            ],
            [
              78.64077669902912,
              70.0
            ],
            [
              79.1400832177531,
              70.0
            ],
            [
              79.63938973647714,
              70.0
            ],
            [
              80.13869625520113,
              70.0
            ],
            [
              80.63800277392511,
              70.0
            ],
            [
              81.13730929264909,
              70.0
            ],
            [
              81.63661581137308,
              70.0
            ],
            [
              82.13592233009712,
              70.0
            ],
            [
              82.6352288488211,
              70.0
            ],
            [
              83.13453536754508,
              70.0
            ],
            [
              83.63384188626907,
              70.0
            ],
            [
              84.13314840499305,
              70.0
            ],
            [
              84.63245492371703,
              70.0
            ],
            [
              85.13176144244107,
              70.0
            ],
            [
              85.63106796116506,
              70.0
            ],
            [
              86.13037447988904,
              70.0
            ],
            [
              86.62968099861303,
              70.0
            ],
            [
              87.12898751733701,
              70.0
            ],
            [
              87.62829403606105,
              70.0
            ],
            [
              88.12760055478503,
              70.0
            ],
            [
              88.62690707350902,
              70.0
            ],
            [
              89.126213592233,
              70.0
            ],
            [
              89.62552011095698,
              70.0
            ],
            [
              90.12482662968102,
              70.0
            ],
            [
              90.62413314840501,
              70.0
            ],
            [
              91.12343966712899,
              70.0
            ],
            [
              91.62274618585298,
              70.0
            ],
            [
              92.12205270457696,
              70.0
            ],
            [
              92.62135922330094,
              70.0
            ],
            [
              93.12066574202498,
              70.0
            ],
            [
              93.61997226074897,
              70.0
            ],
            [
              94.11927877947295,
              70.0
            ],
            [
              94.61858529819693,
              70.0
            ],
            [
              95.11789181692092,
              70.0
            ],
            [
              95.61719833564496,
              70.0
            ],
            [
              96.11650485436894,
              70.0
            ],
            [
              96.61581137309292,
              70.0
            ],
            [
              97.11511789181691,
              70.0
            ],
            [
              97.61442441054089,
              70.0
            ],
            [
              98.11373092926493,
              70.0
            ],
            [
              98.61303744798892,
              70.0
            ],
            [
              99.1123439667129,
              70.0
            ],
            [
              99.61165048543688,
              70.0
            ],
            [
              100.11095700416087,
              70.0
            ],
            [
              100.61026352288485,
              70.0
            ],
            [
              101.10957004160889,
              70.0
            ],
            [
              101.60887656033287,
              70.0
            ],
            [
              102.10818307905686,
              70.0
            ],
            [
              102.60748959778084,
              70.0
            ],
            [
              103.10679611650482,
              70.0
            ],
            [
              103.60610263522886,
              70.0
            ],
            [
              104.10540915395285,
              70.0
            ],
            [
              104.60471567267683,
              70.0
            ],
            [
              105.10402219140082,
              70.0
            ],
            [
              105.6033287101248,
              70.0
            ],
            [
              106.10263522884884,
              70.0
            ],
            [
              106.60194174757282,
              70.0
            ],
            [
              107.1012482662968,
              70.0
            ],
            [
              107.60055478502079,
              70.0
            ],
            [
              108.09986130374477,
              70.0
            ],
            [
              108.59916782246876,
              70.0
            ],
            [
              109.0984743411928,
              70.0
            ],
            [
              109.59778085991678,
              70.0
            ],
            [
              110.09708737864077,
              70.0
            ],
            [
              110.59639389736475,
              70.0
            ],
            [
              111.09570041608873,
              70.0
            ],
            [
              111.59500693481277,
              70.0
            ],
            [
              112.09431345353676,
              70.0
            ],
            [
              112.59361997226074,
              70.0
            ],
            [
              113.09292649098472,
              70.0
            ],
            [
              113.5922330097087,
              70.0
            ],
            [
              114.09153952843275,
              70.0
            ],
            [
              114.59084604715673,
              70.0
            ],
            [
              115.09015256588071,
              70.0
            ],
            [
              115.5894590846047,
              70.0
            ],
            [
              116.08876560332868,
              70.0
            ],
            [
              116.58807212205267,
              70.0
            ],
            [
              117.0873786407767,
              70.0
            ],
            [
              117.58668515950069,
              70.0
            ],
            [
              118.08599167822467,
              70.0
            ],
            [
              118.58529819694871,
              70.0
            ],
            [
              119.0846047156727,
              70.0
            ],
            [
              119.58391123439668,
              70.0
            ],
            [
              120.08321775312072,
              70.0
            ],
            [
              120.5825242718447,
              70.0
            ],
            [
              121.08183079056869,
              70.0
            ],
            [
              121.58113730929267,
              70.0
            ],
            [
              122.08044382801666,
              70.0
            ],
            [
              122.57975034674064,
              70.0
            ],
            [
              123.07905686546468,
              70.0
            ],
            [
              123.57836338418866,
              70.0
            ],
            [
              124.07766990291265,
              70.0
            ],
            [
              124.57697642163663,
              70.0
            ],
            [
              125.07628294036061,
              70.0
            ],
            [
              125.57558945908465,
              70.0
            ],
            [
              126.07489597780864,
              70.0
            ],
            [
              126.57420249653262,
              70.0
            ],
            [
              127.0735090152566,
              70.0
            ],
            [
              127.57281553398059,
              70.0
            ],
            [
              128.07212205270457,
              70.0
            ],
            [
              128.5714285714286,
              70.0
            ],
            [
              129.0707350901526,
              70.0
            ],
            [
              129.57004160887658,
              70.0
            ],
            [
              130.06934812760056,
              70.0
            ],
            [
              130.56865464632455,
              70.0
            ],
            [
              131.0679611650486,
              70.0
            ],
            [
              131.56726768377257,
              70.0
            ],
            [
              132.06657420249655,
              70.0
            ],
            [
              132.56588072122054,
              70.0
            ],
            [
              133.06518723994452,
              70.0
            ],
            [
              133.56449375866856,
              70.0
            ],
            [
              134.06380027739255,
              70.0
            ],
            [
              134.56310679611653,
              70.0
            ],
            [
              135.0624133148405,
              70.0
            ],
            [
              135.5617198335645,
              70.0
            ],
            [
              136.06102635228854,
              70.0
            ],
            [
              136.56033287101252,
              70.0
            ],
            [
              137.0596393897365,
              70.0
            ],
            [
              137.5589459084605,
              70.0
            ],
            [
              138.05825242718447,
              70.0
            ],
            [
              138.55755894590845,
              70.0
            ],
            [
              139.0568654646325,
              70.0
            ],
            [
              139.55617198335648,
              70.0
            ],
            [
              140.05547850208046,
              70.0
            ],
            [
              140.55478502080445,
              70.0
            ],
            [
              141.05409153952843,
              70.0
            ],
            [
              141.55339805825247,
              70.0
            ],
            [
              142.05270457697645,
              70.0
            ],
            [
              142.55201109570044,
              70.0
            ],
            [
              143.05131761442442,
              70.0
            ],
            [
              143.5506241331484,
              70.0
            ],
            [
              144.0499306518724,
              70.0
            ],
            [
              144.54923717059643,
              70.0
            ],
            [
              145.0485436893204,
              70.0
            ],
            [
              145.5478502080444,
              70.0
            ],
            [
              146.04715672676838,
              70.0
            ],
            [
              146.54646324549236,
              70.0
            ],
            [
              147.0457697642164,
              70.0
            ],
            [
              147.54507628294039,
              70.0
            ],
            [
              148.04438280166437,
              70.0
            ],
            [
              148.54368932038835,
              70.0
            ],
            [
              149.04299583911234,
              70.0
            ],
            [
              149.54230235783638,
              70.0
            ],
            [
              150.04160887656036,
              70.0
            ],
            [
              150.54091539528434,
              70.0
            ],
            [
              151.04022191400833,
              70.0
            ],
            [
              151.5395284327323,
              70.0
            ],
            [
              152.03883495145635,
              70.0
            ],
            [
              152.53814147018034,
              70.0
            ],
            [
              153.03744798890432,
              70.0
            ],
            [
              153.5367545076283,
              70.0
            ],
            [
              154.0360610263523,
              70.0
            ],
            [
              154.53536754507627,
              70.0
            ],
            [
              155.0346740638003,
              70.0
            ],
            [
              155.5339805825243,
              70.0
            ],
            [
              156.03328710124828,
              70.0
            ],
            [
              156.53259361997226,
              70.0
            ],
            [
              157.03190013869624,
              70.0
            ],
            [
              157.53120665742028,
              70.0
            ],
            [
              158.03051317614427,
              70.0
            ],
            [
              158.52981969486825,
              70.0
            ],
            [
              159.02912621359224,
              70.0
            ],
            [
              159.52843273231622,
              70.0
            ],
            [
              160.0277392510402,
              70.0
            ],
            [
              160.52704576976424,
              70.0
            ],
            [
              161.02635228848823,
              70.0
            ],
            [
              161.5256588072122,
              70.0
            ],
            [
              162.0249653259362,
              70.0
            ],
            [
              162.52427184466018,
              70.0
            ],
            [
              163.02357836338422,
              70.0
            ],
            [
              163.5228848821082,
              70.0
            ],
            [
              164.02219140083218,
              70.0
            ],
            [
              164.52149791955617,
              70.0
            ],
            [
              165.02080443828015,
              70.0
            ],
            [
              165.5201109570042,
              70.0
            ],
            [
              166.01941747572818,
              70.0
            ],
            [
              166.51872399445216,
              70.0
            ],
            [
              167.01803051317614,
              70.0
            ],
            [
              167.51733703190013,
              70.0
            ],
            [
              168.01664355062417,
              70.0
            ],
            [
              168.51595006934815,
              70.0
            ],
            [
              169.01525658807213,
              70.0
            ],
            [
              169.51456310679612,
              70.0
            ],
            [
              170.0138696255201,
              70.0
            ],
            [
              170.51317614424408,
              70.0
            ],
            [
              171.01248266296813,
              70.0
            ],
            [
              171.5117891816921,
              70.0
            ],
            [
              172.0110957004161,
              70.0
            ],
            [
              172.51040221914008,
              70.0
            ],
            [
              173.00970873786406,
              70.0
            ],
            [
              173.5090152565881,
              70.0
            ],
            [
              174.00832177531208,
              70.0
            ],
            [
              174.50762829403607,
              70.0
            ],
            [
              175.00693481276005,
              70.0
            ],
            [
              175.50624133148403,
              70.0
            ],
            [
              176.00554785020802,
              70.0
            ],
            [
              176.50485436893206,
              70.0
            ],
            [
              177.00416088765604,
              70.0
            ],
            [
              177.50346740638003,
              70.0
            ],
            [
              178.002773925104,
              70.0
            ],
            [
              178.502080443828,
              70.0
            ],
            [
              179.00138696255203,
              70.0
            ],
            [
              179.50069348127602,
              70.0
            ],
            [
              180.0,
              70.0
            ]
          ]
        ]
      }
    },
    {
      "type": "Feature",
      "properties": {
        "uuid": "c49752d5-30d5-480e-968b-e4e0bfe1f7c7",
        "layer_id": "glb_con_geographic_lines_ln",
        "timeframe": null,
        "feature_class": "Tropic Circle",
        "feature_rank": 0,
        "is_visible": true,
        "is_labeled": true,
        "needs_review": false,
        "review_notes": null,
        "img_url": null,
        "last_edited": "2026-07-13",
        "last_editor": "postgres",
        "name_en": "Southern Tropic",
        "name_ru": null,
        "name_abb_en": null,
        "name_abb_ru": null,
        "label_en": "Southern Tropic",
        "label_ru": null,
        "descr_en": null,
        "descr_ru": null,
        "descr_html_en": null,
        "descr_html_ru": null,
        "url_en": null,
        "url_ru": null,
        "source_name": "TSR FRIA 2e",
        "source_url": "https://www.profantasy.com/fratlas/fratlashome.htm",
        "dnd_editions_str": "2e, 3e, 5e",
        "feature_levels_str": null,
        "extra_str": null,
        "location_en": "southern Foreigners' Sea",
        "name_alt_en_str": null,
        "location_ru": "южный море Чужеземцев",
        "name_alt_ru_str": null,
        "geog_extent_length_km": 37874.0,
        "geog_extent_length_miles": 23534.0,
        "geog_extent_centroid_md": "90° 00′ 00″ S 163° 30′ 00″ W",
        "geog_extent_centroid_fria": "90° 00′ 00″ S 143° 01′ 06″ E",
        "geog_extent_perimeter_km": null,
        "geog_extent_perimeter_miles": null,
        "geog_extent_area_sq_km": null,
        "geog_extent_area_sq_miles": null,
        "geog_extent_bbox_md": {
          "east": -126.51849851201,
          "west": -126.51849851201,
          "north": -20,
          "south": -20
        },
        "geog_extent_bbox_fria": {
          "east": 180,
          "west": -180,
          "north": -20,
          "south": -20
        },
        "name_it": null,
        "name_abb_it": null,
        "label_it": "Southern Tropic",
        "descr_it": null,
        "descr_html_it": null,
        "url_it": null,
        "location_it": "Mare degli Stranieri meridionale",
        "name_alt_it_str": null,
        "topical_tags": "",
        "related_location_tags": "",
        "related_cultures_tags": "",
        "related_factions_tags": ""
      },
      "geometry": {
        "type": "MultiLineString",
        "coordinates": [
          [
            [
              -180.0,
              -20.0
            ],
            [
              -179.50069348127602,
              -20.0
            ],
            [
              -179.001386962552,
              -20.0
            ],
            [
              -178.50208044382802,
              -20.0
            ],
            [
              -178.002773925104,
              -20.0
            ],
            [
              -177.50346740638003,
              -20.0
            ],
            [
              -177.00416088765604,
              -20.0
            ],
            [
              -176.50485436893203,
              -20.0
            ],
            [
              -176.00554785020805,
              -20.0
            ],
            [
              -175.50624133148406,
              -20.0
            ],
            [
              -175.00693481276005,
              -20.0
            ],
            [
              -174.50762829403607,
              -20.0
            ],
            [
              -174.00832177531206,
              -20.0
            ],
            [
              -173.50901525658807,
              -20.0
            ],
            [
              -173.0097087378641,
              -20.0
            ],
            [
              -172.51040221914008,
              -20.0
            ],
            [
              -172.0110957004161,
              -20.0
            ],
            [
              -171.5117891816921,
              -20.0
            ],
            [
              -171.0124826629681,
              -20.0
            ],
            [
              -170.5131761442441,
              -20.0
            ],
            [
              -170.0138696255201,
              -20.0
            ],
            [
              -169.51456310679612,
              -20.0
            ],
            [
              -169.01525658807213,
              -20.0
            ],
            [
              -168.51595006934812,
              -20.0
            ],
            [
              -168.01664355062414,
              -20.0
            ],
            [
              -167.51733703190013,
              -20.0
            ],
            [
              -167.01803051317614,
              -20.0
            ],
            [
              -166.51872399445216,
              -20.0
            ],
            [
              -166.01941747572815,
              -20.0
            ],
            [
              -165.52011095700416,
              -20.0
            ],
            [
              -165.02080443828015,
              -20.0
            ],
            [
              -164.52149791955617,
              -20.0
            ],
            [
              -164.02219140083218,
              -20.0
            ],
            [
              -163.52288488210817,
              -20.0
            ],
            [
              -163.0235783633842,
              -20.0
            ],
            [
              -162.5242718446602,
              -20.0
            ],
            [
              -162.0249653259362,
              -20.0
            ],
            [
              -161.5256588072122,
              -20.0
            ],
            [
              -161.0263522884882,
              -20.0
            ],
            [
              -160.52704576976421,
              -20.0
            ],
            [
              -160.02773925104023,
              -20.0
            ],
            [
              -159.52843273231622,
              -20.0
            ],
            [
              -159.02912621359224,
              -20.0
            ],
            [
              -158.52981969486825,
              -20.0
            ],
            [
              -158.03051317614424,
              -20.0
            ],
            [
              -157.53120665742026,
              -20.0
            ],
            [
              -157.03190013869624,
              -20.0
            ],
            [
              -156.53259361997226,
              -20.0
            ],
            [
              -156.03328710124828,
              -20.0
            ],
            [
              -155.53398058252426,
              -20.0
            ],
            [
              -155.03467406380028,
              -20.0
            ],
            [
              -154.53536754507627,
              -20.0
            ],
            [
              -154.0360610263523,
              -20.0
            ],
            [
              -153.5367545076283,
              -20.0
            ],
            [
              -153.0374479889043,
              -20.0
            ],
            [
              -152.5381414701803,
              -20.0
            ],
            [
              -152.0388349514563,
              -20.0
            ],
            [
              -151.5395284327323,
              -20.0
            ],
            [
              -151.04022191400833,
              -20.0
            ],
            [
              -150.54091539528432,
              -20.0
            ],
            [
              -150.04160887656033,
              -20.0
            ],
            [
              -149.54230235783635,
              -20.0
            ],
            [
              -149.04299583911234,
              -20.0
            ],
            [
              -148.54368932038835,
              -20.0
            ],
            [
              -148.04438280166437,
              -20.0
            ],
            [
              -147.54507628294036,
              -20.0
            ],
            [
              -147.04576976421637,
              -20.0
            ],
            [
              -146.54646324549236,
              -20.0
            ],
            [
              -146.04715672676838,
              -20.0
            ],
            [
              -145.5478502080444,
              -20.0
            ],
            [
              -145.04854368932038,
              -20.0
            ],
            [
              -144.5492371705964,
              -20.0
            ],
            [
              -144.0499306518724,
              -20.0
            ],
            [
              -143.5506241331484,
              -20.0
            ],
            [
              -143.05131761442442,
              -20.0
            ],
            [
              -142.5520110957004,
              -20.0
            ],
            [
              -142.05270457697642,
              -20.0
            ],
            [
              -141.5533980582524,
              -20.0
            ],
            [
              -141.05409153952843,
              -20.0
            ],
            [
              -140.55478502080445,
              -20.0
            ],
            [
              -140.05547850208043,
              -20.0
            ],
            [
              -139.55617198335645,
              -20.0
            ],
            [
              -139.05686546463244,
              -20.0
            ],
            [
              -138.55755894590845,
              -20.0
            ],
            [
              -138.05825242718447,
              -20.0
            ],
            [
              -137.5589459084605,
              -20.0
            ],
            [
              -137.05963938973647,
              -20.0
            ],
            [
              -136.5603328710125,
              -20.0
            ],
            [
              -136.06102635228848,
              -20.0
            ],
            [
              -135.5617198335645,
              -20.0
            ],
            [
              -135.0624133148405,
              -20.0
            ],
            [
              -134.5631067961165,
              -20.0
            ],
            [
              -134.06380027739252,
              -20.0
            ],
            [
              -133.5644937586685,
              -20.0
            ],
            [
              -133.06518723994452,
              -20.0
            ],
            [
              -132.56588072122054,
              -20.0
            ],
            [
              -132.06657420249653,
              -20.0
            ],
            [
              -131.56726768377254,
              -20.0
            ],
            [
              -131.06796116504853,
              -20.0
            ],
            [
              -130.56865464632455,
              -20.0
            ],
            [
              -130.06934812760056,
              -20.0
            ],
            [
              -129.57004160887658,
              -20.0
            ],
            [
              -129.07073509015257,
              -20.0
            ],
            [
              -128.57142857142858,
              -20.0
            ],
            [
              -128.07212205270457,
              -20.0
            ],
            [
              -127.57281553398059,
              -20.0
            ],
            [
              -127.07350901525659,
              -20.0
            ],
            [
              -126.57420249653259,
              -20.0
            ],
            [
              -126.0748959778086,
              -20.0
            ],
            [
              -125.5755894590846,
              -20.0
            ],
            [
              -125.07628294036061,
              -20.0
            ],
            [
              -124.5769764216366,
              -20.0
            ],
            [
              -124.07766990291262,
              -20.0
            ],
            [
              -123.57836338418862,
              -20.0
            ],
            [
              -123.07905686546462,
              -20.0
            ],
            [
              -122.57975034674064,
              -20.0
            ],
            [
              -122.08044382801664,
              -20.0
            ],
            [
              -121.58113730929264,
              -20.0
            ],
            [
              -121.08183079056866,
              -20.0
            ],
            [
              -120.58252427184465,
              -20.0
            ],
            [
              -120.08321775312066,
              -20.0
            ],
            [
              -119.58391123439667,
              -20.0
            ],
            [
              -119.08460471567267,
              -20.0
            ],
            [
              -118.58529819694868,
              -20.0
            ],
            [
              -118.08599167822469,
              -20.0
            ],
            [
              -117.58668515950069,
              -20.0
            ],
            [
              -117.0873786407767,
              -20.0
            ],
            [
              -116.5880721220527,
              -20.0
            ],
            [
              -116.08876560332871,
              -20.0
            ],
            [
              -115.58945908460471,
              -20.0
            ],
            [
              -115.09015256588071,
              -20.0
            ],
            [
              -114.59084604715673,
              -20.0
            ],
            [
              -114.09153952843273,
              -20.0
            ],
            [
              -113.59223300970874,
              -20.0
            ],
            [
              -113.09292649098474,
              -20.0
            ],
            [
              -112.59361997226075,
              -20.0
            ],
            [
              -112.09431345353676,
              -20.0
            ],
            [
              -111.59500693481276,
              -20.0
            ],
            [
              -111.09570041608876,
              -20.0
            ],
            [
              -110.59639389736478,
              -20.0
            ],
            [
              -110.09708737864078,
              -20.0
            ],
            [
              -109.59778085991678,
              -20.0
            ],
            [
              -109.09847434119278,
              -20.0
            ],
            [
              -108.5991678224688,
              -20.0
            ],
            [
              -108.0998613037448,
              -20.0
            ],
            [
              -107.6005547850208,
              -20.0
            ],
            [
              -107.1012482662968,
              -20.0
            ],
            [
              -106.60194174757282,
              -20.0
            ],
            [
              -106.10263522884883,
              -20.0
            ],
            [
              -105.60332871012483,
              -20.0
            ],
            [
              -105.10402219140083,
              -20.0
            ],
            [
              -104.60471567267683,
              -20.0
            ],
            [
              -104.10540915395283,
              -20.0
            ],
            [
              -103.60610263522884,
              -20.0
            ],
            [
              -103.10679611650485,
              -20.0
            ],
            [
              -102.60748959778086,
              -20.0
            ],
            [
              -102.10818307905686,
              -20.0
            ],
            [
              -101.60887656033286,
              -20.0
            ],
            [
              -101.10957004160888,
              -20.0
            ],
            [
              -100.61026352288488,
              -20.0
            ],
            [
              -100.11095700416088,
              -20.0
            ],
            [
              -99.61165048543688,
              -20.0
            ],
            [
              -99.1123439667129,
              -20.0
            ],
            [
              -98.6130374479889,
              -20.0
            ],
            [
              -98.1137309292649,
              -20.0
            ],
            [
              -97.6144244105409,
              -20.0
            ],
            [
              -97.11511789181692,
              -20.0
            ],
            [
              -96.61581137309292,
              -20.0
            ],
            [
              -96.11650485436893,
              -20.0
            ],
            [
              -95.61719833564493,
              -20.0
            ],
            [
              -95.11789181692095,
              -20.0
            ],
            [
              -94.61858529819695,
              -20.0
            ],
            [
              -94.11927877947295,
              -20.0
            ],
            [
              -93.61997226074895,
              -20.0
            ],
            [
              -93.12066574202497,
              -20.0
            ],
            [
              -92.62135922330097,
              -20.0
            ],
            [
              -92.12205270457697,
              -20.0
            ],
            [
              -91.62274618585298,
              -20.0
            ],
            [
              -91.12343966712899,
              -20.0
            ],
            [
              -90.624133148405,
              -20.0
            ],
            [
              -90.124826629681,
              -20.0
            ],
            [
              -89.625520110957,
              -20.0
            ],
            [
              -89.12621359223301,
              -20.0
            ],
            [
              -88.62690707350902,
              -20.0
            ],
            [
              -88.12760055478502,
              -20.0
            ],
            [
              -87.62829403606102,
              -20.0
            ],
            [
              -87.12898751733704,
              -20.0
            ],
            [
              -86.62968099861304,
              -20.0
            ],
            [
              -86.13037447988904,
              -20.0
            ],
            [
              -85.63106796116504,
              -20.0
            ],
            [
              -85.13176144244106,
              -20.0
            ],
            [
              -84.63245492371706,
              -20.0
            ],
            [
              -84.13314840499307,
              -20.0
            ],
            [
              -83.63384188626907,
              -20.0
            ],
            [
              -83.13453536754508,
              -20.0
            ],
            [
              -82.63522884882109,
              -20.0
            ],
            [
              -82.13592233009709,
              -20.0
            ],
            [
              -81.63661581137309,
              -20.0
            ],
            [
              -81.1373092926491,
              -20.0
            ],
            [
              -80.63800277392511,
              -20.0
            ],
            [
              -80.13869625520111,
              -20.0
            ],
            [
              -79.63938973647711,
              -20.0
            ],
            [
              -79.14008321775313,
              -20.0
            ],
            [
              -78.64077669902913,
              -20.0
            ],
            [
              -78.14147018030513,
              -20.0
            ],
            [
              -77.64216366158114,
              -20.0
            ],
            [
              -77.14285714285715,
              -20.0
            ],
            [
              -76.64355062413316,
              -20.0
            ],
            [
              -76.14424410540916,
              -20.0
            ],
            [
              -75.64493758668516,
              -20.0
            ],
            [
              -75.14563106796118,
              -20.0
            ],
            [
              -74.64632454923718,
              -20.0
            ],
            [
              -74.14701803051318,
              -20.0
            ],
            [
              -73.64771151178918,
              -20.0
            ],
            [
              -73.14840499306517,
              -20.0
            ],
            [
              -72.64909847434119,
              -20.0
            ],
            [
              -72.14979195561719,
              -20.0
            ],
            [
              -71.65048543689319,
              -20.0
            ],
            [
              -71.1511789181692,
              -20.0
            ],
            [
              -70.65187239944521,
              -20.0
            ],
            [
              -70.15256588072121,
              -20.0
            ],
            [
              -69.65325936199721,
              -20.0
            ],
            [
              -69.15395284327322,
              -20.0
            ],
            [
              -68.65464632454923,
              -20.0
            ],
            [
              -68.15533980582524,
              -20.0
            ],
            [
              -67.65603328710124,
              -20.0
            ],
            [
              -67.15672676837724,
              -20.0
            ],
            [
              -66.65742024965326,
              -20.0
            ],
            [
              -66.15811373092926,
              -20.0
            ],
            [
              -65.65880721220526,
              -20.0
            ],
            [
              -65.15950069348126,
              -20.0
            ],
            [
              -64.66019417475728,
              -20.0
            ],
            [
              -64.16088765603328,
              -20.0
            ],
            [
              -63.661581137309284,
              -20.0
            ],
            [
              -63.162274618585286,
              -20.0
            ],
            [
              -62.6629680998613,
              -20.0
            ],
            [
              -62.163661581137305,
              -20.0
            ],
            [
              -61.66435506241331,
              -20.0
            ],
            [
              -61.16504854368931,
              -20.0
            ],
            [
              -60.665742024965326,
              -20.0
            ],
            [
              -60.16643550624133,
              -20.0
            ],
            [
              -59.66712898751733,
              -20.0
            ],
            [
              -59.16782246879333,
              -20.0
            ],
            [
              -58.66851595006935,
              -20.0
            ],
            [
              -58.16920943134535,
              -20.0
            ],
            [
              -57.66990291262135,
              -20.0
            ],
            [
              -57.170596393897355,
              -20.0
            ],
            [
              -56.67128987517337,
              -20.0
            ],
            [
              -56.171983356449374,
              -20.0
            ],
            [
              -55.672676837725376,
              -20.0
            ],
            [
              -55.17337031900138,
              -20.0
            ],
            [
              -54.674063800277395,
              -20.0
            ],
            [
              -54.1747572815534,
              -20.0
            ],
            [
              -53.6754507628294,
              -20.0
            ],
            [
              -53.1761442441054,
              -20.0
            ],
            [
              -52.67683772538142,
              -20.0
            ],
            [
              -52.17753120665742,
              -20.0
            ],
            [
              -51.67822468793344,
              -20.0
            ],
            [
              -51.178918169209425,
              -20.0
            ],
            [
              -50.67961165048544,
              -20.0
            ],
            [
              -50.18030513176143,
              -20.0
            ],
            [
              -49.680998613037445,
              -20.0
            ],
            [
              -49.18169209431346,
              -20.0
            ],
            [
              -48.68238557558945,
              -20.0
            ],
            [
              -48.183079056865466,
              -20.0
            ],
            [
              -47.68377253814148,
              -20.0
            ],
            [
              -47.18446601941747,
              -20.0
            ],
            [
              -46.68515950069349,
              -20.0
            ],
            [
              -46.185852981969475,
              -20.0
            ],
            [
              -45.68654646324549,
              -20.0
            ],
            [
              -45.18723994452151,
              -20.0
            ],
            [
              -44.687933425797496,
              -20.0
            ],
            [
              -44.18862690707351,
              -20.0
            ],
            [
              -43.68932038834953,
              -20.0
            ],
            [
              -43.19001386962552,
              -20.0
            ],
            [
              -42.69070735090153,
              -20.0
            ],
            [
              -42.19140083217752,
              -20.0
            ],
            [
              -41.69209431345354,
              -20.0
            ],
            [
              -41.192787794729554,
              -20.0
            ],
            [
              -40.69348127600554,
              -20.0
            ],
            [
              -40.19417475728156,
              -20.0
            ],
            [
              -39.694868238557575,
              -20.0
            ],
            [
              -39.19556171983356,
              -20.0
            ],
            [
              -38.69625520110958,
              -20.0
            ],
            [
              -38.19694868238557,
              -20.0
            ],
            [
              -37.697642163661584,
              -20.0
            ],
            [
              -37.1983356449376,
              -20.0
            ],
            [
              -36.69902912621359,
              -20.0
            ],
            [
              -36.199722607489605,
              -20.0
            ],
            [
              -35.70041608876562,
              -20.0
            ],
            [
              -35.20110957004161,
              -20.0
            ],
            [
              -34.701803051317626,
              -20.0
            ],
            [
              -34.202496532593614,
              -20.0
            ],
            [
              -33.70319001386963,
              -20.0
            ],
            [
              -33.20388349514565,
              -20.0
            ],
            [
              -32.704576976421635,
              -20.0
            ],
            [
              -32.20527045769765,
              -20.0
            ],
            [
              -31.705963938973667,
              -20.0
            ],
            [
              -31.206657420249655,
              -20.0
            ],
            [
              -30.707350901525643,
              -20.0
            ],
            [
              -30.20804438280166,
              -20.0
            ],
            [
              -29.708737864077648,
              -20.0
            ],
            [
              -29.209431345353664,
              -20.0
            ],
            [
              -28.71012482662968,
              -20.0
            ],
            [
              -28.21081830790567,
              -20.0
            ],
            [
              -27.711511789181685,
              -20.0
            ],
            [
              -27.212205270457673,
              -20.0
            ],
            [
              -26.71289875173369,
              -20.0
            ],
            [
              -26.213592233009706,
              -20.0
            ],
            [
              -25.714285714285694,
              -20.0
            ],
            [
              -25.21497919556171,
              -20.0
            ],
            [
              -24.715672676837727,
              -20.0
            ],
            [
              -24.216366158113715,
              -20.0
            ],
            [
              -23.71705963938973,
              -20.0
            ],
            [
              -23.21775312066572,
              -20.0
            ],
            [
              -22.718446601941736,
              -20.0
            ],
            [
              -22.219140083217752,
              -20.0
            ],
            [
              -21.71983356449374,
              -20.0
            ],
            [
              -21.220527045769757,
              -20.0
            ],
            [
              -20.721220527045773,
              -20.0
            ],
            [
              -20.22191400832176,
              -20.0
            ],
            [
              -19.722607489597777,
              -20.0
            ],
            [
              -19.223300970873765,
              -20.0
            ],
            [
              -18.723994452149782,
              -20.0
            ],
            [
              -18.2246879334258,
              -20.0
            ],
            [
              -17.725381414701786,
              -20.0
            ],
            [
              -17.226074895977803,
              -20.0
            ],
            [
              -16.72676837725382,
              -20.0
            ],
            [
              -16.227461858529807,
              -20.0
            ],
            [
              -15.728155339805824,
              -20.0
            ],
            [
              -15.228848821081812,
              -20.0
            ],
            [
              -14.729542302357828,
              -20.0
            ],
            [
              -14.230235783633844,
              -20.0
            ],
            [
              -13.730929264909832,
              -20.0
            ],
            [
              -13.231622746185849,
              -20.0
            ],
            [
              -12.732316227461865,
              -20.0
            ],
            [
              -12.233009708737853,
              -20.0
            ],
            [
              -11.73370319001387,
              -20.0
            ],
            [
              -11.234396671289858,
              -20.0
            ],
            [
              -10.735090152565874,
              -20.0
            ],
            [
              -10.23578363384189,
              -20.0
            ],
            [
              -9.736477115117879,
              -20.0
            ],
            [
              -9.237170596393895,
              -20.0
            ],
            [
              -8.737864077669911,
              -20.0
            ],
            [
              -8.2385575589459,
              -20.0
            ],
            [
              -7.739251040221916,
              -20.0
            ],
            [
              -7.239944521497904,
              -20.0
            ],
            [
              -6.74063800277392,
              -20.0
            ],
            [
              -6.241331484049937,
              -20.0
            ],
            [
              -5.742024965325925,
              -20.0
            ],
            [
              -5.242718446601941,
              -20.0
            ],
            [
              -4.743411927877958,
              -20.0
            ],
            [
              -4.244105409153946,
              -20.0
            ],
            [
              -3.744798890429962,
              -20.0
            ],
            [
              -3.24549237170595,
              -20.0
            ],
            [
              -2.746185852981966,
              -20.0
            ],
            [
              -2.246879334257983,
              -20.0
            ],
            [
              -1.747572815533971,
              -20.0
            ],
            [
              -1.248266296809987,
              -20.0
            ],
            [
              -0.748959778086004,
              -20.0
            ],
            [
              -0.249653259361992,
              -20.0
            ],
            [
              0.249653259361992,
              -20.0
            ],
            [
              0.748959778086004,
              -20.0
            ],
            [
              1.248266296809987,
              -20.0
            ],
            [
              1.747572815533971,
              -20.0
            ],
            [
              2.246879334257983,
              -20.0
            ],
            [
              2.746185852981966,
              -20.0
            ],
            [
              3.24549237170595,
              -20.0
            ],
            [
              3.744798890429962,
              -20.0
            ],
            [
              4.244105409153946,
              -20.0
            ],
            [
              4.743411927877958,
              -20.0
            ],
            [
              5.242718446601941,
              -20.0
            ],
            [
              5.742024965325925,
              -20.0
            ],
            [
              6.241331484049937,
              -20.0
            ],
            [
              6.74063800277392,
              -20.0
            ],
            [
              7.239944521497904,
              -20.0
            ],
            [
              7.739251040221916,
              -20.0
            ],
            [
              8.2385575589459,
              -20.0
            ],
            [
              8.737864077669911,
              -20.0
            ],
            [
              9.237170596393895,
              -20.0
            ],
            [
              9.736477115117879,
              -20.0
            ],
            [
              10.23578363384189,
              -20.0
            ],
            [
              10.735090152565874,
              -20.0
            ],
            [
              11.234396671289858,
              -20.0
            ],
            [
              11.73370319001387,
              -20.0
            ],
            [
              12.233009708737853,
              -20.0
            ],
            [
              12.732316227461865,
              -20.0
            ],
            [
              13.231622746185849,
              -20.0
            ],
            [
              13.730929264909832,
              -20.0
            ],
            [
              14.230235783633844,
              -20.0
            ],
            [
              14.729542302357828,
              -20.0
            ],
            [
              15.228848821081812,
              -20.0
            ],
            [
              15.728155339805824,
              -20.0
            ],
            [
              16.227461858529807,
              -20.0
            ],
            [
              16.72676837725382,
              -20.0
            ],
            [
              17.226074895977803,
              -20.0
            ],
            [
              17.725381414701786,
              -20.0
            ],
            [
              18.2246879334258,
              -20.0
            ],
            [
              18.723994452149782,
              -20.0
            ],
            [
              19.223300970873765,
              -20.0
            ],
            [
              19.722607489597777,
              -20.0
            ],
            [
              20.22191400832176,
              -20.0
            ],
            [
              20.721220527045773,
              -20.0
            ],
            [
              21.220527045769757,
              -20.0
            ],
            [
              21.71983356449374,
              -20.0
            ],
            [
              22.219140083217752,
              -20.0
            ],
            [
              22.718446601941736,
              -20.0
            ],
            [
              23.21775312066572,
              -20.0
            ],
            [
              23.71705963938973,
              -20.0
            ],
            [
              24.216366158113715,
              -20.0
            ],
            [
              24.715672676837727,
              -20.0
            ],
            [
              25.21497919556171,
              -20.0
            ],
            [
              25.714285714285694,
              -20.0
            ],
            [
              26.213592233009706,
              -20.0
            ],
            [
              26.71289875173369,
              -20.0
            ],
            [
              27.212205270457673,
              -20.0
            ],
            [
              27.711511789181685,
              -20.0
            ],
            [
              28.21081830790567,
              -20.0
            ],
            [
              28.71012482662968,
              -20.0
            ],
            [
              29.209431345353664,
              -20.0
            ],
            [
              29.708737864077648,
              -20.0
            ],
            [
              30.20804438280166,
              -20.0
            ],
            [
              30.707350901525643,
              -20.0
            ],
            [
              31.206657420249627,
              -20.0
            ],
            [
              31.70596393897364,
              -20.0
            ],
            [
              32.20527045769762,
              -20.0
            ],
            [
              32.704576976421635,
              -20.0
            ],
            [
              33.20388349514565,
              -20.0
            ],
            [
              33.70319001386966,
              -20.0
            ],
            [
              34.20249653259364,
              -20.0
            ],
            [
              34.701803051317626,
              -20.0
            ],
            [
              35.20110957004164,
              -20.0
            ],
            [
              35.70041608876562,
              -20.0
            ],
            [
              36.19972260748963,
              -20.0
            ],
            [
              36.69902912621362,
              -20.0
            ],
            [
              37.1983356449376,
              -20.0
            ],
            [
              37.69764216366161,
              -20.0
            ],
            [
              38.196948682385596,
              -20.0
            ],
            [
              38.69625520110958,
              -20.0
            ],
            [
              39.19556171983359,
              -20.0
            ],
            [
              39.694868238557575,
              -20.0
            ],
            [
              40.19417475728159,
              -20.0
            ],
            [
              40.69348127600557,
              -20.0
            ],
            [
              41.192787794729554,
              -20.0
            ],
            [
              41.692094313453566,
              -20.0
            ],
            [
              42.19140083217755,
              -20.0
            ],
            [
              42.69070735090153,
              -20.0
            ],
            [
              43.190013869625545,
              -20.0
            ],
            [
              43.68932038834953,
              -20.0
            ],
            [
              44.18862690707354,
              -20.0
            ],
            [
              44.687933425797524,
              -20.0
            ],
            [
              45.18723994452151,
              -20.0
            ],
            [
              45.68654646324552,
              -20.0
            ],
            [
              46.185852981969504,
              -20.0
            ],
            [
              46.68515950069349,
              -20.0
            ],
            [
              47.1844660194175,
              -20.0
            ],
            [
              47.68377253814148,
              -20.0
            ],
            [
              48.183079056865495,
              -20.0
            ],
            [
              48.68238557558948,
              -20.0
            ],
            [
              49.18169209431346,
              -20.0
            ],
            [
              49.680998613037474,
              -20.0
            ],
            [
              50.18030513176146,
              -20.0
            ],
            [
              50.67961165048544,
              -20.0
            ],
            [
              51.17891816920945,
              -20.0
            ],
            [
              51.67822468793344,
              -20.0
            ],
            [
              52.17753120665745,
              -20.0
            ],
            [
              52.67683772538143,
              -20.0
            ],
            [
              53.176144244105416,
              -20.0
            ],
            [
              53.67545076282943,
              -20.0
            ],
            [
              54.17475728155341,
              -20.0
            ],
            [
              54.674063800277395,
              -20.0
            ],
            [
              55.17337031900141,
              -20.0
            ],
            [
              55.67267683772539,
              -20.0
            ],
            [
              56.1719833564494,
              -20.0
            ],
            [
              56.671289875173386,
              -20.0
            ],
            [
              57.17059639389737,
              -20.0
            ],
            [
              57.66990291262138,
              -20.0
            ],
            [
              58.169209431345365,
              -20.0
            ],
            [
              58.66851595006935,
              -20.0
            ],
            [
              59.16782246879336,
              -20.0
            ],
            [
              59.667128987517344,
              -20.0
            ],
            [
              60.166435506241356,
              -20.0
            ],
            [
              60.66574202496534,
              -20.0
            ],
            [
              61.16504854368932,
              -20.0
            ],
            [
              61.664355062413335,
              -20.0
            ],
            [
              62.16366158113732,
              -20.0
            ],
            [
              62.6629680998613,
              -20.0
            ],
            [
              63.162274618585315,
              -20.0
            ],
            [
              63.6615811373093,
              -20.0
            ],
            [
              64.16088765603331,
              -20.0
            ],
            [
              64.6601941747573,
              -20.0
            ],
            [
              65.15950069348128,
              -20.0
            ],
            [
              65.65880721220529,
              -20.0
            ],
            [
              66.15811373092927,
              -20.0
            ],
            [
              66.65742024965326,
              -20.0
            ],
            [
              67.15672676837727,
              -20.0
            ],
            [
              67.65603328710125,
              -20.0
            ],
            [
              68.15533980582526,
              -20.0
            ],
            [
              68.65464632454925,
              -20.0
            ],
            [
              69.15395284327323,
              -20.0
            ],
            [
              69.65325936199724,
              -20.0
            ],
            [
              70.15256588072123,
              -20.0
            ],
            [
              70.65187239944521,
              -20.0
            ],
            [
              71.15117891816922,
              -20.0
            ],
            [
              71.6504854368932,
              -20.0
            ],
            [
              72.14979195561722,
              -20.0
            ],
            [
              72.6490984743412,
              -20.0
            ],
            [
              73.14840499306518,
              -20.0
            ],
            [
              73.6477115117892,
              -20.0
            ],
            [
              74.14701803051318,
              -20.0
            ],
            [
              74.64632454923716,
              -20.0
            ],
            [
              75.14563106796118,
              -20.0
            ],
            [
              75.64493758668516,
              -20.0
            ],
            [
              76.14424410540914,
              -20.0
            ],
            [
              76.64355062413313,
              -20.0
            ],
            [
              77.14285714285717,
              -20.0
            ],
            [
              77.64216366158115,
              -20.0
            ],
            [
              78.14147018030513,
              -20.0
            ],
            [
              78.64077669902912,
              -20.0
            ],
            [
              79.1400832177531,
              -20.0
            ],
            [
              79.63938973647714,
              -20.0
            ],
            [
              80.13869625520113,
              -20.0
            ],
            [
              80.63800277392511,
              -20.0
            ],
            [
              81.13730929264909,
              -20.0
            ],
            [
              81.63661581137308,
              -20.0
            ],
            [
              82.13592233009712,
              -20.0
            ],
            [
              82.6352288488211,
              -20.0
            ],
            [
              83.13453536754508,
              -20.0
            ],
            [
              83.63384188626907,
              -20.0
            ],
            [
              84.13314840499305,
              -20.0
            ],
            [
              84.63245492371703,
              -20.0
            ],
            [
              85.13176144244107,
              -20.0
            ],
            [
              85.63106796116506,
              -20.0
            ],
            [
              86.13037447988904,
              -20.0
            ],
            [
              86.62968099861303,
              -20.0
            ],
            [
              87.12898751733701,
              -20.0
            ],
            [
              87.62829403606105,
              -20.0
            ],
            [
              88.12760055478503,
              -20.0
            ],
            [
              88.62690707350902,
              -20.0
            ],
            [
              89.126213592233,
              -20.0
            ],
            [
              89.62552011095698,
              -20.0
            ],
            [
              90.12482662968102,
              -20.0
            ],
            [
              90.62413314840501,
              -20.0
            ],
            [
              91.12343966712899,
              -20.0
            ],
            [
              91.62274618585298,
              -20.0
            ],
            [
              92.12205270457696,
              -20.0
            ],
            [
              92.62135922330094,
              -20.0
            ],
            [
              93.12066574202498,
              -20.0
            ],
            [
              93.61997226074897,
              -20.0
            ],
            [
              94.11927877947295,
              -20.0
            ],
            [
              94.61858529819693,
              -20.0
            ],
            [
              95.11789181692092,
              -20.0
            ],
            [
              95.61719833564496,
              -20.0
            ],
            [
              96.11650485436894,
              -20.0
            ],
            [
              96.61581137309292,
              -20.0
            ],
            [
              97.11511789181691,
              -20.0
            ],
            [
              97.61442441054089,
              -20.0
            ],
            [
              98.11373092926493,
              -20.0
            ],
            [
              98.61303744798892,
              -20.0
            ],
            [
              99.1123439667129,
              -20.0
            ],
            [
              99.61165048543688,
              -20.0
            ],
            [
              100.11095700416087,
              -20.0
            ],
            [
              100.61026352288485,
              -20.0
            ],
            [
              101.10957004160889,
              -20.0
            ],
            [
              101.60887656033287,
              -20.0
            ],
            [
              102.10818307905686,
              -20.0
            ],
            [
              102.60748959778084,
              -20.0
            ],
            [
              103.10679611650482,
              -20.0
            ],
            [
              103.60610263522886,
              -20.0
            ],
            [
              104.10540915395285,
              -20.0
            ],
            [
              104.60471567267683,
              -20.0
            ],
            [
              105.10402219140082,
              -20.0
            ],
            [
              105.6033287101248,
              -20.0
            ],
            [
              106.10263522884884,
              -20.0
            ],
            [
              106.60194174757282,
              -20.0
            ],
            [
              107.1012482662968,
              -20.0
            ],
            [
              107.60055478502079,
              -20.0
            ],
            [
              108.09986130374477,
              -20.0
            ],
            [
              108.59916782246876,
              -20.0
            ],
            [
              109.0984743411928,
              -20.0
            ],
            [
              109.59778085991678,
              -20.0
            ],
            [
              110.09708737864077,
              -20.0
            ],
            [
              110.59639389736475,
              -20.0
            ],
            [
              111.09570041608873,
              -20.0
            ],
            [
              111.59500693481277,
              -20.0
            ],
            [
              112.09431345353676,
              -20.0
            ],
            [
              112.59361997226074,
              -20.0
            ],
            [
              113.09292649098472,
              -20.0
            ],
            [
              113.5922330097087,
              -20.0
            ],
            [
              114.09153952843275,
              -20.0
            ],
            [
              114.59084604715673,
              -20.0
            ],
            [
              115.09015256588071,
              -20.0
            ],
            [
              115.5894590846047,
              -20.0
            ],
            [
              116.08876560332868,
              -20.0
            ],
            [
              116.58807212205267,
              -20.0
            ],
            [
              117.0873786407767,
              -20.0
            ],
            [
              117.58668515950069,
              -20.0
            ],
            [
              118.08599167822467,
              -20.0
            ],
            [
              118.58529819694871,
              -20.0
            ],
            [
              119.0846047156727,
              -20.0
            ],
            [
              119.58391123439668,
              -20.0
            ],
            [
              120.08321775312072,
              -20.0
            ],
            [
              120.5825242718447,
              -20.0
            ],
            [
              121.08183079056869,
              -20.0
            ],
            [
              121.58113730929267,
              -20.0
            ],
            [
              122.08044382801666,
              -20.0
            ],
            [
              122.57975034674064,
              -20.0
            ],
            [
              123.07905686546468,
              -20.0
            ],
            [
              123.57836338418866,
              -20.0
            ],
            [
              124.07766990291265,
              -20.0
            ],
            [
              124.57697642163663,
              -20.0
            ],
            [
              125.07628294036061,
              -20.0
            ],
            [
              125.57558945908465,
              -20.0
            ],
            [
              126.07489597780864,
              -20.0
            ],
            [
              126.57420249653262,
              -20.0
            ],
            [
              127.0735090152566,
              -20.0
            ],
            [
              127.57281553398059,
              -20.0
            ],
            [
              128.07212205270457,
              -20.0
            ],
            [
              128.5714285714286,
              -20.0
            ],
            [
              129.0707350901526,
              -20.0
            ],
            [
              129.57004160887658,
              -20.0
            ],
            [
              130.06934812760056,
              -20.0
            ],
            [
              130.56865464632455,
              -20.0
            ],
            [
              131.0679611650486,
              -20.0
            ],
            [
              131.56726768377257,
              -20.0
            ],
            [
              132.06657420249655,
              -20.0
            ],
            [
              132.56588072122054,
              -20.0
            ],
            [
              133.06518723994452,
              -20.0
            ],
            [
              133.56449375866856,
              -20.0
            ],
            [
              134.06380027739255,
              -20.0
            ],
            [
              134.56310679611653,
              -20.0
            ],
            [
              135.0624133148405,
              -20.0
            ],
            [
              135.5617198335645,
              -20.0
            ],
            [
              136.06102635228854,
              -20.0
            ],
            [
              136.56033287101252,
              -20.0
            ],
            [
              137.0596393897365,
              -20.0
            ],
            [
              137.5589459084605,
              -20.0
            ],
            [
              138.05825242718447,
              -20.0
            ],
            [
              138.55755894590845,
              -20.0
            ],
            [
              139.0568654646325,
              -20.0
            ],
            [
              139.55617198335648,
              -20.0
            ],
            [
              140.05547850208046,
              -20.0
            ],
            [
              140.55478502080445,
              -20.0
            ],
            [
              141.05409153952843,
              -20.0
            ],
            [
              141.55339805825247,
              -20.0
            ],
            [
              142.05270457697645,
              -20.0
            ],
            [
              142.55201109570044,
              -20.0
            ],
            [
              143.05131761442442,
              -20.0
            ],
            [
              143.5506241331484,
              -20.0
            ],
            [
              144.0499306518724,
              -20.0
            ],
            [
              144.54923717059643,
              -20.0
            ],
            [
              145.0485436893204,
              -20.0
            ],
            [
              145.5478502080444,
              -20.0
            ],
            [
              146.04715672676838,
              -20.0
            ],
            [
              146.54646324549236,
              -20.0
            ],
            [
              147.0457697642164,
              -20.0
            ],
            [
              147.54507628294039,
              -20.0
            ],
            [
              148.04438280166437,
              -20.0
            ],
            [
              148.54368932038835,
              -20.0
            ],
            [
              149.04299583911234,
              -20.0
            ],
            [
              149.54230235783638,
              -20.0
            ],
            [
              150.04160887656036,
              -20.0
            ],
            [
              150.54091539528434,
              -20.0
            ],
            [
              151.04022191400833,
              -20.0
            ],
            [
              151.5395284327323,
              -20.0
            ],
            [
              152.03883495145635,
              -20.0
            ],
            [
              152.53814147018034,
              -20.0
            ],
            [
              153.03744798890432,
              -20.0
            ],
            [
              153.5367545076283,
              -20.0
            ],
            [
              154.0360610263523,
              -20.0
            ],
            [
              154.53536754507627,
              -20.0
            ],
            [
              155.0346740638003,
              -20.0
            ],
            [
              155.5339805825243,
              -20.0
            ],
            [
              156.03328710124828,
              -20.0
            ],
            [
              156.53259361997226,
              -20.0
            ],
            [
              157.03190013869624,
              -20.0
            ],
            [
              157.53120665742028,
              -20.0
            ],
            [
              158.03051317614427,
              -20.0
            ],
            [
              158.52981969486825,
              -20.0
            ],
            [
              159.02912621359224,
              -20.0
            ],
            [
              159.52843273231622,
              -20.0
            ],
            [
              160.0277392510402,
              -20.0
            ],
            [
              160.52704576976424,
              -20.0
            ],
            [
              161.02635228848823,
              -20.0
            ],
            [
              161.5256588072122,
              -20.0
            ],
            [
              162.0249653259362,
              -20.0
            ],
            [
              162.52427184466018,
              -20.0
            ],
            [
              163.02357836338422,
              -20.0
            ],
            [
              163.5228848821082,
              -20.0
            ],
            [
              164.02219140083218,
              -20.0
            ],
            [
              164.52149791955617,
              -20.0
            ],
            [
              165.02080443828015,
              -20.0
            ],
            [
              165.5201109570042,
              -20.0
            ],
            [
              166.01941747572818,
              -20.0
            ],
            [
              166.51872399445216,
              -20.0
            ],
            [
              167.01803051317614,
              -20.0
            ],
            [
              167.51733703190013,
              -20.0
            ],
            [
              168.01664355062417,
              -20.0
            ],
            [
              168.51595006934815,
              -20.0
            ],
            [
              169.01525658807213,
              -20.0
            ],
            [
              169.51456310679612,
              -20.0
            ],
            [
              170.0138696255201,
              -20.0
            ],
            [
              170.51317614424408,
              -20.0
            ],
            [
              171.01248266296813,
              -20.0
            ],
            [
              171.5117891816921,
              -20.0
            ],
            [
              172.0110957004161,
              -20.0
            ],
            [
              172.51040221914008,
              -20.0
            ],
            [
              173.00970873786406,
              -20.0
            ],
            [
              173.5090152565881,
              -20.0
            ],
            [
              174.00832177531208,
              -20.0
            ],
            [
              174.50762829403607,
              -20.0
            ],
            [
              175.00693481276005,
              -20.0
            ],
            [
              175.50624133148403,
              -20.0
            ],
            [
              176.00554785020802,
              -20.0
            ],
            [
              176.50485436893206,
              -20.0
            ],
            [
              177.00416088765604,
              -20.0
            ],
            [
              177.50346740638003,
              -20.0
            ],
            [
              178.002773925104,
              -20.0
            ],
            [
              178.502080443828,
              -20.0
            ],
            [
              179.00138696255203,
              -20.0
            ],
            [
              179.50069348127602,
              -20.0
            ],
            [
              180.0,
              -20.0
            ]
          ]
        ]
      }
    },
    {
      "type": "Feature",
      "properties": {
        "uuid": "e1e16948-eac1-4b92-a70b-0a775d35ba0b",
        "layer_id": "glb_con_geographic_lines_ln",
        "timeframe": null,
        "feature_class": "Equator",
        "feature_rank": 0,
        "is_visible": true,
        "is_labeled": true,
        "needs_review": false,
        "review_notes": null,
        "img_url": null,
        "last_edited": "2026-07-13",
        "last_editor": "postgres",
        "name_en": "Equator",
        "name_ru": null,
        "name_abb_en": null,
        "name_abb_ru": null,
        "label_en": "Equator",
        "label_ru": null,
        "descr_en": null,
        "descr_ru": null,
        "descr_html_en": null,
        "descr_html_ru": null,
        "url_en": null,
        "url_ru": null,
        "source_name": "TSR FRIA 2e",
        "source_url": "https://www.profantasy.com/fratlas/fratlashome.htm",
        "dnd_editions_str": "2e, 3e, 5e",
        "feature_levels_str": null,
        "extra_str": null,
        "location_en": "south-western Kara-Tur",
        "name_alt_en_str": null,
        "location_ru": "юго-западный Кара-Тур",
        "name_alt_ru_str": null,
        "geog_extent_length_km": 40275.0,
        "geog_extent_length_miles": 25026.0,
        "geog_extent_centroid_md": "13° 21′ 20″ S 027° 33′ 47″ E",
        "geog_extent_centroid_fria": "13° 21′ 20″ S 025° 55′ 05″ W",
        "geog_extent_perimeter_km": null,
        "geog_extent_perimeter_miles": null,
        "geog_extent_area_sq_km": null,
        "geog_extent_area_sq_miles": null,
        "geog_extent_bbox_md": {
          "east": -126.51849851201,
          "west": -126.51849851201,
          "north": 0,
          "south": 0
        },
        "geog_extent_bbox_fria": {
          "east": 180,
          "west": -180,
          "north": 0,
          "south": 0
        },
        "name_it": null,
        "name_abb_it": null,
        "label_it": "Equator",
        "descr_it": null,
        "descr_html_it": null,
        "url_it": null,
        "location_it": "Kara-Tur sud-occidentale",
        "name_alt_it_str": null,
        "topical_tags": "",
        "related_location_tags": "",
        "related_cultures_tags": "",
        "related_factions_tags": ""
      },
      "geometry": {
        "type": "MultiLineString",
        "coordinates": [
          [
            [
              -180.0,
              0.0
            ],
            [
              -179.50069348127602,
              0.0
            ],
            [
              -179.001386962552,
              0.0
            ],
            [
              -178.50208044382802,
              0.0
            ],
            [
              -178.002773925104,
              0.0
            ],
            [
              -177.50346740638003,
              0.0
            ],
            [
              -177.00416088765604,
              0.0
            ],
            [
              -176.50485436893203,
              0.0
            ],
            [
              -176.00554785020805,
              0.0
            ],
            [
              -175.50624133148406,
              0.0
            ],
            [
              -175.00693481276005,
              0.0
            ],
            [
              -174.50762829403607,
              0.0
            ],
            [
              -174.00832177531206,
              0.0
            ],
            [
              -173.50901525658807,
              0.0
            ],
            [
              -173.0097087378641,
              0.0
            ],
            [
              -172.51040221914008,
              0.0
            ],
            [
              -172.0110957004161,
              0.0
            ],
            [
              -171.5117891816921,
              0.0
            ],
            [
              -171.0124826629681,
              0.0
            ],
            [
              -170.5131761442441,
              0.0
            ],
            [
              -170.0138696255201,
              0.0
            ],
            [
              -169.51456310679612,
              0.0
            ],
            [
              -169.01525658807213,
              0.0
            ],
            [
              -168.51595006934812,
              0.0
            ],
            [
              -168.01664355062414,
              0.0
            ],
            [
              -167.51733703190013,
              0.0
            ],
            [
              -167.01803051317614,
              0.0
            ],
            [
              -166.51872399445216,
              0.0
            ],
            [
              -166.01941747572815,
              0.0
            ],
            [
              -165.52011095700416,
              0.0
            ],
            [
              -165.02080443828015,
              0.0
            ],
            [
              -164.52149791955617,
              0.0
            ],
            [
              -164.02219140083218,
              0.0
            ],
            [
              -163.52288488210817,
              0.0
            ],
            [
              -163.0235783633842,
              0.0
            ],
            [
              -162.5242718446602,
              0.0
            ],
            [
              -162.0249653259362,
              0.0
            ],
            [
              -161.5256588072122,
              0.0
            ],
            [
              -161.0263522884882,
              0.0
            ],
            [
              -160.52704576976421,
              0.0
            ],
            [
              -160.02773925104023,
              0.0
            ],
            [
              -159.52843273231622,
              0.0
            ],
            [
              -159.02912621359224,
              0.0
            ],
            [
              -158.52981969486825,
              0.0
            ],
            [
              -158.03051317614424,
              0.0
            ],
            [
              -157.53120665742026,
              0.0
            ],
            [
              -157.03190013869624,
              0.0
            ],
            [
              -156.53259361997226,
              0.0
            ],
            [
              -156.03328710124828,
              0.0
            ],
            [
              -155.53398058252426,
              0.0
            ],
            [
              -155.03467406380028,
              0.0
            ],
            [
              -154.53536754507627,
              0.0
            ],
            [
              -154.0360610263523,
              0.0
            ],
            [
              -153.5367545076283,
              0.0
            ],
            [
              -153.0374479889043,
              0.0
            ],
            [
              -152.5381414701803,
              0.0
            ],
            [
              -152.0388349514563,
              0.0
            ],
            [
              -151.5395284327323,
              0.0
            ],
            [
              -151.04022191400833,
              0.0
            ],
            [
              -150.54091539528432,
              0.0
            ],
            [
              -150.04160887656033,
              0.0
            ],
            [
              -149.54230235783635,
              0.0
            ],
            [
              -149.04299583911234,
              0.0
            ],
            [
              -148.54368932038835,
              0.0
            ],
            [
              -148.04438280166437,
              0.0
            ],
            [
              -147.54507628294036,
              0.0
            ],
            [
              -147.04576976421637,
              0.0
            ],
            [
              -146.54646324549236,
              0.0
            ],
            [
              -146.04715672676838,
              0.0
            ],
            [
              -145.5478502080444,
              0.0
            ],
            [
              -145.04854368932038,
              0.0
            ],
            [
              -144.5492371705964,
              0.0
            ],
            [
              -144.0499306518724,
              0.0
            ],
            [
              -143.5506241331484,
              0.0
            ],
            [
              -143.05131761442442,
              0.0
            ],
            [
              -142.5520110957004,
              0.0
            ],
            [
              -142.05270457697642,
              0.0
            ],
            [
              -141.5533980582524,
              0.0
            ],
            [
              -141.05409153952843,
              0.0
            ],
            [
              -140.55478502080445,
              0.0
            ],
            [
              -140.05547850208043,
              0.0
            ],
            [
              -139.55617198335645,
              0.0
            ],
            [
              -139.05686546463244,
              0.0
            ],
            [
              -138.55755894590845,
              0.0
            ],
            [
              -138.05825242718447,
              0.0
            ],
            [
              -137.5589459084605,
              0.0
            ],
            [
              -137.05963938973647,
              0.0
            ],
            [
              -136.5603328710125,
              0.0
            ],
            [
              -136.06102635228848,
              0.0
            ],
            [
              -135.5617198335645,
              0.0
            ],
            [
              -135.0624133148405,
              0.0
            ],
            [
              -134.5631067961165,
              0.0
            ],
            [
              -134.06380027739252,
              0.0
            ],
            [
              -133.5644937586685,
              0.0
            ],
            [
              -133.06518723994452,
              0.0
            ],
            [
              -132.56588072122054,
              0.0
            ],
            [
              -132.06657420249653,
              0.0
            ],
            [
              -131.56726768377254,
              0.0
            ],
            [
              -131.06796116504853,
              0.0
            ],
            [
              -130.56865464632455,
              0.0
            ],
            [
              -130.06934812760056,
              0.0
            ],
            [
              -129.57004160887658,
              0.0
            ],
            [
              -129.07073509015257,
              0.0
            ],
            [
              -128.57142857142858,
              0.0
            ],
            [
              -128.07212205270457,
              0.0
            ],
            [
              -127.57281553398059,
              0.0
            ],
            [
              -127.07350901525659,
              0.0
            ],
            [
              -126.57420249653259,
              0.0
            ],
            [
              -126.0748959778086,
              0.0
            ],
            [
              -125.5755894590846,
              0.0
            ],
            [
              -125.07628294036061,
              0.0
            ],
            [
              -124.5769764216366,
              0.0
            ],
            [
              -124.07766990291262,
              0.0
            ],
            [
              -123.57836338418862,
              0.0
            ],
            [
              -123.07905686546462,
              0.0
            ],
            [
              -122.57975034674064,
              0.0
            ],
            [
              -122.08044382801664,
              0.0
            ],
            [
              -121.58113730929264,
              0.0
            ],
            [
              -121.08183079056866,
              0.0
            ],
            [
              -120.58252427184465,
              0.0
            ],
            [
              -120.08321775312066,
              0.0
            ],
            [
              -119.58391123439667,
              0.0
            ],
            [
              -119.08460471567267,
              0.0
            ],
            [
              -118.58529819694868,
              0.0
            ],
            [
              -118.08599167822469,
              0.0
            ],
            [
              -117.58668515950069,
              0.0
            ],
            [
              -117.0873786407767,
              0.0
            ],
            [
              -116.5880721220527,
              0.0
            ],
            [
              -116.08876560332871,
              0.0
            ],
            [
              -115.58945908460471,
              0.0
            ],
            [
              -115.09015256588071,
              0.0
            ],
            [
              -114.59084604715673,
              0.0
            ],
            [
              -114.09153952843273,
              0.0
            ],
            [
              -113.59223300970874,
              0.0
            ],
            [
              -113.09292649098474,
              0.0
            ],
            [
              -112.59361997226075,
              0.0
            ],
            [
              -112.09431345353676,
              0.0
            ],
            [
              -111.59500693481276,
              0.0
            ],
            [
              -111.09570041608876,
              0.0
            ],
            [
              -110.59639389736478,
              0.0
            ],
            [
              -110.09708737864078,
              0.0
            ],
            [
              -109.59778085991678,
              0.0
            ],
            [
              -109.09847434119278,
              0.0
            ],
            [
              -108.5991678224688,
              0.0
            ],
            [
              -108.0998613037448,
              0.0
            ],
            [
              -107.6005547850208,
              0.0
            ],
            [
              -107.1012482662968,
              0.0
            ],
            [
              -106.60194174757282,
              0.0
            ],
            [
              -106.10263522884883,
              0.0
            ],
            [
              -105.60332871012483,
              0.0
            ],
            [
              -105.10402219140083,
              0.0
            ],
            [
              -104.60471567267683,
              0.0
            ],
            [
              -104.10540915395283,
              0.0
            ],
            [
              -103.60610263522884,
              0.0
            ],
            [
              -103.10679611650485,
              0.0
            ],
            [
              -102.60748959778086,
              0.0
            ],
            [
              -102.10818307905686,
              0.0
            ],
            [
              -101.60887656033286,
              0.0
            ],
            [
              -101.10957004160888,
              0.0
            ],
            [
              -100.61026352288488,
              0.0
            ],
            [
              -100.11095700416088,
              0.0
            ],
            [
              -99.61165048543688,
              0.0
            ],
            [
              -99.1123439667129,
              0.0
            ],
            [
              -98.6130374479889,
              0.0
            ],
            [
              -98.1137309292649,
              0.0
            ],
            [
              -97.6144244105409,
              0.0
            ],
            [
              -97.11511789181692,
              0.0
            ],
            [
              -96.61581137309292,
              0.0
            ],
            [
              -96.11650485436893,
              0.0
            ],
            [
              -95.61719833564493,
              0.0
            ],
            [
              -95.11789181692095,
              0.0
            ],
            [
              -94.61858529819695,
              0.0
            ],
            [
              -94.11927877947295,
              0.0
            ],
            [
              -93.61997226074895,
              0.0
            ],
            [
              -93.12066574202497,
              0.0
            ],
            [
              -92.62135922330097,
              0.0
            ],
            [
              -92.12205270457697,
              0.0
            ],
            [
              -91.62274618585298,
              0.0
            ],
            [
              -91.12343966712899,
              0.0
            ],
            [
              -90.624133148405,
              0.0
            ],
            [
              -90.124826629681,
              0.0
            ],
            [
              -89.625520110957,
              0.0
            ],
            [
              -89.12621359223301,
              0.0
            ],
            [
              -88.62690707350902,
              0.0
            ],
            [
              -88.12760055478502,
              0.0
            ],
            [
              -87.62829403606102,
              0.0
            ],
            [
              -87.12898751733704,
              0.0
            ],
            [
              -86.62968099861304,
              0.0
            ],
            [
              -86.13037447988904,
              0.0
            ],
            [
              -85.63106796116504,
              0.0
            ],
            [
              -85.13176144244106,
              0.0
            ],
            [
              -84.63245492371706,
              0.0
            ],
            [
              -84.13314840499307,
              0.0
            ],
            [
              -83.63384188626907,
              0.0
            ],
            [
              -83.13453536754508,
              0.0
            ],
            [
              -82.63522884882109,
              0.0
            ],
            [
              -82.13592233009709,
              0.0
            ],
            [
              -81.63661581137309,
              0.0
            ],
            [
              -81.1373092926491,
              0.0
            ],
            [
              -80.63800277392511,
              0.0
            ],
            [
              -80.13869625520111,
              0.0
            ],
            [
              -79.63938973647711,
              0.0
            ],
            [
              -79.14008321775313,
              0.0
            ],
            [
              -78.64077669902913,
              0.0
            ],
            [
              -78.14147018030513,
              0.0
            ],
            [
              -77.64216366158114,
              0.0
            ],
            [
              -77.14285714285715,
              0.0
            ],
            [
              -76.64355062413316,
              0.0
            ],
            [
              -76.14424410540916,
              0.0
            ],
            [
              -75.64493758668516,
              0.0
            ],
            [
              -75.14563106796118,
              0.0
            ],
            [
              -74.64632454923718,
              0.0
            ],
            [
              -74.14701803051318,
              0.0
            ],
            [
              -73.64771151178918,
              0.0
            ],
            [
              -73.14840499306517,
              0.0
            ],
            [
              -72.64909847434119,
              0.0
            ],
            [
              -72.14979195561719,
              0.0
            ],
            [
              -71.65048543689319,
              0.0
            ],
            [
              -71.1511789181692,
              0.0
            ],
            [
              -70.65187239944521,
              0.0
            ],
            [
              -70.15256588072121,
              0.0
            ],
            [
              -69.65325936199721,
              0.0
            ],
            [
              -69.15395284327322,
              0.0
            ],
            [
              -68.65464632454923,
              0.0
            ],
            [
              -68.15533980582524,
              0.0
            ],
            [
              -67.65603328710124,
              0.0
            ],
            [
              -67.15672676837724,
              0.0
            ],
            [
              -66.65742024965326,
              0.0
            ],
            [
              -66.15811373092926,
              0.0
            ],
            [
              -65.65880721220526,
              0.0
            ],
            [
              -65.15950069348126,
              0.0
            ],
            [
              -64.66019417475728,
              0.0
            ],
            [
              -64.16088765603328,
              0.0
            ],
            [
              -63.661581137309284,
              0.0
            ],
            [
              -63.162274618585286,
              0.0
            ],
            [
              -62.6629680998613,
              0.0
            ],
            [
              -62.163661581137305,
              0.0
            ],
            [
              -61.66435506241331,
              0.0
            ],
            [
              -61.16504854368931,
              0.0
            ],
            [
              -60.665742024965326,
              0.0
            ],
            [
              -60.16643550624133,
              0.0
            ],
            [
              -59.66712898751733,
              0.0
            ],
            [
              -59.16782246879333,
              0.0
            ],
            [
              -58.66851595006935,
              0.0
            ],
            [
              -58.16920943134535,
              0.0
            ],
            [
              -57.66990291262135,
              0.0
            ],
            [
              -57.170596393897355,
              0.0
            ],
            [
              -56.67128987517337,
              0.0
            ],
            [
              -56.171983356449374,
              0.0
            ],
            [
              -55.672676837725376,
              0.0
            ],
            [
              -55.17337031900138,
              0.0
            ],
            [
              -54.674063800277395,
              0.0
            ],
            [
              -54.1747572815534,
              0.0
            ],
            [
              -53.6754507628294,
              0.0
            ],
            [
              -53.1761442441054,
              0.0
            ],
            [
              -52.67683772538142,
              0.0
            ],
            [
              -52.17753120665742,
              0.0
            ],
            [
              -51.67822468793344,
              0.0
            ],
            [
              -51.178918169209425,
              0.0
            ],
            [
              -50.67961165048544,
              0.0
            ],
            [
              -50.18030513176143,
              0.0
            ],
            [
              -49.680998613037445,
              0.0
            ],
            [
              -49.18169209431346,
              0.0
            ],
            [
              -48.68238557558945,
              0.0
            ],
            [
              -48.183079056865466,
              0.0
            ],
            [
              -47.68377253814148,
              0.0
            ],
            [
              -47.18446601941747,
              0.0
            ],
            [
              -46.68515950069349,
              0.0
            ],
            [
              -46.185852981969475,
              0.0
            ],
            [
              -45.68654646324549,
              0.0
            ],
            [
              -45.18723994452151,
              0.0
            ],
            [
              -44.687933425797496,
              0.0
            ],
            [
              -44.18862690707351,
              0.0
            ],
            [
              -43.68932038834953,
              0.0
            ],
            [
              -43.19001386962552,
              0.0
            ],
            [
              -42.69070735090153,
              0.0
            ],
            [
              -42.19140083217752,
              0.0
            ],
            [
              -41.69209431345354,
              0.0
            ],
            [
              -41.192787794729554,
              0.0
            ],
            [
              -40.69348127600554,
              0.0
            ],
            [
              -40.19417475728156,
              0.0
            ],
            [
              -39.694868238557575,
              0.0
            ],
            [
              -39.19556171983356,
              0.0
            ],
            [
              -38.69625520110958,
              0.0
            ],
            [
              -38.19694868238557,
              0.0
            ],
            [
              -37.697642163661584,
              0.0
            ],
            [
              -37.1983356449376,
              0.0
            ],
            [
              -36.69902912621359,
              0.0
            ],
            [
              -36.199722607489605,
              0.0
            ],
            [
              -35.70041608876562,
              0.0
            ],
            [
              -35.20110957004161,
              0.0
            ],
            [
              -34.701803051317626,
              0.0
            ],
            [
              -34.202496532593614,
              0.0
            ],
            [
              -33.70319001386963,
              0.0
            ],
            [
              -33.20388349514565,
              0.0
            ],
            [
              -32.704576976421635,
              0.0
            ],
            [
              -32.20527045769765,
              0.0
            ],
            [
              -31.705963938973667,
              0.0
            ],
            [
              -31.206657420249655,
              0.0
            ],
            [
              -30.707350901525643,
              0.0
            ],
            [
              -30.20804438280166,
              0.0
            ],
            [
              -29.708737864077648,
              0.0
            ],
            [
              -29.209431345353664,
              0.0
            ],
            [
              -28.71012482662968,
              0.0
            ],
            [
              -28.21081830790567,
              0.0
            ],
            [
              -27.711511789181685,
              0.0
            ],
            [
              -27.212205270457673,
              0.0
            ],
            [
              -26.71289875173369,
              0.0
            ],
            [
              -26.213592233009706,
              0.0
            ],
            [
              -25.714285714285694,
              0.0
            ],
            [
              -25.21497919556171,
              0.0
            ],
            [
              -24.715672676837727,
              0.0
            ],
            [
              -24.216366158113715,
              0.0
            ],
            [
              -23.71705963938973,
              0.0
            ],
            [
              -23.21775312066572,
              0.0
            ],
            [
              -22.718446601941736,
              0.0
            ],
            [
              -22.219140083217752,
              0.0
            ],
            [
              -21.71983356449374,
              0.0
            ],
            [
              -21.220527045769757,
              0.0
            ],
            [
              -20.721220527045773,
              0.0
            ],
            [
              -20.22191400832176,
              0.0
            ],
            [
              -19.722607489597777,
              0.0
            ],
            [
              -19.223300970873765,
              0.0
            ],
            [
              -18.723994452149782,
              0.0
            ],
            [
              -18.2246879334258,
              0.0
            ],
            [
              -17.725381414701786,
              0.0
            ],
            [
              -17.226074895977803,
              0.0
            ],
            [
              -16.72676837725382,
              0.0
            ],
            [
              -16.227461858529807,
              0.0
            ],
            [
              -15.728155339805824,
              0.0
            ],
            [
              -15.228848821081812,
              0.0
            ],
            [
              -14.729542302357828,
              0.0
            ],
            [
              -14.230235783633844,
              0.0
            ],
            [
              -13.730929264909832,
              0.0
            ],
            [
              -13.231622746185849,
              0.0
            ],
            [
              -12.732316227461865,
              0.0
            ],
            [
              -12.233009708737853,
              0.0
            ],
            [
              -11.73370319001387,
              0.0
            ],
            [
              -11.234396671289858,
              0.0
            ],
            [
              -10.735090152565874,
              0.0
            ],
            [
              -10.23578363384189,
              0.0
            ],
            [
              -9.736477115117879,
              0.0
            ],
            [
              -9.237170596393895,
              0.0
            ],
            [
              -8.737864077669911,
              0.0
            ],
            [
              -8.2385575589459,
              0.0
            ],
            [
              -7.739251040221916,
              0.0
            ],
            [
              -7.239944521497904,
              0.0
            ],
            [
              -6.74063800277392,
              0.0
            ],
            [
              -6.241331484049937,
              0.0
            ],
            [
              -5.742024965325925,
              0.0
            ],
            [
              -5.242718446601941,
              0.0
            ],
            [
              -4.743411927877958,
              0.0
            ],
            [
              -4.244105409153946,
              0.0
            ],
            [
              -3.744798890429962,
              0.0
            ],
            [
              -3.24549237170595,
              0.0
            ],
            [
              -2.746185852981966,
              0.0
            ],
            [
              -2.246879334257983,
              0.0
            ],
            [
              -1.747572815533971,
              0.0
            ],
            [
              -1.248266296809987,
              0.0
            ],
            [
              -0.748959778086004,
              0.0
            ],
            [
              -0.249653259361992,
              0.0
            ],
            [
              0.249653259361992,
              0.0
            ],
            [
              0.748959778086004,
              0.0
            ],
            [
              1.248266296809987,
              0.0
            ],
            [
              1.747572815533971,
              0.0
            ],
            [
              2.246879334257983,
              0.0
            ],
            [
              2.746185852981966,
              0.0
            ],
            [
              3.24549237170595,
              0.0
            ],
            [
              3.744798890429962,
              0.0
            ],
            [
              4.244105409153946,
              0.0
            ],
            [
              4.743411927877958,
              0.0
            ],
            [
              5.242718446601941,
              0.0
            ],
            [
              5.742024965325925,
              0.0
            ],
            [
              6.241331484049937,
              0.0
            ],
            [
              6.74063800277392,
              0.0
            ],
            [
              7.239944521497904,
              0.0
            ],
            [
              7.739251040221916,
              0.0
            ],
            [
              8.2385575589459,
              0.0
            ],
            [
              8.737864077669911,
              0.0
            ],
            [
              9.237170596393895,
              0.0
            ],
            [
              9.736477115117879,
              0.0
            ],
            [
              10.23578363384189,
              0.0
            ],
            [
              10.735090152565874,
              0.0
            ],
            [
              11.234396671289858,
              0.0
            ],
            [
              11.73370319001387,
              0.0
            ],
            [
              12.233009708737853,
              0.0
            ],
            [
              12.732316227461865,
              0.0
            ],
            [
              13.231622746185849,
              0.0
            ],
            [
              13.730929264909832,
              0.0
            ],
            [
              14.230235783633844,
              0.0
            ],
            [
              14.729542302357828,
              0.0
            ],
            [
              15.228848821081812,
              0.0
            ],
            [
              15.728155339805824,
              0.0
            ],
            [
              16.227461858529807,
              0.0
            ],
            [
              16.72676837725382,
              0.0
            ],
            [
              17.226074895977803,
              0.0
            ],
            [
              17.725381414701786,
              0.0
            ],
            [
              18.2246879334258,
              0.0
            ],
            [
              18.723994452149782,
              0.0
            ],
            [
              19.223300970873765,
              0.0
            ],
            [
              19.722607489597777,
              0.0
            ],
            [
              20.22191400832176,
              0.0
            ],
            [
              20.721220527045773,
              0.0
            ],
            [
              21.220527045769757,
              0.0
            ],
            [
              21.71983356449374,
              0.0
            ],
            [
              22.219140083217752,
              0.0
            ],
            [
              22.718446601941736,
              0.0
            ],
            [
              23.21775312066572,
              0.0
            ],
            [
              23.71705963938973,
              0.0
            ],
            [
              24.216366158113715,
              0.0
            ],
            [
              24.715672676837727,
              0.0
            ],
            [
              25.21497919556171,
              0.0
            ],
            [
              25.714285714285694,
              0.0
            ],
            [
              26.213592233009706,
              0.0
            ],
            [
              26.71289875173369,
              0.0
            ],
            [
              27.212205270457673,
              0.0
            ],
            [
              27.711511789181685,
              0.0
            ],
            [
              28.21081830790567,
              0.0
            ],
            [
              28.71012482662968,
              0.0
            ],
            [
              29.209431345353664,
              0.0
            ],
            [
              29.708737864077648,
              0.0
            ],
            [
              30.20804438280166,
              0.0
            ],
            [
              30.707350901525643,
              0.0
            ],
            [
              31.206657420249627,
              0.0
            ],
            [
              31.70596393897364,
              0.0
            ],
            [
              32.20527045769762,
              0.0
            ],
            [
              32.704576976421635,
              0.0
            ],
            [
              33.20388349514565,
              0.0
            ],
            [
              33.70319001386966,
              0.0
            ],
            [
              34.20249653259364,
              0.0
            ],
            [
              34.701803051317626,
              0.0
            ],
            [
              35.20110957004164,
              0.0
            ],
            [
              35.70041608876562,
              0.0
            ],
            [
              36.19972260748963,
              0.0
            ],
            [
              36.69902912621362,
              0.0
            ],
            [
              37.1983356449376,
              0.0
            ],
            [
              37.69764216366161,
              0.0
            ],
            [
              38.196948682385596,
              0.0
            ],
            [
              38.69625520110958,
              0.0
            ],
            [
              39.19556171983359,
              0.0
            ],
            [
              39.694868238557575,
              0.0
            ],
            [
              40.19417475728159,
              0.0
            ],
            [
              40.69348127600557,
              0.0
            ],
            [
              41.192787794729554,
              0.0
            ],
            [
              41.692094313453566,
              0.0
            ],
            [
              42.19140083217755,
              0.0
            ],
            [
              42.69070735090153,
              0.0
            ],
            [
              43.190013869625545,
              0.0
            ],
            [
              43.68932038834953,
              0.0
            ],
            [
              44.18862690707354,
              0.0
            ],
            [
              44.687933425797524,
              0.0
            ],
            [
              45.18723994452151,
              0.0
            ],
            [
              45.68654646324552,
              0.0
            ],
            [
              46.185852981969504,
              0.0
            ],
            [
              46.68515950069349,
              0.0
            ],
            [
              47.1844660194175,
              0.0
            ],
            [
              47.68377253814148,
              0.0
            ],
            [
              48.183079056865495,
              0.0
            ],
            [
              48.68238557558948,
              0.0
            ],
            [
              49.18169209431346,
              0.0
            ],
            [
              49.680998613037474,
              0.0
            ],
            [
              50.18030513176146,
              0.0
            ],
            [
              50.67961165048544,
              0.0
            ],
            [
              51.17891816920945,
              0.0
            ],
            [
              51.67822468793344,
              0.0
            ],
            [
              52.17753120665745,
              0.0
            ],
            [
              52.67683772538143,
              0.0
            ],
            [
              53.176144244105416,
              0.0
            ],
            [
              53.67545076282943,
              0.0
            ],
            [
              54.17475728155341,
              0.0
            ],
            [
              54.674063800277395,
              0.0
            ],
            [
              55.17337031900141,
              0.0
            ],
            [
              55.67267683772539,
              0.0
            ],
            [
              56.1719833564494,
              0.0
            ],
            [
              56.671289875173386,
              0.0
            ],
            [
              57.17059639389737,
              0.0
            ],
            [
              57.66990291262138,
              0.0
            ],
            [
              58.169209431345365,
              0.0
            ],
            [
              58.66851595006935,
              0.0
            ],
            [
              59.16782246879336,
              0.0
            ],
            [
              59.667128987517344,
              0.0
            ],
            [
              60.166435506241356,
              0.0
            ],
            [
              60.66574202496534,
              0.0
            ],
            [
              61.16504854368932,
              0.0
            ],
            [
              61.664355062413335,
              0.0
            ],
            [
              62.16366158113732,
              0.0
            ],
            [
              62.6629680998613,
              0.0
            ],
            [
              63.162274618585315,
              0.0
            ],
            [
              63.6615811373093,
              0.0
            ],
            [
              64.16088765603331,
              0.0
            ],
            [
              64.6601941747573,
              0.0
            ],
            [
              65.15950069348128,
              0.0
            ],
            [
              65.65880721220529,
              0.0
            ],
            [
              66.15811373092927,
              0.0
            ],
            [
              66.65742024965326,
              0.0
            ],
            [
              67.15672676837727,
              0.0
            ],
            [
              67.65603328710125,
              0.0
            ],
            [
              68.15533980582526,
              0.0
            ],
            [
              68.65464632454925,
              0.0
            ],
            [
              69.15395284327323,
              0.0
            ],
            [
              69.65325936199724,
              0.0
            ],
            [
              70.15256588072123,
              0.0
            ],
            [
              70.65187239944521,
              0.0
            ],
            [
              71.15117891816922,
              0.0
            ],
            [
              71.6504854368932,
              0.0
            ],
            [
              72.14979195561722,
              0.0
            ],
            [
              72.6490984743412,
              0.0
            ],
            [
              73.14840499306518,
              0.0
            ],
            [
              73.6477115117892,
              0.0
            ],
            [
              74.14701803051318,
              0.0
            ],
            [
              74.64632454923716,
              0.0
            ],
            [
              75.14563106796118,
              0.0
            ],
            [
              75.64493758668516,
              0.0
            ],
            [
              76.14424410540914,
              0.0
            ],
            [
              76.64355062413313,
              0.0
            ],
            [
              77.14285714285717,
              0.0
            ],
            [
              77.64216366158115,
              0.0
            ],
            [
              78.14147018030513,
              0.0
            ],
            [
              78.64077669902912,
              0.0
            ],
            [
              79.1400832177531,
              0.0
            ],
            [
              79.63938973647714,
              0.0
            ],
            [
              80.13869625520113,
              0.0
            ],
            [
              80.63800277392511,
              0.0
            ],
            [
              81.13730929264909,
              0.0
            ],
            [
              81.63661581137308,
              0.0
            ],
            [
              82.13592233009712,
              0.0
            ],
            [
              82.6352288488211,
              0.0
            ],
            [
              83.13453536754508,
              0.0
            ],
            [
              83.63384188626907,
              0.0
            ],
            [
              84.13314840499305,
              0.0
            ],
            [
              84.63245492371703,
              0.0
            ],
            [
              85.13176144244107,
              0.0
            ],
            [
              85.63106796116506,
              0.0
            ],
            [
              86.13037447988904,
              0.0
            ],
            [
              86.62968099861303,
              0.0
            ],
            [
              87.12898751733701,
              0.0
            ],
            [
              87.62829403606105,
              0.0
            ],
            [
              88.12760055478503,
              0.0
            ],
            [
              88.62690707350902,
              0.0
            ],
            [
              89.126213592233,
              0.0
            ],
            [
              89.62552011095698,
              0.0
            ],
            [
              90.12482662968102,
              0.0
            ],
            [
              90.62413314840501,
              0.0
            ],
            [
              91.12343966712899,
              0.0
            ],
            [
              91.62274618585298,
              0.0
            ],
            [
              92.12205270457696,
              0.0
            ],
            [
              92.62135922330094,
              0.0
            ],
            [
              93.12066574202498,
              0.0
            ],
            [
              93.61997226074897,
              0.0
            ],
            [
              94.11927877947295,
              0.0
            ],
            [
              94.61858529819693,
              0.0
            ],
            [
              95.11789181692092,
              0.0
            ],
            [
              95.61719833564496,
              0.0
            ],
            [
              96.11650485436894,
              0.0
            ],
            [
              96.61581137309292,
              0.0
            ],
            [
              97.11511789181691,
              0.0
            ],
            [
              97.61442441054089,
              0.0
            ],
            [
              98.11373092926493,
              0.0
            ],
            [
              98.61303744798892,
              0.0
            ],
            [
              99.1123439667129,
              0.0
            ],
            [
              99.61165048543688,
              0.0
            ],
            [
              100.11095700416087,
              0.0
            ],
            [
              100.61026352288485,
              0.0
            ],
            [
              101.10957004160889,
              0.0
            ],
            [
              101.60887656033287,
              0.0
            ],
            [
              102.10818307905686,
              0.0
            ],
            [
              102.60748959778084,
              0.0
            ],
            [
              103.10679611650482,
              0.0
            ],
            [
              103.60610263522886,
              0.0
            ],
            [
              104.10540915395285,
              0.0
            ],
            [
              104.60471567267683,
              0.0
            ],
            [
              105.10402219140082,
              0.0
            ],
            [
              105.6033287101248,
              0.0
            ],
            [
              106.10263522884884,
              0.0
            ],
            [
              106.60194174757282,
              0.0
            ],
            [
              107.1012482662968,
              0.0
            ],
            [
              107.60055478502079,
              0.0
            ],
            [
              108.09986130374477,
              0.0
            ],
            [
              108.59916782246876,
              0.0
            ],
            [
              109.0984743411928,
              0.0
            ],
            [
              109.59778085991678,
              0.0
            ],
            [
              110.09708737864077,
              0.0
            ],
            [
              110.59639389736475,
              0.0
            ],
            [
              111.09570041608873,
              0.0
            ],
            [
              111.59500693481277,
              0.0
            ],
            [
              112.09431345353676,
              0.0
            ],
            [
              112.59361997226074,
              0.0
            ],
            [
              113.09292649098472,
              0.0
            ],
            [
              113.5922330097087,
              0.0
            ],
            [
              114.09153952843275,
              0.0
            ],
            [
              114.59084604715673,
              0.0
            ],
            [
              115.09015256588071,
              0.0
            ],
            [
              115.5894590846047,
              0.0
            ],
            [
              116.08876560332868,
              0.0
            ],
            [
              116.58807212205267,
              0.0
            ],
            [
              117.0873786407767,
              0.0
            ],
            [
              117.58668515950069,
              0.0
            ],
            [
              118.08599167822467,
              0.0
            ],
            [
              118.58529819694871,
              0.0
            ],
            [
              119.0846047156727,
              0.0
            ],
            [
              119.58391123439668,
              0.0
            ],
            [
              120.08321775312072,
              0.0
            ],
            [
              120.5825242718447,
              0.0
            ],
            [
              121.08183079056869,
              0.0
            ],
            [
              121.58113730929267,
              0.0
            ],
            [
              122.08044382801666,
              0.0
            ],
            [
              122.57975034674064,
              0.0
            ],
            [
              123.07905686546468,
              0.0
            ],
            [
              123.57836338418866,
              0.0
            ],
            [
              124.07766990291265,
              0.0
            ],
            [
              124.57697642163663,
              0.0
            ],
            [
              125.07628294036061,
              0.0
            ],
            [
              125.57558945908465,
              0.0
            ],
            [
              126.07489597780864,
              0.0
            ],
            [
              126.57420249653262,
              0.0
            ],
            [
              127.0735090152566,
              0.0
            ],
            [
              127.57281553398059,
              0.0
            ],
            [
              128.07212205270457,
              0.0
            ],
            [
              128.5714285714286,
              0.0
            ],
            [
              129.0707350901526,
              0.0
            ],
            [
              129.57004160887658,
              0.0
            ],
            [
              130.06934812760056,
              0.0
            ],
            [
              130.56865464632455,
              0.0
            ],
            [
              131.0679611650486,
              0.0
            ],
            [
              131.56726768377257,
              0.0
            ],
            [
              132.06657420249655,
              0.0
            ],
            [
              132.56588072122054,
              0.0
            ],
            [
              133.06518723994452,
              0.0
            ],
            [
              133.56449375866856,
              0.0
            ],
            [
              134.06380027739255,
              0.0
            ],
            [
              134.56310679611653,
              0.0
            ],
            [
              135.0624133148405,
              0.0
            ],
            [
              135.5617198335645,
              0.0
            ],
            [
              136.06102635228854,
              0.0
            ],
            [
              136.56033287101252,
              0.0
            ],
            [
              137.0596393897365,
              0.0
            ],
            [
              137.5589459084605,
              0.0
            ],
            [
              138.05825242718447,
              0.0
            ],
            [
              138.55755894590845,
              0.0
            ],
            [
              139.0568654646325,
              0.0
            ],
            [
              139.55617198335648,
              0.0
            ],
            [
              140.05547850208046,
              0.0
            ],
            [
              140.55478502080445,
              0.0
            ],
            [
              141.05409153952843,
              0.0
            ],
            [
              141.55339805825247,
              0.0
            ],
            [
              142.05270457697645,
              0.0
            ],
            [
              142.55201109570044,
              0.0
            ],
            [
              143.05131761442442,
              0.0
            ],
            [
              143.5506241331484,
              0.0
            ],
            [
              144.0499306518724,
              0.0
            ],
            [
              144.54923717059643,
              0.0
            ],
            [
              145.0485436893204,
              0.0
            ],
            [
              145.5478502080444,
              0.0
            ],
            [
              146.04715672676838,
              0.0
            ],
            [
              146.54646324549236,
              0.0
            ],
            [
              147.0457697642164,
              0.0
            ],
            [
              147.54507628294039,
              0.0
            ],
            [
              148.04438280166437,
              0.0
            ],
            [
              148.54368932038835,
              0.0
            ],
            [
              149.04299583911234,
              0.0
            ],
            [
              149.54230235783638,
              0.0
            ],
            [
              150.04160887656036,
              0.0
            ],
            [
              150.54091539528434,
              0.0
            ],
            [
              151.04022191400833,
              0.0
            ],
            [
              151.5395284327323,
              0.0
            ],
            [
              152.03883495145635,
              0.0
            ],
            [
              152.53814147018034,
              0.0
            ],
            [
              153.03744798890432,
              0.0
            ],
            [
              153.5367545076283,
              0.0
            ],
            [
              154.0360610263523,
              0.0
            ],
            [
              154.53536754507627,
              0.0
            ],
            [
              155.0346740638003,
              0.0
            ],
            [
              155.5339805825243,
              0.0
            ],
            [
              156.03328710124828,
              0.0
            ],
            [
              156.53259361997226,
              0.0
            ],
            [
              157.03190013869624,
              0.0
            ],
            [
              157.53120665742028,
              0.0
            ],
            [
              158.03051317614427,
              0.0
            ],
            [
              158.52981969486825,
              0.0
            ],
            [
              159.02912621359224,
              0.0
            ],
            [
              159.52843273231622,
              0.0
            ],
            [
              160.0277392510402,
              0.0
            ],
            [
              160.52704576976424,
              0.0
            ],
            [
              161.02635228848823,
              0.0
            ],
            [
              161.5256588072122,
              0.0
            ],
            [
              162.0249653259362,
              0.0
            ],
            [
              162.52427184466018,
              0.0
            ],
            [
              163.02357836338422,
              0.0
            ],
            [
              163.5228848821082,
              0.0
            ],
            [
              164.02219140083218,
              0.0
            ],
            [
              164.52149791955617,
              0.0
            ],
            [
              165.02080443828015,
              0.0
            ],
            [
              165.5201109570042,
              0.0
            ],
            [
              166.01941747572818,
              0.0
            ],
            [
              166.51872399445216,
              0.0
            ],
            [
              167.01803051317614,
              0.0
            ],
            [
              167.51733703190013,
              0.0
            ],
            [
              168.01664355062417,
              0.0
            ],
            [
              168.51595006934815,
              0.0
            ],
            [
              169.01525658807213,
              0.0
            ],
            [
              169.51456310679612,
              0.0
            ],
            [
              170.0138696255201,
              0.0
            ],
            [
              170.51317614424408,
              0.0
            ],
            [
              171.01248266296813,
              0.0
            ],
            [
              171.5117891816921,
              0.0
            ],
            [
              172.0110957004161,
              0.0
            ],
            [
              172.51040221914008,
              0.0
            ],
            [
              173.00970873786406,
              0.0
            ],
            [
              173.5090152565881,
              0.0
            ],
            [
              174.00832177531208,
              0.0
            ],
            [
              174.50762829403607,
              0.0
            ],
            [
              175.00693481276005,
              0.0
            ],
            [
              175.50624133148403,
              0.0
            ],
            [
              176.00554785020802,
              0.0
            ],
            [
              176.50485436893206,
              0.0
            ],
            [
              177.00416088765604,
              0.0
            ],
            [
              177.50346740638003,
              0.0
            ],
            [
              178.002773925104,
              0.0
            ],
            [
              178.502080443828,
              0.0
            ],
            [
              179.00138696255203,
              0.0
            ],
            [
              179.50069348127602,
              0.0
            ],
            [
              180.0,
              0.0
            ]
          ]
        ]
      }
    },
    {
      "type": "Feature",
      "properties": {
        "uuid": "ea6004c9-da96-4d7f-a651-7d27400237dd",
        "layer_id": "glb_con_geographic_lines_ln",
        "timeframe": null,
        "feature_class": "Prime Meridian",
        "feature_rank": 0,
        "is_visible": true,
        "is_labeled": true,
        "needs_review": false,
        "review_notes": null,
        "img_url": null,
        "last_edited": "2026-07-13",
        "last_editor": "postgres",
        "name_en": "FRIA PM",
        "name_ru": null,
        "name_abb_en": null,
        "name_abb_ru": null,
        "label_en": "FRIA PM",
        "label_ru": null,
        "descr_en": null,
        "descr_ru": null,
        "descr_html_en": null,
        "descr_html_ru": null,
        "url_en": null,
        "url_ru": null,
        "source_name": "TSR FRIA 2e",
        "source_url": "https://www.profantasy.com/fratlas/fratlashome.htm",
        "dnd_editions_str": "2e, 3e, 5e",
        "feature_levels_str": null,
        "extra_str": null,
        "location_en": "south-western Kara-Tur",
        "name_alt_en_str": null,
        "location_ru": "юго-западный Кара-Тур",
        "name_alt_ru_str": null,
        "geog_extent_length_km": 20075.0,
        "geog_extent_length_miles": 12474.0,
        "geog_extent_centroid_md": "00° 00′ 00″ N 053° 28′ 53″ E",
        "geog_extent_centroid_fria": "00° 00′ 00″ N 000° 00′ 00″ E",
        "geog_extent_perimeter_km": null,
        "geog_extent_perimeter_miles": null,
        "geog_extent_area_sq_km": null,
        "geog_extent_area_sq_miles": null,
        "geog_extent_bbox_md": {
          "east": 53.48150148799,
          "west": 53.48150148799,
          "north": 90,
          "south": -90
        },
        "geog_extent_bbox_fria": {
          "east": 0,
          "west": 0,
          "north": 90,
          "south": -90
        },
        "name_it": null,
        "name_abb_it": null,
        "label_it": "FRIA PM",
        "descr_it": null,
        "descr_html_it": null,
        "url_it": null,
        "location_it": "Kara-Tur sud-occidentale",
        "name_alt_it_str": null,
        "topical_tags": "",
        "related_location_tags": "",
        "related_cultures_tags": "",
        "related_factions_tags": ""
      },
      "geometry": {
        "type": "MultiLineString",
        "coordinates": [
          [
            [
              0.0,
              90.0
            ],
            [
              0.0,
              89.50138504155125
            ],
            [
              0.0,
              89.00277008310249
            ],
            [
              0.0,
              88.50415512465374
            ],
            [
              0.0,
              88.00554016620498
            ],
            [
              0.0,
              87.50692520775624
            ],
            [
              0.0,
              87.00831024930748
            ],
            [
              0.0,
              86.50969529085873
            ],
            [
              0.0,
              86.01108033240997
            ],
            [
              0.0,
              85.51246537396122
            ],
            [
              0.0,
              85.01385041551247
            ],
            [
              0.0,
              84.51523545706371
            ],
            [
              0.0,
              84.01662049861496
            ],
            [
              0.0,
              83.5180055401662
            ],
            [
              0.0,
              83.01939058171745
            ],
            [
              0.0,
              82.5207756232687
            ],
            [
              0.0,
              82.02216066481995
            ],
            [
              0.0,
              81.5235457063712
            ],
            [
              0.0,
              81.02493074792244
            ],
            [
              0.0,
              80.52631578947368
            ],
            [
              0.0,
              80.02770083102493
            ],
            [
              0.0,
              79.52908587257618
            ],
            [
              0.0,
              79.03047091412742
            ],
            [
              0.0,
              78.53185595567867
            ],
            [
              0.0,
              78.03324099722991
            ],
            [
              0.0,
              77.53462603878117
            ],
            [
              0.0,
              77.03601108033241
            ],
            [
              0.0,
              76.53739612188366
            ],
            [
              0.0,
              76.0387811634349
            ],
            [
              0.0,
              75.54016620498615
            ],
            [
              0.0,
              75.0415512465374
            ],
            [
              0.0,
              74.54293628808864
            ],
            [
              0.0,
              74.04432132963989
            ],
            [
              0.0,
              73.54570637119113
            ],
            [
              0.0,
              73.04709141274239
            ],
            [
              0.0,
              72.54847645429362
            ],
            [
              0.0,
              72.04986149584488
            ],
            [
              0.0,
              71.55124653739612
            ],
            [
              0.0,
              71.05263157894737
            ],
            [
              0.0,
              70.55401662049861
            ],
            [
              0.0,
              70.05540166204986
            ],
            [
              0.0,
              69.5567867036011
            ],
            [
              0.0,
              69.05817174515235
            ],
            [
              0.0,
              68.55955678670361
            ],
            [
              0.0,
              68.06094182825484
            ],
            [
              0.0,
              67.5623268698061
            ],
            [
              0.0,
              67.06371191135734
            ],
            [
              0.0,
              66.56509695290859
            ],
            [
              0.0,
              66.06648199445983
            ],
            [
              0.0,
              65.56786703601108
            ],
            [
              0.0,
              65.06925207756233
            ],
            [
              0.0,
              64.57063711911357
            ],
            [
              0.0,
              64.07202216066482
            ],
            [
              0.0,
              63.57340720221606
            ],
            [
              0.0,
              63.07479224376732
            ],
            [
              0.0,
              62.576177285318565
            ],
            [
              0.0,
              62.07756232686981
            ],
            [
              0.0,
              61.578947368421055
            ],
            [
              0.0,
              61.0803324099723
            ],
            [
              0.0,
              60.581717451523545
            ],
            [
              0.0,
              60.08310249307479
            ],
            [
              0.0,
              59.584487534626035
            ],
            [
              0.0,
              59.08587257617729
            ],
            [
              0.0,
              58.58725761772853
            ],
            [
              0.0,
              58.08864265927978
            ],
            [
              0.0,
              57.59002770083102
            ],
            [
              0.0,
              57.09141274238227
            ],
            [
              0.0,
              56.59279778393352
            ],
            [
              0.0,
              56.094182825484765
            ],
            [
              0.0,
              55.59556786703601
            ],
            [
              0.0,
              55.096952908587255
            ],
            [
              0.0,
              54.5983379501385
            ],
            [
              0.0,
              54.099722991689745
            ],
            [
              0.0,
              53.601108033241
            ],
            [
              0.0,
              53.10249307479224
            ],
            [
              0.0,
              52.603878116343495
            ],
            [
              0.0,
              52.10526315789474
            ],
            [
              0.0,
              51.606648199445985
            ],
            [
              0.0,
              51.10803324099723
            ],
            [
              0.0,
              50.609418282548475
            ],
            [
              0.0,
              50.11080332409973
            ],
            [
              0.0,
              49.61218836565097
            ],
            [
              0.0,
              49.11357340720222
            ],
            [
              0.0,
              48.61495844875346
            ],
            [
              0.0,
              48.11634349030471
            ],
            [
              0.0,
              47.61772853185595
            ],
            [
              0.0,
              47.119113573407205
            ],
            [
              0.0,
              46.62049861495845
            ],
            [
              0.0,
              46.121883656509695
            ],
            [
              0.0,
              45.62326869806094
            ],
            [
              0.0,
              45.124653739612185
            ],
            [
              0.0,
              44.62603878116344
            ],
            [
              0.0,
              44.12742382271468
            ],
            [
              0.0,
              43.628808864265935
            ],
            [
              0.0,
              43.13019390581717
            ],
            [
              0.0,
              42.631578947368425
            ],
            [
              0.0,
              42.13296398891966
            ],
            [
              0.0,
              41.634349030470915
            ],
            [
              0.0,
              41.13573407202216
            ],
            [
              0.0,
              40.63711911357341
            ],
            [
              0.0,
              40.13850415512465
            ],
            [
              0.0,
              39.6398891966759
            ],
            [
              0.0,
              39.14127423822714
            ],
            [
              0.0,
              38.64265927977839
            ],
            [
              0.0,
              38.14404432132964
            ],
            [
              0.0,
              37.64542936288089
            ],
            [
              0.0,
              37.14681440443213
            ],
            [
              0.0,
              36.64819944598338
            ],
            [
              0.0,
              36.14958448753463
            ],
            [
              0.0,
              35.65096952908587
            ],
            [
              0.0,
              35.15235457063712
            ],
            [
              0.0,
              34.65373961218837
            ],
            [
              0.0,
              34.15512465373961
            ],
            [
              0.0,
              33.65650969529086
            ],
            [
              0.0,
              33.15789473684211
            ],
            [
              0.0,
              32.65927977839335
            ],
            [
              0.0,
              32.1606648199446
            ],
            [
              0.0,
              31.662049861495845
            ],
            [
              0.0,
              31.16343490304709
            ],
            [
              0.0,
              30.664819944598335
            ],
            [
              0.0,
              30.166204986149587
            ],
            [
              0.0,
              29.667590027700825
            ],
            [
              0.0,
              29.168975069252078
            ],
            [
              0.0,
              28.670360110803323
            ],
            [
              0.0,
              28.171745152354575
            ],
            [
              0.0,
              27.673130193905813
            ],
            [
              0.0,
              27.174515235457065
            ],
            [
              0.0,
              26.675900277008303
            ],
            [
              0.0,
              26.177285318559555
            ],
            [
              0.0,
              25.678670360110814
            ],
            [
              0.0,
              25.180055401662045
            ],
            [
              0.0,
              24.681440443213305
            ],
            [
              0.0,
              24.182825484764535
            ],
            [
              0.0,
              23.684210526315795
            ],
            [
              0.0,
              23.18559556786704
            ],
            [
              0.0,
              22.686980609418285
            ],
            [
              0.0,
              22.18836565096953
            ],
            [
              0.0,
              21.689750692520775
            ],
            [
              0.0,
              21.19113573407202
            ],
            [
              0.0,
              20.692520775623265
            ],
            [
              0.0,
              20.19390581717451
            ],
            [
              0.0,
              19.69529085872577
            ],
            [
              0.0,
              19.196675900277
            ],
            [
              0.0,
              18.69806094182826
            ],
            [
              0.0,
              18.19944598337949
            ],
            [
              0.0,
              17.70083102493075
            ],
            [
              0.0,
              17.202216066481995
            ],
            [
              0.0,
              16.70360110803324
            ],
            [
              0.0,
              16.204986149584485
            ],
            [
              0.0,
              15.70637119113573
            ],
            [
              0.0,
              15.20775623268699
            ],
            [
              0.0,
              14.70914127423822
            ],
            [
              0.0,
              14.21052631578948
            ],
            [
              0.0,
              13.711911357340725
            ],
            [
              0.0,
              13.21329639889197
            ],
            [
              0.0,
              12.714681440443215
            ],
            [
              0.0,
              12.21606648199446
            ],
            [
              0.0,
              11.717451523545705
            ],
            [
              0.0,
              11.21883656509695
            ],
            [
              0.0,
              10.720221606648195
            ],
            [
              0.0,
              10.221606648199455
            ],
            [
              0.0,
              9.722991689750685
            ],
            [
              0.0,
              9.224376731301945
            ],
            [
              0.0,
              8.725761772853176
            ],
            [
              0.0,
              8.227146814404435
            ],
            [
              0.0,
              7.72853185595568
            ],
            [
              0.0,
              7.229916897506925
            ],
            [
              0.0,
              6.73130193905817
            ],
            [
              0.0,
              6.232686980609415
            ],
            [
              0.0,
              5.73407202216066
            ],
            [
              0.0,
              5.235457063711905
            ],
            [
              0.0,
              4.736842105263165
            ],
            [
              0.0,
              4.23822714681441
            ],
            [
              0.0,
              3.739612188365655
            ],
            [
              0.0,
              3.2409972299169
            ],
            [
              0.0,
              2.742382271468145
            ],
            [
              0.0,
              2.24376731301939
            ],
            [
              0.0,
              1.745152354570635
            ],
            [
              0.0,
              1.24653739612188
            ],
            [
              0.0,
              0.747922437673139
            ],
            [
              0.0,
              0.24930747922437
            ],
            [
              0.0,
              -0.24930747922437
            ],
            [
              0.0,
              -0.747922437673125
            ],
            [
              0.0,
              -1.246537396121894
            ],
            [
              0.0,
              -1.745152354570635
            ],
            [
              0.0,
              -2.24376731301939
            ],
            [
              0.0,
              -2.742382271468131
            ],
            [
              0.0,
              -3.2409972299169
            ],
            [
              0.0,
              -3.739612188365655
            ],
            [
              0.0,
              -4.23822714681441
            ],
            [
              0.0,
              -4.73684210526315
            ],
            [
              0.0,
              -5.23545706371192
            ],
            [
              0.0,
              -5.734072022160674
            ],
            [
              0.0,
              -6.232686980609415
            ],
            [
              0.0,
              -6.73130193905817
            ],
            [
              0.0,
              -7.229916897506911
            ],
            [
              0.0,
              -7.72853185595568
            ],
            [
              0.0,
              -8.227146814404435
            ],
            [
              0.0,
              -8.725761772853176
            ],
            [
              0.0,
              -9.22437673130193
            ],
            [
              0.0,
              -9.7229916897507
            ],
            [
              0.0,
              -10.221606648199455
            ],
            [
              0.0,
              -10.720221606648195
            ],
            [
              0.0,
              -11.21883656509695
            ],
            [
              0.0,
              -11.71745152354572
            ],
            [
              0.0,
              -12.21606648199446
            ],
            [
              0.0,
              -12.714681440443215
            ],
            [
              0.0,
              -13.213296398891956
            ],
            [
              0.0,
              -13.711911357340725
            ],
            [
              0.0,
              -14.21052631578948
            ],
            [
              0.0,
              -14.70914127423822
            ],
            [
              0.0,
              -15.207756232686975
            ],
            [
              0.0,
              -15.706371191135744
            ],
            [
              0.0,
              -16.2049861495845
            ],
            [
              0.0,
              -16.70360110803324
            ],
            [
              0.0,
              -17.202216066481995
            ],
            [
              0.0,
              -17.700831024930736
            ],
            [
              0.0,
              -18.199445983379505
            ],
            [
              0.0,
              -18.69806094182826
            ],
            [
              0.0,
              -19.196675900277
            ],
            [
              0.0,
              -19.695290858725755
            ],
            [
              0.0,
              -20.193905817174524
            ],
            [
              0.0,
              -20.692520775623265
            ],
            [
              0.0,
              -21.19113573407202
            ],
            [
              0.0,
              -21.689750692520775
            ],
            [
              0.0,
              -22.18836565096953
            ],
            [
              0.0,
              -22.686980609418285
            ],
            [
              0.0,
              -23.18559556786704
            ],
            [
              0.0,
              -23.68421052631578
            ],
            [
              0.0,
              -24.18282548476455
            ],
            [
              0.0,
              -24.681440443213305
            ],
            [
              0.0,
              -25.180055401662045
            ],
            [
              0.0,
              -25.6786703601108
            ],
            [
              0.0,
              -26.17728531855957
            ],
            [
              0.0,
              -26.67590027700831
            ],
            [
              0.0,
              -27.174515235457065
            ],
            [
              0.0,
              -27.67313019390582
            ],
            [
              0.0,
              -28.17174515235456
            ],
            [
              0.0,
              -28.67036011080333
            ],
            [
              0.0,
              -29.168975069252085
            ],
            [
              0.0,
              -29.667590027700825
            ],
            [
              0.0,
              -30.16620498614958
            ],
            [
              0.0,
              -30.66481994459835
            ],
            [
              0.0,
              -31.16343490304709
            ],
            [
              0.0,
              -31.662049861495845
            ],
            [
              0.0,
              -32.160664819944586
            ],
            [
              0.0,
              -32.659279778393355
            ],
            [
              0.0,
              -33.15789473684211
            ],
            [
              0.0,
              -33.65650969529085
            ],
            [
              0.0,
              -34.155124653739605
            ],
            [
              0.0,
              -34.653739612188375
            ],
            [
              0.0,
              -35.15235457063713
            ],
            [
              0.0,
              -35.65096952908587
            ],
            [
              0.0,
              -36.149584487534625
            ],
            [
              0.0,
              -36.648199445983394
            ],
            [
              0.0,
              -37.146814404432135
            ],
            [
              0.0,
              -37.64542936288089
            ],
            [
              0.0,
              -38.14404432132963
            ],
            [
              0.0,
              -38.64265927977837
            ],
            [
              0.0,
              -39.14127423822714
            ],
            [
              0.0,
              -39.63988919667591
            ],
            [
              0.0,
              -40.13850415512465
            ],
            [
              0.0,
              -40.63711911357339
            ],
            [
              0.0,
              -41.13573407202216
            ],
            [
              0.0,
              -41.63434903047093
            ],
            [
              0.0,
              -42.13296398891967
            ],
            [
              0.0,
              -42.63157894736841
            ],
            [
              0.0,
              -43.13019390581718
            ],
            [
              0.0,
              -43.62880886426592
            ],
            [
              0.0,
              -44.12742382271469
            ],
            [
              0.0,
              -44.62603878116343
            ],
            [
              0.0,
              -45.1246537396122
            ],
            [
              0.0,
              -45.62326869806094
            ],
            [
              0.0,
              -46.12188365650968
            ],
            [
              0.0,
              -46.62049861495845
            ],
            [
              0.0,
              -47.11911357340722
            ],
            [
              0.0,
              -47.61772853185596
            ],
            [
              0.0,
              -48.1163434903047
            ],
            [
              0.0,
              -48.61495844875347
            ],
            [
              0.0,
              -49.11357340720221
            ],
            [
              0.0,
              -49.61218836565098
            ],
            [
              0.0,
              -50.11080332409972
            ],
            [
              0.0,
              -50.60941828254846
            ],
            [
              0.0,
              -51.10803324099723
            ],
            [
              0.0,
              -51.606648199446
            ],
            [
              0.0,
              -52.10526315789474
            ],
            [
              0.0,
              -52.60387811634348
            ],
            [
              0.0,
              -53.10249307479225
            ],
            [
              0.0,
              -53.60110803324102
            ],
            [
              0.0,
              -54.09972299168976
            ],
            [
              0.0,
              -54.5983379501385
            ],
            [
              0.0,
              -55.09695290858724
            ],
            [
              0.0,
              -55.59556786703601
            ],
            [
              0.0,
              -56.09418282548478
            ],
            [
              0.0,
              -56.59279778393352
            ],
            [
              0.0,
              -57.09141274238226
            ],
            [
              0.0,
              -57.59002770083103
            ],
            [
              0.0,
              -58.08864265927977
            ],
            [
              0.0,
              -58.58725761772854
            ],
            [
              0.0,
              -59.08587257617728
            ],
            [
              0.0,
              -59.58448753462602
            ],
            [
              0.0,
              -60.08310249307479
            ],
            [
              0.0,
              -60.58171745152356
            ],
            [
              0.0,
              -61.0803324099723
            ],
            [
              0.0,
              -61.57894736842104
            ],
            [
              0.0,
              -62.07756232686981
            ],
            [
              0.0,
              -62.57617728531855
            ],
            [
              0.0,
              -63.07479224376732
            ],
            [
              0.0,
              -63.57340720221606
            ],
            [
              0.0,
              -64.07202216066483
            ],
            [
              0.0,
              -64.57063711911357
            ],
            [
              0.0,
              -65.06925207756234
            ],
            [
              0.0,
              -65.56786703601108
            ],
            [
              0.0,
              -66.06648199445985
            ],
            [
              0.0,
              -66.56509695290859
            ],
            [
              0.0,
              -67.06371191135733
            ],
            [
              0.0,
              -67.5623268698061
            ],
            [
              0.0,
              -68.06094182825487
            ],
            [
              0.0,
              -68.55955678670361
            ],
            [
              0.0,
              -69.05817174515235
            ],
            [
              0.0,
              -69.55678670360109
            ],
            [
              0.0,
              -70.05540166204986
            ],
            [
              0.0,
              -70.55401662049863
            ],
            [
              0.0,
              -71.05263157894737
            ],
            [
              0.0,
              -71.55124653739611
            ],
            [
              0.0,
              -72.04986149584488
            ],
            [
              0.0,
              -72.54847645429365
            ],
            [
              0.0,
              -73.04709141274239
            ],
            [
              0.0,
              -73.54570637119113
            ],
            [
              0.0,
              -74.04432132963987
            ],
            [
              0.0,
              -74.54293628808864
            ],
            [
              0.0,
              -75.04155124653741
            ],
            [
              0.0,
              -75.54016620498615
            ],
            [
              0.0,
              -76.03878116343489
            ],
            [
              0.0,
              -76.53739612188366
            ],
            [
              0.0,
              -77.0360110803324
            ],
            [
              0.0,
              -77.53462603878117
            ],
            [
              0.0,
              -78.03324099722991
            ],
            [
              0.0,
              -78.53185595567868
            ],
            [
              0.0,
              -79.03047091412742
            ],
            [
              0.0,
              -79.52908587257619
            ],
            [
              0.0,
              -80.02770083102493
            ],
            [
              0.0,
              -80.52631578947367
            ],
            [
              0.0,
              -81.02493074792244
            ],
            [
              0.0,
              -81.52354570637118
            ],
            [
              0.0,
              -82.02216066481995
            ],
            [
              0.0,
              -82.52077562326869
            ],
            [
              0.0,
              -83.01939058171746
            ],
            [
              0.0,
              -83.5180055401662
            ],
            [
              0.0,
              -84.01662049861497
            ],
            [
              0.0,
              -84.51523545706371
            ],
            [
              0.0,
              -85.01385041551248
            ],
            [
              0.0,
              -85.51246537396122
            ],
            [
              0.0,
              -86.01108033240996
            ],
            [
              0.0,
              -86.50969529085873
            ],
            [
              0.0,
              -87.0083102493075
            ],
            [
              0.0,
              -87.50692520775624
            ],
            [
              0.0,
              -88.00554016620498
            ],
            [
              0.0,
              -88.50415512465372
            ],
            [
              0.0,
              -89.00277008310249
            ],
            [
              0.0,
              -89.50138504155126
            ],
            [
              0.0,
              -90.0
            ]
          ]
        ]
      }
    }
  ]
}