{
  "type": "FeatureCollection",
  "name": "sql_statement",
  "crs": {
    "type": "name",
    "properties": {
      "name": "urn:ogc:def:crs:OGC:1.3:CRS84"
    }
  },
  "features": [
    {
      "type": "Feature",
      "properties": {
        "uuid": "f84168f5-f992-4b45-9a07-0cda58aaa870",
        "layer_id": "srf_nat_lake_islands_pg",
        "timeframe": null,
        "feature_class": "Lake island",
        "feature_rank": 4,
        "is_visible": true,
        "is_labeled": true,
        "needs_review": false,
        "review_notes": null,
        "img_url": null,
        "last_edited": "2026-07-22",
        "last_editor": "postgres",
        "name_en": null,
        "name_ru": null,
        "name_abb_en": null,
        "name_abb_ru": null,
        "label_en": null,
        "label_ru": null,
        "descr_en": null,
        "descr_ru": null,
        "descr_html_en": null,
        "descr_html_ru": null,
        "url_en": null,
        "url_ru": null,
        "source_name": "TSR FRIA 2e",
        "source_url": "https://www.profantasy.com/fratlas/fratlashome.htm",
        "dnd_editions_str": "2e, 3e, 5e",
        "feature_levels_str": null,
        "extra_str": null,
        "location_en": "central Faerûn",
        "name_alt_en_str": null,
        "location_ru": "центральный Фаэрун",
        "name_alt_ru_str": null,
        "geog_extent_area_sq_km": 204.0,
        "geog_extent_area_sq_miles": 79.0,
        "geog_extent_perimeter_km": 55.0,
        "geog_extent_perimeter_miles": 34.0,
        "geog_extent_centroid_md": "36° 03′ 38″ N 003° 07′ 25″ E",
        "geog_extent_centroid_fria": "36° 03′ 38″ N 050° 21′ 27″ W",
        "geog_extent_length_km": null,
        "geog_extent_length_miles": null,
        "geog_extent_bbox_md": {
          "east": 3.222819521858,
          "west": 3.022070371679,
          "north": 36.14313130197499,
          "south": 35.98165915944034
        },
        "geog_extent_bbox_fria": {
          "east": -50.25868196613251,
          "west": -50.45943111631072,
          "north": 36.14313130197499,
          "south": 35.98165915944034
        },
        "name_it": null,
        "name_abb_it": null,
        "label_it": null,
        "descr_it": null,
        "descr_html_it": null,
        "url_it": null,
        "location_it": "Faerûn centrale",
        "name_alt_it_str": null,
        "topical_tags": "",
        "related_location_tags": "",
        "related_cultures_tags": "",
        "related_factions_tags": ""
      },
      "geometry": {
        "type": "MultiPolygon",
        "coordinates": [
          [
            [
              [
                -50.29577691779587,
                36.1344030780542
              ],
              [
                -50.25868196613251,
                36.07330551060865
              ],
              [
                -50.28268458191468,
                36.038392614925485
              ],
              [
                -50.31977953357805,
                36.0187541111037
              ],
              [
                -50.35687448524141,
                35.98602327140073
              ],
              [
                -50.422336164647355,
                35.98165915944034
              ],
              [
                -50.45943111631072,
                36.016572055123504
              ],
              [
                -50.435428500528545,
                36.047120838846276
              ],
              [
                -50.431064388568146,
                36.068941398648256
              ],
              [
                -50.404879716805766,
                36.09512607041063
              ],
              [
                -50.39615149288498,
                36.12131074217301
              ],
              [
                -50.36342065318201,
                36.13658513403439
              ],
              [
                -50.33287186945924,
                36.14313130197499
              ],
              [
                -50.29577691779587,
                36.1344030780542
              ]
            ]
          ]
        ]
      }
    },
    {
      "type": "Feature",
      "properties": {
        "uuid": "e07dc10b-9280-48b5-b6cf-e35648ec9045",
        "layer_id": "srf_nat_lake_islands_pg",
        "timeframe": null,
        "feature_class": "Lake island",
        "feature_rank": 4,
        "is_visible": true,
        "is_labeled": true,
        "needs_review": false,
        "review_notes": null,
        "img_url": null,
        "last_edited": "2026-07-22",
        "last_editor": "postgres",
        "name_en": null,
        "name_ru": null,
        "name_abb_en": null,
        "name_abb_ru": null,
        "label_en": null,
        "label_ru": null,
        "descr_en": null,
        "descr_ru": null,
        "descr_html_en": null,
        "descr_html_ru": null,
        "url_en": null,
        "url_ru": null,
        "source_name": "TSR FRIA 2e",
        "source_url": "https://www.profantasy.com/fratlas/fratlashome.htm",
        "dnd_editions_str": "2e, 3e, 5e",
        "feature_levels_str": null,
        "extra_str": null,
        "location_en": "central Faerûn",
        "name_alt_en_str": null,
        "location_ru": "центральный Фаэрун",
        "name_alt_ru_str": null,
        "geog_extent_area_sq_km": 209.0,
        "geog_extent_area_sq_miles": 81.0,
        "geog_extent_perimeter_km": 58.0,
        "geog_extent_perimeter_miles": 36.0,
        "geog_extent_centroid_md": "35° 42′ 55″ N 002° 47′ 21″ E",
        "geog_extent_centroid_fria": "35° 42′ 55″ N 050° 41′ 31″ W",
        "geog_extent_length_km": null,
        "geog_extent_length_miles": null,
        "geog_extent_bbox_md": {
          "east": 2.895511124828,
          "west": 2.653302911026,
          "north": 35.78091000926212,
          "south": 35.658714874371036
        },
        "geog_extent_bbox_fria": {
          "east": -50.5859903631622,
          "west": -50.828198576964176,
          "north": 35.78091000926212,
          "south": 35.658714874371036
        },
        "name_it": null,
        "name_abb_it": null,
        "label_it": null,
        "descr_it": null,
        "descr_html_it": null,
        "url_it": null,
        "location_it": "Faerûn centrale",
        "name_alt_it_str": null,
        "topical_tags": "",
        "related_location_tags": "",
        "related_cultures_tags": "",
        "related_factions_tags": ""
      },
      "geometry": {
        "type": "MultiPolygon",
        "coordinates": [
          [
            [
              [
                -50.594718587082994,
                35.75472533749975
              ],
              [
                -50.5859903631622,
                35.72417655377697
              ],
              [
                -50.599082699043386,
                35.671807210252226
              ],
              [
                -50.65145204256814,
                35.658714874371036
              ],
              [
                -50.70382138609289,
                35.660896930351235
              ],
              [
                -50.73000605785527,
                35.673989266232425
              ],
              [
                -50.812924185102794,
                35.678353378192824
              ],
              [
                -50.828198576964176,
                35.68926365809381
              ],
              [
                -50.826016520983984,
                35.70672010593539
              ],
              [
                -50.808560073142395,
                35.72854066573737
              ],
              [
                -50.778011289419624,
                35.73508683367797
              ],
              [
                -50.72127783393448,
                35.76563561740073
              ],
              [
                -50.64490587462755,
                35.78091000926212
              ],
              [
                -50.612175034924576,
                35.76999972936113
              ],
              [
                -50.594718587082994,
                35.75472533749975
              ]
            ]
          ]
        ]
      }
    },
    {
      "type": "Feature",
      "properties": {
        "uuid": "1521ea3a-1ba8-44a3-970c-428b02bf8237",
        "layer_id": "srf_nat_lake_islands_pg",
        "timeframe": null,
        "feature_class": "Lake island",
        "feature_rank": 5,
        "is_visible": true,
        "is_labeled": true,
        "needs_review": false,
        "review_notes": null,
        "img_url": null,
        "last_edited": "2026-07-22",
        "last_editor": "postgres",
        "name_en": null,
        "name_ru": null,
        "name_abb_en": null,
        "name_abb_ru": null,
        "label_en": null,
        "label_ru": null,
        "descr_en": null,
        "descr_ru": null,
        "descr_html_en": null,
        "descr_html_ru": null,
        "url_en": null,
        "url_ru": null,
        "source_name": "TSR FRIA 2e",
        "source_url": "https://www.profantasy.com/fratlas/fratlashome.htm",
        "dnd_editions_str": "2e, 3e, 5e",
        "feature_levels_str": null,
        "extra_str": null,
        "location_en": "central Faerûn",
        "name_alt_en_str": null,
        "location_ru": "центральный Фаэрун",
        "name_alt_ru_str": null,
        "geog_extent_area_sq_km": 50.0,
        "geog_extent_area_sq_miles": 19.0,
        "geog_extent_perimeter_km": 26.0,
        "geog_extent_perimeter_miles": 16.0,
        "geog_extent_centroid_md": "33° 50′ 28″ N 007° 21′ 54″ E",
        "geog_extent_centroid_fria": "33° 50′ 28″ N 046° 06′ 58″ W",
        "geog_extent_length_km": null,
        "geog_extent_length_miles": null,
        "geog_extent_bbox_md": {
          "east": 7.414549059818,
          "west": 7.316356540709,
          "north": 33.871611026588894,
          "south": 33.80833140316315
        },
        "geog_extent_bbox_fria": {
          "east": -46.06695242817219,
          "west": -46.1651449472811,
          "north": 33.871611026588894,
          "south": 33.80833140316315
        },
        "name_it": null,
        "name_abb_it": null,
        "label_it": null,
        "descr_it": null,
        "descr_html_it": null,
        "url_it": null,
        "location_it": "Faerûn centrale",
        "name_alt_it_str": null,
        "topical_tags": "",
        "related_location_tags": "",
        "related_cultures_tags": "",
        "related_factions_tags": ""
      },
      "geometry": {
        "type": "MultiPolygon",
        "coordinates": [
          [
            [
              [
                -46.06695242817219,
                33.82578785100473
              ],
              [
                -46.09095504395437,
                33.80833140316315
              ],
              [
                -46.15641672336031,
                33.81924168306414
              ],
              [
                -46.1651449472811,
                33.843244298846315
              ],
              [
                -46.16078083532071,
                33.860700746687904
              ],
              [
                -46.13896027551873,
                33.871611026588894
              ],
              [
                -46.095319155914765,
                33.871611026588894
              ],
              [
                -46.075680652092984,
                33.85633663472751
              ],
              [
                -46.06695242817219,
                33.82578785100473
              ]
            ]
          ]
        ]
      }
    },
    {
      "type": "Feature",
      "properties": {
        "uuid": "1ac13d0d-5462-4170-9426-3cfe2273ee38",
        "layer_id": "srf_nat_lake_islands_pg",
        "timeframe": null,
        "feature_class": "Lake island",
        "feature_rank": 4,
        "is_visible": true,
        "is_labeled": true,
        "needs_review": false,
        "review_notes": null,
        "img_url": null,
        "last_edited": "2026-07-22",
        "last_editor": "postgres",
        "name_en": null,
        "name_ru": null,
        "name_abb_en": null,
        "name_abb_ru": null,
        "label_en": null,
        "label_ru": null,
        "descr_en": null,
        "descr_ru": null,
        "descr_html_en": null,
        "descr_html_ru": null,
        "url_en": null,
        "url_ru": null,
        "source_name": "TSR FRIA 2e",
        "source_url": "https://www.profantasy.com/fratlas/fratlashome.htm",
        "dnd_editions_str": "2e, 3e, 5e",
        "feature_levels_str": null,
        "extra_str": null,
        "location_en": "central Faerûn",
        "name_alt_en_str": null,
        "location_ru": "центральный Фаэрун",
        "name_alt_ru_str": null,
        "geog_extent_area_sq_km": 304.0,
        "geog_extent_area_sq_miles": 117.0,
        "geog_extent_perimeter_km": 64.0,
        "geog_extent_perimeter_miles": 40.0,
        "geog_extent_centroid_md": "32° 17′ 20″ N 006° 01′ 09″ E",
        "geog_extent_centroid_fria": "32° 17′ 20″ N 047° 27′ 43″ W",
        "geog_extent_length_km": null,
        "geog_extent_length_miles": null,
        "geog_extent_bbox_md": {
          "east": 6.127136031501,
          "west": 5.908930433481,
          "north": 32.38126679211368,
          "south": 32.20670231369784
        },
        "geog_extent_bbox_fria": {
          "east": -47.354365456489,
          "west": -47.5725710545088,
          "north": 32.38126679211368,
          "south": 32.20670231369784
        },
        "name_it": null,
        "name_abb_it": null,
        "label_it": null,
        "descr_it": null,
        "descr_html_it": null,
        "url_it": null,
        "location_it": "Faerûn centrale",
        "name_alt_it_str": null,
        "topical_tags": "",
        "related_location_tags": "",
        "related_cultures_tags": "",
        "related_factions_tags": ""
      },
      "geometry": {
        "type": "MultiPolygon",
        "coordinates": [
          [
            [
              [
                -47.37182190433058,
                32.3550821203513
              ],
              [
                -47.354365456489,
                32.320169224668135
              ],
              [
                -47.354365456489,
                32.26779988114338
              ],
              [
                -47.39146040815236,
                32.22634081751962
              ],
              [
                -47.50492731912266,
                32.20670231369784
              ],
              [
                -47.54856843872662,
                32.21761259359883
              ],
              [
                -47.5725710545088,
                32.23288698546021
              ],
              [
                -47.5725710545088,
                32.28089221702457
              ],
              [
                -47.563842830588,
                32.31144100074734
              ],
              [
                -47.53111199088504,
                32.344171840450315
              ],
              [
                -47.43073741579593,
                32.38126679211368
              ],
              [
                -47.37182190433058,
                32.3550821203513
              ]
            ]
          ]
        ]
      }
    },
    {
      "type": "Feature",
      "properties": {
        "uuid": "18f2543a-00d7-4ab4-afac-1587284bb0d4",
        "layer_id": "srf_nat_lake_islands_pg",
        "timeframe": null,
        "feature_class": "Lake island",
        "feature_rank": 5,
        "is_visible": true,
        "is_labeled": true,
        "needs_review": false,
        "review_notes": null,
        "img_url": null,
        "last_edited": "2026-07-22",
        "last_editor": "postgres",
        "name_en": null,
        "name_ru": null,
        "name_abb_en": null,
        "name_abb_ru": null,
        "label_en": null,
        "label_ru": null,
        "descr_en": null,
        "descr_ru": null,
        "descr_html_en": null,
        "descr_html_ru": null,
        "url_en": null,
        "url_ru": null,
        "source_name": "TSR FRIA 2e",
        "source_url": "https://www.profantasy.com/fratlas/fratlashome.htm",
        "dnd_editions_str": "2e, 3e, 5e",
        "feature_levels_str": null,
        "extra_str": null,
        "location_en": "central Faerûn",
        "name_alt_en_str": null,
        "location_ru": "центральный Фаэрун",
        "name_alt_ru_str": null,
        "geog_extent_area_sq_km": 102.0,
        "geog_extent_area_sq_miles": 40.0,
        "geog_extent_perimeter_km": 38.0,
        "geog_extent_perimeter_miles": 24.0,
        "geog_extent_centroid_md": "34° 29′ 27″ N 002° 59′ 02″ E",
        "geog_extent_centroid_fria": "34° 29′ 27″ N 050° 29′ 50″ W",
        "geog_extent_length_km": null,
        "geog_extent_length_miles": null,
        "geog_extent_bbox_md": {
          "east": 3.050437099422,
          "west": 2.910785516689,
          "north": 34.53932015652947,
          "south": 34.44767380536116
        },
        "geog_extent_bbox_fria": {
          "east": -50.431064388568146,
          "west": -50.570715971300814,
          "north": 34.53932015652947,
          "south": 34.44767380536116
        },
        "name_it": null,
        "name_abb_it": null,
        "label_it": null,
        "descr_it": null,
        "descr_html_it": null,
        "url_it": null,
        "location_it": "Faerûn centrale",
        "name_alt_it_str": null,
        "topical_tags": "",
        "related_location_tags": "",
        "related_cultures_tags": "",
        "related_factions_tags": ""
      },
      "geometry": {
        "type": "MultiPolygon",
        "coordinates": [
          [
            [
              [
                -50.431064388568146,
                34.506589316826506
              ],
              [
                -50.435428500528545,
                34.462948197222545
              ],
              [
                -50.47252345219191,
                34.44767380536116
              ],
              [
                -50.53362101963745,
                34.45203791732156
              ],
              [
                -50.570715971300814,
                34.462948197222545
              ],
              [
                -50.568533915320614,
                34.50222520486611
              ],
              [
                -50.49870812395428,
                34.53932015652947
              ],
              [
                -50.46815934023151,
                34.53932015652947
              ],
              [
                -50.44197466846913,
                34.52404576466809
              ],
              [
                -50.431064388568146,
                34.506589316826506
              ]
            ]
          ]
        ]
      }
    },
    {
      "type": "Feature",
      "properties": {
        "uuid": "23e67780-f86e-4f13-bb6e-56164682f48e",
        "layer_id": "srf_nat_lake_islands_pg",
        "timeframe": null,
        "feature_class": "Lake island",
        "feature_rank": 4,
        "is_visible": true,
        "is_labeled": true,
        "needs_review": false,
        "review_notes": null,
        "img_url": null,
        "last_edited": "2026-07-22",
        "last_editor": "postgres",
        "name_en": null,
        "name_ru": null,
        "name_abb_en": null,
        "name_abb_ru": null,
        "label_en": null,
        "label_ru": null,
        "descr_en": null,
        "descr_ru": null,
        "descr_html_en": null,
        "descr_html_ru": null,
        "url_en": null,
        "url_ru": null,
        "source_name": "TSR FRIA 2e",
        "source_url": "https://www.profantasy.com/fratlas/fratlashome.htm",
        "dnd_editions_str": "2e, 3e, 5e",
        "feature_levels_str": null,
        "extra_str": null,
        "location_en": "central Faerûn",
        "name_alt_en_str": null,
        "location_ru": "центральный Фаэрун",
        "name_alt_ru_str": null,
        "geog_extent_area_sq_km": 144.0,
        "geog_extent_area_sq_miles": 56.0,
        "geog_extent_perimeter_km": 46.0,
        "geog_extent_perimeter_miles": 29.0,
        "geog_extent_centroid_md": "35° 06′ 44″ N 003° 23′ 50″ E",
        "geog_extent_centroid_fria": "35° 06′ 44″ N 050° 05′ 02″ W",
        "geog_extent_length_km": null,
        "geog_extent_length_miles": null,
        "geog_extent_bbox_md": {
          "east": 3.491212407422,
          "west": 3.305737649105,
          "north": 35.1633881668661,
          "south": 35.06301359177699
        },
        "geog_extent_bbox_fria": {
          "east": -49.990289080568154,
          "west": -50.17576383888498,
          "north": 35.1633881668661,
          "south": 35.06301359177699
        },
        "name_it": null,
        "name_abb_it": null,
        "label_it": null,
        "descr_it": null,
        "descr_html_it": null,
        "url_it": null,
        "location_it": "Faerûn centrale",
        "name_alt_it_str": null,
        "topical_tags": "",
        "related_location_tags": "",
        "related_cultures_tags": "",
        "related_factions_tags": ""
      },
      "geometry": {
        "type": "MultiPolygon",
        "coordinates": [
          [
            [
              [
                -49.990289080568154,
                35.12629321520273
              ],
              [
                -49.996835248508745,
                35.106654711380955
              ],
              [
                -50.023019920271125,
                35.089198263539366
              ],
              [
                -50.044840480073105,
                35.084834151578974
              ],
              [
                -50.066661039875086,
                35.06301359177699
              ],
              [
                -50.16267150300379,
                35.06301359177699
              ],
              [
                -50.17576383888498,
                35.091380319519565
              ],
              [
                -50.16267150300379,
                35.12847527118293
              ],
              [
                -50.12775860732063,
                35.15029583098491
              ],
              [
                -50.07975337575627,
                35.1633881668661
              ],
              [
                -50.02738403223152,
                35.1633881668661
              ],
              [
                -49.994653192528546,
                35.14374966304432
              ],
              [
                -49.990289080568154,
                35.12629321520273
              ]
            ]
          ]
        ]
      }
    },
    {
      "type": "Feature",
      "properties": {
        "uuid": "ca9cd2c4-39e0-4b64-a39d-b99604b53c92",
        "layer_id": "srf_nat_lake_islands_pg",
        "timeframe": null,
        "feature_class": "Lake island",
        "feature_rank": 4,
        "is_visible": true,
        "is_labeled": true,
        "needs_review": false,
        "review_notes": null,
        "img_url": null,
        "last_edited": "2026-07-22",
        "last_editor": "postgres",
        "name_en": null,
        "name_ru": null,
        "name_abb_en": null,
        "name_abb_ru": null,
        "label_en": null,
        "label_ru": null,
        "descr_en": null,
        "descr_ru": null,
        "descr_html_en": null,
        "descr_html_ru": null,
        "url_en": null,
        "url_ru": null,
        "source_name": "TSR FRIA 2e",
        "source_url": "https://www.profantasy.com/fratlas/fratlashome.htm",
        "dnd_editions_str": "2e, 3e, 5e",
        "feature_levels_str": null,
        "extra_str": null,
        "location_en": "central Faerûn",
        "name_alt_en_str": null,
        "location_ru": "центральный Фаэрун",
        "name_alt_ru_str": null,
        "geog_extent_area_sq_km": 992.0,
        "geog_extent_area_sq_miles": 383.0,
        "geog_extent_perimeter_km": 122.0,
        "geog_extent_perimeter_miles": 76.0,
        "geog_extent_centroid_md": "32° 23′ 15″ N 005° 10′ 43″ E",
        "geog_extent_centroid_fria": "32° 23′ 15″ N 048° 18′ 09″ W",
        "geog_extent_length_km": null,
        "geog_extent_length_miles": null,
        "geog_extent_bbox_md": {
          "east": 5.422331949897,
          "west": 4.940097578273,
          "north": 32.520918374846346,
          "south": 32.21543053761863
        },
        "geog_extent_bbox_fria": {
          "east": -48.059169538092945,
          "west": -48.5414039097167,
          "north": 32.520918374846346,
          "south": 32.21543053761863
        },
        "name_it": null,
        "name_abb_it": null,
        "label_it": null,
        "descr_it": null,
        "descr_html_it": null,
        "url_it": null,
        "location_it": "Faerûn centrale",
        "name_alt_it_str": null,
        "topical_tags": "",
        "related_location_tags": "",
        "related_cultures_tags": "",
        "related_factions_tags": ""
      },
      "geometry": {
        "type": "MultiPolygon",
        "coordinates": [
          [
            [
              [
                -48.14863383328106,
                32.49473370308397
              ],
              [
                -48.08753626583552,
                32.4641849193612
              ],
              [
                -48.06571570603354,
                32.41617968779684
              ],
              [
                -48.059169538092945,
                32.38563090407408
              ],
              [
                -48.06571570603354,
                32.36817445623249
              ],
              [
                -48.1071747696573,
                32.33544361652952
              ],
              [
                -48.259918688271156,
                32.28307427300477
              ],
              [
                -48.277375136112745,
                32.248161377321594
              ],
              [
                -48.36029326336026,
                32.21543053761863
              ],
              [
                -48.39957027100383,
                32.248161377321594
              ],
              [
                -48.421390830805805,
                32.25688960124239
              ],
              [
                -48.447575502568185,
                32.30053072084635
              ],
              [
                -48.5414039097167,
                32.350718008390906
              ],
              [
                -48.5392218537365,
                32.38126679211368
              ],
              [
                -48.52831157383551,
                32.40308735191566
              ],
              [
                -48.46503195040977,
                32.47073108730179
              ],
              [
                -48.40393438296422,
                32.505643982984964
              ],
              [
                -48.29701363993453,
                32.520918374846346
              ],
              [
                -48.2119134567068,
                32.51437220690575
              ],
              [
                -48.14863383328106,
                32.49473370308397
              ]
            ]
          ]
        ]
      }
    },
    {
      "type": "Feature",
      "properties": {
        "uuid": "48fff20e-7552-49fc-ac60-def093b05408",
        "layer_id": "srf_nat_lake_islands_pg",
        "timeframe": null,
        "feature_class": "Lake island",
        "feature_rank": 4,
        "is_visible": true,
        "is_labeled": true,
        "needs_review": false,
        "review_notes": null,
        "img_url": null,
        "last_edited": "2026-07-22",
        "last_editor": "postgres",
        "name_en": null,
        "name_ru": null,
        "name_abb_en": null,
        "name_abb_ru": null,
        "label_en": null,
        "label_ru": null,
        "descr_en": null,
        "descr_ru": null,
        "descr_html_en": null,
        "descr_html_ru": null,
        "url_en": null,
        "url_ru": null,
        "source_name": "TSR FRIA 2e",
        "source_url": "https://www.profantasy.com/fratlas/fratlashome.htm",
        "dnd_editions_str": "2e, 3e, 5e",
        "feature_levels_str": null,
        "extra_str": null,
        "location_en": "central Faerûn",
        "name_alt_en_str": null,
        "location_ru": "центральный Фаэрун",
        "name_alt_ru_str": null,
        "geog_extent_area_sq_km": 113.0,
        "geog_extent_area_sq_miles": 44.0,
        "geog_extent_perimeter_km": 45.0,
        "geog_extent_perimeter_miles": 28.0,
        "geog_extent_centroid_md": "36° 19′ 53″ N 003° 25′ 37″ E",
        "geog_extent_centroid_fria": "36° 19′ 53″ N 050° 03′ 16″ W",
        "geog_extent_length_km": null,
        "geog_extent_length_miles": null,
        "geog_extent_bbox_md": {
          "east": 3.47593801556,
          "west": 3.373381384491,
          "north": 36.426798579400725,
          "south": 36.263144380885876
        },
        "geog_extent_bbox_fria": {
          "east": -50.00556347242954,
          "west": -50.10812010349885,
          "north": 36.426798579400725,
          "south": 36.263144380885876
        },
        "name_it": null,
        "name_abb_it": null,
        "label_it": null,
        "descr_it": null,
        "descr_html_it": null,
        "url_it": null,
        "location_it": "Faerûn centrale",
        "name_alt_it_str": null,
        "topical_tags": "",
        "related_location_tags": "",
        "related_cultures_tags": "",
        "related_factions_tags": ""
      },
      "geometry": {
        "type": "MultiPolygon",
        "coordinates": [
          [
            [
              [
                -50.029566088211716,
                36.413706243519535
              ],
              [
                -50.00556347242954,
                36.276236716767066
              ],
              [
                -50.009927584389935,
                36.265326436866076
              ],
              [
                -50.07538926379588,
                36.263144380885876
              ],
              [
                -50.08848159967707,
                36.27405466078687
              ],
              [
                -50.10812010349885,
                36.31333166843043
              ],
              [
                -50.10812010349885,
                36.33078811627202
              ],
              [
                -50.053568703993896,
                36.424616523420525
              ],
              [
                -50.044840480073105,
                36.426798579400725
              ],
              [
                -50.029566088211716,
                36.413706243519535
              ]
            ]
          ]
        ]
      }
    },
    {
      "type": "Feature",
      "properties": {
        "uuid": "a724892f-f085-40d3-803e-baec14e04c47",
        "layer_id": "srf_nat_lake_islands_pg",
        "timeframe": null,
        "feature_class": "Lake island",
        "feature_rank": 5,
        "is_visible": true,
        "is_labeled": true,
        "needs_review": false,
        "review_notes": null,
        "img_url": null,
        "last_edited": "2026-07-22",
        "last_editor": "postgres",
        "name_en": null,
        "name_ru": null,
        "name_abb_en": null,
        "name_abb_ru": null,
        "label_en": null,
        "label_ru": null,
        "descr_en": null,
        "descr_ru": null,
        "descr_html_en": null,
        "descr_html_ru": null,
        "url_en": null,
        "url_ru": null,
        "source_name": "TSR FRIA 2e",
        "source_url": "https://www.profantasy.com/fratlas/fratlashome.htm",
        "dnd_editions_str": "2e, 3e, 5e",
        "feature_levels_str": null,
        "extra_str": null,
        "location_en": "central Faerûn",
        "name_alt_en_str": null,
        "location_ru": "центральный Фаэрун",
        "name_alt_ru_str": null,
        "geog_extent_area_sq_km": 96.0,
        "geog_extent_area_sq_miles": 37.0,
        "geog_extent_perimeter_km": 36.0,
        "geog_extent_perimeter_miles": 23.0,
        "geog_extent_centroid_md": "34° 17′ 44″ N 006° 34′ 51″ E",
        "geog_extent_centroid_fria": "34° 17′ 44″ N 046° 54′ 01″ W",
        "geog_extent_length_km": null,
        "geog_extent_length_miles": null,
        "geog_extent_bbox_md": {
          "east": 6.644283298808,
          "west": 6.522088163917,
          "north": 34.34948128625225,
          "south": 34.251288767143336
        },
        "geog_extent_bbox_fria": {
          "east": -46.837218189182074,
          "west": -46.95941332407316,
          "north": 34.34948128625225,
          "south": 34.251288767143336
        },
        "name_it": null,
        "name_abb_it": null,
        "label_it": null,
        "descr_it": null,
        "descr_html_it": null,
        "url_it": null,
        "location_it": "Faerûn centrale",
        "name_alt_it_str": null,
        "topical_tags": "",
        "related_location_tags": "",
        "related_cultures_tags": "",
        "related_factions_tags": ""
      },
      "geometry": {
        "type": "MultiPolygon",
        "coordinates": [
          [
            [
              [
                -46.863402860944454,
                34.33420689439086
              ],
              [
                -46.837218189182074,
                34.273109326945324
              ],
              [
                -46.850310525063264,
                34.251288767143336
              ],
              [
                -46.93759276427119,
                34.251288767143336
              ],
              [
                -46.94850304417217,
                34.262199047044334
              ],
              [
                -46.95941332407316,
                34.314568390569086
              ],
              [
                -46.94195687623158,
                34.33857100635126
              ],
              [
                -46.896133700647425,
                34.34948128625225
              ],
              [
                -46.863402860944454,
                34.33420689439086
              ]
            ]
          ]
        ]
      }
    },
    {
      "type": "Feature",
      "properties": {
        "uuid": "3c805297-c0d1-413d-9385-63e476eb7bf0",
        "layer_id": "srf_nat_lake_islands_pg",
        "timeframe": null,
        "feature_class": "Lake island",
        "feature_rank": 5,
        "is_visible": true,
        "is_labeled": true,
        "needs_review": false,
        "review_notes": null,
        "img_url": null,
        "last_edited": "2026-07-22",
        "last_editor": "postgres",
        "name_en": null,
        "name_ru": null,
        "name_abb_en": null,
        "name_abb_ru": null,
        "label_en": null,
        "label_ru": null,
        "descr_en": null,
        "descr_ru": null,
        "descr_html_en": null,
        "descr_html_ru": null,
        "url_en": null,
        "url_ru": null,
        "source_name": "TSR FRIA 2e",
        "source_url": "https://www.profantasy.com/fratlas/fratlashome.htm",
        "dnd_editions_str": "2e, 3e, 5e",
        "feature_levels_str": null,
        "extra_str": null,
        "location_en": "eastern Faerûn → Mulhorand",
        "name_alt_en_str": null,
        "location_ru": "восточный Фаэрун → Мулхоранд",
        "name_alt_ru_str": null,
        "geog_extent_area_sq_km": 19.0,
        "geog_extent_area_sq_miles": 7.0,
        "geog_extent_perimeter_km": 18.0,
        "geog_extent_perimeter_miles": 11.0,
        "geog_extent_centroid_md": "29° 46′ 12″ N 028° 11′ 42″ E",
        "geog_extent_centroid_fria": "29° 46′ 12″ N 025° 17′ 10″ W",
        "geog_extent_length_km": null,
        "geog_extent_length_miles": null,
        "geog_extent_bbox_md": {
          "east": 28.226848326727,
          "west": 28.170372260319,
          "north": 29.799269099476945,
          "south": 29.747222528473298
        },
        "geog_extent_bbox_fria": {
          "east": -25.254653161262908,
          "west": -25.31112922767112,
          "north": 29.799269099476945,
          "south": 29.747222528473298
        },
        "name_it": null,
        "name_abb_it": null,
        "label_it": null,
        "descr_it": null,
        "descr_html_it": null,
        "url_it": null,
        "location_it": "Faerûn orientale → Mulhorand",
        "name_alt_it_str": null,
        "topical_tags": "",
        "related_location_tags": "",
        "related_cultures_tags": "",
        "related_factions_tags": ""
      },
      "geometry": {
        "type": "MultiPolygon",
        "coordinates": [
          [
            [
              [
                -25.305592358415414,
                29.799269099476945
              ],
              [
                -25.263512152072042,
                29.776014248602976
              ],
              [
                -25.254653161262908,
                29.75386677158015
              ],
              [
                -25.292303872201717,
                29.747222528473298
              ],
              [
                -25.31112922767112,
                29.77047737934727
              ],
              [
                -25.308914479968838,
                29.79483960407238
              ],
              [
                -25.305592358415414,
                29.799269099476945
              ]
            ]
          ]
        ]
      }
    },
    {
      "type": "Feature",
      "properties": {
        "uuid": "d24265a6-cd64-464f-8047-1437c86ea5d5",
        "layer_id": "srf_nat_lake_islands_pg",
        "timeframe": null,
        "feature_class": "Lake island",
        "feature_rank": 4,
        "is_visible": true,
        "is_labeled": true,
        "needs_review": false,
        "review_notes": null,
        "img_url": null,
        "last_edited": "2026-07-22",
        "last_editor": "postgres",
        "name_en": null,
        "name_ru": null,
        "name_abb_en": null,
        "name_abb_ru": null,
        "label_en": null,
        "label_ru": null,
        "descr_en": null,
        "descr_ru": null,
        "descr_html_en": null,
        "descr_html_ru": null,
        "url_en": null,
        "url_ru": null,
        "source_name": "TSR FRIA 2e",
        "source_url": "https://www.profantasy.com/fratlas/fratlashome.htm",
        "dnd_editions_str": "2e, 3e, 5e",
        "feature_levels_str": null,
        "extra_str": null,
        "location_en": "central Faerûn",
        "name_alt_en_str": null,
        "location_ru": "центральный Фаэрун",
        "name_alt_ru_str": null,
        "geog_extent_area_sq_km": 156.0,
        "geog_extent_area_sq_miles": 60.0,
        "geog_extent_perimeter_km": 48.0,
        "geog_extent_perimeter_miles": 30.0,
        "geog_extent_centroid_md": "34° 31′ 38″ N 002° 23′ 52″ E",
        "geog_extent_centroid_fria": "34° 31′ 38″ N 051° 05′ 00″ W",
        "geog_extent_length_km": null,
        "geog_extent_length_miles": null,
        "geog_extent_bbox_md": {
          "east": 2.47655637663,
          "west": 2.312902178115,
          "north": 34.59605361201462,
          "south": 34.471676421143336
        },
        "geog_extent_bbox_fria": {
          "east": -51.004945111360215,
          "west": -51.16859930987506,
          "north": 34.59605361201462,
          "south": 34.471676421143336
        },
        "name_it": null,
        "name_abb_it": null,
        "label_it": null,
        "descr_it": null,
        "descr_html_it": null,
        "url_it": null,
        "location_it": "Faerûn centrale",
        "name_alt_it_str": null,
        "topical_tags": "",
        "related_location_tags": "",
        "related_cultures_tags": "",
        "related_factions_tags": ""
      },
      "geometry": {
        "type": "MultiPolygon",
        "coordinates": [
          [
            [
              [
                -51.03985800704338,
                34.59605361201462
              ],
              [
                -51.004945111360215,
                34.52186370868789
              ],
              [
                -51.011491279300806,
                34.489132868984925
              ],
              [
                -51.026765671162195,
                34.47822258908393
              ],
              [
                -51.1227761342909,
                34.471676421143336
              ],
              [
                -51.16859930987506,
                34.484768757024526
              ],
              [
                -51.16859930987506,
                34.5153175407473
              ],
              [
                -51.1271402462513,
                34.56114071633145
              ],
              [
                -51.13586847017209,
                34.56986894025225
              ],
              [
                -51.10968379840972,
                34.58732538809383
              ],
              [
                -51.03985800704338,
                34.59605361201462
              ]
            ]
          ]
        ]
      }
    },
    {
      "type": "Feature",
      "properties": {
        "uuid": "c36e919b-c72d-427c-b3ed-02a63ab728eb",
        "layer_id": "srf_nat_lake_islands_pg",
        "timeframe": null,
        "feature_class": "Lake island",
        "feature_rank": 4,
        "is_visible": true,
        "is_labeled": true,
        "needs_review": false,
        "review_notes": null,
        "img_url": null,
        "last_edited": "2026-07-22",
        "last_editor": "postgres",
        "name_en": null,
        "name_ru": null,
        "name_abb_en": null,
        "name_abb_ru": null,
        "label_en": null,
        "label_ru": null,
        "descr_en": null,
        "descr_ru": null,
        "descr_html_en": null,
        "descr_html_ru": null,
        "url_en": null,
        "url_ru": null,
        "source_name": "TSR FRIA 2e",
        "source_url": "https://www.profantasy.com/fratlas/fratlashome.htm",
        "dnd_editions_str": "2e, 3e, 5e",
        "feature_levels_str": null,
        "extra_str": null,
        "location_en": "central Faerûn",
        "name_alt_en_str": null,
        "location_ru": "центральный Фаэрун",
        "name_alt_ru_str": null,
        "geog_extent_area_sq_km": 123.0,
        "geog_extent_area_sq_miles": 48.0,
        "geog_extent_perimeter_km": 42.0,
        "geog_extent_perimeter_miles": 26.0,
        "geog_extent_centroid_md": "34° 53′ 59″ N 006° 31′ 21″ E",
        "geog_extent_centroid_fria": "34° 53′ 59″ N 046° 57′ 32″ W",
        "geog_extent_length_km": null,
        "geog_extent_length_miles": null,
        "geog_extent_bbox_md": {
          "east": 6.583185731362,
          "west": 6.460990596471,
          "north": 34.96700312864827,
          "south": 34.829533601895804
        },
        "geog_extent_bbox_fria": {
          "east": -46.89831575662762,
          "west": -47.02051089151871,
          "north": 34.96700312864827,
          "south": 34.829533601895804
        },
        "name_it": null,
        "name_abb_it": null,
        "label_it": null,
        "descr_it": null,
        "descr_html_it": null,
        "url_it": null,
        "location_it": "Faerûn centrale",
        "name_alt_it_str": null,
        "topical_tags": "",
        "related_location_tags": "",
        "related_cultures_tags": "",
        "related_factions_tags": ""
      },
      "geometry": {
        "type": "MultiPolygon",
        "coordinates": [
          [
            [
              [
                -46.91359014848901,
                34.93863640090571
              ],
              [
                -46.89831575662762,
                34.89281322532155
              ],
              [
                -46.9201363164296,
                34.8382618258166
              ],
              [
                -46.94632098819197,
                34.829533601895804
              ],
              [
                -46.98996210779593,
                34.849172105717585
              ],
              [
                -47.009600611617714,
                34.868810609539366
              ],
              [
                -47.02051089151871,
                34.89281322532155
              ],
              [
                -46.99869033171673,
                34.96263901668789
              ],
              [
                -46.95068510015237,
                34.96700312864827
              ],
              [
                -46.91359014848901,
                34.93863640090571
              ]
            ]
          ]
        ]
      }
    },
    {
      "type": "Feature",
      "properties": {
        "uuid": "24566e86-9744-4414-a180-71542e7e1000",
        "layer_id": "srf_nat_lake_islands_pg",
        "timeframe": null,
        "feature_class": "Lake island",
        "feature_rank": 5,
        "is_visible": true,
        "is_labeled": true,
        "needs_review": false,
        "review_notes": null,
        "img_url": null,
        "last_edited": "2026-07-22",
        "last_editor": "postgres",
        "name_en": null,
        "name_ru": null,
        "name_abb_en": null,
        "name_abb_ru": null,
        "label_en": null,
        "label_ru": null,
        "descr_en": null,
        "descr_ru": null,
        "descr_html_en": null,
        "descr_html_ru": null,
        "url_en": null,
        "url_ru": null,
        "source_name": "TSR FRIA 2e",
        "source_url": "https://www.profantasy.com/fratlas/fratlashome.htm",
        "dnd_editions_str": "2e, 3e, 5e",
        "feature_levels_str": null,
        "extra_str": null,
        "location_en": "central Faerûn",
        "name_alt_en_str": null,
        "location_ru": "центральный Фаэрун",
        "name_alt_ru_str": null,
        "geog_extent_area_sq_km": 47.0,
        "geog_extent_area_sq_miles": 18.0,
        "geog_extent_perimeter_km": 27.0,
        "geog_extent_perimeter_miles": 17.0,
        "geog_extent_centroid_md": "35° 19′ 14″ N 004° 19′ 24″ E",
        "geog_extent_centroid_fria": "35° 19′ 14″ N 049° 09′ 28″ W",
        "geog_extent_length_km": null,
        "geog_extent_length_miles": null,
        "geog_extent_bbox_md": {
          "east": 4.366216855481,
          "west": 4.287662840194,
          "north": 35.3706834849849,
          "south": 35.27903713381659
        },
        "geog_extent_bbox_fria": {
          "east": -49.11528463250877,
          "west": -49.19383864779589,
          "north": 35.3706834849849,
          "south": 35.27903713381659
        },
        "name_it": null,
        "name_abb_it": null,
        "label_it": null,
        "descr_it": null,
        "descr_html_it": null,
        "url_it": null,
        "location_it": "Faerûn centrale",
        "name_alt_it_str": null,
        "topical_tags": "",
        "related_location_tags": "",
        "related_cultures_tags": "",
        "related_factions_tags": ""
      },
      "geometry": {
        "type": "MultiPolygon",
        "coordinates": [
          [
            [
              [
                -49.14365136025134,
                35.34449881322253
              ],
              [
                -49.12619491240976,
                35.34013470126213
              ],
              [
                -49.11528463250877,
                35.32267825342055
              ],
              [
                -49.13055902437015,
                35.287765357737385
              ],
              [
                -49.13928724829094,
                35.27903713381659
              ],
              [
                -49.1851104238751,
                35.29212946969778
              ],
              [
                -49.19383864779589,
                35.31831414146015
              ],
              [
                -49.19165659181569,
                35.34449881322253
              ],
              [
                -49.17420014397411,
                35.3706834849849
              ],
              [
                -49.14365136025134,
                35.34449881322253
              ]
            ]
          ]
        ]
      }
    },
    {
      "type": "Feature",
      "properties": {
        "uuid": "4a631fdf-a338-4018-b89d-ff77bc00e19e",
        "layer_id": "srf_nat_lake_islands_pg",
        "timeframe": null,
        "feature_class": "Lake island",
        "feature_rank": 5,
        "is_visible": true,
        "is_labeled": true,
        "needs_review": false,
        "review_notes": null,
        "img_url": null,
        "last_edited": "2026-07-22",
        "last_editor": "postgres",
        "name_en": null,
        "name_ru": null,
        "name_abb_en": null,
        "name_abb_ru": null,
        "label_en": null,
        "label_ru": null,
        "descr_en": null,
        "descr_ru": null,
        "descr_html_en": null,
        "descr_html_ru": null,
        "url_en": null,
        "url_ru": null,
        "source_name": "TSR FRIA 2e",
        "source_url": "https://www.profantasy.com/fratlas/fratlashome.htm",
        "dnd_editions_str": "2e, 3e, 5e",
        "feature_levels_str": null,
        "extra_str": null,
        "location_en": "central Faerûn",
        "name_alt_en_str": null,
        "location_ru": "центральный Фаэрун",
        "name_alt_ru_str": null,
        "geog_extent_area_sq_km": 77.0,
        "geog_extent_area_sq_miles": 30.0,
        "geog_extent_perimeter_km": 34.0,
        "geog_extent_perimeter_miles": 21.0,
        "geog_extent_centroid_md": "33° 17′ 06″ N 007° 31′ 20″ E",
        "geog_extent_centroid_fria": "33° 17′ 06″ N 045° 57′ 32″ W",
        "geog_extent_length_km": null,
        "geog_extent_length_miles": null,
        "geog_extent_bbox_md": {
          "east": 7.571657090392,
          "west": 7.469100459323,
          "north": 33.34137142340079,
          "south": 33.22790451243049
        },
        "geog_extent_bbox_fria": {
          "east": -45.90984439759794,
          "west": -46.01240102866724,
          "north": 33.34137142340079,
          "south": 33.22790451243049
        },
        "name_it": null,
        "name_abb_it": null,
        "label_it": null,
        "descr_it": null,
        "descr_html_it": null,
        "url_it": null,
        "location_it": "Faerûn centrale",
        "name_alt_it_str": null,
        "topical_tags": "",
        "related_location_tags": "",
        "related_cultures_tags": "",
        "related_factions_tags": ""
      },
      "geometry": {
        "type": "MultiPolygon",
        "coordinates": [
          [
            [
              [
                -45.918572621518734,
                33.306458527717616
              ],
              [
                -45.90984439759794,
                33.267181520074054
              ],
              [
                -45.922936733479126,
                33.23226862439088
              ],
              [
                -45.940393181320715,
                33.22790451243049
              ],
              [
                -45.9556675731821,
                33.23226862439088
              ],
              [
                -45.99494458082566,
                33.27154563203445
              ],
              [
                -46.01240102866724,
                33.308640583697816
              ],
              [
                -46.00803691670685,
                33.328279087519604
              ],
              [
                -45.98621635690486,
                33.34137142340079
              ],
              [
                -45.918572621518734,
                33.306458527717616
              ]
            ]
          ]
        ]
      }
    },
    {
      "type": "Feature",
      "properties": {
        "uuid": "1469d708-c1ff-4a7f-a92c-0ec934345ffe",
        "layer_id": "srf_nat_lake_islands_pg",
        "timeframe": null,
        "feature_class": "Lake island",
        "feature_rank": 5,
        "is_visible": true,
        "is_labeled": true,
        "needs_review": false,
        "review_notes": null,
        "img_url": null,
        "last_edited": "2026-07-22",
        "last_editor": "postgres",
        "name_en": null,
        "name_ru": null,
        "name_abb_en": null,
        "name_abb_ru": null,
        "label_en": null,
        "label_ru": null,
        "descr_en": null,
        "descr_ru": null,
        "descr_html_en": null,
        "descr_html_ru": null,
        "url_en": null,
        "url_ru": null,
        "source_name": "TSR FRIA 2e",
        "source_url": "https://www.profantasy.com/fratlas/fratlashome.htm",
        "dnd_editions_str": "2e, 3e, 5e",
        "feature_levels_str": null,
        "extra_str": null,
        "location_en": "central Faerûn",
        "name_alt_en_str": null,
        "location_ru": "центральный Фаэрун",
        "name_alt_ru_str": null,
        "geog_extent_area_sq_km": 94.0,
        "geog_extent_area_sq_miles": 36.0,
        "geog_extent_perimeter_km": 37.0,
        "geog_extent_perimeter_miles": 23.0,
        "geog_extent_centroid_md": "34° 45′ 10″ N 002° 42′ 35″ E",
        "geog_extent_centroid_fria": "34° 45′ 10″ N 050° 46′ 17″ W",
        "geog_extent_length_km": null,
        "geog_extent_length_miles": null,
        "geog_extent_bbox_md": {
          "east": 2.782044213857,
          "west": 2.633664407204,
          "north": 34.79462070621264,
          "south": 34.71170257896512
        },
        "geog_extent_bbox_fria": {
          "east": -50.6994572741325,
          "west": -50.84783708078596,
          "north": 34.79462070621264,
          "south": 34.71170257896512
        },
        "name_it": null,
        "name_abb_it": null,
        "label_it": null,
        "descr_it": null,
        "descr_html_it": null,
        "url_it": null,
        "location_it": "Faerûn centrale",
        "name_alt_it_str": null,
        "topical_tags": "",
        "related_location_tags": "",
        "related_cultures_tags": "",
        "related_factions_tags": ""
      },
      "geometry": {
        "type": "MultiPolygon",
        "coordinates": [
          [
            [
              [
                -50.71254961001368,
                34.77934631435126
              ],
              [
                -50.6994572741325,
                34.74879753062848
              ],
              [
                -50.70818549805328,
                34.7247949148463
              ],
              [
                -50.74964456167705,
                34.71170257896512
              ],
              [
                -50.799831849221604,
                34.71824874690571
              ],
              [
                -50.830380632944376,
                34.7313410827869
              ],
              [
                -50.841290912845366,
                34.73788725072749
              ],
              [
                -50.84783708078596,
                34.75970781052947
              ],
              [
                -50.83910885686517,
                34.77934631435126
              ],
              [
                -50.75837278559784,
                34.79462070621264
              ],
              [
                -50.71254961001368,
                34.77934631435126
              ]
            ]
          ]
        ]
      }
    },
    {
      "type": "Feature",
      "properties": {
        "uuid": "ee292aef-740d-465f-a8f9-229049cfb00b",
        "layer_id": "srf_nat_lake_islands_pg",
        "timeframe": null,
        "feature_class": "Lake island",
        "feature_rank": 5,
        "is_visible": true,
        "is_labeled": true,
        "needs_review": false,
        "review_notes": null,
        "img_url": null,
        "last_edited": "2026-07-22",
        "last_editor": "postgres",
        "name_en": null,
        "name_ru": null,
        "name_abb_en": null,
        "name_abb_ru": null,
        "label_en": null,
        "label_ru": null,
        "descr_en": null,
        "descr_ru": null,
        "descr_html_en": null,
        "descr_html_ru": null,
        "url_en": null,
        "url_ru": null,
        "source_name": "TSR FRIA 2e",
        "source_url": "https://www.profantasy.com/fratlas/fratlashome.htm",
        "dnd_editions_str": "2e, 3e, 5e",
        "feature_levels_str": null,
        "extra_str": null,
        "location_en": "central Faerûn",
        "name_alt_en_str": null,
        "location_ru": "центральный Фаэрун",
        "name_alt_ru_str": null,
        "geog_extent_area_sq_km": 31.0,
        "geog_extent_area_sq_miles": 12.0,
        "geog_extent_perimeter_km": 21.0,
        "geog_extent_perimeter_miles": 13.0,
        "geog_extent_centroid_md": "35° 04′ 45″ N 003° 59′ 24″ E",
        "geog_extent_centroid_fria": "35° 04′ 45″ N 049° 29′ 28″ W",
        "geog_extent_length_km": null,
        "geog_extent_length_miles": null,
        "geog_extent_bbox_md": {
          "east": 4.030180234531,
          "west": 3.945080051303,
          "north": 35.102290599420556,
          "south": 35.052103311875996
        },
        "geog_extent_bbox_fria": {
          "east": -49.451321253459255,
          "west": -49.53642143668698,
          "north": 35.102290599420556,
          "south": 35.052103311875996
        },
        "name_it": null,
        "name_abb_it": null,
        "label_it": null,
        "descr_it": null,
        "descr_html_it": null,
        "url_it": null,
        "location_it": "Faerûn centrale",
        "name_alt_it_str": null,
        "topical_tags": "",
        "related_location_tags": "",
        "related_cultures_tags": "",
        "related_factions_tags": ""
      },
      "geometry": {
        "type": "MultiPolygon",
        "coordinates": [
          [
            [
              [
                -49.47095975728104,
                35.052103311875996
              ],
              [
                -49.52987526874638,
                35.067377703737385
              ],
              [
                -49.53642143668698,
                35.08701620755917
              ],
              [
                -49.5080547089444,
                35.102290599420556
              ],
              [
                -49.46441358934044,
                35.100108543440356
              ],
              [
                -49.451321253459255,
                35.084834151578974
              ],
              [
                -49.453503309439455,
                35.069559759717585
              ],
              [
                -49.47095975728104,
                35.052103311875996
              ]
            ]
          ]
        ]
      }
    },
    {
      "type": "Feature",
      "properties": {
        "uuid": "2a81f4e5-0ac1-457a-9474-44842cc0a06a",
        "layer_id": "srf_nat_lake_islands_pg",
        "timeframe": null,
        "feature_class": "Lake island",
        "feature_rank": 5,
        "is_visible": true,
        "is_labeled": true,
        "needs_review": false,
        "review_notes": null,
        "img_url": null,
        "last_edited": "2026-07-22",
        "last_editor": "postgres",
        "name_en": null,
        "name_ru": null,
        "name_abb_en": null,
        "name_abb_ru": null,
        "label_en": null,
        "label_ru": null,
        "descr_en": null,
        "descr_ru": null,
        "descr_html_en": null,
        "descr_html_ru": null,
        "url_en": null,
        "url_ru": null,
        "source_name": "TSR FRIA 2e",
        "source_url": "https://www.profantasy.com/fratlas/fratlashome.htm",
        "dnd_editions_str": "2e, 3e, 5e",
        "feature_levels_str": null,
        "extra_str": null,
        "location_en": "central Faerûn",
        "name_alt_en_str": null,
        "location_ru": "центральный Фаэрун",
        "name_alt_ru_str": null,
        "geog_extent_area_sq_km": 63.0,
        "geog_extent_area_sq_miles": 24.0,
        "geog_extent_perimeter_km": 31.0,
        "geog_extent_perimeter_miles": 19.0,
        "geog_extent_centroid_md": "35° 16′ 12″ N 004° 39′ 55″ E",
        "geog_extent_centroid_fria": "35° 16′ 12″ N 048° 48′ 57″ W",
        "geog_extent_length_km": null,
        "geog_extent_length_miles": null,
        "geog_extent_bbox_md": {
          "east": 4.719709924273,
          "west": 4.619335349184,
          "north": 35.31831414146015,
          "south": 35.233213958232426
        },
        "geog_extent_bbox_fria": {
          "east": -48.76179156371669,
          "west": -48.8621661388058,
          "north": 35.31831414146015,
          "south": 35.233213958232426
        },
        "name_it": null,
        "name_abb_it": null,
        "label_it": null,
        "descr_it": null,
        "descr_html_it": null,
        "url_it": null,
        "location_it": "Faerûn centrale",
        "name_alt_it_str": null,
        "topical_tags": "",
        "related_location_tags": "",
        "related_cultures_tags": "",
        "related_factions_tags": ""
      },
      "geometry": {
        "type": "MultiPolygon",
        "coordinates": [
          [
            [
              [
                -48.77706595557808,
                35.29212946969778
              ],
              [
                -48.76179156371669,
                35.24630629411362
              ],
              [
                -48.76615567567708,
                35.239760126173024
              ],
              [
                -48.77924801155827,
                35.233213958232426
              ],
              [
                -48.831617355083026,
                35.233213958232426
              ],
              [
                -48.857802026845405,
                35.250670406074015
              ],
              [
                -48.8621661388058,
                35.28776535773738
              ],
              [
                -48.855619970865206,
                35.31831414146015
              ],
              [
                -48.77706595557808,
                35.29212946969778
              ]
            ]
          ]
        ]
      }
    },
    {
      "type": "Feature",
      "properties": {
        "uuid": "caba111e-183f-455a-b122-e7437251cc87",
        "layer_id": "srf_nat_lake_islands_pg",
        "timeframe": null,
        "feature_class": "Lake island",
        "feature_rank": 4,
        "is_visible": true,
        "is_labeled": true,
        "needs_review": false,
        "review_notes": null,
        "img_url": null,
        "last_edited": "2026-07-22",
        "last_editor": "postgres",
        "name_en": null,
        "name_ru": null,
        "name_abb_en": null,
        "name_abb_ru": null,
        "label_en": null,
        "label_ru": null,
        "descr_en": null,
        "descr_ru": null,
        "descr_html_en": null,
        "descr_html_ru": null,
        "url_en": null,
        "url_ru": null,
        "source_name": "TSR FRIA 2e",
        "source_url": "https://www.profantasy.com/fratlas/fratlashome.htm",
        "dnd_editions_str": "2e, 3e, 5e",
        "feature_levels_str": null,
        "extra_str": null,
        "location_en": "central Faerûn",
        "name_alt_en_str": null,
        "location_ru": "центральный Фаэрун",
        "name_alt_ru_str": null,
        "geog_extent_area_sq_km": 587.0,
        "geog_extent_area_sq_miles": 227.0,
        "geog_extent_perimeter_km": 106.0,
        "geog_extent_perimeter_miles": 66.0,
        "geog_extent_centroid_md": "36° 05′ 49″ N 003° 45′ 13″ E",
        "geog_extent_centroid_fria": "36° 05′ 49″ N 049° 43′ 39″ W",
        "geog_extent_length_km": null,
        "geog_extent_length_miles": null,
        "geog_extent_bbox_md": {
          "east": 3.881800427877,
          "west": 3.628681934174,
          "north": 36.269690548826475,
          "south": 35.88564869631163
        },
        "geog_extent_bbox_fria": {
          "east": -49.599701060112714,
          "west": -49.85281955381568,
          "north": 36.269690548826475,
          "south": 35.88564869631163
        },
        "name_it": null,
        "name_abb_it": null,
        "label_it": null,
        "descr_it": null,
        "descr_html_it": null,
        "url_it": null,
        "location_it": "Faerûn centrale",
        "name_alt_it_str": null,
        "topical_tags": "",
        "related_location_tags": "",
        "related_cultures_tags": "",
        "related_factions_tags": ""
      },
      "geometry": {
        "type": "MultiPolygon",
        "coordinates": [
          [
            [
              [
                -49.70880385912262,
                36.25878026892548
              ],
              [
                -49.66079862755826,
                36.21077503736113
              ],
              [
                -49.610611340013705,
                36.20422886942053
              ],
              [
                -49.599701060112714,
                36.17149802971756
              ],
              [
                -49.604065172073106,
                36.13876719001459
              ],
              [
                -49.634613955795885,
                36.09949018237103
              ],
              [
                -49.67607301941965,
                36.064577286687864
              ],
              [
                -49.658616571578065,
                35.98602327140073
              ],
              [
                -49.658616571578065,
                35.93801803983638
              ],
              [
                -49.67607301941965,
                35.911833368074
              ],
              [
                -49.71098591510281,
                35.88564869631163
              ],
              [
                -49.73935264284539,
                35.89655897621262
              ],
              [
                -49.75462703470677,
                35.911833368074
              ],
              [
                -49.77426553852855,
                35.97074887953934
              ],
              [
                -49.830998994013704,
                36.012207943163105
              ],
              [
                -49.85063749783548,
                36.042756726885884
              ],
              [
                -49.85281955381568,
                36.060213174727465
              ],
              [
                -49.793904042350334,
                36.247869989024494
              ],
              [
                -49.76117320264737,
                36.269690548826475
              ],
              [
                -49.70880385912262,
                36.25878026892548
              ]
            ]
          ]
        ]
      }
    },
    {
      "type": "Feature",
      "properties": {
        "uuid": "26730291-89ef-46d2-9a3b-bda713e4bb39",
        "layer_id": "srf_nat_lake_islands_pg",
        "timeframe": null,
        "feature_class": "Lake island",
        "feature_rank": 5,
        "is_visible": true,
        "is_labeled": true,
        "needs_review": false,
        "review_notes": null,
        "img_url": null,
        "last_edited": "2026-07-22",
        "last_editor": "postgres",
        "name_en": null,
        "name_ru": null,
        "name_abb_en": null,
        "name_abb_ru": null,
        "label_en": null,
        "label_ru": null,
        "descr_en": null,
        "descr_ru": null,
        "descr_html_en": null,
        "descr_html_ru": null,
        "url_en": null,
        "url_ru": null,
        "source_name": "TSR FRIA 2e",
        "source_url": "https://www.profantasy.com/fratlas/fratlashome.htm",
        "dnd_editions_str": "2e, 3e, 5e",
        "feature_levels_str": null,
        "extra_str": null,
        "location_en": "central Faerûn",
        "name_alt_en_str": null,
        "location_ru": "центральный Фаэрун",
        "name_alt_ru_str": null,
        "geog_extent_area_sq_km": 98.0,
        "geog_extent_area_sq_miles": 38.0,
        "geog_extent_perimeter_km": 56.0,
        "geog_extent_perimeter_miles": 35.0,
        "geog_extent_centroid_md": "33° 59′ 25″ N 004° 27′ 10″ E",
        "geog_extent_centroid_fria": "33° 59′ 25″ N 049° 01′ 43″ W",
        "geog_extent_length_km": null,
        "geog_extent_length_miles": null,
        "geog_extent_bbox_md": {
          "east": 4.486229934392,
          "west": 4.392401527244,
          "north": 34.087634568628495,
          "south": 33.878157194529486
        },
        "geog_extent_bbox_fria": {
          "east": -48.995271553597874,
          "west": -49.08909996074639,
          "north": 34.087634568628495,
          "south": 33.878157194529486
        },
        "name_it": null,
        "name_abb_it": null,
        "label_it": null,
        "descr_it": null,
        "descr_html_it": null,
        "url_it": null,
        "location_it": "Faerûn centrale",
        "name_alt_it_str": null,
        "topical_tags": "",
        "related_location_tags": "",
        "related_cultures_tags": "",
        "related_factions_tags": ""
      },
      "geometry": {
        "type": "MultiPolygon",
        "coordinates": [
          [
            [
              [
                -48.995271553597874,
                34.06144989686612
              ],
              [
                -49.038912673201835,
                34.03526522510374
              ],
              [
                -49.038912673201835,
                33.99598821746018
              ],
              [
                -49.02582033732065,
                33.96543943373741
              ],
              [
                -48.99963566555827,
                33.93925476197503
              ],
              [
                -48.99745360957807,
                33.90870597825226
              ],
              [
                -49.030184449281045,
                33.878157194529486
              ],
              [
                -49.062915288984016,
                33.915252146192856
              ],
              [
                -49.065097344964215,
                33.95234709785622
              ],
              [
                -49.08909996074639,
                34.01999083324236
              ],
              [
                -49.0803717368256,
                34.03526522510374
              ],
              [
                -49.052005009083025,
                34.052721672945324
              ],
              [
                -49.036730617221636,
                34.076724288727505
              ],
              [
                -49.01272800143946,
                34.087634568628495
              ],
              [
                -48.99745360957807,
                34.083270456668096
              ],
              [
                -48.995271553597874,
                34.06144989686612
              ]
            ]
          ]
        ]
      }
    },
    {
      "type": "Feature",
      "properties": {
        "uuid": "fa8719e7-1557-4659-b520-9c6270405b18",
        "layer_id": "srf_nat_lake_islands_pg",
        "timeframe": null,
        "feature_class": "Lake island",
        "feature_rank": 5,
        "is_visible": true,
        "is_labeled": true,
        "needs_review": false,
        "review_notes": null,
        "img_url": null,
        "last_edited": "2026-07-22",
        "last_editor": "postgres",
        "name_en": null,
        "name_ru": null,
        "name_abb_en": null,
        "name_abb_ru": null,
        "label_en": null,
        "label_ru": null,
        "descr_en": null,
        "descr_ru": null,
        "descr_html_en": null,
        "descr_html_ru": null,
        "url_en": null,
        "url_ru": null,
        "source_name": "TSR FRIA 2e",
        "source_url": "https://www.profantasy.com/fratlas/fratlashome.htm",
        "dnd_editions_str": "2e, 3e, 5e",
        "feature_levels_str": null,
        "extra_str": null,
        "location_en": "central Faerûn",
        "name_alt_en_str": null,
        "location_ru": "центральный Фаэрун",
        "name_alt_ru_str": null,
        "geog_extent_area_sq_km": 33.0,
        "geog_extent_area_sq_miles": 13.0,
        "geog_extent_perimeter_km": 22.0,
        "geog_extent_perimeter_miles": 14.0,
        "geog_extent_centroid_md": "30° 07′ 43″ N 004° 26′ 36″ E",
        "geog_extent_centroid_fria": "30° 07′ 43″ N 049° 02′ 16″ W",
        "geog_extent_length_km": null,
        "geog_extent_length_miles": null,
        "geog_extent_bbox_md": {
          "east": 4.486229934392,
          "west": 4.396765639204,
          "north": 30.15556969231174,
          "south": 30.105382404767184
        },
        "geog_extent_bbox_fria": {
          "east": -48.995271553597874,
          "west": -49.084735848785996,
          "north": 30.15556969231174,
          "south": 30.105382404767184
        },
        "name_it": null,
        "name_abb_it": null,
        "label_it": null,
        "descr_it": null,
        "descr_html_it": null,
        "url_it": null,
        "location_it": "Faerûn centrale",
        "name_alt_it_str": null,
        "topical_tags": "",
        "related_location_tags": "",
        "related_cultures_tags": "",
        "related_factions_tags": ""
      },
      "geometry": {
        "type": "MultiPolygon",
        "coordinates": [
          [
            [
              [
                -48.995271553597874,
                30.120656796628573
              ],
              [
                -49.01054594545926,
                30.105382404767184
              ],
              [
                -49.054187065063225,
                30.105382404767184
              ],
              [
                -49.084735848785996,
                30.135931188489955
              ],
              [
                -49.073825568885,
                30.146841468390946
              ],
              [
                -49.030184449281045,
                30.15556969231174
              ],
              [
                -48.99745360957807,
                30.131567076529564
              ],
              [
                -48.995271553597874,
                30.120656796628573
              ]
            ]
          ]
        ]
      }
    },
    {
      "type": "Feature",
      "properties": {
        "uuid": "4b53a3ce-cf57-4b6a-929f-8d1f0dd38e1e",
        "layer_id": "srf_nat_lake_islands_pg",
        "timeframe": null,
        "feature_class": "Lake island",
        "feature_rank": 5,
        "is_visible": true,
        "is_labeled": true,
        "needs_review": false,
        "review_notes": null,
        "img_url": null,
        "last_edited": "2026-07-22",
        "last_editor": "postgres",
        "name_en": null,
        "name_ru": null,
        "name_abb_en": null,
        "name_abb_ru": null,
        "label_en": null,
        "label_ru": null,
        "descr_en": null,
        "descr_ru": null,
        "descr_html_en": null,
        "descr_html_ru": null,
        "url_en": null,
        "url_ru": null,
        "source_name": "TSR FRIA 2e",
        "source_url": "https://www.profantasy.com/fratlas/fratlashome.htm",
        "dnd_editions_str": "2e, 3e, 5e",
        "feature_levels_str": null,
        "extra_str": null,
        "location_en": "central Faerûn",
        "name_alt_en_str": null,
        "location_ru": "центральный Фаэрун",
        "name_alt_ru_str": null,
        "geog_extent_area_sq_km": 48.0,
        "geog_extent_area_sq_miles": 19.0,
        "geog_extent_perimeter_km": 27.0,
        "geog_extent_perimeter_miles": 17.0,
        "geog_extent_centroid_md": "33° 35′ 05″ N 006° 50′ 35″ E",
        "geog_extent_centroid_fria": "33° 35′ 05″ N 046° 38′ 17″ W",
        "geog_extent_length_km": null,
        "geog_extent_length_miles": null,
        "geog_extent_bbox_md": {
          "east": 6.88430945663,
          "west": 6.792663105461,
          "north": 33.62940281278692,
          "south": 33.5486667415196
        },
        "geog_extent_bbox_fria": {
          "east": -46.5971920313603,
          "west": -46.688838382528616,
          "north": 33.62940281278692,
          "south": 33.5486667415196
        },
        "name_it": null,
        "name_abb_it": null,
        "label_it": null,
        "descr_it": null,
        "descr_html_it": null,
        "url_it": null,
        "location_it": "Faerûn centrale",
        "name_alt_it_str": null,
        "topical_tags": "",
        "related_location_tags": "",
        "related_cultures_tags": "",
        "related_factions_tags": ""
      },
      "geometry": {
        "type": "MultiPolygon",
        "coordinates": [
          [
            [
              [
                -46.61246642322169,
                33.55957702142058
              ],
              [
                -46.632104927043464,
                33.5486667415196
              ],
              [
                -46.66265371076624,
                33.5486667415196
              ],
              [
                -46.688838382528616,
                33.57703346926216
              ],
              [
                -46.64956137488505,
                33.61412842092553
              ],
              [
                -46.61028436724149,
                33.62940281278692
              ],
              [
                -46.5971920313603,
                33.59667197308394
              ],
              [
                -46.61246642322169,
                33.55957702142058
              ]
            ]
          ]
        ]
      }
    },
    {
      "type": "Feature",
      "properties": {
        "uuid": "4bed0b95-9e2a-4195-a4d4-6f31bafa18c1",
        "layer_id": "srf_nat_lake_islands_pg",
        "timeframe": null,
        "feature_class": "Lake island",
        "feature_rank": 5,
        "is_visible": true,
        "is_labeled": true,
        "needs_review": false,
        "review_notes": null,
        "img_url": null,
        "last_edited": "2026-07-22",
        "last_editor": "postgres",
        "name_en": null,
        "name_ru": null,
        "name_abb_en": null,
        "name_abb_ru": null,
        "label_en": null,
        "label_ru": null,
        "descr_en": null,
        "descr_ru": null,
        "descr_html_en": null,
        "descr_html_ru": null,
        "url_en": null,
        "url_ru": null,
        "source_name": "TSR FRIA 2e",
        "source_url": "https://www.profantasy.com/fratlas/fratlashome.htm",
        "dnd_editions_str": "2e, 3e, 5e",
        "feature_levels_str": null,
        "extra_str": null,
        "location_en": "eastern Faerûn → Mulhorand",
        "name_alt_en_str": null,
        "location_ru": "восточный Фаэрун → Мулхоранд",
        "name_alt_ru_str": null,
        "geog_extent_area_sq_km": 15.0,
        "geog_extent_area_sq_miles": 6.0,
        "geog_extent_perimeter_km": 16.0,
        "geog_extent_perimeter_miles": 10.0,
        "geog_extent_centroid_md": "29° 43′ 26″ N 028° 05′ 37″ E",
        "geog_extent_centroid_fria": "29° 43′ 26″ N 025° 23′ 16″ W",
        "geog_extent_length_km": null,
        "geog_extent_length_miles": null,
        "geog_extent_bbox_md": {
          "east": 28.110574072357,
          "west": 28.069601239865,
          "north": 29.750544650026722,
          "south": 29.69296120976737
        },
        "geog_extent_bbox_fria": {
          "east": -25.370927415632757,
          "west": -25.41190024812499,
          "north": 29.750544650026722,
          "south": 29.69296120976737
        },
        "name_it": null,
        "name_abb_it": null,
        "label_it": null,
        "descr_it": null,
        "descr_html_it": null,
        "url_it": null,
        "location_it": "Faerûn orientale → Mulhorand",
        "name_alt_it_str": null,
        "topical_tags": "",
        "related_location_tags": "",
        "related_cultures_tags": "",
        "related_factions_tags": ""
      },
      "geometry": {
        "type": "MultiPolygon",
        "coordinates": [
          [
            [
              [
                -25.370927415632757,
                29.717323434492478
              ],
              [
                -25.37978640644189,
                29.69296120976737
              ],
              [
                -25.41190024812499,
                29.720645556045902
              ],
              [
                -25.393074892655587,
                29.750544650026722
              ],
              [
                -25.3720347894839,
                29.743900406919874
              ],
              [
                -25.370927415632757,
                29.717323434492478
              ]
            ]
          ]
        ]
      }
    },
    {
      "type": "Feature",
      "properties": {
        "uuid": "ad801726-ed7c-4d30-9ae1-aebf6b736649",
        "layer_id": "srf_nat_lake_islands_pg",
        "timeframe": null,
        "feature_class": "Lake island",
        "feature_rank": 4,
        "is_visible": true,
        "is_labeled": true,
        "needs_review": false,
        "review_notes": null,
        "img_url": null,
        "last_edited": "2026-07-22",
        "last_editor": "postgres",
        "name_en": null,
        "name_ru": null,
        "name_abb_en": null,
        "name_abb_ru": null,
        "label_en": null,
        "label_ru": null,
        "descr_en": null,
        "descr_ru": null,
        "descr_html_en": null,
        "descr_html_ru": null,
        "url_en": null,
        "url_ru": null,
        "source_name": "TSR FRIA 2e",
        "source_url": "https://www.profantasy.com/fratlas/fratlashome.htm",
        "dnd_editions_str": "2e, 3e, 5e",
        "feature_levels_str": null,
        "extra_str": null,
        "location_en": "central Faerûn",
        "name_alt_en_str": null,
        "location_ru": "центральный Фаэрун",
        "name_alt_ru_str": null,
        "geog_extent_area_sq_km": 112.0,
        "geog_extent_area_sq_miles": 43.0,
        "geog_extent_perimeter_km": 42.0,
        "geog_extent_perimeter_miles": 26.0,
        "geog_extent_centroid_md": "35° 35′ 17″ N 003° 34′ 07″ E",
        "geog_extent_centroid_fria": "35° 35′ 17″ N 049° 54′ 45″ W",
        "geog_extent_length_km": null,
        "geog_extent_length_miles": null,
        "geog_extent_bbox_md": {
          "east": 3.650502493976,
          "west": 3.47593801556,
          "north": 35.641258426529454,
          "south": 35.54088385144035
        },
        "geog_extent_bbox_fria": {
          "east": -49.830998994013704,
          "west": -50.00556347242954,
          "north": 35.641258426529454,
          "south": 35.54088385144035
        },
        "name_it": null,
        "name_abb_it": null,
        "label_it": null,
        "descr_it": null,
        "descr_html_it": null,
        "url_it": null,
        "location_it": "Faerûn centrale",
        "name_alt_it_str": null,
        "topical_tags": "",
        "related_location_tags": "",
        "related_cultures_tags": "",
        "related_factions_tags": ""
      },
      "geometry": {
        "type": "MultiPolygon",
        "coordinates": [
          [
            [
              [
                -49.85063749783548,
                35.60634553084628
              ],
              [
                -49.8331810499939,
                35.5888890830047
              ],
              [
                -49.830998994013704,
                35.56925057918292
              ],
              [
                -49.846273385875094,
                35.54961207536114
              ],
              [
                -49.87682216959786,
                35.54088385144035
              ],
              [
                -49.98374291262756,
                35.56488646722252
              ],
              [
                -50.00556347242954,
                35.5910711389849
              ],
              [
                -49.999017304488945,
                35.60198141888589
              ],
              [
                -49.95755824086518,
                35.61943786672747
              ],
              [
                -49.9422838490038,
                35.641258426529454
              ],
              [
                -49.88773244949885,
                35.628166090648264
              ],
              [
                -49.88336833753845,
                35.61943786672747
              ],
              [
                -49.85063749783548,
                35.60634553084628
              ]
            ]
          ]
        ]
      }
    },
    {
      "type": "Feature",
      "properties": {
        "uuid": "9ceb1d55-acaa-43a5-a224-8a7eb1e2ed13",
        "layer_id": "srf_nat_lake_islands_pg",
        "timeframe": null,
        "feature_class": "Lake island",
        "feature_rank": 5,
        "is_visible": true,
        "is_labeled": true,
        "needs_review": false,
        "review_notes": null,
        "img_url": null,
        "last_edited": "2026-07-22",
        "last_editor": "postgres",
        "name_en": null,
        "name_ru": null,
        "name_abb_en": null,
        "name_abb_ru": null,
        "label_en": null,
        "label_ru": null,
        "descr_en": null,
        "descr_ru": null,
        "descr_html_en": null,
        "descr_html_ru": null,
        "url_en": null,
        "url_ru": null,
        "source_name": "TSR FRIA 2e",
        "source_url": "https://www.profantasy.com/fratlas/fratlashome.htm",
        "dnd_editions_str": "2e, 3e, 5e",
        "feature_levels_str": null,
        "extra_str": null,
        "location_en": "central Faerûn",
        "name_alt_en_str": null,
        "location_ru": "центральный Фаэрун",
        "name_alt_ru_str": null,
        "geog_extent_area_sq_km": 69.0,
        "geog_extent_area_sq_miles": 27.0,
        "geog_extent_perimeter_km": 32.0,
        "geog_extent_perimeter_miles": 20.0,
        "geog_extent_centroid_md": "33° 26′ 23″ N 007° 31′ 59″ E",
        "geog_extent_centroid_fria": "33° 26′ 23″ N 045° 56′ 53″ W",
        "geog_extent_length_km": null,
        "geog_extent_length_miles": null,
        "geog_extent_bbox_md": {
          "east": 7.593477650194,
          "west": 7.473464571283,
          "north": 33.476658894173056,
          "south": 33.40246899084633
        },
        "geog_extent_bbox_fria": {
          "east": -45.888023837795956,
          "west": -46.00803691670685,
          "north": 33.476658894173056,
          "south": 33.40246899084633
        },
        "name_it": null,
        "name_abb_it": null,
        "label_it": null,
        "descr_it": null,
        "descr_html_it": null,
        "url_it": null,
        "location_it": "Faerûn centrale",
        "name_alt_it_str": null,
        "topical_tags": "",
        "related_location_tags": "",
        "related_cultures_tags": "",
        "related_factions_tags": ""
      },
      "geometry": {
        "type": "MultiPolygon",
        "coordinates": [
          [
            [
              [
                -45.888023837795956,
                33.41992543868791
              ],
              [
                -45.894570005736554,
                33.40901515878693
              ],
              [
                -45.9447572932811,
                33.40246899084633
              ],
              [
                -45.99058046886526,
                33.41992543868791
              ],
              [
                -46.00585486072665,
                33.44174599848989
              ],
              [
                -46.00803691670685,
                33.459202446331474
              ],
              [
                -45.99930869278606,
                33.476658894173056
              ],
              [
                -45.903298229657345,
                33.46574861427207
              ],
              [
                -45.888023837795956,
                33.41992543868791
              ]
            ]
          ]
        ]
      }
    },
    {
      "type": "Feature",
      "properties": {
        "uuid": "4a2caefa-21bb-4a4b-8e84-874c26c2fea6",
        "layer_id": "srf_nat_lake_islands_pg",
        "timeframe": null,
        "feature_class": "Lake island",
        "feature_rank": 5,
        "is_visible": true,
        "is_labeled": true,
        "needs_review": false,
        "review_notes": null,
        "img_url": null,
        "last_edited": "2026-07-22",
        "last_editor": "postgres",
        "name_en": null,
        "name_ru": null,
        "name_abb_en": null,
        "name_abb_ru": null,
        "label_en": null,
        "label_ru": null,
        "descr_en": null,
        "descr_ru": null,
        "descr_html_en": null,
        "descr_html_ru": null,
        "url_en": null,
        "url_ru": null,
        "source_name": "TSR FRIA 2e",
        "source_url": "https://www.profantasy.com/fratlas/fratlashome.htm",
        "dnd_editions_str": "2e, 3e, 5e",
        "feature_levels_str": null,
        "extra_str": null,
        "location_en": "central Faerûn",
        "name_alt_en_str": null,
        "location_ru": "центральный Фаэрун",
        "name_alt_ru_str": null,
        "geog_extent_area_sq_km": 16.0,
        "geog_extent_area_sq_miles": 6.0,
        "geog_extent_perimeter_km": 15.0,
        "geog_extent_perimeter_miles": 10.0,
        "geog_extent_centroid_md": "33° 54′ 06″ N 006° 35′ 40″ E",
        "geog_extent_centroid_fria": "33° 54′ 06″ N 046° 53′ 12″ W",
        "geog_extent_length_km": null,
        "geog_extent_length_miles": null,
        "geog_extent_bbox_md": {
          "east": 6.622462739006,
          "west": 6.565729283521,
          "north": 33.926162426093846,
          "south": 33.882521306489885
        },
        "geog_extent_bbox_fria": {
          "east": -46.859038748984055,
          "west": -46.91577220446921,
          "north": 33.926162426093846,
          "south": 33.882521306489885
        },
        "name_it": null,
        "name_abb_it": null,
        "label_it": null,
        "descr_it": null,
        "descr_html_it": null,
        "url_it": null,
        "location_it": "Faerûn centrale",
        "name_alt_it_str": null,
        "topical_tags": "",
        "related_location_tags": "",
        "related_cultures_tags": "",
        "related_factions_tags": ""
      },
      "geometry": {
        "type": "MultiPolygon",
        "coordinates": [
          [
            [
              [
                -46.869949028885046,
                33.88688541845028
              ],
              [
                -46.891769588687026,
                33.882521306489885
              ],
              [
                -46.91577220446921,
                33.889067474430476
              ],
              [
                -46.904861924568216,
                33.913070090212656
              ],
              [
                -46.87867725280584,
                33.926162426093846
              ],
              [
                -46.859038748984055,
                33.902159810311666
              ],
              [
                -46.869949028885046,
                33.88688541845028
              ]
            ]
          ]
        ]
      }
    },
    {
      "type": "Feature",
      "properties": {
        "uuid": "4d4caeb7-100f-4125-85f4-ad77e465e332",
        "layer_id": "srf_nat_lake_islands_pg",
        "timeframe": null,
        "feature_class": "Lake island",
        "feature_rank": 5,
        "is_visible": true,
        "is_labeled": true,
        "needs_review": false,
        "review_notes": null,
        "img_url": null,
        "last_edited": "2026-07-22",
        "last_editor": "postgres",
        "name_en": null,
        "name_ru": null,
        "name_abb_en": null,
        "name_abb_ru": null,
        "label_en": null,
        "label_ru": null,
        "descr_en": null,
        "descr_ru": null,
        "descr_html_en": null,
        "descr_html_ru": null,
        "url_en": null,
        "url_ru": null,
        "source_name": "TSR FRIA 2e",
        "source_url": "https://www.profantasy.com/fratlas/fratlashome.htm",
        "dnd_editions_str": "2e, 3e, 5e",
        "feature_levels_str": null,
        "extra_str": null,
        "location_en": "central Faerûn",
        "name_alt_en_str": null,
        "location_ru": "центральный Фаэрун",
        "name_alt_ru_str": null,
        "geog_extent_area_sq_km": 80.0,
        "geog_extent_area_sq_miles": 31.0,
        "geog_extent_perimeter_km": 35.0,
        "geog_extent_perimeter_miles": 22.0,
        "geog_extent_centroid_md": "33° 56′ 32″ N 003° 31′ 08″ E",
        "geog_extent_centroid_fria": "33° 56′ 32″ N 049° 57′ 45″ W",
        "geog_extent_length_km": null,
        "geog_extent_length_miles": null,
        "geog_extent_bbox_md": {
          "east": 3.593769038491,
          "west": 3.441025119877,
          "north": 33.9785317696186,
          "south": 33.904341866291865
        },
        "geog_extent_bbox_fria": {
          "east": -49.88773244949885,
          "west": -50.04047636811271,
          "north": 33.9785317696186,
          "south": 33.904341866291865
        },
        "name_it": null,
        "name_abb_it": null,
        "label_it": null,
        "descr_it": null,
        "descr_html_it": null,
        "url_it": null,
        "location_it": "Faerûn centrale",
        "name_alt_it_str": null,
        "topical_tags": "",
        "related_location_tags": "",
        "related_cultures_tags": "",
        "related_factions_tags": ""
      },
      "geometry": {
        "type": "MultiPolygon",
        "coordinates": [
          [
            [
              [
                -49.88773244949885,
                33.95889326579682
              ],
              [
                -49.91828123322162,
                33.913070090212656
              ],
              [
                -49.9466479609642,
                33.904341866291865
              ],
              [
                -50.020837864290925,
                33.917434202173055
              ],
              [
                -50.04047636811271,
                33.94143681795523
              ],
              [
                -50.023019920271125,
                33.95889326579682
              ],
              [
                -49.97283263272657,
                33.9785317696186
              ],
              [
                -49.89209656145925,
                33.9676214897176
              ],
              [
                -49.88773244949885,
                33.95889326579682
              ]
            ]
          ]
        ]
      }
    },
    {
      "type": "Feature",
      "properties": {
        "uuid": "4f9742e2-46de-414b-8806-650ff8303ee2",
        "layer_id": "srf_nat_lake_islands_pg",
        "timeframe": null,
        "feature_class": "Lake island",
        "feature_rank": 4,
        "is_visible": true,
        "is_labeled": true,
        "needs_review": false,
        "review_notes": "exclude from wiki link auto-ageneration",
        "img_url": null,
        "last_edited": "2026-07-22",
        "last_editor": "postgres",
        "name_en": "Isle of Prespur",
        "name_ru": "Остров Преспур",
        "name_abb_en": " Is. of Prespur",
        "name_abb_ru": null,
        "label_en": " Is. of Prespur",
        "label_ru": "Остров Преспур",
        "descr_en": null,
        "descr_ru": null,
        "descr_html_en": null,
        "descr_html_ru": null,
        "url_en": null,
        "url_ru": null,
        "source_name": "TSR FRIA 2e",
        "source_url": "https://www.profantasy.com/fratlas/fratlashome.htm",
        "dnd_editions_str": "2e, 3e, 5e",
        "feature_levels_str": null,
        "extra_str": null,
        "location_en": "central Faerûn",
        "name_alt_en_str": null,
        "location_ru": "центральный Фаэрун",
        "name_alt_ru_str": null,
        "geog_extent_area_sq_km": 995.0,
        "geog_extent_area_sq_miles": 384.0,
        "geog_extent_perimeter_km": 154.0,
        "geog_extent_perimeter_miles": 95.0,
        "geog_extent_centroid_md": "35° 38′ 32″ N 001° 12′ 11″ E",
        "geog_extent_centroid_fria": "35° 38′ 32″ N 052° 16′ 41″ W",
        "geog_extent_length_km": null,
        "geog_extent_length_miles": null,
        "geog_extent_bbox_md": {
          "east": 1.477174737699,
          "west": 0.883655511085,
          "north": 35.83764346474727,
          "south": 35.457965724192825
        },
        "geog_extent_bbox_fria": {
          "east": -52.004326750290886,
          "west": -52.597845976904736,
          "north": 35.83764346474727,
          "south": 35.457965724192825
        },
        "name_it": "Isola di Prespur",
        "name_abb_it": null,
        "label_it": "Isola di Prespur",
        "descr_it": null,
        "descr_html_it": null,
        "url_it": null,
        "location_it": "Faerûn centrale",
        "name_alt_it_str": null,
        "topical_tags": "",
        "related_location_tags": "",
        "related_cultures_tags": "",
        "related_factions_tags": ""
      },
      "geometry": {
        "type": "MultiPolygon",
        "coordinates": [
          [
            [
              [
                -52.01960114215227,
                35.75472533749975
              ],
              [
                -52.06324226175623,
                35.693627770054206
              ],
              [
                -52.07633459763742,
                35.645622538489846
              ],
              [
                -52.11779366126118,
                35.57797880310371
              ],
              [
                -52.14834244498395,
                35.56052235526212
              ],
              [
                -52.200711788508706,
                35.54961207536114
              ],
              [
                -52.3076325315384,
                35.56706852320272
              ],
              [
                -52.35345570712256,
                35.55615824330174
              ],
              [
                -52.40800710662751,
                35.51033506771758
              ],
              [
                -52.44073794633048,
                35.464511892133416
              ],
              [
                -52.48219700995424,
                35.457965724192825
              ],
              [
                -52.51056373769681,
                35.464511892133416
              ],
              [
                -52.552022801320575,
                35.53651973947995
              ],
              [
                -52.597845976904736,
                35.57797880310371
              ],
              [
                -52.584753641023546,
                35.60852758682648
              ],
              [
                -52.51056373769681,
                35.652168706430444
              ],
              [
                -52.40146093868692,
                35.68271749015321
              ],
              [
                -52.30545047555821,
                35.68271749015321
              ],
              [
                -52.26180935595425,
                35.71108421789579
              ],
              [
                -52.215986180370095,
                35.76781767338093
              ],
              [
                -52.2007117885087,
                35.79836645710371
              ],
              [
                -52.152706556944345,
                35.822369072885884
              ],
              [
                -52.04796786989485,
                35.83764346474727
              ],
              [
                -52.008690862251285,
                35.831097296806675
              ],
              [
                -52.004326750290886,
                35.81364084896509
              ],
              [
                -52.01960114215227,
                35.75472533749975
              ]
            ]
          ]
        ]
      }
    },
    {
      "type": "Feature",
      "properties": {
        "uuid": "37dfa3a7-74ca-44dd-8eeb-c2ec2428258a",
        "layer_id": "srf_nat_lake_islands_pg",
        "timeframe": null,
        "feature_class": "Lake island",
        "feature_rank": 4,
        "is_visible": true,
        "is_labeled": true,
        "needs_review": false,
        "review_notes": null,
        "img_url": null,
        "last_edited": "2026-07-22",
        "last_editor": "postgres",
        "name_en": null,
        "name_ru": null,
        "name_abb_en": null,
        "name_abb_ru": null,
        "label_en": null,
        "label_ru": null,
        "descr_en": null,
        "descr_ru": null,
        "descr_html_en": null,
        "descr_html_ru": null,
        "url_en": null,
        "url_ru": null,
        "source_name": "TSR FRIA 2e",
        "source_url": "https://www.profantasy.com/fratlas/fratlashome.htm",
        "dnd_editions_str": "2e, 3e, 5e",
        "feature_levels_str": null,
        "extra_str": null,
        "location_en": "central Faerûn",
        "name_alt_en_str": null,
        "location_ru": "центральный Фаэрун",
        "name_alt_ru_str": null,
        "geog_extent_area_sq_km": 428.0,
        "geog_extent_area_sq_miles": 165.0,
        "geog_extent_perimeter_km": 84.0,
        "geog_extent_perimeter_miles": 52.0,
        "geog_extent_centroid_md": "33° 38′ 37″ N 007° 23′ 24″ E",
        "geog_extent_centroid_fria": "33° 38′ 37″ N 046° 05′ 28″ W",
        "geog_extent_length_km": null,
        "geog_extent_length_miles": null,
        "geog_extent_bbox_md": {
          "east": 7.560746810491,
          "west": 7.21598196562,
          "north": 33.74505177973741,
          "south": 33.55521290946019
        },
        "geog_extent_bbox_fria": {
          "east": -45.92075467749893,
          "west": -46.265519522370205,
          "north": 33.74505177973741,
          "south": 33.55521290946019
        },
        "name_it": null,
        "name_abb_it": null,
        "label_it": null,
        "descr_it": null,
        "descr_html_it": null,
        "url_it": null,
        "location_it": "Faerûn centrale",
        "name_alt_it_str": null,
        "topical_tags": "",
        "related_location_tags": "",
        "related_cultures_tags": "",
        "related_factions_tags": ""
      },
      "geometry": {
        "type": "MultiPolygon",
        "coordinates": [
          [
            [
              [
                -46.0604062602316,
                33.721049163955236
              ],
              [
                -46.00803691670685,
                33.67522598837108
              ],
              [
                -45.92730084543952,
                33.63813103670771
              ],
              [
                -45.92075467749893,
                33.61194636494534
              ],
              [
                -45.925118789459326,
                33.58576169318296
              ],
              [
                -45.9556675731821,
                33.57048730132158
              ],
              [
                -46.027675420528624,
                33.55521290946019
              ],
              [
                -46.11277560375635,
                33.57048730132158
              ],
              [
                -46.17823728316229,
                33.59667197308395
              ],
              [
                -46.243698962568224,
                33.60103608504434
              ],
              [
                -46.258973354429614,
                33.61194636494533
              ],
              [
                -46.265519522370205,
                33.64031309268791
              ],
              [
                -46.258973354429614,
                33.668679820430484
              ],
              [
                -46.21751429080585,
                33.688318324252265
              ],
              [
                -46.15641672336031,
                33.74505177973741
              ],
              [
                -46.117139715716746,
                33.74505177973741
              ],
              [
                -46.0604062602316,
                33.721049163955236
              ]
            ]
          ]
        ]
      }
    },
    {
      "type": "Feature",
      "properties": {
        "uuid": "7a714db1-1287-42bb-af77-b593194540e4",
        "layer_id": "srf_nat_lake_islands_pg",
        "timeframe": null,
        "feature_class": "Lake island",
        "feature_rank": 4,
        "is_visible": true,
        "is_labeled": true,
        "needs_review": false,
        "review_notes": null,
        "img_url": null,
        "last_edited": "2026-07-22",
        "last_editor": "postgres",
        "name_en": null,
        "name_ru": null,
        "name_abb_en": null,
        "name_abb_ru": null,
        "label_en": null,
        "label_ru": null,
        "descr_en": null,
        "descr_ru": null,
        "descr_html_en": null,
        "descr_html_ru": null,
        "url_en": null,
        "url_ru": null,
        "source_name": "TSR FRIA 2e",
        "source_url": "https://www.profantasy.com/fratlas/fratlashome.htm",
        "dnd_editions_str": "2e, 3e, 5e",
        "feature_levels_str": null,
        "extra_str": null,
        "location_en": "central Faerûn",
        "name_alt_en_str": null,
        "location_ru": "центральный Фаэрун",
        "name_alt_ru_str": null,
        "geog_extent_area_sq_km": 358.0,
        "geog_extent_area_sq_miles": 138.0,
        "geog_extent_perimeter_km": 82.0,
        "geog_extent_perimeter_miles": 51.0,
        "geog_extent_centroid_md": "34° 24′ 19″ N 007° 13′ 22″ E",
        "geog_extent_centroid_fria": "34° 24′ 19″ N 046° 15′ 31″ W",
        "geog_extent_length_km": null,
        "geog_extent_length_miles": null,
        "geog_extent_bbox_md": {
          "east": 7.375272052174,
          "west": 7.087240662788,
          "north": 34.5153175407473,
          "south": 34.290565774786906
        },
        "geog_extent_bbox_fria": {
          "east": -46.106229435815756,
          "west": -46.39426082520189,
          "north": 34.5153175407473,
          "south": 34.290565774786906
        },
        "name_it": null,
        "name_abb_it": null,
        "label_it": null,
        "descr_it": null,
        "descr_html_it": null,
        "url_it": null,
        "location_it": "Faerûn centrale",
        "name_alt_it_str": null,
        "topical_tags": "",
        "related_location_tags": "",
        "related_cultures_tags": "",
        "related_factions_tags": ""
      },
      "geometry": {
        "type": "MultiPolygon",
        "coordinates": [
          [
            [
              [
                -46.13459616355833,
                34.441127637420564
              ],
              [
                -46.18260139512268,
                34.4083967977176
              ],
              [
                -46.20442195492466,
                34.37784801399482
              ],
              [
                -46.23715279462763,
                34.35384539821265
              ],
              [
                -46.252427186489015,
                34.32329661448988
              ],
              [
                -46.32661708981575,
                34.290565774786906
              ],
              [
                -46.36589409745932,
                34.290565774786906
              ],
              [
                -46.3811684893207,
                34.301476054687896
              ],
              [
                -46.39426082520189,
                34.33202483841067
              ],
              [
                -46.39426082520189,
                34.35384539821265
              ],
              [
                -46.3855326012811,
                34.37130184605423
              ],
              [
                -46.36371204147912,
                34.38439418193542
              ],
              [
                -46.34407353765734,
                34.460766141242345
              ],
              [
                -46.33534531373654,
                34.467312309182944
              ],
              [
                -46.304796530013775,
                34.47822258908393
              ],
              [
                -46.22187840276625,
                34.482586701044326
              ],
              [
                -46.17823728316229,
                34.508771372806706
              ],
              [
                -46.121503827677145,
                34.5153175407473
              ],
              [
                -46.106229435815756,
                34.489132868984925
              ],
              [
                -46.106229435815756,
                34.44985586134136
              ],
              [
                -46.13459616355833,
                34.441127637420564
              ]
            ]
          ]
        ]
      }
    },
    {
      "type": "Feature",
      "properties": {
        "uuid": "a1eb3279-1ed3-46c8-b1d1-0c1258b56a69",
        "layer_id": "srf_nat_lake_islands_pg",
        "timeframe": null,
        "feature_class": "Lake island",
        "feature_rank": 4,
        "is_visible": true,
        "is_labeled": true,
        "needs_review": false,
        "review_notes": null,
        "img_url": null,
        "last_edited": "2026-07-22",
        "last_editor": "postgres",
        "name_en": null,
        "name_ru": null,
        "name_abb_en": null,
        "name_abb_ru": null,
        "label_en": null,
        "label_ru": null,
        "descr_en": null,
        "descr_ru": null,
        "descr_html_en": null,
        "descr_html_ru": null,
        "url_en": null,
        "url_ru": null,
        "source_name": "TSR FRIA 2e",
        "source_url": "https://www.profantasy.com/fratlas/fratlashome.htm",
        "dnd_editions_str": "2e, 3e, 5e",
        "feature_levels_str": null,
        "extra_str": null,
        "location_en": "central Faerûn",
        "name_alt_en_str": null,
        "location_ru": "центральный Фаэрун",
        "name_alt_ru_str": null,
        "geog_extent_area_sq_km": 132.0,
        "geog_extent_area_sq_miles": 51.0,
        "geog_extent_perimeter_km": 43.0,
        "geog_extent_perimeter_miles": 27.0,
        "geog_extent_centroid_md": "34° 42′ 28″ N 002° 55′ 56″ E",
        "geog_extent_centroid_fria": "34° 42′ 28″ N 050° 32′ 56″ W",
        "geog_extent_length_km": null,
        "geog_extent_length_miles": null,
        "geog_extent_bbox_md": {
          "east": 3.015524203739,
          "west": 2.843141781303,
          "north": 34.75316164258888,
          "south": 34.659333235440364
        },
        "geog_extent_bbox_fria": {
          "east": -50.46597728425131,
          "west": -50.638359706686956,
          "north": 34.75316164258888,
          "south": 34.659333235440364
        },
        "name_it": null,
        "name_abb_it": null,
        "label_it": null,
        "descr_it": null,
        "descr_html_it": null,
        "url_it": null,
        "location_it": "Faerûn centrale",
        "name_alt_it_str": null,
        "topical_tags": "",
        "related_location_tags": "",
        "related_cultures_tags": "",
        "related_factions_tags": ""
      },
      "geometry": {
        "type": "MultiPolygon",
        "coordinates": [
          [
            [
              [
                -50.46597728425131,
                34.72043080288591
              ],
              [
                -50.47034139621171,
                34.689882019163136
              ],
              [
                -50.48997990003349,
                34.665879403380956
              ],
              [
                -50.53580307561765,
                34.659333235440364
              ],
              [
                -50.603446811003785,
                34.670243515341355
              ],
              [
                -50.63181353874636,
                34.689882019163136
              ],
              [
                -50.638359706686956,
                34.70952052298492
              ],
              [
                -50.612175034924576,
                34.74443341866808
              ],
              [
                -50.590354475122595,
                34.75316164258888
              ],
              [
                -50.51616457179587,
                34.75316164258888
              ],
              [
                -50.4812516761127,
                34.74225136268789
              ],
              [
                -50.46597728425131,
                34.72043080288591
              ]
            ]
          ]
        ]
      }
    },
    {
      "type": "Feature",
      "properties": {
        "uuid": "8298aabb-0f7f-40d0-9a40-916b1ec7ffaf",
        "layer_id": "srf_nat_lake_islands_pg",
        "timeframe": null,
        "feature_class": "Lake island",
        "feature_rank": 4,
        "is_visible": true,
        "is_labeled": true,
        "needs_review": false,
        "review_notes": null,
        "img_url": null,
        "last_edited": "2026-07-22",
        "last_editor": "postgres",
        "name_en": null,
        "name_ru": null,
        "name_abb_en": null,
        "name_abb_ru": null,
        "label_en": null,
        "label_ru": null,
        "descr_en": null,
        "descr_ru": null,
        "descr_html_en": null,
        "descr_html_ru": null,
        "url_en": null,
        "url_ru": null,
        "source_name": "TSR FRIA 2e",
        "source_url": "https://www.profantasy.com/fratlas/fratlashome.htm",
        "dnd_editions_str": "2e, 3e, 5e",
        "feature_levels_str": null,
        "extra_str": null,
        "location_en": "central Faerûn",
        "name_alt_en_str": null,
        "location_ru": "центральный Фаэрун",
        "name_alt_ru_str": null,
        "geog_extent_area_sq_km": 1035.0,
        "geog_extent_area_sq_miles": 400.0,
        "geog_extent_perimeter_km": 143.0,
        "geog_extent_perimeter_miles": 89.0,
        "geog_extent_centroid_md": "28° 30′ 04″ N 014° 51′ 25″ E",
        "geog_extent_centroid_fria": "28° 30′ 04″ N 038° 37′ 27″ W",
        "geog_extent_length_km": null,
        "geog_extent_length_miles": null,
        "geog_extent_bbox_md": {
          "east": 15.062387984358,
          "west": 14.701384108886,
          "north": 28.675284640568403,
          "south": 28.26444894179494
        },
        "geog_extent_bbox_fria": {
          "east": -38.4191135036321,
          "west": -38.780117379104205,
          "north": 28.675284640568403,
          "south": 28.26444894179494
        },
        "name_it": null,
        "name_abb_it": null,
        "label_it": null,
        "descr_it": null,
        "descr_html_it": null,
        "url_it": null,
        "location_it": "Faerûn centrale",
        "name_alt_it_str": null,
        "topical_tags": "",
        "related_location_tags": "",
        "related_cultures_tags": "",
        "related_factions_tags": ""
      },
      "geometry": {
        "type": "MultiPolygon",
        "coordinates": [
          [
            [
              [
                -38.49220017780743,
                28.670855145163838
              ],
              [
                -38.424650372887804,
                28.64095605118302
              ],
              [
                -38.4191135036321,
                28.60219796639307
              ],
              [
                -38.43129461599466,
                28.550151395389424
              ],
              [
                -38.543139374959935,
                28.519144927557466
              ],
              [
                -38.56307210428049,
                28.33753561597027
              ],
              [
                -38.66716524628778,
                28.26444894179494
              ],
              [
                -38.780117379104205,
                28.31317339124516
              ],
              [
                -38.772365762146215,
                28.426125524061586
              ],
              [
                -38.745788789718816,
                28.448273001084413
              ],
              [
                -38.71810444344028,
                28.488138459725505
              ],
              [
                -38.76793626674164,
                28.52357442296203
              ],
              [
                -38.77347313599736,
                28.566762003156548
              ],
              [
                -38.75907727593251,
                28.62545281726704
              ],
              [
                -38.70924545263115,
                28.675284640568403
              ],
              [
                -38.49220017780743,
                28.670855145163838
              ]
            ]
          ]
        ]
      }
    },
    {
      "type": "Feature",
      "properties": {
        "uuid": "8ee0b1e6-747f-4155-9365-307dae8415ff",
        "layer_id": "srf_nat_lake_islands_pg",
        "timeframe": null,
        "feature_class": "Lake island",
        "feature_rank": 5,
        "is_visible": true,
        "is_labeled": true,
        "needs_review": false,
        "review_notes": null,
        "img_url": null,
        "last_edited": "2026-07-22",
        "last_editor": "postgres",
        "name_en": null,
        "name_ru": null,
        "name_abb_en": null,
        "name_abb_ru": null,
        "label_en": null,
        "label_ru": null,
        "descr_en": null,
        "descr_ru": null,
        "descr_html_en": null,
        "descr_html_ru": null,
        "url_en": null,
        "url_ru": null,
        "source_name": "TSR FRIA 2e",
        "source_url": "https://www.profantasy.com/fratlas/fratlashome.htm",
        "dnd_editions_str": "2e, 3e, 5e",
        "feature_levels_str": null,
        "extra_str": null,
        "location_en": "central Faerûn",
        "name_alt_en_str": null,
        "location_ru": "центральный Фаэрун",
        "name_alt_ru_str": null,
        "geog_extent_area_sq_km": 93.0,
        "geog_extent_area_sq_miles": 36.0,
        "geog_extent_perimeter_km": 36.0,
        "geog_extent_perimeter_miles": 22.0,
        "geog_extent_centroid_md": "34° 11′ 24″ N 007° 22′ 22″ E",
        "geog_extent_centroid_fria": "34° 11′ 24″ N 046° 06′ 31″ W",
        "geog_extent_length_km": null,
        "geog_extent_length_miles": null,
        "geog_extent_bbox_md": {
          "east": 7.425459339719,
          "west": 7.316356540709,
          "north": 34.24474259920275,
          "south": 34.13782185617305
        },
        "geog_extent_bbox_fria": {
          "east": -46.0560421482712,
          "west": -46.1651449472811,
          "north": 34.24474259920275,
          "south": 34.13782185617305
        },
        "name_it": null,
        "name_abb_it": null,
        "label_it": null,
        "descr_it": null,
        "descr_html_it": null,
        "url_it": null,
        "location_it": "Faerûn centrale",
        "name_alt_it_str": null,
        "topical_tags": "",
        "related_location_tags": "",
        "related_cultures_tags": "",
        "related_factions_tags": ""
      },
      "geometry": {
        "type": "MultiPolygon",
        "coordinates": [
          [
            [
              [
                -46.062588316211794,
                34.21855792744037
              ],
              [
                -46.0560421482712,
                34.17273475185622
              ],
              [
                -46.073498596112785,
                34.13782185617305
              ],
              [
                -46.108411491795955,
                34.13782185617305
              ],
              [
                -46.14768849943952,
                34.15309624803443
              ],
              [
                -46.15641672336031,
                34.16400652793542
              ],
              [
                -46.1651449472811,
                34.20110147959879
              ],
              [
                -46.15205261139991,
                34.22946820734136
              ],
              [
                -46.104047379835556,
                34.24474259920275
              ],
              [
                -46.086590931993975,
                34.24256054322255
              ],
              [
                -46.062588316211794,
                34.21855792744037
              ]
            ]
          ]
        ]
      }
    },
    {
      "type": "Feature",
      "properties": {
        "uuid": "7236f468-84fc-425b-a5fe-0d59d96f507a",
        "layer_id": "srf_nat_lake_islands_pg",
        "timeframe": null,
        "feature_class": "Lake island",
        "feature_rank": 4,
        "is_visible": true,
        "is_labeled": true,
        "needs_review": false,
        "review_notes": null,
        "img_url": null,
        "last_edited": "2026-07-22",
        "last_editor": "postgres",
        "name_en": null,
        "name_ru": null,
        "name_abb_en": null,
        "name_abb_ru": null,
        "label_en": null,
        "label_ru": null,
        "descr_en": null,
        "descr_ru": null,
        "descr_html_en": null,
        "descr_html_ru": null,
        "url_en": null,
        "url_ru": null,
        "source_name": "TSR FRIA 2e",
        "source_url": "https://www.profantasy.com/fratlas/fratlashome.htm",
        "dnd_editions_str": "2e, 3e, 5e",
        "feature_levels_str": null,
        "extra_str": null,
        "location_en": "central Faerûn",
        "name_alt_en_str": null,
        "location_ru": "центральный Фаэрун",
        "name_alt_ru_str": null,
        "geog_extent_area_sq_km": 555.0,
        "geog_extent_area_sq_miles": 214.0,
        "geog_extent_perimeter_km": 105.0,
        "geog_extent_perimeter_miles": 65.0,
        "geog_extent_centroid_md": "34° 06′ 22″ N 007° 00′ 35″ E",
        "geog_extent_centroid_fria": "34° 06′ 22″ N 046° 28′ 18″ W",
        "geog_extent_length_km": null,
        "geog_extent_length_miles": null,
        "geog_extent_bbox_md": {
          "east": 7.181069069937,
          "west": 6.786116937521,
          "north": 34.21855792744037,
          "south": 33.96107532177701
        },
        "geog_extent_bbox_fria": {
          "east": -46.300432418053376,
          "west": -46.695384550469214,
          "north": 34.21855792744037,
          "south": 33.96107532177701
        },
        "name_it": null,
        "name_abb_it": null,
        "label_it": null,
        "descr_it": null,
        "descr_html_it": null,
        "url_it": null,
        "location_it": "Faerûn centrale",
        "name_alt_it_str": null,
        "topical_tags": "",
        "related_location_tags": "",
        "related_cultures_tags": "",
        "related_factions_tags": ""
      },
      "geometry": {
        "type": "MultiPolygon",
        "coordinates": [
          [
            [
              [
                -46.39644288118208,
                34.19237325567799
              ],
              [
                -46.36152998549892,
                34.15964241597503
              ],
              [
                -46.33098120177615,
                34.14436802411364
              ],
              [
                -46.32661708981575,
                34.13345774421265
              ],
              [
                -46.33970942569694,
                34.10945512843047
              ],
              [
                -46.32007092187516,
                34.04399344902453
              ],
              [
                -46.300432418053376,
                34.01780877726216
              ],
              [
                -46.324435033835556,
                33.9741676576582
              ],
              [
                -46.348437649617736,
                33.96107532177701
              ],
              [
                -46.40517110510288,
                33.9741676576582
              ],
              [
                -46.42699166490486,
                34.00689849736116
              ],
              [
                -46.474996896469214,
                34.04181139304434
              ],
              [
                -46.58846380743951,
                34.072360176767106
              ],
              [
                -46.61464847920188,
                34.094180736569086
              ],
              [
                -46.677928102627625,
                34.100726904509685
              ],
              [
                -46.695384550469214,
                34.13127568823245
              ],
              [
                -46.695384550469214,
                34.15746035999483
              ],
              [
                -46.675746046647426,
                34.17709886381661
              ],
              [
                -46.62992287106327,
                34.18364503175721
              ],
              [
                -46.54045857587515,
                34.18146297577701
              ],
              [
                -46.52300212803357,
                34.18582708773741
              ],
              [
                -46.490271288330604,
                34.21855792744037
              ],
              [
                -46.39644288118208,
                34.19237325567799
              ]
            ]
          ]
        ]
      }
    },
    {
      "type": "Feature",
      "properties": {
        "uuid": "768f996d-be47-47dc-ae92-84b1cdd79f2d",
        "layer_id": "srf_nat_lake_islands_pg",
        "timeframe": null,
        "feature_class": "Lake island",
        "feature_rank": 4,
        "is_visible": true,
        "is_labeled": true,
        "needs_review": false,
        "review_notes": null,
        "img_url": null,
        "last_edited": "2026-07-22",
        "last_editor": "postgres",
        "name_en": null,
        "name_ru": null,
        "name_abb_en": null,
        "name_abb_ru": null,
        "label_en": null,
        "label_ru": null,
        "descr_en": null,
        "descr_ru": null,
        "descr_html_en": null,
        "descr_html_ru": null,
        "url_en": null,
        "url_ru": null,
        "source_name": "TSR FRIA 2e",
        "source_url": "https://www.profantasy.com/fratlas/fratlashome.htm",
        "dnd_editions_str": "2e, 3e, 5e",
        "feature_levels_str": null,
        "extra_str": null,
        "location_en": "eastern Faerûn",
        "name_alt_en_str": null,
        "location_ru": "восточный Фаэрун",
        "name_alt_ru_str": null,
        "geog_extent_area_sq_km": 881.0,
        "geog_extent_area_sq_miles": 340.0,
        "geog_extent_perimeter_km": 118.0,
        "geog_extent_perimeter_miles": 73.0,
        "geog_extent_centroid_md": "31° 04′ 11″ N 016° 04′ 39″ E",
        "geog_extent_centroid_fria": "31° 04′ 11″ N 037° 24′ 14″ W",
        "geog_extent_length_km": null,
        "geog_extent_length_miles": null,
        "geog_extent_bbox_md": {
          "east": 16.246170631228,
          "west": 15.868556147989,
          "north": 31.251036218323346,
          "south": 30.91328719372521
        },
        "geog_extent_bbox_fria": {
          "east": -37.23533085676192,
          "west": -37.61294534000115,
          "north": 31.251036218323346,
          "south": 30.91328719372521
        },
        "name_it": null,
        "name_abb_it": null,
        "label_it": null,
        "descr_it": null,
        "descr_html_it": null,
        "url_it": null,
        "location_it": "Faerûn orientale",
        "name_alt_it_str": null,
        "topical_tags": "",
        "related_location_tags": "",
        "related_cultures_tags": "",
        "related_factions_tags": ""
      },
      "geometry": {
        "type": "MultiPolygon",
        "coordinates": [
          [
            [
              [
                -37.274088941551874,
                31.251036218323346
              ],
              [
                -37.24861934297562,
                31.218922376640243
              ],
              [
                -37.239760352166485,
                31.176842170296872
              ],
              [
                -37.23533085676192,
                31.08160801909871
              ],
              [
                -37.30288066168155,
                30.949830530812882
              ],
              [
                -37.47230886090619,
                30.91328719372521
              ],
              [
                -37.58304624602033,
                30.94429366155717
              ],
              [
                -37.60962321844772,
                30.984159120198264
              ],
              [
                -37.61294534000115,
                31.025131952690494
              ],
              [
                -37.611837966150006,
                31.039527812755335
              ],
              [
                -37.59079786297832,
                31.067212159033872
              ],
              [
                -37.53764391812353,
                31.102648122270395
              ],
              [
                -37.46012774854363,
                31.13143984240007
              ],
              [
                -37.42912128071167,
                31.151372571720618
              ],
              [
                -37.393685317475146,
                31.221137124342526
              ],
              [
                -37.342746120322644,
                31.251036218323346
              ],
              [
                -37.274088941551874,
                31.251036218323346
              ]
            ]
          ]
        ]
      }
    },
    {
      "type": "Feature",
      "properties": {
        "uuid": "78f87a5d-c824-49eb-9abf-27e61334aa29",
        "layer_id": "srf_nat_lake_islands_pg",
        "timeframe": null,
        "feature_class": "Lake island",
        "feature_rank": 5,
        "is_visible": true,
        "is_labeled": true,
        "needs_review": false,
        "review_notes": null,
        "img_url": null,
        "last_edited": "2026-07-22",
        "last_editor": "postgres",
        "name_en": null,
        "name_ru": null,
        "name_abb_en": null,
        "name_abb_ru": null,
        "label_en": null,
        "label_ru": null,
        "descr_en": null,
        "descr_ru": null,
        "descr_html_en": null,
        "descr_html_ru": null,
        "url_en": null,
        "url_ru": null,
        "source_name": "TSR FRIA 2e",
        "source_url": "https://www.profantasy.com/fratlas/fratlashome.htm",
        "dnd_editions_str": "2e, 3e, 5e",
        "feature_levels_str": null,
        "extra_str": null,
        "location_en": "central Faerûn",
        "name_alt_en_str": null,
        "location_ru": "центральный Фаэрун",
        "name_alt_ru_str": null,
        "geog_extent_area_sq_km": 70.0,
        "geog_extent_area_sq_miles": 27.0,
        "geog_extent_perimeter_km": 33.0,
        "geog_extent_perimeter_miles": 21.0,
        "geog_extent_centroid_md": "35° 47′ 47″ N 001° 08′ 32″ E",
        "geog_extent_centroid_fria": "35° 47′ 47″ N 052° 20′ 21″ W",
        "geog_extent_length_km": null,
        "geog_extent_length_miles": null,
        "geog_extent_bbox_md": {
          "east": 1.202235684194,
          "west": 1.071312325382,
          "north": 35.83764346474727,
          "south": 35.75472533749975
        },
        "geog_extent_bbox_fria": {
          "east": -52.27926580379583,
          "west": -52.41018916260771,
          "north": 35.83764346474727,
          "south": 35.75472533749975
        },
        "name_it": null,
        "name_abb_it": null,
        "label_it": null,
        "descr_it": null,
        "descr_html_it": null,
        "url_it": null,
        "location_it": "Faerûn centrale",
        "name_alt_it_str": null,
        "topical_tags": "",
        "related_location_tags": "",
        "related_cultures_tags": "",
        "related_factions_tags": ""
      },
      "geometry": {
        "type": "MultiPolygon",
        "coordinates": [
          [
            [
              [
                -52.28581197173642,
                35.78963823318291
              ],
              [
                -52.33599925928098,
                35.75472533749975
              ],
              [
                -52.35781981908296,
                35.76345356142054
              ],
              [
                -52.40146093868692,
                35.76127150544034
              ],
              [
                -52.41018916260771,
                35.77218178534133
              ],
              [
                -52.357819819082955,
                35.831097296806675
              ],
              [
                -52.3163607554592,
                35.83764346474727
              ],
              [
                -52.28362991575622,
                35.828915240826475
              ],
              [
                -52.27926580379583,
                35.809276737004694
              ],
              [
                -52.28581197173642,
                35.78963823318291
              ]
            ]
          ]
        ]
      }
    },
    {
      "type": "Feature",
      "properties": {
        "uuid": "462be9fd-01ad-4a81-bbd4-16bbbb8d6bd9",
        "layer_id": "srf_nat_lake_islands_pg",
        "timeframe": null,
        "feature_class": "Lake island",
        "feature_rank": 4,
        "is_visible": true,
        "is_labeled": true,
        "needs_review": false,
        "review_notes": null,
        "img_url": null,
        "last_edited": "2026-07-22",
        "last_editor": "postgres",
        "name_en": null,
        "name_ru": null,
        "name_abb_en": null,
        "name_abb_ru": null,
        "label_en": null,
        "label_ru": null,
        "descr_en": null,
        "descr_ru": null,
        "descr_html_en": null,
        "descr_html_ru": null,
        "url_en": null,
        "url_ru": null,
        "source_name": "TSR FRIA 2e",
        "source_url": "https://www.profantasy.com/fratlas/fratlashome.htm",
        "dnd_editions_str": "2e, 3e, 5e",
        "feature_levels_str": null,
        "extra_str": null,
        "location_en": "central Faerûn",
        "name_alt_en_str": null,
        "location_ru": "центральный Фаэрун",
        "name_alt_ru_str": null,
        "geog_extent_area_sq_km": 291.0,
        "geog_extent_area_sq_miles": 112.0,
        "geog_extent_perimeter_km": 75.0,
        "geog_extent_perimeter_miles": 47.0,
        "geog_extent_centroid_md": "35° 59′ 17″ N 010° 17′ 19″ E",
        "geog_extent_centroid_fria": "35° 59′ 17″ N 043° 11′ 33″ W",
        "geog_extent_length_km": null,
        "geog_extent_length_miles": null,
        "geog_extent_bbox_md": {
          "east": 10.394807201797,
          "west": 10.158936571504,
          "north": 36.08250833085336,
          "south": 35.85881881292279
        },
        "geog_extent_bbox_fria": {
          "east": -43.08669428619318,
          "west": -43.3225649164863,
          "north": 36.08250833085336,
          "south": 35.85881881292279
        },
        "name_it": null,
        "name_abb_it": null,
        "label_it": null,
        "descr_it": null,
        "descr_html_it": null,
        "url_it": null,
        "location_it": "Faerûn centrale",
        "name_alt_it_str": null,
        "topical_tags": "",
        "related_location_tags": "",
        "related_cultures_tags": "",
        "related_factions_tags": ""
      },
      "geometry": {
        "type": "MultiPolygon",
        "coordinates": [
          [
            [
              [
                -43.19632429745618,
                36.08140095700222
              ],
              [
                -43.16974732502879,
                36.048179741467976
              ],
              [
                -43.13763348334569,
                36.031569133700856
              ],
              [
                -43.08669428619318,
                35.9606972072278
              ],
              [
                -43.091123781597744,
                35.878751542243336
              ],
              [
                -43.13874085719683,
                35.85881881292279
              ],
              [
                -43.19078742820047,
                35.90089901926616
              ],
              [
                -43.20739803596759,
                35.96623407648351
              ],
              [
                -43.30041743946347,
                35.98395205810177
              ],
              [
                -43.3225649164863,
                36.047072367616835
              ],
              [
                -43.309276430272604,
                36.08250833085336
              ],
              [
                -43.19632429745618,
                36.08140095700222
              ]
            ]
          ]
        ]
      }
    },
    {
      "type": "Feature",
      "properties": {
        "uuid": "0207155e-157f-4ab4-8b31-83f9f3d349e2",
        "layer_id": "srf_nat_lake_islands_pg",
        "timeframe": null,
        "feature_class": "Lake island",
        "feature_rank": 4,
        "is_visible": true,
        "is_labeled": true,
        "needs_review": false,
        "review_notes": null,
        "img_url": null,
        "last_edited": "2026-07-22",
        "last_editor": "postgres",
        "name_en": null,
        "name_ru": null,
        "name_abb_en": null,
        "name_abb_ru": null,
        "label_en": null,
        "label_ru": null,
        "descr_en": null,
        "descr_ru": null,
        "descr_html_en": null,
        "descr_html_ru": null,
        "url_en": null,
        "url_ru": null,
        "source_name": "TSR FRIA 2e",
        "source_url": "https://www.profantasy.com/fratlas/fratlashome.htm",
        "dnd_editions_str": "2e, 3e, 5e",
        "feature_levels_str": null,
        "extra_str": null,
        "location_en": "central Faerûn",
        "name_alt_en_str": null,
        "location_ru": "центральный Фаэрун",
        "name_alt_ru_str": null,
        "geog_extent_area_sq_km": 141.0,
        "geog_extent_area_sq_miles": 54.0,
        "geog_extent_perimeter_km": 48.0,
        "geog_extent_perimeter_miles": 30.0,
        "geog_extent_centroid_md": "35° 49′ 38″ N 004° 20′ 17″ E",
        "geog_extent_centroid_fria": "35° 49′ 38″ N 049° 08′ 36″ W",
        "geog_extent_length_km": null,
        "geog_extent_length_miles": null,
        "geog_extent_bbox_md": {
          "east": 4.405493863125,
          "west": 4.263660224412,
          "north": 35.900923088173016,
          "south": 35.76999972936113
        },
        "geog_extent_bbox_fria": {
          "east": -49.0760076248652,
          "west": -49.217841263578066,
          "north": 35.900923088173016,
          "south": 35.76999972936113
        },
        "name_it": null,
        "name_abb_it": null,
        "label_it": null,
        "descr_it": null,
        "descr_html_it": null,
        "url_it": null,
        "location_it": "Faerûn centrale",
        "name_alt_it_str": null,
        "topical_tags": "",
        "related_location_tags": "",
        "related_cultures_tags": "",
        "related_factions_tags": ""
      },
      "geometry": {
        "type": "MultiPolygon",
        "coordinates": [
          [
            [
              [
                -49.086917904766196,
                35.876920472390836
              ],
              [
                -49.0760076248652,
                35.809276737004694
              ],
              [
                -49.0803717368256,
                35.77872795328193
              ],
              [
                -49.08909996074639,
                35.77218178534133
              ],
              [
                -49.15456164015233,
                35.76999972936113
              ],
              [
                -49.217841263578066,
                35.79400234514331
              ],
              [
                -49.217841263578066,
                35.83764346474727
              ],
              [
                -49.1851104238751,
                35.87255636043044
              ],
              [
                -49.15456164015233,
                35.89219486425222
              ],
              [
                -49.17201808799391,
                35.900923088173016
              ],
              [
                -49.086917904766196,
                35.876920472390836
              ]
            ]
          ]
        ]
      }
    },
    {
      "type": "Feature",
      "properties": {
        "uuid": "aa833308-a783-489a-bdf8-5ec08ca2b636",
        "layer_id": "srf_nat_lake_islands_pg",
        "timeframe": null,
        "feature_class": "Lake island",
        "feature_rank": 5,
        "is_visible": true,
        "is_labeled": true,
        "needs_review": false,
        "review_notes": null,
        "img_url": null,
        "last_edited": "2026-07-22",
        "last_editor": "postgres",
        "name_en": null,
        "name_ru": null,
        "name_abb_en": null,
        "name_abb_ru": null,
        "label_en": null,
        "label_ru": null,
        "descr_en": null,
        "descr_ru": null,
        "descr_html_en": null,
        "descr_html_ru": null,
        "url_en": null,
        "url_ru": null,
        "source_name": "TSR FRIA 2e",
        "source_url": "https://www.profantasy.com/fratlas/fratlashome.htm",
        "dnd_editions_str": "2e, 3e, 5e",
        "feature_levels_str": null,
        "extra_str": null,
        "location_en": "central Faerûn",
        "name_alt_en_str": null,
        "location_ru": "центральный Фаэрун",
        "name_alt_ru_str": null,
        "geog_extent_area_sq_km": 37.0,
        "geog_extent_area_sq_miles": 14.0,
        "geog_extent_perimeter_km": 24.0,
        "geog_extent_perimeter_miles": 15.0,
        "geog_extent_centroid_md": "33° 44′ 57″ N 006° 41′ 26″ E",
        "geog_extent_centroid_fria": "33° 44′ 57″ N 046° 47′ 26″ W",
        "geog_extent_length_km": null,
        "geog_extent_length_miles": null,
        "geog_extent_bbox_md": {
          "east": 6.740293761937,
          "west": 6.646465354788,
          "north": 33.77341850747999,
          "south": 33.72323121993543
        },
        "geog_extent_bbox_fria": {
          "east": -46.74120772605337,
          "west": -46.83503613320188,
          "north": 33.77341850747999,
          "south": 33.72323121993543
        },
        "name_it": null,
        "name_abb_it": null,
        "label_it": null,
        "descr_it": null,
        "descr_html_it": null,
        "url_it": null,
        "location_it": "Faerûn centrale",
        "name_alt_it_str": null,
        "topical_tags": "",
        "related_location_tags": "",
        "related_cultures_tags": "",
        "related_factions_tags": ""
      },
      "geometry": {
        "type": "MultiPolygon",
        "coordinates": [
          [
            [
              [
                -46.74120772605337,
                33.75596205963841
              ],
              [
                -46.76739239781574,
                33.72323121993543
              ],
              [
                -46.8110335174197,
                33.72323121993543
              ],
              [
                -46.83067202124148,
                33.74286972375721
              ],
              [
                -46.83503613320188,
                33.77341850747999
              ],
              [
                -46.75430006193456,
                33.76905439551959
              ],
              [
                -46.74120772605337,
                33.75596205963841
              ]
            ]
          ]
        ]
      }
    },
    {
      "type": "Feature",
      "properties": {
        "uuid": "49f208b2-1b6b-4de1-a9cc-72dd6e51f6d2",
        "layer_id": "srf_nat_lake_islands_pg",
        "timeframe": null,
        "feature_class": "Lake island",
        "feature_rank": 5,
        "is_visible": true,
        "is_labeled": true,
        "needs_review": false,
        "review_notes": null,
        "img_url": null,
        "last_edited": "2026-07-22",
        "last_editor": "postgres",
        "name_en": null,
        "name_ru": null,
        "name_abb_en": null,
        "name_abb_ru": null,
        "label_en": null,
        "label_ru": null,
        "descr_en": null,
        "descr_ru": null,
        "descr_html_en": null,
        "descr_html_ru": null,
        "url_en": null,
        "url_ru": null,
        "source_name": "TSR FRIA 2e",
        "source_url": "https://www.profantasy.com/fratlas/fratlashome.htm",
        "dnd_editions_str": "2e, 3e, 5e",
        "feature_levels_str": null,
        "extra_str": null,
        "location_en": "central Faerûn",
        "name_alt_en_str": null,
        "location_ru": "центральный Фаэрун",
        "name_alt_ru_str": null,
        "geog_extent_area_sq_km": 39.0,
        "geog_extent_area_sq_miles": 15.0,
        "geog_extent_perimeter_km": 23.0,
        "geog_extent_perimeter_miles": 15.0,
        "geog_extent_centroid_md": "30° 13′ 12″ N 004° 29′ 18″ E",
        "geog_extent_centroid_fria": "30° 13′ 12″ N 048° 59′ 34″ W",
        "geog_extent_length_km": null,
        "geog_extent_length_miles": null,
        "geog_extent_bbox_md": {
          "east": 4.518960774095,
          "west": 4.453499094689,
          "north": 30.25594426740085,
          "south": 30.181754364074116
        },
        "geog_extent_bbox_fria": {
          "east": -48.96254071389491,
          "west": -49.028002393300845,
          "north": 30.25594426740085,
          "south": 30.181754364074116
        },
        "name_it": null,
        "name_abb_it": null,
        "label_it": null,
        "descr_it": null,
        "descr_html_it": null,
        "url_it": null,
        "location_it": "Faerûn centrale",
        "name_alt_it_str": null,
        "topical_tags": "",
        "related_location_tags": "",
        "related_cultures_tags": "",
        "related_factions_tags": ""
      },
      "geometry": {
        "type": "MultiPolygon",
        "coordinates": [
          [
            [
              [
                -49.008363889479064,
                30.190482587994907
              ],
              [
                -49.028002393300845,
                30.216667259757283
              ],
              [
                -49.017092113399855,
                30.25158015544045
              ],
              [
                -48.990907441637475,
                30.25594426740085
              ],
              [
                -48.9669048258553,
                30.24503398749986
              ],
              [
                -48.96254071389491,
                30.218849315737483
              ],
              [
                -48.9690868818355,
                30.186118476034512
              ],
              [
                -48.97781510575629,
                30.181754364074116
              ],
              [
                -49.008363889479064,
                30.190482587994907
              ]
            ]
          ]
        ]
      }
    },
    {
      "type": "Feature",
      "properties": {
        "uuid": "5433565f-d941-4406-bfb8-79043938d148",
        "layer_id": "srf_nat_lake_islands_pg",
        "timeframe": null,
        "feature_class": "Lake island",
        "feature_rank": 5,
        "is_visible": true,
        "is_labeled": true,
        "needs_review": false,
        "review_notes": null,
        "img_url": null,
        "last_edited": "2026-07-22",
        "last_editor": "postgres",
        "name_en": null,
        "name_ru": null,
        "name_abb_en": null,
        "name_abb_ru": null,
        "label_en": null,
        "label_ru": null,
        "descr_en": null,
        "descr_ru": null,
        "descr_html_en": null,
        "descr_html_ru": null,
        "url_en": null,
        "url_ru": null,
        "source_name": "TSR FRIA 2e",
        "source_url": "https://www.profantasy.com/fratlas/fratlashome.htm",
        "dnd_editions_str": "2e, 3e, 5e",
        "feature_levels_str": null,
        "extra_str": null,
        "location_en": "central Faerûn",
        "name_alt_en_str": null,
        "location_ru": "центральный Фаэрун",
        "name_alt_ru_str": null,
        "geog_extent_area_sq_km": 31.0,
        "geog_extent_area_sq_miles": 12.0,
        "geog_extent_perimeter_km": 21.0,
        "geog_extent_perimeter_miles": 13.0,
        "geog_extent_centroid_md": "35° 15′ 19″ N 003° 58′ 43″ E",
        "geog_extent_centroid_fria": "35° 15′ 19″ N 049° 30′ 09″ W",
        "geog_extent_length_km": null,
        "geog_extent_length_miles": null,
        "geog_extent_bbox_md": {
          "east": 4.008359674729,
          "west": 3.949444163263,
          "north": 35.287765357737385,
          "south": 35.22012162235124
        },
        "geog_extent_bbox_fria": {
          "east": -49.473141813261236,
          "west": -49.53205732472658,
          "north": 35.287765357737385,
          "south": 35.22012162235124
        },
        "name_it": null,
        "name_abb_it": null,
        "label_it": null,
        "descr_it": null,
        "descr_html_it": null,
        "url_it": null,
        "location_it": "Faerûn centrale",
        "name_alt_it_str": null,
        "topical_tags": "",
        "related_location_tags": "",
        "related_cultures_tags": "",
        "related_factions_tags": ""
      },
      "geometry": {
        "type": "MultiPolygon",
        "coordinates": [
          [
            [
              [
                -49.48841620512262,
                35.22230367833144
              ],
              [
                -49.5080547089444,
                35.22012162235124
              ],
              [
                -49.53205732472658,
                35.248488350093815
              ],
              [
                -49.52769321276618,
                35.287765357737385
              ],
              [
                -49.48187003718203,
                35.281219189796786
              ],
              [
                -49.473141813261236,
                35.272490965875996
              ],
              [
                -49.47968798120183,
                35.231031902252234
              ],
              [
                -49.48841620512262,
                35.22230367833144
              ]
            ]
          ]
        ]
      }
    },
    {
      "type": "Feature",
      "properties": {
        "uuid": "5517e1ae-3e7f-421f-9a79-a3f0dc59cb01",
        "layer_id": "srf_nat_lake_islands_pg",
        "timeframe": null,
        "feature_class": "Lake island",
        "feature_rank": 5,
        "is_visible": true,
        "is_labeled": true,
        "needs_review": false,
        "review_notes": null,
        "img_url": null,
        "last_edited": "2026-07-22",
        "last_editor": "postgres",
        "name_en": null,
        "name_ru": null,
        "name_abb_en": null,
        "name_abb_ru": null,
        "label_en": null,
        "label_ru": null,
        "descr_en": null,
        "descr_ru": null,
        "descr_html_en": null,
        "descr_html_ru": null,
        "url_en": null,
        "url_ru": null,
        "source_name": "TSR FRIA 2e",
        "source_url": "https://www.profantasy.com/fratlas/fratlashome.htm",
        "dnd_editions_str": "2e, 3e, 5e",
        "feature_levels_str": null,
        "extra_str": null,
        "location_en": "central Faerûn",
        "name_alt_en_str": null,
        "location_ru": "центральный Фаэрун",
        "name_alt_ru_str": null,
        "geog_extent_area_sq_km": 30.0,
        "geog_extent_area_sq_miles": 11.0,
        "geog_extent_perimeter_km": 21.0,
        "geog_extent_perimeter_miles": 13.0,
        "geog_extent_centroid_md": "35° 15′ 11″ N 004° 10′ 05″ E",
        "geog_extent_centroid_fria": "35° 15′ 11″ N 049° 18′ 47″ W",
        "geog_extent_length_km": null,
        "geog_extent_length_miles": null,
        "geog_extent_bbox_md": {
          "east": 4.198198545006,
          "west": 4.141465089521,
          "north": 35.287765357737385,
          "south": 35.217939566371044
        },
        "geog_extent_bbox_fria": {
          "east": -49.28330294298401,
          "west": -49.34003639846915,
          "north": 35.287765357737385,
          "south": 35.217939566371044
        },
        "name_it": null,
        "name_abb_it": null,
        "label_it": null,
        "descr_it": null,
        "descr_html_it": null,
        "url_it": null,
        "location_it": "Faerûn centrale",
        "name_alt_it_str": null,
        "topical_tags": "",
        "related_location_tags": "",
        "related_cultures_tags": "",
        "related_factions_tags": ""
      },
      "geometry": {
        "type": "MultiPolygon",
        "coordinates": [
          [
            [
              [
                -49.28330294298401,
                35.261580685975005
              ],
              [
                -49.28984911092461,
                35.22884984627204
              ],
              [
                -49.33349023052857,
                35.217939566371044
              ],
              [
                -49.34003639846915,
                35.274673021856195
              ],
              [
                -49.32039789464737,
                35.287765357737385
              ],
              [
                -49.2985773348454,
                35.281219189796786
              ],
              [
                -49.28330294298401,
                35.261580685975005
              ]
            ]
          ]
        ]
      }
    },
    {
      "type": "Feature",
      "properties": {
        "uuid": "e681869c-9aa4-4e96-907b-1bc13f5f5ce2",
        "layer_id": "srf_nat_lake_islands_pg",
        "timeframe": null,
        "feature_class": "Lake island",
        "feature_rank": 4,
        "is_visible": true,
        "is_labeled": true,
        "needs_review": false,
        "review_notes": null,
        "img_url": null,
        "last_edited": "2026-07-22",
        "last_editor": "postgres",
        "name_en": "Dragonisle",
        "name_ru": "Драконий Остров",
        "name_abb_en": null,
        "name_abb_ru": null,
        "label_en": "Dragonisle",
        "label_ru": "Драконий Остров",
        "descr_en": "The largest island in the Pirate Isles, dominated by the tall Earthspur mountain at its southern end. It historically served as the seat of power for the region.",
        "descr_ru": "Крупнейший остров Пиратских Островов, над которым возвышается высокая гора Земляная Шпора на его южной оконечности. Исторически он служил резиденцией власти в регионе.",
        "descr_html_en": null,
        "descr_html_ru": null,
        "url_en": "https://forgottenrealms.fandom.com/wiki/Dragonisle",
        "url_ru": null,
        "source_name": "TSR FRIA 2e",
        "source_url": "https://www.profantasy.com/fratlas/fratlashome.htm",
        "dnd_editions_str": "2e, 3e, 5e",
        "feature_levels_str": null,
        "extra_str": "topical_tags: [\"island\", \"mountain\", \"pirates\", \"seat of power\"] | related_location_tags: [\"Pirate Isles\", \"Sea of Fallen Stars\", \"Immurk's Hold\", \"Earthspur\"]",
        "location_en": "central Faerûn",
        "name_alt_en_str": "The Dragonisle",
        "location_ru": "центральный Фаэрун",
        "name_alt_ru_str": "Драконий Остров",
        "geog_extent_area_sq_km": 742.0,
        "geog_extent_area_sq_miles": 286.0,
        "geog_extent_perimeter_km": 149.0,
        "geog_extent_perimeter_miles": 93.0,
        "geog_extent_centroid_md": "35° 21′ 26″ N 002° 34′ 32″ E",
        "geog_extent_centroid_fria": "35° 21′ 26″ N 050° 54′ 20″ W",
        "geog_extent_length_km": null,
        "geog_extent_length_miles": null,
        "geog_extent_bbox_md": {
          "east": 2.766769821996,
          "west": 2.321630402036,
          "north": 35.55179413134134,
          "south": 35.13283938314332
        },
        "geog_extent_bbox_fria": {
          "east": -50.71473166599388,
          "west": -51.159871085954265,
          "north": 35.55179413134134,
          "south": 35.13283938314332
        },
        "name_it": "Isola del Drago",
        "name_abb_it": null,
        "label_it": "Isola del Drago",
        "descr_it": "L'isola più grande delle Isole dei Pirati, dominata dall'alto monte Earthspur alla sua estremità meridionale. Storicamente fungeva da sede del potere per la regione.",
        "descr_html_it": null,
        "url_it": null,
        "location_it": "Faerûn centrale",
        "name_alt_it_str": "L'Isola del Drago",
        "topical_tags": "island, mountain, pirates, seat of power",
        "related_location_tags": "Pirate Isles, Sea of Fallen Stars, Immurk's Hold, Earthspur",
        "related_cultures_tags": "",
        "related_factions_tags": ""
      },
      "geometry": {
        "type": "MultiPolygon",
        "coordinates": [
          [
            [
              [
                -50.89802436833051,
                35.41868871654926
              ],
              [
                -50.83910885686517,
                35.38595787684629
              ],
              [
                -50.821652409023585,
                35.36195526106411
              ],
              [
                -50.74309839373645,
                35.34668086920273
              ],
              [
                -50.71473166599388,
                35.29649358165817
              ],
              [
                -50.71473166599388,
                35.235396014212625
              ],
              [
                -50.73655222579586,
                35.19611900656906
              ],
              [
                -50.76928306549883,
                35.1590240549057
              ],
              [
                -50.830380632944376,
                35.13283938314332
              ],
              [
                -50.86311147264735,
                35.13502143912352
              ],
              [
                -50.86965764058794,
                35.1524778869651
              ],
              [
                -50.86747558460774,
                35.16993433480669
              ],
              [
                -50.85001913676616,
                35.19175489460867
              ],
              [
                -50.83474474490477,
                35.250670406074015
              ],
              [
                -50.85220119274636,
                35.283401245776986
              ],
              [
                -50.92202698411269,
                35.29431152567797
              ],
              [
                -50.94384754391467,
                35.32486030940075
              ],
              [
                -51.013673335281005,
                35.34449881322253
              ],
              [
                -51.035493895082986,
                35.40777843664827
              ],
              [
                -51.05731445488497,
                35.41650666056906
              ],
              [
                -51.15332491801367,
                35.420870772529454
              ],
              [
                -51.159871085954265,
                35.431781052430445
              ],
              [
                -51.159871085954265,
                35.471058060074014
              ],
              [
                -51.11404791037011,
                35.52124534761856
              ],
              [
                -51.04858623096417,
                35.52560945957896
              ],
              [
                -50.987488663518626,
                35.55179413134134
              ],
              [
                -50.90457053627111,
                35.54961207536114
              ],
              [
                -50.89584231235031,
                35.51033506771758
              ],
              [
                -50.90457053627111,
                35.462329836153216
              ],
              [
                -50.89802436833051,
                35.41868871654926
              ]
            ]
          ]
        ]
      }
    },
    {
      "type": "Feature",
      "properties": {
        "uuid": "92d84f6b-fb9b-4dfe-b813-32ec3eff7516",
        "layer_id": "srf_nat_lake_islands_pg",
        "timeframe": null,
        "feature_class": "Lake island",
        "feature_rank": 5,
        "is_visible": true,
        "is_labeled": true,
        "needs_review": false,
        "review_notes": null,
        "img_url": null,
        "last_edited": "2026-07-22",
        "last_editor": "postgres",
        "name_en": null,
        "name_ru": null,
        "name_abb_en": null,
        "name_abb_ru": null,
        "label_en": null,
        "label_ru": null,
        "descr_en": null,
        "descr_ru": null,
        "descr_html_en": null,
        "descr_html_ru": null,
        "url_en": null,
        "url_ru": null,
        "source_name": "TSR FRIA 2e",
        "source_url": "https://www.profantasy.com/fratlas/fratlashome.htm",
        "dnd_editions_str": "2e, 3e, 5e",
        "feature_levels_str": null,
        "extra_str": null,
        "location_en": "central Faerûn",
        "name_alt_en_str": null,
        "location_ru": "центральный Фаэрун",
        "name_alt_ru_str": null,
        "geog_extent_area_sq_km": 94.0,
        "geog_extent_area_sq_miles": 36.0,
        "geog_extent_perimeter_km": 36.0,
        "geog_extent_perimeter_miles": 22.0,
        "geog_extent_centroid_md": "35° 01′ 03″ N 002° 57′ 57″ E",
        "geog_extent_centroid_fria": "35° 01′ 03″ N 050° 30′ 55″ W",
        "geog_extent_length_km": null,
        "geog_extent_length_miles": null,
        "geog_extent_bbox_md": {
          "east": 3.022070371679,
          "west": 2.912967572669,
          "north": 35.076105927658176,
          "south": 34.96045696070769
        },
        "geog_extent_bbox_fria": {
          "east": -50.45943111631072,
          "west": -50.568533915320614,
          "north": 35.076105927658176,
          "south": 34.96045696070769
        },
        "name_it": null,
        "name_abb_it": null,
        "label_it": null,
        "descr_it": null,
        "descr_html_it": null,
        "url_it": null,
        "location_it": "Faerûn centrale",
        "name_alt_it_str": null,
        "topical_tags": "",
        "related_location_tags": "",
        "related_cultures_tags": "",
        "related_factions_tags": ""
      },
      "geometry": {
        "type": "MultiPolygon",
        "coordinates": [
          [
            [
              [
                -50.47034139621171,
                35.047739199915604
              ],
              [
                -50.45943111631072,
                35.008462192272034
              ],
              [
                -50.46161317229092,
                34.99100574443045
              ],
              [
                -50.47252345219191,
                34.98009546452947
              ],
              [
                -50.53362101963745,
                34.96045696070769
              ],
              [
                -50.55544157943943,
                34.97354929658887
              ],
              [
                -50.568533915320614,
                35.010644248252234
              ],
              [
                -50.56198774738002,
                35.043375087955205
              ],
              [
                -50.53362101963745,
                35.076105927658176
              ],
              [
                -50.51180045983547,
                35.076105927658176
              ],
              [
                -50.47034139621171,
                35.047739199915604
              ]
            ]
          ]
        ]
      }
    },
    {
      "type": "Feature",
      "properties": {
        "uuid": "66a58a4c-05eb-4b79-b792-992b3010e5aa",
        "layer_id": "srf_nat_lake_islands_pg",
        "timeframe": null,
        "feature_class": "Lake island",
        "feature_rank": 4,
        "is_visible": true,
        "is_labeled": true,
        "needs_review": false,
        "review_notes": null,
        "img_url": null,
        "last_edited": "2026-07-22",
        "last_editor": "postgres",
        "name_en": null,
        "name_ru": null,
        "name_abb_en": null,
        "name_abb_ru": null,
        "label_en": null,
        "label_ru": null,
        "descr_en": null,
        "descr_ru": null,
        "descr_html_en": null,
        "descr_html_ru": null,
        "url_en": null,
        "url_ru": null,
        "source_name": "TSR FRIA 2e",
        "source_url": "https://www.profantasy.com/fratlas/fratlashome.htm",
        "dnd_editions_str": "2e, 3e, 5e",
        "feature_levels_str": null,
        "extra_str": null,
        "location_en": "eastern Faerûn → Mulhorand",
        "name_alt_en_str": null,
        "location_ru": "восточный Фаэрун → Мулхоранд",
        "name_alt_ru_str": null,
        "geog_extent_area_sq_km": 670.0,
        "geog_extent_area_sq_miles": 259.0,
        "geog_extent_perimeter_km": 111.0,
        "geog_extent_perimeter_miles": 69.0,
        "geog_extent_centroid_md": "29° 39′ 10″ N 027° 52′ 12″ E",
        "geog_extent_centroid_fria": "29° 39′ 10″ N 025° 36′ 41″ W",
        "geog_extent_length_km": null,
        "geog_extent_length_miles": null,
        "geog_extent_bbox_md": {
          "east": 28.007588304201,
          "west": 27.747355449183,
          "north": 29.8114502118395,
          "south": 29.438265224004844
        },
        "geog_extent_bbox_fria": {
          "east": -25.47391318378891,
          "west": -25.734146038807143,
          "north": 29.8114502118395,
          "south": 29.438265224004844
        },
        "name_it": null,
        "name_abb_it": null,
        "label_it": null,
        "descr_it": null,
        "descr_html_it": null,
        "url_it": null,
        "location_it": "Faerûn orientale → Mulhorand",
        "name_alt_it_str": null,
        "topical_tags": "",
        "related_location_tags": "",
        "related_cultures_tags": "",
        "related_factions_tags": ""
      },
      "geometry": {
        "type": "MultiPolygon",
        "coordinates": [
          [
            [
              [
                -25.538140867155114,
                29.8114502118395
              ],
              [
                -25.492738539258315,
                29.757188893133574
              ],
              [
                -25.47391318378891,
                29.673028480446824
              ],
              [
                -25.50381227776973,
                29.6110155447829
              ],
              [
                -25.549214605666528,
                29.56118372148154
              ],
              [
                -25.666596233887518,
                29.45930532717653
              ],
              [
                -25.720857552593447,
                29.438265224004844
              ],
              [
                -25.734146038807143,
                29.50027815966876
              ],
              [
                -25.70535431867747,
                29.571150086141813
              ],
              [
                -25.682099467803496,
                29.667491611191117
              ],
              [
                -25.70535431867747,
                29.73282666840846
              ],
              [
                -25.711998561784316,
                29.783765865560966
              ],
              [
                -25.682099467803496,
                29.8114502118395
              ],
              [
                -25.538140867155114,
                29.8114502118395
              ]
            ]
          ]
        ]
      }
    },
    {
      "type": "Feature",
      "properties": {
        "uuid": "e7b4a033-1f13-41f6-b36b-7b5e66902316",
        "layer_id": "srf_nat_lake_islands_pg",
        "timeframe": null,
        "feature_class": "Lake island",
        "feature_rank": 4,
        "is_visible": true,
        "is_labeled": true,
        "needs_review": false,
        "review_notes": null,
        "img_url": null,
        "last_edited": "2026-07-22",
        "last_editor": "postgres",
        "name_en": null,
        "name_ru": null,
        "name_abb_en": null,
        "name_abb_ru": null,
        "label_en": null,
        "label_ru": null,
        "descr_en": null,
        "descr_ru": null,
        "descr_html_en": null,
        "descr_html_ru": null,
        "url_en": null,
        "url_ru": null,
        "source_name": "TSR FRIA 2e",
        "source_url": "https://www.profantasy.com/fratlas/fratlashome.htm",
        "dnd_editions_str": "2e, 3e, 5e",
        "feature_levels_str": null,
        "extra_str": null,
        "location_en": "central Faerûn",
        "name_alt_en_str": null,
        "location_ru": "центральный Фаэрун",
        "name_alt_ru_str": null,
        "geog_extent_area_sq_km": 115.0,
        "geog_extent_area_sq_miles": 45.0,
        "geog_extent_perimeter_km": 41.0,
        "geog_extent_perimeter_miles": 25.0,
        "geog_extent_centroid_md": "35° 07′ 57″ N 003° 07′ 21″ E",
        "geog_extent_centroid_fria": "35° 07′ 57″ N 050° 21′ 31″ W",
        "geog_extent_length_km": null,
        "geog_extent_length_miles": null,
        "geog_extent_bbox_md": {
          "east": 3.196634850095,
          "west": 3.052619155402,
          "north": 35.18957283862847,
          "south": 35.07174181569778
        },
        "geog_extent_bbox_fria": {
          "east": -50.28486663789488,
          "west": -50.428882332587946,
          "north": 35.18957283862847,
          "south": 35.07174181569778
        },
        "name_it": null,
        "name_abb_it": null,
        "label_it": null,
        "descr_it": null,
        "descr_html_it": null,
        "url_it": null,
        "location_it": "Faerûn centrale",
        "name_alt_it_str": null,
        "topical_tags": "",
        "related_location_tags": "",
        "related_cultures_tags": "",
        "related_factions_tags": ""
      },
      "geometry": {
        "type": "MultiPolygon",
        "coordinates": [
          [
            [
              [
                -50.35469242926121,
                35.18520872666808
              ],
              [
                -50.29795897377606,
                35.14811377500471
              ],
              [
                -50.28486663789488,
                35.11974704726214
              ],
              [
                -50.32414364553844,
                35.07174181569778
              ],
              [
                -50.3677847651424,
                35.076105927658176
              ],
              [
                -50.38087710102359,
                35.09356237549976
              ],
              [
                -50.413607940726564,
                35.11320087932154
              ],
              [
                -50.428882332587946,
                35.15029583098491
              ],
              [
                -50.411425884746365,
                35.18957283862847
              ],
              [
                -50.35469242926121,
                35.18520872666808
              ]
            ]
          ]
        ]
      }
    },
    {
      "type": "Feature",
      "properties": {
        "uuid": "1aadfe95-069c-4970-8b2d-16a80e321ce5",
        "layer_id": "srf_nat_lake_islands_pg",
        "timeframe": null,
        "feature_class": "Lake island",
        "feature_rank": 4,
        "is_visible": true,
        "is_labeled": true,
        "needs_review": false,
        "review_notes": null,
        "img_url": null,
        "last_edited": "2026-07-22",
        "last_editor": "postgres",
        "name_en": null,
        "name_ru": null,
        "name_abb_en": null,
        "name_abb_ru": null,
        "label_en": null,
        "label_ru": null,
        "descr_en": null,
        "descr_ru": null,
        "descr_html_en": null,
        "descr_html_ru": null,
        "url_en": null,
        "url_ru": null,
        "source_name": "TSR FRIA 2e",
        "source_url": "https://www.profantasy.com/fratlas/fratlashome.htm",
        "dnd_editions_str": "2e, 3e, 5e",
        "feature_levels_str": null,
        "extra_str": null,
        "location_en": "central Faerûn",
        "name_alt_en_str": null,
        "location_ru": "центральный Фаэрун",
        "name_alt_ru_str": null,
        "geog_extent_area_sq_km": 134.0,
        "geog_extent_area_sq_miles": 52.0,
        "geog_extent_perimeter_km": 44.0,
        "geog_extent_perimeter_miles": 27.0,
        "geog_extent_centroid_md": "34° 32′ 24″ N 003° 11′ 42″ E",
        "geog_extent_centroid_fria": "34° 32′ 24″ N 050° 17′ 11″ W",
        "geog_extent_length_km": null,
        "geog_extent_length_miles": null,
        "geog_extent_bbox_md": {
          "east": 3.290463257244,
          "west": 3.120262890788,
          "north": 34.59823566799482,
          "south": 34.484768757024526
        },
        "geog_extent_bbox_fria": {
          "east": -50.19103823074637,
          "west": -50.36123859720181,
          "north": 34.59823566799482,
          "south": 34.484768757024526
        },
        "name_it": null,
        "name_abb_it": null,
        "label_it": null,
        "descr_it": null,
        "descr_html_it": null,
        "url_it": null,
        "location_it": "Faerûn centrale",
        "name_alt_it_str": null,
        "topical_tags": "",
        "related_location_tags": "",
        "related_cultures_tags": "",
        "related_factions_tags": ""
      },
      "geometry": {
        "type": "MultiPolygon",
        "coordinates": [
          [
            [
              [
                -50.24340757427112,
                34.57205099623245
              ],
              [
                -50.193220286726564,
                34.55677660437106
              ],
              [
                -50.19103823074637,
                34.53713810054928
              ],
              [
                -50.215040846528545,
                34.51749959672749
              ],
              [
                -50.27177430201369,
                34.491314924965124
              ],
              [
                -50.31541542161765,
                34.484768757024526
              ],
              [
                -50.35905654122161,
                34.510953428786905
              ],
              [
                -50.36123859720181,
                34.56332277231165
              ],
              [
                -50.34160009338003,
                34.58296127613343
              ],
              [
                -50.29359486181568,
                34.59823566799482
              ],
              [
                -50.24340757427112,
                34.57205099623245
              ]
            ]
          ]
        ]
      }
    },
    {
      "type": "Feature",
      "properties": {
        "uuid": "906403de-aa21-44d2-bc33-e6c22265fd59",
        "layer_id": "srf_nat_lake_islands_pg",
        "timeframe": null,
        "feature_class": "Lake island",
        "feature_rank": 4,
        "is_visible": true,
        "is_labeled": true,
        "needs_review": false,
        "review_notes": null,
        "img_url": null,
        "last_edited": "2026-07-22",
        "last_editor": "postgres",
        "name_en": null,
        "name_ru": null,
        "name_abb_en": null,
        "name_abb_ru": null,
        "label_en": null,
        "label_ru": null,
        "descr_en": null,
        "descr_ru": null,
        "descr_html_en": null,
        "descr_html_ru": null,
        "url_en": null,
        "url_ru": null,
        "source_name": "TSR FRIA 2e",
        "source_url": "https://www.profantasy.com/fratlas/fratlashome.htm",
        "dnd_editions_str": "2e, 3e, 5e",
        "feature_levels_str": null,
        "extra_str": null,
        "location_en": "central Faerûn",
        "name_alt_en_str": null,
        "location_ru": "центральный Фаэрун",
        "name_alt_ru_str": null,
        "geog_extent_area_sq_km": 114.0,
        "geog_extent_area_sq_miles": 44.0,
        "geog_extent_perimeter_km": 39.0,
        "geog_extent_perimeter_miles": 24.0,
        "geog_extent_centroid_md": "34° 28′ 05″ N 006° 22′ 14″ E",
        "geog_extent_centroid_fria": "34° 28′ 05″ N 047° 06′ 38″ W",
        "geog_extent_length_km": null,
        "geog_extent_length_miles": null,
        "geog_extent_bbox_md": {
          "east": 6.439170036669,
          "west": 6.310428733838,
          "north": 34.52622782064829,
          "south": 34.41276090967799
        },
        "geog_extent_bbox_fria": {
          "east": -47.042331451320685,
          "west": -47.17107275415237,
          "north": 34.52622782064829,
          "south": 34.41276090967799
        },
        "name_it": null,
        "name_abb_it": null,
        "label_it": null,
        "descr_it": null,
        "descr_html_it": null,
        "url_it": null,
        "location_it": "Faerûn centrale",
        "name_alt_it_str": null,
        "topical_tags": "",
        "related_location_tags": "",
        "related_cultures_tags": "",
        "related_factions_tags": ""
      },
      "geometry": {
        "type": "MultiPolygon",
        "coordinates": [
          [
            [
              [
                -47.066334067102865,
                34.50222520486611
              ],
              [
                -47.042331451320685,
                34.462948197222545
              ],
              [
                -47.064152011122665,
                34.42148913359878
              ],
              [
                -47.085972570924646,
                34.41276090967799
              ],
              [
                -47.12961369052861,
                34.41276090967799
              ],
              [
                -47.16889069817217,
                34.44549174938096
              ],
              [
                -47.17107275415237,
                34.49349698094532
              ],
              [
                -47.14707013837019,
                34.52622782064829
              ],
              [
                -47.09470079484544,
                34.52186370868789
              ],
              [
                -47.066334067102865,
                34.50222520486611
              ]
            ]
          ]
        ]
      }
    },
    {
      "type": "Feature",
      "properties": {
        "uuid": "9652d151-6cf9-40a0-ae72-32fd00aa49fb",
        "layer_id": "srf_nat_lake_islands_pg",
        "timeframe": null,
        "feature_class": "Lake island",
        "feature_rank": 4,
        "is_visible": true,
        "is_labeled": true,
        "needs_review": false,
        "review_notes": null,
        "img_url": null,
        "last_edited": "2026-07-22",
        "last_editor": "postgres",
        "name_en": null,
        "name_ru": null,
        "name_abb_en": null,
        "name_abb_ru": null,
        "label_en": null,
        "label_ru": null,
        "descr_en": null,
        "descr_ru": null,
        "descr_html_en": null,
        "descr_html_ru": null,
        "url_en": null,
        "url_ru": null,
        "source_name": "TSR FRIA 2e",
        "source_url": "https://www.profantasy.com/fratlas/fratlashome.htm",
        "dnd_editions_str": "2e, 3e, 5e",
        "feature_levels_str": null,
        "extra_str": null,
        "location_en": "central Faerûn",
        "name_alt_en_str": null,
        "location_ru": "центральный Фаэрун",
        "name_alt_ru_str": null,
        "geog_extent_area_sq_km": 152.0,
        "geog_extent_area_sq_miles": 59.0,
        "geog_extent_perimeter_km": 66.0,
        "geog_extent_perimeter_miles": 41.0,
        "geog_extent_centroid_md": "34° 02′ 19″ N 004° 09′ 32″ E",
        "geog_extent_centroid_fria": "34° 02′ 19″ N 049° 19′ 20″ W",
        "geog_extent_length_km": null,
        "geog_extent_length_miles": null,
        "geog_extent_bbox_md": {
          "east": 4.252749944511,
          "west": 4.100006025897,
          "north": 34.13127568823245,
          "south": 33.90870597825226
        },
        "geog_extent_bbox_fria": {
          "east": -49.22875154347906,
          "west": -49.38149546209292,
          "north": 34.13127568823245,
          "south": 33.90870597825226
        },
        "name_it": null,
        "name_abb_it": null,
        "label_it": null,
        "descr_it": null,
        "descr_html_it": null,
        "url_it": null,
        "location_it": "Faerûn centrale",
        "name_alt_it_str": null,
        "topical_tags": "",
        "related_location_tags": "",
        "related_cultures_tags": "",
        "related_factions_tags": ""
      },
      "geometry": {
        "type": "MultiPolygon",
        "coordinates": [
          [
            [
              [
                -49.35749284631074,
                34.13127568823245
              ],
              [
                -49.27239266308302,
                34.085452512648295
              ],
              [
                -49.22875154347906,
                34.081088400687904
              ],
              [
                -49.2963952788652,
                33.99598821746018
              ],
              [
                -49.31166967072659,
                33.913070090212656
              ],
              [
                -49.34221845444935,
                33.90870597825226
              ],
              [
                -49.36403901425133,
                33.95234709785622
              ],
              [
                -49.359674902290934,
                33.99598821746018
              ],
              [
                -49.32912611856817,
                34.01999083324236
              ],
              [
                -49.38149546209292,
                34.11381924039087
              ],
              [
                -49.35749284631074,
                34.13127568823245
              ]
            ]
          ]
        ]
      }
    },
    {
      "type": "Feature",
      "properties": {
        "uuid": "4abc434c-e077-4291-b97f-0d0c47e7c304",
        "layer_id": "srf_nat_lake_islands_pg",
        "timeframe": null,
        "feature_class": "Lake island",
        "feature_rank": 5,
        "is_visible": true,
        "is_labeled": true,
        "needs_review": false,
        "review_notes": null,
        "img_url": null,
        "last_edited": "2026-07-22",
        "last_editor": "postgres",
        "name_en": null,
        "name_ru": null,
        "name_abb_en": null,
        "name_abb_ru": null,
        "label_en": null,
        "label_ru": null,
        "descr_en": null,
        "descr_ru": null,
        "descr_html_en": null,
        "descr_html_ru": null,
        "url_en": null,
        "url_ru": null,
        "source_name": "TSR FRIA 2e",
        "source_url": "https://www.profantasy.com/fratlas/fratlashome.htm",
        "dnd_editions_str": "2e, 3e, 5e",
        "feature_levels_str": null,
        "extra_str": null,
        "location_en": "central Faerûn",
        "name_alt_en_str": null,
        "location_ru": "центральный Фаэрун",
        "name_alt_ru_str": null,
        "geog_extent_area_sq_km": 41.0,
        "geog_extent_area_sq_miles": 16.0,
        "geog_extent_perimeter_km": 25.0,
        "geog_extent_perimeter_miles": 16.0,
        "geog_extent_centroid_md": "36° 03′ 28″ N 004° 00′ 22″ E",
        "geog_extent_centroid_fria": "36° 03′ 28″ N 049° 28′ 30″ W",
        "geog_extent_length_km": null,
        "geog_extent_length_miles": null,
        "geog_extent_bbox_md": {
          "east": 4.060729018254,
          "west": 3.955990331204,
          "north": 36.082033734529446,
          "south": 36.029664391004694
        },
        "geog_extent_bbox_fria": {
          "east": -49.420772469736484,
          "west": -49.52551115678598,
          "north": 36.082033734529446,
          "south": 36.029664391004694
        },
        "name_it": null,
        "name_abb_it": null,
        "label_it": null,
        "descr_it": null,
        "descr_html_it": null,
        "url_it": null,
        "location_it": "Faerûn centrale",
        "name_alt_it_str": null,
        "topical_tags": "",
        "related_location_tags": "",
        "related_cultures_tags": "",
        "related_factions_tags": ""
      },
      "geometry": {
        "type": "MultiPolygon",
        "coordinates": [
          [
            [
              [
                -49.51678293286519,
                36.036210558945285
              ],
              [
                -49.52551115678598,
                36.062395230707665
              ],
              [
                -49.5124188209048,
                36.07766962256905
              ],
              [
                -49.460049477380046,
                36.082033734529446
              ],
              [
                -49.420772469736484,
                36.07548756658885
              ],
              [
                -49.425136581696876,
                36.05366700678687
              ],
              [
                -49.449139197479056,
                36.038392614925485
              ],
              [
                -49.497144429043416,
                36.029664391004694
              ],
              [
                -49.51678293286519,
                36.036210558945285
              ]
            ]
          ]
        ]
      }
    },
    {
      "type": "Feature",
      "properties": {
        "uuid": "bf2610f2-0824-4413-b1fe-581031f44895",
        "layer_id": "srf_nat_lake_islands_pg",
        "timeframe": null,
        "feature_class": "Lake island",
        "feature_rank": 5,
        "is_visible": true,
        "is_labeled": true,
        "needs_review": false,
        "review_notes": null,
        "img_url": null,
        "last_edited": "2026-07-22",
        "last_editor": "postgres",
        "name_en": null,
        "name_ru": null,
        "name_abb_en": null,
        "name_abb_ru": null,
        "label_en": null,
        "label_ru": null,
        "descr_en": null,
        "descr_ru": null,
        "descr_html_en": null,
        "descr_html_ru": null,
        "url_en": null,
        "url_ru": null,
        "source_name": "TSR FRIA 2e",
        "source_url": "https://www.profantasy.com/fratlas/fratlashome.htm",
        "dnd_editions_str": "2e, 3e, 5e",
        "feature_levels_str": null,
        "extra_str": null,
        "location_en": "central Faerûn",
        "name_alt_en_str": null,
        "location_ru": "центральный Фаэрун",
        "name_alt_ru_str": null,
        "geog_extent_area_sq_km": 40.0,
        "geog_extent_area_sq_miles": 15.0,
        "geog_extent_perimeter_km": 24.0,
        "geog_extent_perimeter_miles": 15.0,
        "geog_extent_centroid_md": "37° 26′ 34″ N 003° 03′ 56″ E",
        "geog_extent_centroid_fria": "37° 26′ 34″ N 050° 24′ 56″ W",
        "geog_extent_length_km": null,
        "geog_extent_length_miles": null,
        "geog_extent_bbox_md": {
          "east": 3.118080834808,
          "west": 3.017706259719,
          "north": 37.46982133793536,
          "south": 37.41526993843041
        },
        "geog_extent_bbox_fria": {
          "east": -50.36342065318201,
          "west": -50.46379522827112,
          "north": 37.46982133793536,
          "south": 37.41526993843041
        },
        "name_it": null,
        "name_abb_it": null,
        "label_it": null,
        "descr_it": null,
        "descr_html_it": null,
        "url_it": null,
        "location_it": "Faerûn centrale",
        "name_alt_it_str": null,
        "topical_tags": "",
        "related_location_tags": "",
        "related_cultures_tags": "",
        "related_factions_tags": ""
      },
      "geometry": {
        "type": "MultiPolygon",
        "coordinates": [
          [
            [
              [
                -50.36342065318201,
                37.44581872215318
              ],
              [
                -50.39396943690478,
                37.41526993843041
              ],
              [
                -50.43761055650874,
                37.41526993843041
              ],
              [
                -50.45288494837013,
                37.430544330291795
              ],
              [
                -50.46379522827112,
                37.45891105803437
              ],
              [
                -50.45070289238993,
                37.46982133793536
              ],
              [
                -50.3721488771028,
                37.46109311401456
              ],
              [
                -50.36342065318201,
                37.44581872215318
              ]
            ]
          ]
        ]
      }
    },
    {
      "type": "Feature",
      "properties": {
        "uuid": "6fd347f9-9227-4d15-b908-4ace7585afd3",
        "layer_id": "srf_nat_lake_islands_pg",
        "timeframe": null,
        "feature_class": "Lake island",
        "feature_rank": 4,
        "is_visible": true,
        "is_labeled": true,
        "needs_review": false,
        "review_notes": null,
        "img_url": null,
        "last_edited": "2026-07-22",
        "last_editor": "postgres",
        "name_en": null,
        "name_ru": null,
        "name_abb_en": null,
        "name_abb_ru": null,
        "label_en": null,
        "label_ru": null,
        "descr_en": null,
        "descr_ru": null,
        "descr_html_en": null,
        "descr_html_ru": null,
        "url_en": null,
        "url_ru": null,
        "source_name": "TSR FRIA 2e",
        "source_url": "https://www.profantasy.com/fratlas/fratlashome.htm",
        "dnd_editions_str": "2e, 3e, 5e",
        "feature_levels_str": null,
        "extra_str": null,
        "location_en": "central Faerûn",
        "name_alt_en_str": null,
        "location_ru": "центральный Фаэрун",
        "name_alt_ru_str": null,
        "geog_extent_area_sq_km": 153.0,
        "geog_extent_area_sq_miles": 59.0,
        "geog_extent_perimeter_km": 54.0,
        "geog_extent_perimeter_miles": 33.0,
        "geog_extent_centroid_md": "33° 47′ 48″ N 004° 15′ 01″ E",
        "geog_extent_centroid_fria": "33° 47′ 48″ N 049° 13′ 51″ W",
        "geog_extent_length_km": null,
        "geog_extent_length_miles": null,
        "geog_extent_bbox_md": {
          "east": 4.34876040764,
          "west": 4.139283033541,
          "north": 33.865064858648296,
          "south": 33.73850561179682
        },
        "geog_extent_bbox_fria": {
          "east": -49.13274108035035,
          "west": -49.34221845444935,
          "north": 33.865064858648296,
          "south": 33.73850561179682
        },
        "name_it": null,
        "name_abb_it": null,
        "label_it": null,
        "descr_it": null,
        "descr_html_it": null,
        "url_it": null,
        "location_it": "Faerûn centrale",
        "name_alt_it_str": null,
        "topical_tags": "",
        "related_location_tags": "",
        "related_cultures_tags": "",
        "related_factions_tags": ""
      },
      "geometry": {
        "type": "MultiPolygon",
        "coordinates": [
          [
            [
              [
                -49.13710519231074,
                33.79087495532157
              ],
              [
                -49.17638219995431,
                33.77123645149979
              ],
              [
                -49.246207991320645,
                33.76687233953939
              ],
              [
                -49.28112088700381,
                33.74505177973741
              ],
              [
                -49.31166967072659,
                33.73850561179682
              ],
              [
                -49.32912611856817,
                33.74068766777701
              ],
              [
                -49.34221845444935,
                33.76687233953939
              ],
              [
                -49.32039789464738,
                33.81051345914335
              ],
              [
                -49.241843879360246,
                33.82796990698493
              ],
              [
                -49.198202759756285,
                33.865064858648296
              ],
              [
                -49.13928724829094,
                33.85197252276711
              ],
              [
                -49.13274108035035,
                33.80833140316315
              ],
              [
                -49.13710519231074,
                33.79087495532157
              ]
            ]
          ]
        ]
      }
    },
    {
      "type": "Feature",
      "properties": {
        "uuid": "c2e4814a-ab46-47ba-8afa-aa3667c33d84",
        "layer_id": "srf_nat_lake_islands_pg",
        "timeframe": null,
        "feature_class": "Lake island",
        "feature_rank": 4,
        "is_visible": true,
        "is_labeled": true,
        "needs_review": false,
        "review_notes": null,
        "img_url": null,
        "last_edited": "2026-07-22",
        "last_editor": "postgres",
        "name_en": null,
        "name_ru": null,
        "name_abb_en": null,
        "name_abb_ru": null,
        "label_en": null,
        "label_ru": null,
        "descr_en": null,
        "descr_ru": null,
        "descr_html_en": null,
        "descr_html_ru": null,
        "url_en": null,
        "url_ru": null,
        "source_name": "TSR FRIA 2e",
        "source_url": "https://www.profantasy.com/fratlas/fratlashome.htm",
        "dnd_editions_str": "2e, 3e, 5e",
        "feature_levels_str": null,
        "extra_str": null,
        "location_en": "central Faerûn",
        "name_alt_en_str": null,
        "location_ru": "центральный Фаэрун",
        "name_alt_ru_str": null,
        "geog_extent_area_sq_km": 341.0,
        "geog_extent_area_sq_miles": 132.0,
        "geog_extent_perimeter_km": 68.0,
        "geog_extent_perimeter_miles": 42.0,
        "geog_extent_centroid_md": "36° 13′ 14″ N 006° 34′ 19″ E",
        "geog_extent_centroid_fria": "36° 13′ 14″ N 046° 54′ 33″ W",
        "geog_extent_length_km": null,
        "geog_extent_length_miles": null,
        "geog_extent_bbox_md": {
          "east": 6.698834698313,
          "west": 6.44571620461,
          "north": 36.31333166843043,
          "south": 36.132221022074
        },
        "geog_extent_bbox_fria": {
          "east": -46.78266678967713,
          "west": -47.03578528338009,
          "north": 36.31333166843043,
          "south": 36.132221022074
        },
        "name_it": null,
        "name_abb_it": null,
        "label_it": null,
        "descr_it": null,
        "descr_html_it": null,
        "url_it": null,
        "location_it": "Faerûn centrale",
        "name_alt_it_str": null,
        "topical_tags": "",
        "related_location_tags": "",
        "related_cultures_tags": "",
        "related_factions_tags": ""
      },
      "geometry": {
        "type": "MultiPolygon",
        "coordinates": [
          [
            [
              [
                -46.90486192456821,
                36.31333166843043
              ],
              [
                -46.8066694054593,
                36.28278288470766
              ],
              [
                -46.78703090163752,
                36.247869989024494
              ],
              [
                -46.78266678967713,
                36.217321205301715
              ],
              [
                -46.79139501359792,
                36.19550064549974
              ],
              [
                -46.845946413102865,
                36.14749541393538
              ],
              [
                -46.91577220446921,
                36.132221022074
              ],
              [
                -46.95068510015237,
                36.132221022074
              ],
              [
                -47.03578528338009,
                36.17804419765815
              ],
              [
                -47.03578528338009,
                36.221685317262114
              ],
              [
                -47.01614677955831,
                36.2369597091235
              ],
              [
                -47.02051089151871,
                36.245687933044294
              ],
              [
                -46.97250565995435,
                36.29805727656904
              ],
              [
                -46.90486192456821,
                36.31333166843043
              ]
            ]
          ]
        ]
      }
    }
  ]
}