{
  "type": "FeatureCollection",
  "name": "sql_statement",
  "crs": {
    "type": "name",
    "properties": {
      "name": "urn:ogc:def:crs:OGC:1.3:CRS84"
    }
  },
  "features": [
    {
      "type": "Feature",
      "properties": {
        "uuid": "e01b9536-fc7c-4052-ac9b-39d08fd7fce0",
        "layer_id": "srf_nat_marine_regions_pg",
        "timeframe": null,
        "feature_class": "Bay",
        "feature_rank": 2,
        "is_visible": true,
        "is_labeled": true,
        "needs_review": false,
        "review_notes": null,
        "img_url": null,
        "last_edited": "2026-07-22",
        "last_editor": "postgres",
        "name_en": "Bay of Balduran",
        "name_ru": "Бухта Балдурана",
        "name_abb_en": null,
        "name_abb_ru": null,
        "label_en": "Bay of Balduran",
        "label_ru": "Бухта Балдурана",
        "descr_en": "A coastal bay at a river mouth on Anchorome's northern coast, opening into the Trackless Sea. The only settlement on the bay is Fort Flame, a Flaming Fist colony.",
        "descr_ru": "Прибрежная бухта в устье реки на северном побережье Анкорома, открывающаяся в Бесследное Море. Единственное поселение на бухте — Форт Пламя, колония Пылающих Кулаков.",
        "descr_html_en": null,
        "descr_html_ru": null,
        "url_en": "https://forgottenrealms.fandom.com/wiki/Bay_of_Balduran",
        "url_ru": null,
        "source_name": "TSR FRIA 2e",
        "source_url": "https://www.profantasy.com/fratlas/fratlashome.htm",
        "dnd_editions_str": "2e, 3e, 5e",
        "feature_levels_str": null,
        "extra_str": "topical_tags: [\"bay\", \"coast\", \"river_mouth\", \"anchorome\", \"trackless_sea\"] | related_factions_tags: [\"Flaming Fist\"] | related_location_tags: [\"Anchorome\", \"Kultaka\", \"Trackless Sea\", \"Fort Flame\"]",
        "location_en": "western Trackless Sea",
        "name_alt_en_str": "Balduran's Bay",
        "location_ru": "западный Бесследное море",
        "name_alt_ru_str": "Бухта Балдурана",
        "geog_extent_area_sq_km": 100521.0,
        "geog_extent_area_sq_miles": 38811.0,
        "geog_extent_perimeter_km": 1426.0,
        "geog_extent_perimeter_miles": 886.0,
        "geog_extent_centroid_md": "35° 49′ 51″ N 059° 20′ 12″ W",
        "geog_extent_centroid_fria": "35° 49′ 51″ N 112° 49′ 06″ W",
        "geog_extent_length_km": null,
        "geog_extent_length_miles": null,
        "geog_extent_bbox_md": {
          "east": -58.056745024878,
          "west": -61.099489895014,
          "north": 38.37863893075901,
          "south": 33.83200812566145
        },
        "geog_extent_bbox_fria": {
          "east": -111.53824651286774,
          "west": -114.5809913830041,
          "north": 38.37863893075901,
          "south": 33.83200812566145
        },
        "name_it": "Baia di Balduran",
        "name_abb_it": null,
        "label_it": "Baia di Balduran",
        "descr_it": "Una baia costiera alla foce di un fiume sulla costa settentrionale di Anchorome, che si apre nel Mare Senza Tracce. L'unico insediamento sulla baia è Forte Fiamma, una colonia dei Pugni Fiammanti.",
        "descr_html_it": null,
        "url_it": null,
        "location_it": "Mare Senza Tracce occidentale",
        "name_alt_it_str": "Baia di Balduran",
        "topical_tags": "bay, coast, river_mouth, anchorome, trackless_sea",
        "related_location_tags": "Anchorome, Kultaka, Trackless Sea, Fort Flame",
        "related_cultures_tags": "",
        "related_factions_tags": "Flaming Fist"
      },
      "geometry": {
        "type": "MultiPolygon",
        "coordinates": [
          [
            [
              [
                -111.55720494397964,
                33.92611596676602
              ],
              [
                -111.56016495029671,
                33.92746742027761
              ],
              [
                -111.5709793647336,
                33.930759120091956
              ],
              [
                -111.58179377917051,
                33.934050819906304
              ],
              [
                -111.60342260804431,
                33.93734251972066
              ],
              [
                -111.62505143691811,
                33.940634219535006
              ],
              [
                -111.6466802657919,
                33.943925919349354
              ],
              [
                -111.6683090946657,
                33.94721761916371
              ],
              [
                -111.67551870429031,
                33.95050931897806
              ],
              [
                -111.68272831391491,
                33.953801018792404
              ],
              [
                -111.6899379235395,
                33.95709271860675
              ],
              [
                -111.69714753316411,
                33.9603844184211
              ],
              [
                -111.707961947601,
                33.963676118235455
              ],
              [
                -111.71877636203791,
                33.96696781804981
              ],
              [
                -111.72238116685021,
                33.97025951786416
              ],
              [
                -111.72598597166251,
                33.973551217678505
              ],
              [
                -111.72959077647481,
                33.97684291749285
              ],
              [
                -111.7331955812871,
                33.9801346173072
              ],
              [
                -111.7368003860994,
                33.983426317121555
              ],
              [
                -111.7404051909117,
                33.98671801693591
              ],
              [
                -111.74400999572401,
                33.99000971675026
              ],
              [
                -111.74761480053631,
                33.993301416564606
              ],
              [
                -111.75121960534861,
                33.99659311637895
              ],
              [
                -111.75482441016091,
                33.9998848161933
              ],
              [
                -111.7584292149732,
                34.003176516007656
              ],
              [
                -111.7620340197855,
                34.00646821582201
              ],
              [
                -111.7656388245978,
                34.00975991563636
              ],
              [
                -111.76924362941011,
                34.01634331526506
              ],
              [
                -111.77284843422241,
                34.02292671489376
              ],
              [
                -111.77645323903471,
                34.02621841470811
              ],
              [
                -111.780058043847,
                34.02951011452246
              ],
              [
                -111.7836628486593,
                34.03280181433681
              ],
              [
                -111.79447726309621,
                34.036093514151155
              ],
              [
                -111.8052916775331,
                34.0393852139655
              ],
              [
                -111.82331570159461,
                34.04267691377986
              ],
              [
                -111.84133972565611,
                34.045968613594205
              ],
              [
                -111.8845973834037,
                34.04926031340855
              ],
              [
                -111.9278550411513,
                34.045968613594205
              ],
              [
                -111.9747175037112,
                34.04267691377986
              ],
              [
                -112.0215799662711,
                34.045968613594205
              ],
              [
                -112.03239438070801,
                34.04926031340855
              ],
              [
                -112.0432087951449,
                34.05255201322291
              ],
              [
                -112.0540232095818,
                34.055843713037255
              ],
              [
                -112.06483762401871,
                34.0591354128516
              ],
              [
                -112.0792568432679,
                34.06242711266596
              ],
              [
                -112.0936760625171,
                34.065718812480306
              ],
              [
                -112.10088567214171,
                34.06901051229465
              ],
              [
                -112.10809528176631,
                34.07230221210901
              ],
              [
                -112.1153048913909,
                34.075593911923356
              ],
              [
                -112.1225145010155,
                34.078885611737704
              ],
              [
                -112.12611930582781,
                34.08217731155206
              ],
              [
                -112.12972411064011,
                34.085469011366406
              ],
              [
                -112.13693372026471,
                34.088760711180754
              ],
              [
                -112.1441433298893,
                34.09205241099511
              ],
              [
                -112.1477481347016,
                34.09534411080946
              ],
              [
                -112.15135293951391,
                34.098635810623804
              ],
              [
                -112.18019137801231,
                34.10192751043816
              ],
              [
                -112.20902981651071,
                34.098635810623804
              ],
              [
                -112.2162394261353,
                34.09534411080946
              ],
              [
                -112.22344903575991,
                34.09205241099511
              ],
              [
                -112.22705384057221,
                34.088760711180754
              ],
              [
                -112.23065864538451,
                34.085469011366406
              ],
              [
                -112.2342634501968,
                34.08217731155206
              ],
              [
                -112.2378682550091,
                34.078885611737704
              ],
              [
                -112.2414730598214,
                34.075593911923356
              ],
              [
                -112.24507786463371,
                34.07230221210901
              ],
              [
                -112.24868266944601,
                34.06901051229465
              ],
              [
                -112.25228747425831,
                34.065718812480306
              ],
              [
                -112.25589227907061,
                34.06242711266596
              ],
              [
                -112.2594970838829,
                34.0591354128516
              ],
              [
                -112.2631018886952,
                34.055843713037255
              ],
              [
                -112.2667066935075,
                34.05255201322291
              ],
              [
                -112.27031149831981,
                34.04926031340855
              ],
              [
                -112.27391630313211,
                34.045968613594205
              ],
              [
                -112.27752110794441,
                34.04267691377986
              ],
              [
                -112.2811259127567,
                34.0393852139655
              ],
              [
                -112.284730717569,
                34.036093514151155
              ],
              [
                -112.2883355223813,
                34.03280181433681
              ],
              [
                -112.2919403271936,
                34.02951011452246
              ],
              [
                -112.29554513200591,
                34.02621841470811
              ],
              [
                -112.29914993681821,
                34.02292671489376
              ],
              [
                -112.30275474163051,
                34.0196350150794
              ],
              [
                -112.3099643512551,
                34.016343315265054
              ],
              [
                -112.31717396087971,
                34.013051615450706
              ],
              [
                -112.32438357050431,
                34.00975991563636
              ],
              [
                -112.3315931801289,
                34.00646821582201
              ],
              [
                -112.3351979849412,
                34.003176516007656
              ],
              [
                -112.3388027897535,
                33.9998848161933
              ],
              [
                -112.34601239937811,
                33.99659311637895
              ],
              [
                -112.3532220090027,
                33.993301416564606
              ],
              [
                -112.3604316186273,
                33.99000971675026
              ],
              [
                -112.36764122825191,
                33.98671801693591
              ],
              [
                -112.39647966675031,
                33.983426317121555
              ],
              [
                -112.4253181052487,
                33.9801346173072
              ],
              [
                -112.4361325196856,
                33.97684291749285
              ],
              [
                -112.44694693412251,
                33.973551217678505
              ],
              [
                -112.45776134855942,
                33.97025951786416
              ],
              [
                -112.46857576299631,
                33.96696781804981
              ],
              [
                -112.47578537262092,
                33.963676118235455
              ],
              [
                -112.48299498224551,
                33.9603844184211
              ],
              [
                -112.50101900630702,
                33.95709271860675
              ],
              [
                -112.51904303036851,
                33.953801018792404
              ],
              [
                -112.5478814688669,
                33.95050931897806
              ],
              [
                -112.5767199073653,
                33.953801018792404
              ],
              [
                -112.58392951698991,
                33.95709271860675
              ],
              [
                -112.59113912661451,
                33.9603844184211
              ],
              [
                -112.6055583458637,
                33.963676118235455
              ],
              [
                -112.6199775651129,
                33.9603844184211
              ],
              [
                -112.6235823699252,
                33.95709271860675
              ],
              [
                -112.62718717473751,
                33.953801018792404
              ],
              [
                -112.63079197954981,
                33.95050931897806
              ],
              [
                -112.63439678436211,
                33.94721761916371
              ],
              [
                -112.63800158917441,
                33.943925919349354
              ],
              [
                -112.6416063939867,
                33.940634219535006
              ],
              [
                -112.645211198799,
                33.93734251972066
              ],
              [
                -112.6488160036113,
                33.934050819906304
              ],
              [
                -112.65242080842361,
                33.930759120091956
              ],
              [
                -112.65602561323591,
                33.92746742027761
              ],
              [
                -112.65963041804821,
                33.92417572046325
              ],
              [
                -112.66323522286051,
                33.920884020648906
              ],
              [
                -112.67044483248512,
                33.91759232083456
              ],
              [
                -112.67765444210971,
                33.9143006210202
              ],
              [
                -112.68125924692201,
                33.911008921205855
              ],
              [
                -112.68486405173431,
                33.90771722139151
              ],
              [
                -112.6884688565466,
                33.90442552157715
              ],
              [
                -112.6920736613589,
                33.901133821762805
              ],
              [
                -112.6992832709835,
                33.89784212194846
              ],
              [
                -112.70649288060811,
                33.8945504221341
              ],
              [
                -112.7137024902327,
                33.891258722319755
              ],
              [
                -112.7209120998573,
                33.88796702250541
              ],
              [
                -112.7245169046696,
                33.88467532269105
              ],
              [
                -112.72812170948191,
                33.881383622876704
              ],
              [
                -112.7353313191065,
                33.87809192306236
              ],
              [
                -112.7425409287311,
                33.874800223248
              ],
              [
                -112.74614573354341,
                33.871508523433654
              ],
              [
                -112.74975053835571,
                33.868216823619306
              ],
              [
                -112.76416975760492,
                33.86492512380496
              ],
              [
                -112.77858897685411,
                33.86163342399061
              ],
              [
                -112.79661300091561,
                33.858341724176256
              ],
              [
                -112.8146370249771,
                33.86163342399061
              ],
              [
                -112.8326610490386,
                33.86492512380496
              ],
              [
                -112.85068507310011,
                33.86163342399061
              ],
              [
                -112.85428987791241,
                33.858341724176256
              ],
              [
                -112.8578946827247,
                33.8550500243619
              ],
              [
                -112.861499487537,
                33.85175832454755
              ],
              [
                -112.86510429234932,
                33.848466624733206
              ],
              [
                -112.86870909716161,
                33.84517492491886
              ],
              [
                -112.87231390197391,
                33.84188322510451
              ],
              [
                -112.88312831641082,
                33.838591525290155
              ],
              [
                -112.89394273084771,
                33.8352998254758
              ],
              [
                -112.92278116934611,
                33.83200812566145
              ],
              [
                -112.9516196078445,
                33.8352998254758
              ],
              [
                -112.9624340222814,
                33.838591525290155
              ],
              [
                -112.97324843671831,
                33.84188322510451
              ],
              [
                -112.9804580463429,
                33.84517492491886
              ],
              [
                -112.98766765596751,
                33.848466624733206
              ],
              [
                -112.99487726559211,
                33.85175832454755
              ],
              [
                -113.0020868752167,
                33.8550500243619
              ],
              [
                -113.00929648484131,
                33.858341724176256
              ],
              [
                -113.01650609446591,
                33.86163342399061
              ],
              [
                -113.02732050890282,
                33.86492512380496
              ],
              [
                -113.03813492333971,
                33.868216823619306
              ],
              [
                -113.04534453296431,
                33.871508523433654
              ],
              [
                -113.0525541425889,
                33.874800223248
              ],
              [
                -113.0561589474012,
                33.87809192306236
              ],
              [
                -113.05976375221351,
                33.881383622876704
              ],
              [
                -113.06336855702581,
                33.88467532269105
              ],
              [
                -113.06697336183811,
                33.891258722319755
              ],
              [
                -113.0705781666504,
                33.89784212194846
              ],
              [
                -113.0741829714627,
                33.901133821762805
              ],
              [
                -113.07778777627502,
                33.90442552157715
              ],
              [
                -113.08139258108731,
                33.90771722139151
              ],
              [
                -113.08499738589961,
                33.911008921205855
              ],
              [
                -113.08860219071191,
                33.91759232083456
              ],
              [
                -113.09220699552421,
                33.92417572046325
              ],
              [
                -113.0958118003365,
                33.920884020648906
              ],
              [
                -113.10302140996112,
                33.91759232083456
              ],
              [
                -113.11023101958571,
                33.9143006210202
              ],
              [
                -113.11744062921031,
                33.911008921205855
              ],
              [
                -113.1246502388349,
                33.90771722139151
              ],
              [
                -113.12825504364721,
                33.90442552157715
              ],
              [
                -113.13185984845951,
                33.901133821762805
              ],
              [
                -113.16430309177021,
                33.89784212194846
              ],
              [
                -113.1967463350809,
                33.901133821762805
              ],
              [
                -113.2075607495178,
                33.90442552157715
              ],
              [
                -113.2183751639547,
                33.90771722139151
              ],
              [
                -113.2400039928285,
                33.911008921205855
              ],
              [
                -113.2616328217023,
                33.90771722139151
              ],
              [
                -113.28326165057611,
                33.90442552157715
              ],
              [
                -113.30489047944991,
                33.90771722139151
              ],
              [
                -113.30849528426221,
                33.911008921205855
              ],
              [
                -113.3121000890745,
                33.9143006210202
              ],
              [
                -113.31570489388682,
                33.91759232083456
              ],
              [
                -113.31930969869912,
                33.920884020648906
              ],
              [
                -113.32651930832371,
                33.92417572046325
              ],
              [
                -113.3337289179483,
                33.92746742027761
              ],
              [
                -113.34093852757292,
                33.930759120091956
              ],
              [
                -113.34814813719751,
                33.934050819906304
              ],
              [
                -113.37338177088361,
                33.93734251972066
              ],
              [
                -113.39861540456971,
                33.943925919349354
              ],
              [
                -113.40222020938201,
                33.95050931897806
              ],
              [
                -113.4058250141943,
                33.95709271860676
              ],
              [
                -113.4094298190066,
                33.963676118235455
              ],
              [
                -113.4130346238189,
                33.96696781804981
              ],
              [
                -113.41663942863121,
                33.97025951786416
              ],
              [
                -113.42024423344351,
                33.97684291749286
              ],
              [
                -113.42384903825581,
                33.983426317121555
              ],
              [
                -113.42745384306811,
                33.99000971675025
              ],
              [
                -113.4310586478804,
                33.99659311637895
              ],
              [
                -113.4346634526927,
                33.9998848161933
              ],
              [
                -113.438268257505,
                34.003176516007656
              ],
              [
                -113.44187306231731,
                34.00646821582201
              ],
              [
                -113.44547786712961,
                34.00975991563636
              ],
              [
                -113.44908267194191,
                34.013051615450706
              ],
              [
                -113.4526874767542,
                34.016343315265054
              ],
              [
                -113.4562922815665,
                34.0196350150794
              ],
              [
                -113.45989708637882,
                34.02292671489376
              ],
              [
                -113.46350189119111,
                34.02621841470811
              ],
              [
                -113.47071150081571,
                34.02951011452246
              ],
              [
                -113.4779211104403,
                34.03609351415116
              ],
              [
                -113.4815259152526,
                34.04267691377986
              ],
              [
                -113.4851307200649,
                34.045968613594205
              ],
              [
                -113.4887355248772,
                34.04926031340855
              ],
              [
                -113.49234032968951,
                34.055843713037255
              ],
              [
                -113.49594513450181,
                34.06242711266596
              ],
              [
                -113.49954993931411,
                34.06901051229465
              ],
              [
                -113.5031547441264,
                34.075593911923356
              ],
              [
                -113.5067595489387,
                34.08217731155206
              ],
              [
                -113.51036435375102,
                34.088760711180754
              ],
              [
                -113.51396915856331,
                34.09205241099511
              ],
              [
                -113.51757396337561,
                34.09534411080946
              ],
              [
                -113.52117876818791,
                34.10192751043816
              ],
              [
                -113.5247835730002,
                34.108510910066855
              ],
              [
                -113.5283883778125,
                34.11509430969555
              ],
              [
                -113.5319931826248,
                34.12167770932425
              ],
              [
                -113.53559798743711,
                34.1249694091386
              ],
              [
                -113.53920279224941,
                34.128261108952955
              ],
              [
                -113.54280759706171,
                34.13484450858165
              ],
              [
                -113.54641240187401,
                34.14142790821035
              ],
              [
                -113.5500172066863,
                34.148011307839056
              ],
              [
                -113.5536220114986,
                34.15459470746776
              ],
              [
                -113.5572268163109,
                34.16117810709646
              ],
              [
                -113.56083162112321,
                34.16776150672516
              ],
              [
                -113.56443642593551,
                34.17763660616821
              ],
              [
                -113.56804123074781,
                34.18751170561126
              ],
              [
                -113.57164603556011,
                34.19409510523995
              ],
              [
                -113.5752508403724,
                34.200678504868655
              ],
              [
                -113.5788556451847,
                34.20726190449736
              ],
              [
                -113.582460449997,
                34.21384530412605
              ],
              [
                -113.58606525480931,
                34.220428703754756
              ],
              [
                -113.58967005962161,
                34.22701210338346
              ],
              [
                -113.59327486443391,
                34.230303803197806
              ],
              [
                -113.6437421318061,
                34.233595503012154
              ],
              [
                -113.6942093991783,
                34.23688720282651
              ],
              [
                -113.6978142039906,
                34.24017890264086
              ],
              [
                -113.7014190088029,
                34.243470602455204
              ],
              [
                -113.7086286184275,
                34.24676230226956
              ],
              [
                -113.7158382280521,
                34.25005400208391
              ],
              [
                -113.7194430328644,
                34.253345701898255
              ],
              [
                -113.7230478376767,
                34.25663740171261
              ],
              [
                -113.73025744730131,
                34.25992910152696
              ],
              [
                -113.73746705692591,
                34.263220801341305
              ],
              [
                -113.7410718617382,
                34.26651250115565
              ],
              [
                -113.7446766665505,
                34.26980420097
              ],
              [
                -113.7518862761751,
                34.273095900784355
              ],
              [
                -113.75909588579971,
                34.27638760059871
              ],
              [
                -113.76270069061201,
                34.27967930041306
              ],
              [
                -113.7663054954243,
                34.282971000227406
              ],
              [
                -113.77351510504892,
                34.28626270004175
              ],
              [
                -113.78072471467351,
                34.2895543998561
              ],
              [
                -113.78432951948581,
                34.292846099670456
              ],
              [
                -113.7879343242981,
                34.29613779948481
              ],
              [
                -113.7951439339227,
                34.29942949929916
              ],
              [
                -113.80235354354731,
                34.302721199113506
              ],
              [
                -113.80595834835961,
                34.306012898927854
              ],
              [
                -113.80956315317191,
                34.3093045987422
              ],
              [
                -113.8131679579842,
                34.31259629855656
              ],
              [
                -113.8167727627965,
                34.31588799837091
              ],
              [
                -113.8203775676088,
                34.31917969818526
              ],
              [
                -113.82398237242111,
                34.32247139799961
              ],
              [
                -113.83119198204571,
                34.325763097813955
              ],
              [
                -113.8384015916703,
                34.3290547976283
              ],
              [
                -113.84200639648262,
                34.33234649744266
              ],
              [
                -113.84561120129491,
                34.335638197257005
              ],
              [
                -113.84921600610721,
                34.33892989707135
              ],
              [
                -113.85282081091951,
                34.34222159688571
              ],
              [
                -113.85642561573181,
                34.345513296700055
              ],
              [
                -113.8600304205441,
                34.35868009595745
              ],
              [
                -113.8636352253564,
                34.37184689521486
              ],
              [
                -113.8672400301687,
                34.388305394286604
              ],
              [
                -113.870844834981,
                34.40476389335836
              ],
              [
                -113.87444963979331,
                34.417930692615755
              ],
              [
                -113.87805444460561,
                34.43109749187315
              ],
              [
                -113.88165924941791,
                34.44426429113055
              ],
              [
                -113.8852640542302,
                34.457431090387956
              ],
              [
                -113.8888688590425,
                34.4738895894597
              ],
              [
                -113.89247366385482,
                34.490348088531455
              ],
              [
                -113.89607846866711,
                34.50680658760321
              ],
              [
                -113.89968327347941,
                34.523265086674954
              ],
              [
                -113.90328807829171,
                34.529848486303656
              ],
              [
                -113.906892883104,
                34.53643188593236
              ],
              [
                -113.9104976879163,
                34.53972358574671
              ],
              [
                -113.9141024927286,
                34.543015285561054
              ],
              [
                -113.91770729754091,
                34.54959868518975
              ],
              [
                -113.92131210235321,
                34.55618208481845
              ],
              [
                -113.92491690716551,
                34.5594737846328
              ],
              [
                -113.92852171197781,
                34.562765484447155
              ],
              [
                -113.9321265167901,
                34.56934888407585
              ],
              [
                -113.9357313216024,
                34.57593228370455
              ],
              [
                -113.9393361264147,
                34.5792239835189
              ],
              [
                -113.94294093122701,
                34.582515683333256
              ],
              [
                -113.94654573603931,
                34.58909908296195
              ],
              [
                -113.95015054085161,
                34.595682482590654
              ],
              [
                -113.95375534566391,
                34.598974182405
              ],
              [
                -113.9573601504762,
                34.602265882219356
              ],
              [
                -113.9609649552885,
                34.60884928184805
              ],
              [
                -113.9645697601008,
                34.615432681476754
              ],
              [
                -113.96817456491311,
                34.62201608110546
              ],
              [
                -113.97177936972541,
                34.62859948073415
              ],
              [
                -113.97538417453771,
                34.645057979805905
              ],
              [
                -113.97898897935,
                34.66151647887766
              ],
              [
                -113.9825937841623,
                34.67139157832071
              ],
              [
                -113.97898897935,
                34.68126667776376
              ],
              [
                -113.97538417453771,
                34.69114177720681
              ],
              [
                -113.97177936972541,
                34.70101687664985
              ],
              [
                -113.96817456491311,
                34.71418367590725
              ],
              [
                -113.97177936972541,
                34.727350475164656
              ],
              [
                -113.97538417453771,
                34.73064217497901
              ],
              [
                -113.97898897935,
                34.73393387479336
              ],
              [
                -113.9825937841623,
                34.737225574607706
              ],
              [
                -113.98619858897462,
                34.740517274422054
              ],
              [
                -113.98980339378691,
                34.747100674050756
              ],
              [
                -113.99340819859921,
                34.75368407367946
              ],
              [
                -113.99701300341151,
                34.75697577349381
              ],
              [
                -114.00061780822381,
                34.760267473308154
              ],
              [
                -114.0042226130361,
                34.7635591731225
              ],
              [
                -114.0078274178484,
                34.76685087293686
              ],
              [
                -114.0114322226607,
                34.770142572751205
              ],
              [
                -114.015037027473,
                34.77343427256555
              ],
              [
                -114.01864183228531,
                34.77672597237991
              ],
              [
                -114.02224663709761,
                34.780017672194255
              ],
              [
                -114.02585144190991,
                34.7833093720086
              ],
              [
                -114.0294562467222,
                34.78660107182296
              ],
              [
                -114.0330610515345,
                34.789892771637305
              ],
              [
                -114.03666585634681,
                34.79318447145165
              ],
              [
                -114.04027066115911,
                34.79647617126601
              ],
              [
                -114.04387546597141,
                34.799767871080356
              ],
              [
                -114.04748027078371,
                34.8030595708947
              ],
              [
                -114.051085075596,
                34.80635127070906
              ],
              [
                -114.0546898804083,
                34.809642970523406
              ],
              [
                -114.0582946852206,
                34.812934670337754
              ],
              [
                -114.06189949003291,
                34.81622637015211
              ],
              [
                -114.06550429484521,
                34.819518069966456
              ],
              [
                -114.06910909965751,
                34.822809769780804
              ],
              [
                -114.07271390446981,
                34.82610146959516
              ],
              [
                -114.0763187092821,
                34.832684869223854
              ],
              [
                -114.0799235140944,
                34.83926826885256
              ],
              [
                -114.0835283189067,
                34.842559968666905
              ],
              [
                -114.08713312371901,
                34.84585166848125
              ],
              [
                -114.09073792853131,
                34.8557267679243
              ],
              [
                -114.09434273334361,
                34.86560186736735
              ],
              [
                -114.0979475381559,
                34.872185266996055
              ],
              [
                -114.1015523429682,
                34.87876866662476
              ],
              [
                -114.1051571477805,
                34.88864376606781
              ],
              [
                -114.1087619525928,
                34.89851886551086
              ],
              [
                -114.11236675740511,
                34.9083939649539
              ],
              [
                -114.11597156221741,
                34.91826906439695
              ],
              [
                -114.11957636702971,
                34.924852464025655
              ],
              [
                -114.123181171842,
                34.93143586365436
              ],
              [
                -114.1267859766543,
                34.94131096309741
              ],
              [
                -114.13039078146662,
                34.95118606254046
              ],
              [
                -114.13399558627891,
                34.954477762354806
              ],
              [
                -114.13760039109121,
                34.95776946216915
              ],
              [
                -114.14120519590351,
                34.96106116198351
              ],
              [
                -114.14481000071581,
                34.964352861797856
              ],
              [
                -114.1484148055281,
                34.97093626142656
              ],
              [
                -114.1520196103404,
                34.977519661055254
              ],
              [
                -114.1556244151527,
                34.98081136086961
              ],
              [
                -114.159229219965,
                34.98410306068396
              ],
              [
                -114.16283402477731,
                34.987394760498304
              ],
              [
                -114.16643882958961,
                34.99068646031266
              ],
              [
                -114.1700436344019,
                34.997269859941355
              ],
              [
                -114.1736484392142,
                35.00385325957006
              ],
              [
                -114.1772532440265,
                35.007144959384405
              ],
              [
                -114.18085804883881,
                35.01043665919875
              ],
              [
                -114.18446285365111,
                35.017020058827455
              ],
              [
                -114.18806765846341,
                35.02360345845616
              ],
              [
                -114.19167246327571,
                35.026895158270506
              ],
              [
                -114.195277268088,
                35.03018685808485
              ],
              [
                -114.1988820729003,
                35.0334785578992
              ],
              [
                -114.2024868777126,
                35.036770257713556
              ],
              [
                -114.20609168252491,
                35.04335365734225
              ],
              [
                -114.20969648733721,
                35.049937056970954
              ],
              [
                -114.21330129214951,
                35.0532287567853
              ],
              [
                -114.21690609696181,
                35.05652045659966
              ],
              [
                -114.2205109017741,
                35.05981215641401
              ],
              [
                -114.22411570658642,
                35.06310385622836
              ],
              [
                -114.22772051139872,
                35.06968725585706
              ],
              [
                -114.23132531621101,
                35.07627065548576
              ],
              [
                -114.23493012102331,
                35.089437454743155
              ],
              [
                -114.23853492583561,
                35.10260425400055
              ],
              [
                -114.2421397306479,
                35.119062753072306
              ],
              [
                -114.2457445354602,
                35.13552125214406
              ],
              [
                -114.2493493402725,
                35.151979751215805
              ],
              [
                -114.2529541450848,
                35.16843825028756
              ],
              [
                -114.25655894989711,
                35.18489674935931
              ],
              [
                -114.26016375470941,
                35.20135524843106
              ],
              [
                -114.26376855952171,
                35.20793864805975
              ],
              [
                -114.267373364334,
                35.214522047688455
              ],
              [
                -114.2709781691463,
                35.2178137475028
              ],
              [
                -114.27458297395862,
                35.22110544731716
              ],
              [
                -114.27818777877091,
                35.224397147131505
              ],
              [
                -114.28179258358321,
                35.22768884694585
              ],
              [
                -114.28539738839551,
                35.23098054676021
              ],
              [
                -114.2890021932078,
                35.234272246574555
              ],
              [
                -114.2926069980201,
                35.2375639463889
              ],
              [
                -114.29981660764471,
                35.24085564620326
              ],
              [
                -114.30702621726931,
                35.244147346017606
              ],
              [
                -114.31063102208161,
                35.24743904583195
              ],
              [
                -114.3142358268939,
                35.25073074564631
              ],
              [
                -114.3178406317062,
                35.254022445460656
              ],
              [
                -114.3214454365185,
                35.257314145275004
              ],
              [
                -114.32505024133081,
                35.26060584508936
              ],
              [
                -114.32865504614311,
                35.263897544903706
              ],
              [
                -114.33225985095541,
                35.267189244718054
              ],
              [
                -114.33586465576771,
                35.27048094453241
              ],
              [
                -114.33946946058,
                35.27377264434676
              ],
              [
                -114.3430742653923,
                35.277064344161104
              ],
              [
                -114.3466790702046,
                35.28035604397546
              ],
              [
                -114.35028387501691,
                35.29023114341851
              ],
              [
                -114.35388867982921,
                35.30010624286155
              ],
              [
                -114.35749348464151,
                35.31985644174765
              ],
              [
                -114.3610982894538,
                35.339606640633754
              ],
              [
                -114.3647030942661,
                35.35606513970551
              ],
              [
                -114.36830789907842,
                35.37252363877725
              ],
              [
                -114.37191270389071,
                35.4021489371064
              ],
              [
                -114.37551750870301,
                35.431774235435554
              ],
              [
                -114.37912231351531,
                35.45481613413601
              ],
              [
                -114.38272711832761,
                35.47785803283646
              ],
              [
                -114.3863319231399,
                35.48444143246516
              ],
              [
                -114.3899367279522,
                35.491024832093856
              ],
              [
                -114.3935415327645,
                35.50089993153691
              ],
              [
                -114.3971463375768,
                35.51077503097996
              ],
              [
                -114.40075114238911,
                35.51735843060865
              ],
              [
                -114.40435594720141,
                35.523941830237355
              ],
              [
                -114.40796075201371,
                35.53052522986606
              ],
              [
                -114.411565556826,
                35.53710862949475
              ],
              [
                -114.4151703616383,
                35.543692029123456
              ],
              [
                -114.411565556826,
                35.55027542875216
              ],
              [
                -114.40796075201371,
                35.556858828380854
              ],
              [
                -114.40435594720141,
                35.563442228009556
              ],
              [
                -114.40075114238911,
                35.57331732745261
              ],
              [
                -114.3971463375768,
                35.58319242689566
              ],
              [
                -114.3935415327645,
                35.58977582652436
              ],
              [
                -114.3899367279522,
                35.596359226153055
              ],
              [
                -114.3863319231399,
                35.606234325596105
              ],
              [
                -114.3899367279522,
                35.616109425039156
              ],
              [
                -114.3935415327645,
                35.62927622429656
              ],
              [
                -114.3971463375768,
                35.64244302355396
              ],
              [
                -114.40075114238911,
                35.64902642318266
              ],
              [
                -114.40435594720141,
                35.65560982281136
              ],
              [
                -114.40796075201371,
                35.66548492225441
              ],
              [
                -114.40435594720141,
                35.67536002169746
              ],
              [
                -114.40075114238911,
                35.678651721511805
              ],
              [
                -114.3971463375768,
                35.68194342132615
              ],
              [
                -114.3935415327645,
                35.688526820954856
              ],
              [
                -114.3899367279522,
                35.69511022058356
              ],
              [
                -114.3863319231399,
                35.71486041946966
              ],
              [
                -114.38272711832761,
                35.73461061835575
              ],
              [
                -114.37912231351531,
                35.7379023181701
              ],
              [
                -114.37551750870301,
                35.741194017984455
              ],
              [
                -114.37191270389071,
                35.74448571779881
              ],
              [
                -114.36830789907842,
                35.74777741761316
              ],
              [
                -114.3647030942661,
                35.75436081724186
              ],
              [
                -114.3610982894538,
                35.760944216870556
              ],
              [
                -114.35749348464151,
                35.76423591668491
              ],
              [
                -114.35388867982921,
                35.76752761649926
              ],
              [
                -114.35028387501691,
                35.770819316313606
              ],
              [
                -114.3466790702046,
                35.774111016127954
              ],
              [
                -114.3430742653923,
                35.79056951519971
              ],
              [
                -114.33946946058,
                35.80702801427145
              ],
              [
                -114.33586465576771,
                35.813611413900155
              ],
              [
                -114.33946946058,
                35.82019481352886
              ],
              [
                -114.3430742653923,
                35.82677821315755
              ],
              [
                -114.3466790702046,
                35.833361612786256
              ],
              [
                -114.35028387501691,
                35.83994501241496
              ],
              [
                -114.35388867982921,
                35.846528412043654
              ],
              [
                -114.35749348464151,
                35.853111811672356
              ],
              [
                -114.3610982894538,
                35.85969521130106
              ],
              [
                -114.3647030942661,
                35.866278610929754
              ],
              [
                -114.36830789907842,
                35.87286201055846
              ],
              [
                -114.37191270389071,
                35.87944541018716
              ],
              [
                -114.37551750870301,
                35.886028809815855
              ],
              [
                -114.37912231351531,
                35.88932050963021
              ],
              [
                -114.38272711832761,
                35.89261220944456
              ],
              [
                -114.3863319231399,
                35.895903909258905
              ],
              [
                -114.3899367279522,
                35.89919560907325
              ],
              [
                -114.3935415327645,
                35.9024873088876
              ],
              [
                -114.3971463375768,
                35.905779008701955
              ],
              [
                -114.40075114238911,
                35.90907070851631
              ],
              [
                -114.40435594720141,
                35.91236240833066
              ],
              [
                -114.40796075201371,
                35.92223750777371
              ],
              [
                -114.411565556826,
                35.93211260721676
              ],
              [
                -114.4151703616383,
                35.94527940647416
              ],
              [
                -114.41877516645062,
                35.958446205731555
              ],
              [
                -114.42237997126291,
                35.97161300498895
              ],
              [
                -114.42598477607521,
                35.98477980424636
              ],
              [
                -114.42958958088751,
                35.99136320387505
              ],
              [
                -114.4331943856998,
                35.997946603503756
              ],
              [
                -114.4367991905121,
                36.001238303318104
              ],
              [
                -114.4404039953244,
                36.00453000313246
              ],
              [
                -114.44400880013671,
                36.011113402761154
              ],
              [
                -114.44761360494901,
                36.01769680238986
              ],
              [
                -114.45121840976131,
                36.02428020201856
              ],
              [
                -114.45482321457361,
                36.030863601647255
              ],
              [
                -114.4584280193859,
                36.03415530146161
              ],
              [
                -114.4620328241982,
                36.03744700127596
              ],
              [
                -114.4656376290105,
                36.040738701090305
              ],
              [
                -114.46924243382281,
                36.04403040090465
              ],
              [
                -114.47284723863511,
                36.047322100719
              ],
              [
                -114.47645204344741,
                36.050613800533355
              ],
              [
                -114.48005684825971,
                36.05719720016205
              ],
              [
                -114.483661653072,
                36.06378059979075
              ],
              [
                -114.4872664578843,
                36.080239098862506
              ],
              [
                -114.4908712626966,
                36.09669759793426
              ],
              [
                -114.49447606750891,
                36.09998929774861
              ],
              [
                -114.49808087232121,
                36.103280997562955
              ],
              [
                -114.50168567713351,
                36.1065726973773
              ],
              [
                -114.5052904819458,
                36.10986439719166
              ],
              [
                -114.5088952867581,
                36.113156097006005
              ],
              [
                -114.51250009157042,
                36.11644779682035
              ],
              [
                -114.51610489638271,
                36.123031196449055
              ],
              [
                -114.51970970119501,
                36.12961459607776
              ],
              [
                -114.52331450600731,
                36.132906295892106
              ],
              [
                -114.52691931081961,
                36.13619799570645
              ],
              [
                -114.5305241156319,
                36.13948969552081
              ],
              [
                -114.5341289204442,
                36.142781395335156
              ],
              [
                -114.5377337252565,
                36.152656494778206
              ],
              [
                -114.5413385300688,
                36.16253159422126
              ],
              [
                -114.54494333488111,
                36.17240669366431
              ],
              [
                -114.54854813969341,
                36.18228179310736
              ],
              [
                -114.5521529445057,
                36.18886519273606
              ],
              [
                -114.555757749318,
                36.195448592364755
              ],
              [
                -114.5593625541303,
                36.19874029217911
              ],
              [
                -114.56296735894261,
                36.20203199199346
              ],
              [
                -114.56657216375491,
                36.20861539162216
              ],
              [
                -114.57017696856721,
                36.215198791250856
              ],
              [
                -114.57378177337951,
                36.22178219087955
              ],
              [
                -114.5773865781918,
                36.228365590508254
              ],
              [
                -114.5809913830041,
                36.2514074892087
              ],
              [
                -114.5773865781918,
                36.27444938790916
              ],
              [
                -114.57378177337951,
                36.287616187166556
              ],
              [
                -114.57017696856721,
                36.300782986423954
              ],
              [
                -114.56657216375491,
                36.30407468623831
              ],
              [
                -114.56296735894261,
                36.30736638605266
              ],
              [
                -114.5593625541303,
                36.310658085867004
              ],
              [
                -114.555757749318,
                36.31394978568136
              ],
              [
                -114.5521529445057,
                36.320533185310055
              ],
              [
                -114.54854813969341,
                36.32711658493876
              ],
              [
                -114.54494333488111,
                36.330408284753105
              ],
              [
                -114.5413385300688,
                36.33369998456745
              ],
              [
                -114.5377337252565,
                36.340283384196155
              ],
              [
                -114.5341289204442,
                36.34686678382486
              ],
              [
                -114.5305241156319,
                36.36332528289661
              ],
              [
                -114.52691931081961,
                36.37978378196836
              ],
              [
                -114.52331450600731,
                36.412700780111855
              ],
              [
                -114.51970970119501,
                36.445617778255354
              ],
              [
                -114.51610489638271,
                36.45220117788406
              ],
              [
                -114.51250009157042,
                36.45878457751276
              ],
              [
                -114.5088952867581,
                36.465367977141455
              ],
              [
                -114.5052904819458,
                36.47195137677016
              ],
              [
                -114.50168567713351,
                36.47853477639886
              ],
              [
                -114.49808087232121,
                36.485118176027555
              ],
              [
                -114.49447606750891,
                36.49170157565625
              ],
              [
                -114.47645204344741,
                36.49828497528495
              ],
              [
                -114.4584280193859,
                36.5015766750993
              ],
              [
                -114.4367991905121,
                36.504868374913656
              ],
              [
                -114.4151703616383,
                36.51145177454235
              ],
              [
                -114.411565556826,
                36.518035174171054
              ],
              [
                -114.40796075201371,
                36.54436877268586
              ],
              [
                -114.40435594720141,
                36.57070237120065
              ],
              [
                -114.40075114238911,
                36.587160870272406
              ],
              [
                -114.3971463375768,
                36.60361936934416
              ],
              [
                -114.3935415327645,
                36.61349446878721
              ],
              [
                -114.3899367279522,
                36.62336956823025
              ],
              [
                -114.3863319231399,
                36.629952967858955
              ],
              [
                -114.38272711832761,
                36.63653636748766
              ],
              [
                -114.37912231351531,
                36.64311976711636
              ],
              [
                -114.37551750870301,
                36.649703166745056
              ],
              [
                -114.37191270389071,
                36.65628656637375
              ],
              [
                -114.36830789907842,
                36.662869966002454
              ],
              [
                -114.3647030942661,
                36.669453365631156
              ],
              [
                -114.3610982894538,
                36.67603676525986
              ],
              [
                -114.35749348464151,
                36.68262016488856
              ],
              [
                -114.35388867982921,
                36.68920356451726
              ],
              [
                -114.35028387501691,
                36.692495264331605
              ],
              [
                -114.3466790702046,
                36.69578696414595
              ],
              [
                -114.3430742653923,
                36.702370363774655
              ],
              [
                -114.33946946058,
                36.70895376340336
              ],
              [
                -114.33586465576771,
                36.71553716303205
              ],
              [
                -114.33225985095541,
                36.722120562660756
              ],
              [
                -114.32865504614311,
                36.72870396228946
              ],
              [
                -114.32505024133081,
                36.735287361918154
              ],
              [
                -114.3214454365185,
                36.741870761546856
              ],
              [
                -114.3178406317062,
                36.74845416117556
              ],
              [
                -114.3142358268939,
                36.755037560804254
              ],
              [
                -114.31063102208161,
                36.76162096043296
              ],
              [
                -114.30702621726931,
                36.77149605987601
              ],
              [
                -114.31063102208161,
                36.78137115931906
              ],
              [
                -114.3142358268939,
                36.79124625876211
              ],
              [
                -114.3178406317062,
                36.80112135820516
              ],
              [
                -114.3214454365185,
                36.81099645764821
              ],
              [
                -114.32505024133081,
                36.82087155709126
              ],
              [
                -114.32865504614311,
                36.82745495671996
              ],
              [
                -114.33225985095541,
                36.83403835634866
              ],
              [
                -114.33586465576771,
                36.84062175597735
              ],
              [
                -114.33225985095541,
                36.847205155606055
              ],
              [
                -114.32865504614311,
                36.86037195486345
              ],
              [
                -114.32505024133081,
                36.87353875412086
              ],
              [
                -114.3214454365185,
                36.886705553378256
              ],
              [
                -114.3178406317062,
                36.899872352635654
              ],
              [
                -114.3142358268939,
                36.94595615003655
              ],
              [
                -114.3178406317062,
                36.992039947437455
              ],
              [
                -114.3214454365185,
                37.001915046880505
              ],
              [
                -114.32505024133081,
                37.011790146323555
              ],
              [
                -114.32865504614311,
                37.021665245766606
              ],
              [
                -114.33225985095541,
                37.031540345209656
              ],
              [
                -114.33586465576771,
                37.044707144467054
              ],
              [
                -114.3286550461431,
                37.05787394372446
              ],
              [
                -114.3214454365185,
                37.06116564353881
              ],
              [
                -114.3178406317062,
                37.064457343353155
              ],
              [
                -114.3142358268939,
                37.06774904316751
              ],
              [
                -114.31063102208161,
                37.07104074298186
              ],
              [
                -114.30702621726931,
                37.074332442796205
              ],
              [
                -114.29981660764471,
                37.07762414261055
              ],
              [
                -114.2926069980201,
                37.0809158424249
              ],
              [
                -114.2890021932078,
                37.084207542239255
              ],
              [
                -114.28539738839551,
                37.08749924205361
              ],
              [
                -114.28179258358321,
                37.09079094186796
              ],
              [
                -114.27818777877091,
                37.094082641682306
              ],
              [
                -114.27458297395862,
                37.09737434149665
              ],
              [
                -114.2709781691463,
                37.100666041311
              ],
              [
                -114.267373364334,
                37.103957741125356
              ],
              [
                -114.26376855952171,
                37.10724944093971
              ],
              [
                -114.26016375470941,
                37.11054114075406
              ],
              [
                -114.25655894989711,
                37.113832840568406
              ],
              [
                -114.2529541450848,
                37.117124540382754
              ],
              [
                -114.2493493402725,
                37.1204162401971
              ],
              [
                -114.2457445354602,
                37.12370794001146
              ],
              [
                -114.2421397306479,
                37.12699963982581
              ],
              [
                -114.2024868777126,
                37.13029133964016
              ],
              [
                -114.16283402477731,
                37.13358303945451
              ],
              [
                -114.15562441515272,
                37.136874739268855
              ],
              [
                -114.1484148055281,
                37.1401664390832
              ],
              [
                -114.14120519590351,
                37.14345813889756
              ],
              [
                -114.13399558627891,
                37.146749838711905
              ],
              [
                -114.1267859766543,
                37.15004153852625
              ],
              [
                -114.11957636702971,
                37.15333323834061
              ],
              [
                -114.09073792853131,
                37.156624938154955
              ],
              [
                -114.06189949003291,
                37.15333323834061
              ],
              [
                -114.0582946852206,
                37.15004153852625
              ],
              [
                -114.0546898804083,
                37.15333323834061
              ],
              [
                -114.0402706611591,
                37.156624938154955
              ],
              [
                -114.02585144190991,
                37.1599166379693
              ],
              [
                -114.015037027473,
                37.16320833778366
              ],
              [
                -114.0042226130361,
                37.166500037598006
              ],
              [
                -113.99701300341151,
                37.16979173741235
              ],
              [
                -113.98980339378691,
                37.17308343722671
              ],
              [
                -113.9825937841623,
                37.176375137041056
              ],
              [
                -113.97538417453771,
                37.179666836855404
              ],
              [
                -113.97177936972541,
                37.18295853666976
              ],
              [
                -113.96817456491311,
                37.186250236484106
              ],
              [
                -113.96096495528852,
                37.189541936298454
              ],
              [
                -113.95375534566391,
                37.19283363611281
              ],
              [
                -113.94294093122701,
                37.19612533592716
              ],
              [
                -113.9321265167901,
                37.19283363611281
              ],
              [
                -113.906892883104,
                37.189541936298454
              ],
              [
                -113.88165924941791,
                37.19612533592716
              ],
              [
                -113.87805444460561,
                37.20270873555586
              ],
              [
                -113.87444963979331,
                37.209292135184555
              ],
              [
                -113.870844834981,
                37.21587553481326
              ],
              [
                -113.8672400301687,
                37.22245893444196
              ],
              [
                -113.8636352253564,
                37.229042334070655
              ],
              [
                -113.8600304205441,
                37.23233403388501
              ],
              [
                -113.85642561573181,
                37.23562573369936
              ],
              [
                -113.85282081091951,
                37.24220913332806
              ],
              [
                -113.84921600610721,
                37.248792532956756
              ],
              [
                -113.84561120129491,
                37.25537593258545
              ],
              [
                -113.84200639648262,
                37.261959332214154
              ],
              [
                -113.8384015916703,
                37.26854273184286
              ],
              [
                -113.834796786858,
                37.27512613147156
              ],
              [
                -113.83119198204571,
                37.28170953110026
              ],
              [
                -113.82398237242111,
                37.28829293072896
              ],
              [
                -113.8167727627965,
                37.291584630543305
              ],
              [
                -113.80956315317191,
                37.29487633035765
              ],
              [
                -113.80235354354731,
                37.29816803017201
              ],
              [
                -113.7951439339227,
                37.301459729986355
              ],
              [
                -113.7879343242981,
                37.3047514298007
              ],
              [
                -113.78072471467351,
                37.30804312961506
              ],
              [
                -113.77351510504892,
                37.311334829429406
              ],
              [
                -113.7699103002366,
                37.31462652924375
              ],
              [
                -113.7663054954243,
                37.31791822905811
              ],
              [
                -113.76270069061201,
                37.321209928872456
              ],
              [
                -113.75909588579971,
                37.324501628686804
              ],
              [
                -113.75549108098741,
                37.32779332850116
              ],
              [
                -113.75188627617511,
                37.331085028315506
              ],
              [
                -113.7446766665505,
                37.334376728129854
              ],
              [
                -113.73746705692591,
                37.33766842794421
              ],
              [
                -113.73386225211361,
                37.34096012775856
              ],
              [
                -113.73025744730131,
                37.344251827572904
              ],
              [
                -113.726652642489,
                37.34754352738726
              ],
              [
                -113.7230478376767,
                37.35083522720161
              ],
              [
                -113.7194430328644,
                37.354126927015955
              ],
              [
                -113.7158382280521,
                37.35741862683031
              ],
              [
                -113.71223342323981,
                37.36071032664466
              ],
              [
                -113.70862861842751,
                37.364002026459005
              ],
              [
                -113.70502381361521,
                37.36729372627335
              ],
              [
                -113.7014190088029,
                37.3771688257164
              ],
              [
                -113.70502381361521,
                37.38704392515945
              ],
              [
                -113.70862861842751,
                37.40021072441685
              ],
              [
                -113.71223342323981,
                37.41337752367426
              ],
              [
                -113.7158382280521,
                37.42325262311731
              ],
              [
                -113.7194430328644,
                37.43312772256036
              ],
              [
                -113.7230478376767,
                37.436419422374705
              ],
              [
                -113.7194430328644,
                37.43971112218905
              ],
              [
                -113.7158382280521,
                37.446294521817755
              ],
              [
                -113.71223342323981,
                37.45287792144646
              ],
              [
                -113.70862861842751,
                37.45946132107515
              ],
              [
                -113.70502381361521,
                37.466044720703856
              ],
              [
                -113.7014190088029,
                37.47262812033256
              ],
              [
                -113.6978142039906,
                37.479211519961254
              ],
              [
                -113.6942093991783,
                37.489086619404304
              ],
              [
                -113.69060459436601,
                37.498961718847355
              ],
              [
                -113.68699978955371,
                37.50225341866171
              ],
              [
                -113.68339498474141,
                37.50554511847606
              ],
              [
                -113.67979017992911,
                37.51212851810476
              ],
              [
                -113.6761853751168,
                37.518711917733455
              ],
              [
                -113.6725805703045,
                37.52200361754781
              ],
              [
                -113.6689757654922,
                37.52529531736216
              ],
              [
                -113.66537096067991,
                37.53187871699086
              ],
              [
                -113.66176615586761,
                37.538462116619556
              ],
              [
                -113.65816135105531,
                37.54175381643391
              ],
              [
                -113.65455654624301,
                37.54504551624826
              ],
              [
                -113.6509517414307,
                37.55162891587696
              ],
              [
                -113.6437421318061,
                37.558212315505656
              ],
              [
                -113.63653252218151,
                37.56150401532001
              ],
              [
                -113.6329277173692,
                37.56479571513436
              ],
              [
                -113.6293229125569,
                37.56808741494871
              ],
              [
                -113.6257181077446,
                37.571379114763054
              ],
              [
                -113.6221133029323,
                37.5746708145774
              ],
              [
                -113.61850849812001,
                37.57796251439176
              ],
              [
                -113.61490369330771,
                37.581254214206105
              ],
              [
                -113.6076940836831,
                37.58454591402045
              ],
              [
                -113.6004844740585,
                37.58783761383481
              ],
              [
                -113.5968796692462,
                37.591129313649155
              ],
              [
                -113.59327486443391,
                37.5944210134635
              ],
              [
                -113.58967005962161,
                37.59771271327786
              ],
              [
                -113.58606525480931,
                37.601004413092205
              ],
              [
                -113.57885564518472,
                37.60429611290655
              ],
              [
                -113.57164603556011,
                37.60758781272091
              ],
              [
                -113.5644364259355,
                37.610879512535256
              ],
              [
                -113.5572268163109,
                37.6141712123496
              ],
              [
                -113.5500172066863,
                37.61746291216396
              ],
              [
                -113.54280759706171,
                37.620754611978306
              ],
              [
                -113.53559798743711,
                37.624046311792654
              ],
              [
                -113.5283883778125,
                37.62733801160701
              ],
              [
                -113.51036435375102,
                37.630629711421356
              ],
              [
                -113.49234032968951,
                37.62733801160701
              ],
              [
                -113.47792111044032,
                37.624046311792654
              ],
              [
                -113.46350189119111,
                37.620754611978306
              ],
              [
                -113.42384903825581,
                37.61746291216396
              ],
              [
                -113.3841961853205,
                37.620754611978306
              ],
              [
                -113.37338177088361,
                37.624046311792654
              ],
              [
                -113.3625673564467,
                37.62733801160701
              ],
              [
                -113.3517529420098,
                37.630629711421356
              ],
              [
                -113.3409385275729,
                37.633921411235704
              ],
              [
                -113.3337289179483,
                37.63721311105006
              ],
              [
                -113.32651930832371,
                37.64050481086441
              ],
              [
                -113.3121000890745,
                37.643796510678754
              ],
              [
                -113.29768086982531,
                37.64708821049311
              ],
              [
                -113.2868664553884,
                37.65037991030746
              ],
              [
                -113.27605204095151,
                37.653671610121805
              ],
              [
                -113.23279438320391,
                37.65696330993615
              ],
              [
                -113.1895367254563,
                37.6602550097505
              ],
              [
                -113.1823271158317,
                37.663546709564855
              ],
              [
                -113.1751175062071,
                37.66683840937921
              ],
              [
                -113.1679078965825,
                37.67013010919356
              ],
              [
                -113.16069828695791,
                37.673421809007905
              ],
              [
                -113.15709348214561,
                37.67671350882225
              ],
              [
                -113.15348867733331,
                37.6800052086366
              ],
              [
                -113.14627906770872,
                37.683296908450956
              ],
              [
                -113.13906945808411,
                37.68658860826531
              ],
              [
                -113.1318598484595,
                37.68988030807966
              ],
              [
                -113.1246502388349,
                37.693172007894006
              ],
              [
                -113.1210454340226,
                37.696463707708354
              ],
              [
                -113.11744062921031,
                37.6997554075227
              ],
              [
                -113.11023101958571,
                37.703047107337056
              ],
              [
                -113.1030214099611,
                37.70633880715141
              ],
              [
                -113.0994166051488,
                37.70963050696576
              ],
              [
                -113.0958118003365,
                37.71292220678011
              ],
              [
                -113.09220699552421,
                37.716213906594454
              ],
              [
                -113.08860219071191,
                37.7195056064088
              ],
              [
                -113.0813925810873,
                37.72279730622316
              ],
              [
                -113.0741829714627,
                37.726089006037505
              ],
              [
                -113.0705781666504,
                37.72938070585185
              ],
              [
                -113.06697336183811,
                37.73267240566621
              ],
              [
                -113.06336855702581,
                37.735964105480555
              ],
              [
                -113.05976375221351,
                37.7392558052949
              ],
              [
                -113.05255414258892,
                37.74254750510926
              ],
              [
                -113.04534453296431,
                37.745839204923605
              ],
              [
                -113.0381349233397,
                37.74913090473795
              ],
              [
                -113.0309253137151,
                37.75242260455231
              ],
              [
                -113.0273205089028,
                37.755714304366656
              ],
              [
                -113.0237157040905,
                37.759006004181
              ],
              [
                -113.0129012896536,
                37.76229770399536
              ],
              [
                -113.0020868752167,
                37.765589403809706
              ],
              [
                -112.99487726559211,
                37.768881103624054
              ],
              [
                -112.98766765596751,
                37.77217280343841
              ],
              [
                -112.9804580463429,
                37.775464503252756
              ],
              [
                -112.97324843671831,
                37.778756203067104
              ],
              [
                -112.96964363190601,
                37.78204790288146
              ],
              [
                -112.96603882709371,
                37.78533960269581
              ],
              [
                -112.95882921746912,
                37.788631302510154
              ],
              [
                -112.9516196078445,
                37.79192300232451
              ],
              [
                -112.94801480303221,
                37.79521470213886
              ],
              [
                -112.94440999821991,
                37.798506401953205
              ],
              [
                -112.9372003885953,
                37.80179810176755
              ],
              [
                -112.9299907789707,
                37.8050898015819
              ],
              [
                -112.9083619500969,
                37.808381501396255
              ],
              [
                -112.8867331212231,
                37.8050898015819
              ],
              [
                -112.87591870678621,
                37.80179810176755
              ],
              [
                -112.86510429234932,
                37.798506401953205
              ],
              [
                -112.85789468272472,
                37.79521470213886
              ],
              [
                -112.85068507310011,
                37.79192300232451
              ],
              [
                -112.84708026828781,
                37.788631302510154
              ],
              [
                -112.84347546347551,
                37.78533960269581
              ],
              [
                -112.8362658538509,
                37.78204790288146
              ],
              [
                -112.82905624422631,
                37.778756203067104
              ],
              [
                -112.82184663460171,
                37.775464503252756
              ],
              [
                -112.8146370249771,
                37.77217280343841
              ],
              [
                -112.8074274153525,
                37.768881103624054
              ],
              [
                -112.80021780572791,
                37.765589403809706
              ],
              [
                -112.77858897685411,
                37.76229770399536
              ],
              [
                -112.75696014798031,
                37.765589403809706
              ],
              [
                -112.74614573354341,
                37.768881103624054
              ],
              [
                -112.7353313191065,
                37.765589403809706
              ],
              [
                -112.72812170948191,
                37.76229770399536
              ],
              [
                -112.7209120998573,
                37.759006004181
              ],
              [
                -112.717307295045,
                37.755714304366656
              ],
              [
                -112.7137024902327,
                37.75242260455231
              ],
              [
                -112.70649288060811,
                37.74913090473795
              ],
              [
                -112.69928327098351,
                37.745839204923605
              ],
              [
                -112.69567846617122,
                37.74254750510926
              ],
              [
                -112.6920736613589,
                37.7392558052949
              ],
              [
                -112.6884688565466,
                37.735964105480555
              ],
              [
                -112.68486405173431,
                37.7392558052949
              ],
              [
                -112.67765444210971,
                37.74254750510926
              ],
              [
                -112.6704448324851,
                37.745839204923605
              ],
              [
                -112.66323522286051,
                37.74913090473795
              ],
              [
                -112.65602561323591,
                37.75242260455231
              ],
              [
                -112.6488160036113,
                37.755714304366656
              ],
              [
                -112.6416063939867,
                37.759006004181
              ],
              [
                -112.63439678436211,
                37.76229770399536
              ],
              [
                -112.62718717473751,
                37.765589403809706
              ],
              [
                -112.6235823699252,
                37.768881103624054
              ],
              [
                -112.6199775651129,
                37.77217280343841
              ],
              [
                -112.61276795548831,
                37.775464503252756
              ],
              [
                -112.60555834586371,
                37.778756203067104
              ],
              [
                -112.56230068811611,
                37.78204790288146
              ],
              [
                -112.51904303036851,
                37.778756203067104
              ],
              [
                -112.5046238111193,
                37.775464503252756
              ],
              [
                -112.49020459187011,
                37.778756203067104
              ],
              [
                -112.48299498224551,
                37.78204790288146
              ],
              [
                -112.4757853726209,
                37.78533960269581
              ],
              [
                -112.4721805678086,
                37.788631302510154
              ],
              [
                -112.46857576299631,
                37.79192300232451
              ],
              [
                -112.4613661533717,
                37.79521470213886
              ],
              [
                -112.4541565437471,
                37.798506401953205
              ],
              [
                -112.4505517389348,
                37.80179810176755
              ],
              [
                -112.44694693412251,
                37.8050898015819
              ],
              [
                -112.43973732449791,
                37.808381501396255
              ],
              [
                -112.4325277148733,
                37.81167320121061
              ],
              [
                -112.428922910061,
                37.81496490102496
              ],
              [
                -112.4253181052487,
                37.818256600839305
              ],
              [
                -112.42171330043641,
                37.82154830065365
              ],
              [
                -112.41810849562411,
                37.824840000468
              ],
              [
                -112.4036892763749,
                37.828131700282356
              ],
              [
                -112.38927005712571,
                37.83142340009671
              ],
              [
                -112.36764122825191,
                37.83471509991106
              ],
              [
                -112.34601239937811,
                37.838006799725406
              ],
              [
                -112.3351979849412,
                37.841298499539754
              ],
              [
                -112.32438357050431,
                37.8445901993541
              ],
              [
                -112.3171739608797,
                37.847881899168456
              ],
              [
                -112.3099643512551,
                37.85117359898281
              ],
              [
                -112.30275474163051,
                37.85446529879716
              ],
              [
                -112.29554513200591,
                37.85775699861151
              ],
              [
                -112.28833552238132,
                37.861048698425854
              ],
              [
                -112.2811259127567,
                37.8643403982402
              ],
              [
                -112.27752110794441,
                37.86763209805456
              ],
              [
                -112.27391630313211,
                37.870923797868905
              ],
              [
                -112.2667066935075,
                37.87421549768325
              ],
              [
                -112.2594970838829,
                37.87750719749761
              ],
              [
                -112.25228747425831,
                37.880798897311955
              ],
              [
                -112.24507786463371,
                37.8840905971263
              ],
              [
                -112.2414730598214,
                37.88738229694066
              ],
              [
                -112.2378682550091,
                37.890673996755005
              ],
              [
                -112.2342634501968,
                37.89396569656935
              ],
              [
                -112.23065864538451,
                37.89725739638371
              ],
              [
                -112.22705384057221,
                37.900549096198056
              ],
              [
                -112.22344903575991,
                37.9038407960124
              ],
              [
                -112.21984423094761,
                37.90713249582676
              ],
              [
                -112.2162394261353,
                37.910424195641106
              ],
              [
                -112.212634621323,
                37.913715895455454
              ],
              [
                -112.20902981651071,
                37.91700759526981
              ],
              [
                -112.20542501169841,
                37.920299295084156
              ],
              [
                -112.20182020688611,
                37.923590994898504
              ],
              [
                -112.19461059726152,
                37.92688269471286
              ],
              [
                -112.1874009876369,
                37.93017439452721
              ],
              [
                -112.18379618282461,
                37.933466094341554
              ],
              [
                -112.18019137801231,
                37.93675779415591
              ],
              [
                -112.17658657320001,
                37.94004949397026
              ],
              [
                -112.17298176838771,
                37.943341193784605
              ],
              [
                -112.16937696357542,
                37.94663289359895
              ],
              [
                -112.1657721587631,
                37.9499245934133
              ],
              [
                -112.15856254913851,
                37.953216293227655
              ],
              [
                -112.15135293951391,
                37.95650799304201
              ],
              [
                -112.14414332988932,
                37.95979969285636
              ],
              [
                -112.13693372026471,
                37.963091392670705
              ],
              [
                -112.12611930582781,
                37.96638309248505
              ],
              [
                -112.1153048913909,
                37.9696747922994
              ],
              [
                -112.10809528176631,
                37.972966492113756
              ],
              [
                -112.10088567214171,
                37.97625819192811
              ],
              [
                -112.09367606251712,
                37.97954989174246
              ],
              [
                -112.08646645289251,
                37.982841591556806
              ],
              [
                -112.07565203845562,
                37.986133291371154
              ],
              [
                -112.06483762401871,
                37.9894249911855
              ],
              [
                -112.05762801439411,
                37.992716690999856
              ],
              [
                -112.0504184047695,
                37.99600839081421
              ],
              [
                -112.0432087951449,
                37.99930009062856
              ],
              [
                -112.03599918552031,
                38.00259179044291
              ],
              [
                -112.01437035664651,
                38.005883490257254
              ],
              [
                -111.99274152777271,
                38.00259179044291
              ],
              [
                -111.97471750371122,
                37.99930009062856
              ],
              [
                -111.95669347964972,
                37.99600839081421
              ],
              [
                -111.93145984596362,
                37.992716690999856
              ],
              [
                -111.9062262122775,
                37.9894249911855
              ],
              [
                -111.9026214074652,
                37.986133291371154
              ],
              [
                -111.8990166026529,
                37.982841591556806
              ],
              [
                -111.89180699302831,
                37.97954989174246
              ],
              [
                -111.88459738340372,
                37.97625819192811
              ],
              [
                -111.88099257859142,
                37.972966492113756
              ],
              [
                -111.8773877737791,
                37.9696747922994
              ],
              [
                -111.87378296896681,
                37.96638309248505
              ],
              [
                -111.87017816415451,
                37.963091392670705
              ],
              [
                -111.86296855452991,
                37.95979969285636
              ],
              [
                -111.8557589449053,
                37.963091392670705
              ],
              [
                -111.84854933528071,
                37.96638309248505
              ],
              [
                -111.84133972565611,
                37.9696747922994
              ],
              [
                -111.83773492084381,
                37.972966492113756
              ],
              [
                -111.8341301160315,
                37.97625819192811
              ],
              [
                -111.8269205064069,
                37.97954989174246
              ],
              [
                -111.81971089678231,
                37.982841591556806
              ],
              [
                -111.81610609197,
                37.986133291371154
              ],
              [
                -111.8125012871577,
                37.9894249911855
              ],
              [
                -111.8088964823454,
                37.992716690999856
              ],
              [
                -111.8052916775331,
                37.99600839081421
              ],
              [
                -111.80168687272081,
                37.99930009062856
              ],
              [
                -111.79808206790851,
                38.00259179044291
              ],
              [
                -111.78726765347162,
                38.005883490257254
              ],
              [
                -111.77645323903471,
                38.00259179044291
              ],
              [
                -111.75482441016091,
                37.99930009062856
              ],
              [
                -111.7331955812871,
                38.00259179044291
              ],
              [
                -111.72598597166251,
                38.005883490257254
              ],
              [
                -111.71877636203791,
                38.0091751900716
              ],
              [
                -111.7151715572256,
                38.01246688988596
              ],
              [
                -111.7115667524133,
                38.01575858970031
              ],
              [
                -111.707961947601,
                38.01905028951466
              ],
              [
                -111.70435714278871,
                38.0289253889577
              ],
              [
                -111.70075233797641,
                38.03880048840075
              ],
              [
                -111.69714753316411,
                38.0486755878438
              ],
              [
                -111.69354272835182,
                38.05855068728685
              ],
              [
                -111.6899379235395,
                38.068425786729904
              ],
              [
                -111.6863331187272,
                38.078300886172954
              ],
              [
                -111.68272831391491,
                38.09146768543036
              ],
              [
                -111.67912350910261,
                38.10463448468776
              ],
              [
                -111.67551870429031,
                38.13425978301691
              ],
              [
                -111.671913899478,
                38.16388508134606
              ],
              [
                -111.6683090946657,
                38.1737601807891
              ],
              [
                -111.6647042898534,
                38.18363528023215
              ],
              [
                -111.6610994850411,
                38.18692698004651
              ],
              [
                -111.65749468022881,
                38.190218679860855
              ],
              [
                -111.65388987541651,
                38.1935103796752
              ],
              [
                -111.65028507060421,
                38.19680207948956
              ],
              [
                -111.64668026579191,
                38.200093779303906
              ],
              [
                -111.64307546097962,
                38.20338547911825
              ],
              [
                -111.6394706561673,
                38.20667717893261
              ],
              [
                -111.635865851355,
                38.209968878746956
              ],
              [
                -111.63226104654271,
                38.213260578561304
              ],
              [
                -111.62865624173041,
                38.21655227837566
              ],
              [
                -111.62505143691811,
                38.219843978190006
              ],
              [
                -111.6214466321058,
                38.223135678004354
              ],
              [
                -111.6178418272935,
                38.22642737781871
              ],
              [
                -111.6142370224812,
                38.22971907763306
              ],
              [
                -111.61063221766891,
                38.233010777447404
              ],
              [
                -111.60702741285661,
                38.23630247726176
              ],
              [
                -111.60342260804431,
                38.23959417707611
              ],
              [
                -111.59981780323201,
                38.242885876890455
              ],
              [
                -111.5962129984197,
                38.24617757670481
              ],
              [
                -111.5926081936074,
                38.24946927651916
              ],
              [
                -111.5890033887951,
                38.25605267614786
              ],
              [
                -111.58539858398281,
                38.262636075776555
              ],
              [
                -111.58179377917051,
                38.26921947540525
              ],
              [
                -111.57818897435821,
                38.27580287503395
              ],
              [
                -111.57458416954591,
                38.282386274662656
              ],
              [
                -111.5709793647336,
                38.28896967429136
              ],
              [
                -111.5673745599213,
                38.29555307392006
              ],
              [
                -111.563769755109,
                38.30213647354876
              ],
              [
                -111.56016495029671,
                38.31201157299181
              ],
              [
                -111.55656014548441,
                38.32188667243486
              ],
              [
                -111.55295534067211,
                38.335053471692255
              ],
              [
                -111.54935053585982,
                38.34822027094965
              ],
              [
                -111.5457457310475,
                38.358095370392704
              ],
              [
                -111.5421409262352,
                38.367970469835754
              ],
              [
                -111.53853612142291,
                38.377845569278804
              ],
              [
                -111.53824651286774,
                38.37863893075901
              ],
              [
                -111.55720494397964,
                33.92611596676602
              ]
            ]
          ]
        ]
      }
    }
  ]
}