{
  "type": "FeatureCollection",
  "name": "sql_statement",
  "crs": {
    "type": "name",
    "properties": {
      "name": "urn:ogc:def:crs:OGC:1.3:CRS84"
    }
  },
  "features": [
    {
      "type": "Feature",
      "properties": {
        "uuid": "010aa9d2-394a-40a9-aa0e-db2438ce6e9f",
        "layer_id": "srf_civ_important_sites_pt",
        "timeframe": null,
        "feature_class": "Ruins",
        "feature_rank": 5,
        "is_visible": true,
        "is_labeled": true,
        "needs_review": false,
        "review_notes": null,
        "img_url": null,
        "last_edited": "2026-07-14",
        "last_editor": "postgres",
        "name_en": "Elbulder",
        "name_ru": "Эльбулдер",
        "name_abb_en": null,
        "name_abb_ru": null,
        "label_en": "Elbulder",
        "label_ru": "Эльбулдер",
        "descr_en": "A settlement in Sespech, located between two tributaries of the River Arran along the Old Road. Originally a logging town, it was rebuilt east of its original site after the old town was abandoned due to magical devastation. By the 14th century DR, it functioned as a trading hub supported by travelers and adventurers.",
        "descr_ru": "Поселение в Сеспече, расположенное между двумя притоками Реки Арран вдоль Старой Дороги. Изначально лесозаготовительный город, был отстроен к востоку от первоначального места после того, как старый город был покинут из-за магического опустошения. К XIV веку по ЛД функционировал как торговый центр, поддерживаемый путешественниками и искателями приключений.",
        "descr_html_en": null,
        "descr_html_ru": null,
        "url_en": "https://forgottenrealms.fandom.com/wiki/Elbulder",
        "url_ru": null,
        "source_name": "TSR FRIA 2e",
        "source_url": "https://www.profantasy.com/fratlas/fratlashome.htm",
        "dnd_editions_str": "2e, 3e, 5e",
        "feature_levels_str": null,
        "extra_str": "topical_tags: [\"city\", \"logging\", \"trade\", \"river\", \"road\", \"ruins\", \"magic\", \"wildmagic\"] | related_cultures_tags: [\"Chondathians\", \"Blade Kingdomers\"] | related_factions_tags: [\"Emerald Enclave\", \"Lord of Arrabar\"] | related_location_tags: [\"Sespech\", \"Interior Faerûn\", \"River Arran\", \"Chondalwood\", \"Old Road\", \"Vilhon Reach\", \"Sea of Fallen Stars\", \"Torsch\"]",
        "location_en": "southern Faerûn → Lake of Steam",
        "name_alt_en_str": "old Elbulder, new Elbulder",
        "location_ru": "южный Фаэрун → Озеро Пара",
        "name_alt_ru_str": "Старый Эльбульдер, Новый Эльбульдер",
        "geog_extent_centroid_md": "26° 35′ 04″ N 003° 02′ 53″ E",
        "geog_extent_centroid_fria": "26° 35′ 04″ N 050° 26′ 00″ W",
        "geog_extent_area_sq_km": null,
        "geog_extent_area_sq_miles": null,
        "geog_extent_length_km": null,
        "geog_extent_length_miles": null,
        "geog_extent_perimeter_km": null,
        "geog_extent_perimeter_miles": null,
        "geog_extent_bbox_md": null,
        "geog_extent_bbox_fria": null,
        "name_it": "Elbulder",
        "name_abb_it": null,
        "label_it": "Elbulder",
        "descr_it": "Elbulder è un insediamento in Sespech, situato tra due affluenti del Fiume Arran lungo la Vecchia Strada. Originariamente una città di boscaioli, fu ricostruita a est del suo sito originale dopo che la vecchia città fu abbandonata a causa di una devastazione magica. Entro il XIV secolo DR, fungeva da centro commerciale sostenuto da viaggiatori e avventurieri.",
        "descr_html_it": null,
        "url_it": null,
        "location_it": "Faerûn meridionale → Lago dei Vapori",
        "name_alt_it_str": "Vecchio Elbulder, Nuovo Elbulder",
        "topical_tags": "city, logging, trade, river, road, ruins, magic, wildmagic",
        "related_location_tags": "Sespech, Interior Faerûn, River Arran, Chondalwood, Old Road, Vilhon Reach, Sea of Fallen Stars, Torsch",
        "related_cultures_tags": "Chondathians, Blade Kingdomers",
        "related_factions_tags": "Emerald Enclave, Lord of Arrabar"
      },
      "geometry": {
        "type": "MultiPoint",
        "coordinates": [
          [
            -50.433438002528376,
            26.584528144670326
          ]
        ]
      }
    },
    {
      "type": "Feature",
      "properties": {
        "uuid": "cc1000dc-e1c3-4ca7-9ca3-1ff6c16b0fd3",
        "layer_id": "srf_civ_important_sites_pt",
        "timeframe": null,
        "feature_class": "Ruins",
        "feature_rank": 5,
        "is_visible": true,
        "is_labeled": true,
        "needs_review": false,
        "review_notes": null,
        "img_url": null,
        "last_edited": "2026-07-22",
        "last_editor": "postgres",
        "name_en": "Myth Drannor",
        "name_ru": "Мит Драннор",
        "name_abb_en": "",
        "name_abb_ru": null,
        "label_en": "Myth Drannor",
        "label_ru": "Мит Драннор",
        "descr_en": "Former capital of Cormanthyr and the greatest elven city in Faerûn, a center of High Magic, and a symbol of cooperation between elves, humans, and dwarves before its fall. After a brief restoration, it once again became ruins. ",
        "descr_ru": "Бывшая столица Кормантира и величайший эльфийский город Фаэруна, центр высокой магии и символ сотрудничества эльфов, людей и дварфов до своего падения. После частичного восстановления вновь стал руинами.",
        "descr_html_en": null,
        "descr_html_ru": null,
        "url_en": "https://forgottenrealms.fandom.com/wiki/Myth_Drannor",
        "url_ru": null,
        "source_name": "TSR FRIA 2e",
        "source_url": "https://www.profantasy.com/fratlas/fratlashome.htm",
        "dnd_editions_str": "2e, 3e, 5e",
        "feature_levels_str": null,
        "extra_str": "topical_tags: [\"city-state\", \"elven\", \"mythal\", \"high-magic\", \"interracial-harmony\", \"ruins\", \"restored-settlement\", \"planar-portals\"] | related_cultures_tags: [\"eladrin\", \"elves\", \"humans\", \"dwarves\", \"halflings\", \"gnomes\", \"drow\", \"Tel'Quessir\"] | related_factions_tags: [\"Akh'Velahr\", \"Akh'Faer\", \"Coronal Guard\", \"War Wizards of Cormyr\", \"Purple Dragons\", \"Knights of Myth Drannor\", \"Cult of the Dragon\", \"daemonfey\"] | related_location_tags: [\"Cormanthor\", \"Evermeet\", \"Moonsea\", \"Dalelands\", \"Cormyr\", \"Sembia\", \"Tethyr\", \"Krynn\"]",
        "location_en": "central Faerûn → Dalelands → Cormanthor",
        "name_alt_en_str": "Cormanthor, City of Song, The Towers of Song, City of Spells, City of Might, City of Crowns, City of Brotherhood, City of Beauty, City of Bards, City of Love",
        "location_ru": "центральный Фаэрун → Долины → Кормантор",
        "name_alt_ru_str": "Город Бардов, Город Красоты, Город Братства, Город Корон, Город Любви, Город Могущества, Город Песни, Город Заклинаний, Башни Песни, Кормантор",
        "geog_extent_centroid_md": "41° 24′ 41″ N 000° 00′ 00″ W",
        "geog_extent_centroid_fria": "41° 24′ 41″ N 053° 28′ 53″ W",
        "geog_extent_area_sq_km": null,
        "geog_extent_area_sq_miles": null,
        "geog_extent_length_km": null,
        "geog_extent_length_miles": null,
        "geog_extent_perimeter_km": null,
        "geog_extent_perimeter_miles": null,
        "geog_extent_bbox_md": null,
        "geog_extent_bbox_fria": null,
        "name_it": "Myth Drannor",
        "name_abb_it": null,
        "label_it": "Myth Drannor",
        "descr_it": "Una città-stato magicamente protetta nella foresta di Cormanthor, nota per le sue torri eleganti, le strade acciottolate e gli estesi dungeon nani. Fu un faro di armonia interrazziale e alta magia, con un mythal che forniva clima piacevole e connessioni planari. Dopo secoli di rovina, fu reclamata e restaurata come fiorente città-stato.",
        "descr_html_it": null,
        "url_it": null,
        "location_it": "Faerûn centrale → Valli → Cormanthor",
        "name_alt_it_str": "Città dei Bardi, Città della Bellezza, Città della Fratellanza, Città delle Corone, Città dell'Amore, Città della Possanza, Città del Canto, Città degli Incantesimi, Le Torri del Canto, Cormanthor",
        "topical_tags": "city-state, elven, mythal, high-magic, interracial-harmony, ruins, restored-settlement, planar-portals",
        "related_location_tags": "Cormanthor, Evermeet, Moonsea, Dalelands, Cormyr, Sembia, Tethyr, Krynn",
        "related_cultures_tags": "eladrin, elves, humans, dwarves, halflings, gnomes, drow, Tel'Quessir",
        "related_factions_tags": "Akh'Velahr, Akh'Faer, Coronal Guard, War Wizards of Cormyr, Purple Dragons, Knights of Myth Drannor, Cult of the Dragon, daemonfey"
      },
      "geometry": {
        "type": "MultiPoint",
        "coordinates": [
          [
            -53.48150148799331,
            41.411456077594174
          ]
        ]
      }
    },
    {
      "type": "Feature",
      "properties": {
        "uuid": "6782ce5c-5b54-436e-acae-257fa257a65b",
        "layer_id": "srf_civ_important_sites_pt",
        "timeframe": null,
        "feature_class": "Fortification",
        "feature_rank": 4,
        "is_visible": true,
        "is_labeled": true,
        "needs_review": false,
        "review_notes": null,
        "img_url": null,
        "last_edited": "2026-07-22",
        "last_editor": "postgres",
        "name_en": "Citadel Adbar",
        "name_ru": null,
        "name_abb_en": "",
        "name_abb_ru": null,
        "label_en": "Citadel Adbar",
        "label_ru": null,
        "descr_en": "",
        "descr_ru": null,
        "descr_html_en": null,
        "descr_html_ru": null,
        "url_en": "",
        "url_ru": null,
        "source_name": "TSR FRIA 2e",
        "source_url": "https://www.profantasy.com/fratlas/fratlashome.htm",
        "dnd_editions_str": "2e, 3e, 5e",
        "feature_levels_str": null,
        "extra_str": null,
        "location_en": "north-western Faerûn → unnamed",
        "name_alt_en_str": null,
        "location_ru": "северо-западный Фаэрун → unnamed",
        "name_alt_ru_str": null,
        "geog_extent_centroid_md": "52° 15′ 30″ N 012° 14′ 05″ W",
        "geog_extent_centroid_fria": "52° 15′ 30″ N 065° 42′ 59″ W",
        "geog_extent_area_sq_km": null,
        "geog_extent_area_sq_miles": null,
        "geog_extent_length_km": null,
        "geog_extent_length_miles": null,
        "geog_extent_perimeter_km": null,
        "geog_extent_perimeter_miles": null,
        "geog_extent_bbox_md": null,
        "geog_extent_bbox_fria": null,
        "name_it": null,
        "name_abb_it": null,
        "label_it": "Citadel Adbar",
        "descr_it": null,
        "descr_html_it": null,
        "url_it": null,
        "location_it": "Faerûn nord-occidentale → unnamed",
        "name_alt_it_str": null,
        "topical_tags": "",
        "related_location_tags": "",
        "related_cultures_tags": "",
        "related_factions_tags": ""
      },
      "geometry": {
        "type": "MultiPoint",
        "coordinates": [
          [
            -65.71639811363607,
            52.25843201082933
          ]
        ]
      }
    },
    {
      "type": "Feature",
      "properties": {
        "uuid": "83e20fa2-3024-42e1-b368-599ec70c5509",
        "layer_id": "srf_civ_important_sites_pt",
        "timeframe": null,
        "feature_class": "Fortification",
        "feature_rank": 4,
        "is_visible": true,
        "is_labeled": true,
        "needs_review": false,
        "review_notes": null,
        "img_url": null,
        "last_edited": "2026-07-22",
        "last_editor": "postgres",
        "name_en": "Ruins of Inlarv's Tower",
        "name_ru": null,
        "name_abb_en": "",
        "name_abb_ru": null,
        "label_en": "Ruins of Inlarv's Tower",
        "label_ru": null,
        "descr_en": "",
        "descr_ru": null,
        "descr_html_en": null,
        "descr_html_ru": null,
        "url_en": "",
        "url_ru": null,
        "source_name": "TSR FRIA 2e",
        "source_url": "https://www.profantasy.com/fratlas/fratlashome.htm",
        "dnd_editions_str": "2e, 3e, 5e",
        "feature_levels_str": null,
        "extra_str": null,
        "location_en": "western Faerûn → Sword Coast → unnamed",
        "name_alt_en_str": null,
        "location_ru": "западный Фаэрун → Побережье Мечей → unnamed",
        "name_alt_ru_str": null,
        "geog_extent_centroid_md": "46° 24′ 21″ N 021° 07′ 46″ W",
        "geog_extent_centroid_fria": "46° 24′ 21″ N 074° 36′ 39″ W",
        "geog_extent_area_sq_km": null,
        "geog_extent_area_sq_miles": null,
        "geog_extent_length_km": null,
        "geog_extent_length_miles": null,
        "geog_extent_perimeter_km": null,
        "geog_extent_perimeter_miles": null,
        "geog_extent_bbox_md": null,
        "geog_extent_bbox_fria": null,
        "name_it": null,
        "name_abb_it": null,
        "label_it": "Ruins of Inlarv's Tower",
        "descr_it": null,
        "descr_html_it": null,
        "url_it": null,
        "location_it": "Faerûn occidentale → Costa della Spada → unnamed",
        "name_alt_it_str": null,
        "topical_tags": "",
        "related_location_tags": "",
        "related_cultures_tags": "",
        "related_factions_tags": ""
      },
      "geometry": {
        "type": "MultiPoint",
        "coordinates": [
          [
            -74.61110347206595,
            46.406018419891325
          ]
        ]
      }
    },
    {
      "type": "Feature",
      "properties": {
        "uuid": "936ed968-e79e-49fd-b36d-3ce570e51c9e",
        "layer_id": "srf_civ_important_sites_pt",
        "timeframe": null,
        "feature_class": "Fortification",
        "feature_rank": 4,
        "is_visible": true,
        "is_labeled": true,
        "needs_review": false,
        "review_notes": null,
        "img_url": null,
        "last_edited": "2026-07-22",
        "last_editor": "postgres",
        "name_en": "Barbarians' Camp",
        "name_ru": null,
        "name_abb_en": "",
        "name_abb_ru": null,
        "label_en": "Barbarians' Camp",
        "label_ru": null,
        "descr_en": "",
        "descr_ru": null,
        "descr_html_en": null,
        "descr_html_ru": null,
        "url_en": "",
        "url_ru": null,
        "source_name": "TSR FRIA 2e",
        "source_url": "https://www.profantasy.com/fratlas/fratlashome.htm",
        "dnd_editions_str": "2e, 3e, 5e",
        "feature_levels_str": null,
        "extra_str": null,
        "location_en": "north-western Faerûn → Great Glacier",
        "name_alt_en_str": null,
        "location_ru": "северо-западный Фаэрун → Великий Ледник",
        "name_alt_ru_str": null,
        "geog_extent_centroid_md": "53° 37′ 19″ N 022° 18′ 47″ W",
        "geog_extent_centroid_fria": "53° 37′ 19″ N 075° 47′ 40″ W",
        "geog_extent_area_sq_km": null,
        "geog_extent_area_sq_miles": null,
        "geog_extent_length_km": null,
        "geog_extent_length_miles": null,
        "geog_extent_perimeter_km": null,
        "geog_extent_perimeter_miles": null,
        "geog_extent_bbox_md": null,
        "geog_extent_bbox_fria": null,
        "name_it": null,
        "name_abb_it": null,
        "label_it": "Barbarians' Camp",
        "descr_it": null,
        "descr_html_it": null,
        "url_it": null,
        "location_it": "Faerûn nord-occidentale → Grande Ghiacciaio",
        "name_alt_it_str": null,
        "topical_tags": "",
        "related_location_tags": "",
        "related_cultures_tags": "",
        "related_factions_tags": ""
      },
      "geometry": {
        "type": "MultiPoint",
        "coordinates": [
          [
            -75.79465955882216,
            53.62218342598423
          ]
        ]
      }
    },
    {
      "type": "Feature",
      "properties": {
        "uuid": "c0fe96c6-0524-4f73-b2e3-9467e50b60d1",
        "layer_id": "srf_civ_important_sites_pt",
        "timeframe": null,
        "feature_class": "Fortification",
        "feature_rank": 4,
        "is_visible": true,
        "is_labeled": true,
        "needs_review": false,
        "review_notes": null,
        "img_url": null,
        "last_edited": "2026-07-22",
        "last_editor": "postgres",
        "name_en": "Warlock's Crypt",
        "name_ru": null,
        "name_abb_en": "",
        "name_abb_ru": null,
        "label_en": "Warlock's Crypt",
        "label_ru": null,
        "descr_en": "",
        "descr_ru": null,
        "descr_html_en": null,
        "descr_html_ru": null,
        "url_en": "",
        "url_ru": null,
        "source_name": "TSR FRIA 2e",
        "source_url": "https://www.profantasy.com/fratlas/fratlashome.htm",
        "dnd_editions_str": "2e, 3e, 5e",
        "feature_levels_str": null,
        "extra_str": null,
        "location_en": "western Faerûn → Sword Coast",
        "name_alt_en_str": null,
        "location_ru": "западный Фаэрун → Побережье Мечей",
        "name_alt_ru_str": null,
        "geog_extent_centroid_md": "40° 52′ 50″ N 018° 05′ 43″ W",
        "geog_extent_centroid_fria": "40° 52′ 50″ N 071° 34′ 36″ W",
        "geog_extent_area_sq_km": null,
        "geog_extent_area_sq_miles": null,
        "geog_extent_length_km": null,
        "geog_extent_length_miles": null,
        "geog_extent_perimeter_km": null,
        "geog_extent_perimeter_miles": null,
        "geog_extent_bbox_md": null,
        "geog_extent_bbox_fria": null,
        "name_it": null,
        "name_abb_it": null,
        "label_it": "Warlock's Crypt",
        "descr_it": null,
        "descr_html_it": null,
        "url_it": null,
        "location_it": "Faerûn occidentale → Costa della Spada",
        "name_alt_it_str": null,
        "topical_tags": "",
        "related_location_tags": "",
        "related_cultures_tags": "",
        "related_factions_tags": ""
      },
      "geometry": {
        "type": "MultiPoint",
        "coordinates": [
          [
            -71.57686164835208,
            40.880572767024574
          ]
        ]
      }
    },
    {
      "type": "Feature",
      "properties": {
        "uuid": "ffbd6333-80a1-4bb7-8ede-9029c9da83e4",
        "layer_id": "srf_civ_important_sites_pt",
        "timeframe": null,
        "feature_class": "Fortification",
        "feature_rank": 4,
        "is_visible": true,
        "is_labeled": true,
        "needs_review": false,
        "review_notes": null,
        "img_url": null,
        "last_edited": "2026-07-22",
        "last_editor": "postgres",
        "name_en": "Hellgate Keep",
        "name_ru": null,
        "name_abb_en": "",
        "name_abb_ru": null,
        "label_en": "Hellgate Keep",
        "label_ru": null,
        "descr_en": "",
        "descr_ru": null,
        "descr_html_en": null,
        "descr_html_ru": null,
        "url_en": "",
        "url_ru": null,
        "source_name": "TSR FRIA 2e",
        "source_url": "https://www.profantasy.com/fratlas/fratlashome.htm",
        "dnd_editions_str": "2e, 3e, 5e",
        "feature_levels_str": null,
        "extra_str": null,
        "location_en": "western Faerûn",
        "name_alt_en_str": null,
        "location_ru": "западный Фаэрун",
        "name_alt_ru_str": null,
        "geog_extent_centroid_md": "49° 33′ 37″ N 012° 21′ 30″ W",
        "geog_extent_centroid_fria": "49° 33′ 37″ N 065° 50′ 23″ W",
        "geog_extent_area_sq_km": null,
        "geog_extent_area_sq_miles": null,
        "geog_extent_length_km": null,
        "geog_extent_length_miles": null,
        "geog_extent_perimeter_km": null,
        "geog_extent_perimeter_miles": null,
        "geog_extent_bbox_md": null,
        "geog_extent_bbox_fria": null,
        "name_it": null,
        "name_abb_it": null,
        "label_it": "Hellgate Keep",
        "descr_it": null,
        "descr_html_it": null,
        "url_it": null,
        "location_it": "Faerûn occidentale",
        "name_alt_it_str": null,
        "topical_tags": "",
        "related_location_tags": "",
        "related_cultures_tags": "",
        "related_factions_tags": ""
      },
      "geometry": {
        "type": "MultiPoint",
        "coordinates": [
          [
            -65.83986468362207,
            49.56029272227253
          ]
        ]
      }
    },
    {
      "type": "Feature",
      "properties": {
        "uuid": "0308214e-c9b9-4da5-96ae-f7a63d627d02",
        "layer_id": "srf_civ_important_sites_pt",
        "timeframe": null,
        "feature_class": "Ruins",
        "feature_rank": 5,
        "is_visible": true,
        "is_labeled": true,
        "needs_review": false,
        "review_notes": null,
        "img_url": null,
        "last_edited": "2026-07-13",
        "last_editor": "postgres",
        "name_en": "unnamed",
        "name_ru": null,
        "name_abb_en": null,
        "name_abb_ru": null,
        "label_en": null,
        "label_ru": null,
        "descr_en": null,
        "descr_ru": null,
        "descr_html_en": null,
        "descr_html_ru": null,
        "url_en": null,
        "url_ru": null,
        "source_name": "TSR FRIA 2e",
        "source_url": "https://www.profantasy.com/fratlas/fratlashome.htm",
        "dnd_editions_str": "2e, 3e, 5e",
        "feature_levels_str": null,
        "extra_str": null,
        "location_en": "central Zakhara → unnamed",
        "name_alt_en_str": null,
        "location_ru": "центральный Захара → unnamed",
        "name_alt_ru_str": null,
        "geog_extent_centroid_md": "08° 45′ 42″ S 028° 51′ 16″ E",
        "geog_extent_centroid_fria": "08° 45′ 42″ S 024° 37′ 36″ W",
        "geog_extent_area_sq_km": null,
        "geog_extent_area_sq_miles": null,
        "geog_extent_length_km": null,
        "geog_extent_length_miles": null,
        "geog_extent_perimeter_km": null,
        "geog_extent_perimeter_miles": null,
        "geog_extent_bbox_md": null,
        "geog_extent_bbox_fria": null,
        "name_it": null,
        "name_abb_it": null,
        "label_it": null,
        "descr_it": null,
        "descr_html_it": null,
        "url_it": null,
        "location_it": "Zakhara centrale → unnamed",
        "name_alt_it_str": null,
        "topical_tags": "",
        "related_location_tags": "",
        "related_cultures_tags": "",
        "related_factions_tags": ""
      },
      "geometry": {
        "type": "MultiPoint",
        "coordinates": [
          [
            -24.626877018572124,
            -8.76188107233907
          ]
        ]
      }
    },
    {
      "type": "Feature",
      "properties": {
        "uuid": "60e1a20d-ec60-46f3-9646-df721c42811b",
        "layer_id": "srf_civ_important_sites_pt",
        "timeframe": null,
        "feature_class": "Ruins",
        "feature_rank": 5,
        "is_visible": true,
        "is_labeled": true,
        "needs_review": false,
        "review_notes": null,
        "img_url": null,
        "last_edited": "2026-07-24",
        "last_editor": "postgres",
        "name_en": "Owl Old Well",
        "name_ru": null,
        "name_abb_en": null,
        "name_abb_ru": null,
        "label_en": "Owl Old Well",
        "label_ru": null,
        "descr_en": null,
        "descr_ru": null,
        "descr_html_en": null,
        "descr_html_ru": null,
        "url_en": "https://forgottenrealms.fandom.com/wiki/Old_Owl_Well",
        "url_ru": null,
        "source_name": "Lost Mine of Phandelver",
        "source_url": null,
        "dnd_editions_str": "5e",
        "feature_levels_str": null,
        "extra_str": null,
        "location_en": "western Faerûn → Sword Coast",
        "name_alt_en_str": null,
        "location_ru": "западный Фаэрун → Побережье Мечей",
        "name_alt_ru_str": null,
        "geog_extent_centroid_md": "48° 30′ 09″ N 020° 07′ 34″ W",
        "geog_extent_centroid_fria": "48° 30′ 09″ N 073° 36′ 27″ W",
        "geog_extent_area_sq_km": null,
        "geog_extent_area_sq_miles": null,
        "geog_extent_length_km": null,
        "geog_extent_length_miles": null,
        "geog_extent_perimeter_km": null,
        "geog_extent_perimeter_miles": null,
        "geog_extent_bbox_md": null,
        "geog_extent_bbox_fria": null,
        "name_it": null,
        "name_abb_it": null,
        "label_it": "Owl Old Well",
        "descr_it": null,
        "descr_html_it": null,
        "url_it": null,
        "location_it": "Faerûn occidentale → Costa della Spada",
        "name_alt_it_str": null,
        "topical_tags": "",
        "related_location_tags": "",
        "related_cultures_tags": "",
        "related_factions_tags": ""
      },
      "geometry": {
        "type": "MultiPoint",
        "coordinates": [
          [
            -73.60767536246554,
            48.50271490338346
          ]
        ]
      }
    },
    {
      "type": "Feature",
      "properties": {
        "uuid": "12fa7453-1955-46b2-800c-9b52254b18df",
        "layer_id": "srf_civ_important_sites_pt",
        "timeframe": null,
        "feature_class": "Other",
        "feature_rank": 5,
        "is_visible": true,
        "is_labeled": true,
        "needs_review": false,
        "review_notes": null,
        "img_url": null,
        "last_edited": "2026-07-24",
        "last_editor": "postgres",
        "name_en": "The Fork",
        "name_ru": "Вилка",
        "name_abb_en": null,
        "name_abb_ru": null,
        "label_en": "The Fork",
        "label_ru": "Вилка",
        "descr_en": "A remote landmark in Old Delzoun where the Fork Road diverges, leading north to Citadel Adbar and east toward Ascore. The site includes the ruined Ghaurin's Hold and the fortified Wildlands Rest inn.",
        "descr_ru": "Удалённый ориентир в Старом Делзуне, где расходятся Дорога Вилки, ведущая на север к Цитадели Адбар и на восток к Аскору. Место включает разрушенную Крепость Гаурина и укреплённую гостиницу «Отдых в Диких Землях».",
        "descr_html_en": null,
        "descr_html_ru": null,
        "url_en": "https://forgottenrealms.fandom.com/wiki/The_Fork",
        "url_ru": null,
        "source_name": "TSR FRIA 2e",
        "source_url": "https://www.profantasy.com/fratlas/fratlashome.htm",
        "dnd_editions_str": "2e, 3e, 5e",
        "feature_levels_str": null,
        "extra_str": "topical_tags: [\"landmark\", \"crossroads\", \"ruins\", \"inn\", \"dwarfhold\", \"road\"] | related_cultures_tags: [\"dwarves\", \"gnomes\"] | related_location_tags: [\"Old Delzoun\", \"Luruar\", \"Sundabar\", \"Adbar Road\", \"Citadel Adbar\", \"Ascore\", \"Ice Mountains\", \"Graevelwood\"]",
        "location_en": "north-western Faerûn",
        "name_alt_en_str": null,
        "location_ru": "северо-западный Фаэрун",
        "name_alt_ru_str": null,
        "geog_extent_centroid_md": "50° 54′ 14″ N 011° 37′ 28″ W",
        "geog_extent_centroid_fria": "50° 54′ 14″ N 065° 06′ 21″ W",
        "geog_extent_area_sq_km": null,
        "geog_extent_area_sq_miles": null,
        "geog_extent_length_km": null,
        "geog_extent_length_miles": null,
        "geog_extent_perimeter_km": null,
        "geog_extent_perimeter_miles": null,
        "geog_extent_bbox_md": null,
        "geog_extent_bbox_fria": null,
        "name_it": "La Forca",
        "name_abb_it": null,
        "label_it": "La Forca",
        "descr_it": "Un punto di riferimento remoto nel Vecchio Delzoun dove la Strada della Forca si divide, portando a nord verso Cittadella Adbar e a est verso Ascore. Il sito include la rovinata Rocca di Ghaurin e la fortificata locanda Riposo delle Terre Selvagge.",
        "descr_html_it": null,
        "url_it": null,
        "location_it": "Faerûn nord-occidentale",
        "name_alt_it_str": null,
        "topical_tags": "landmark, crossroads, ruins, inn, dwarfhold, road",
        "related_location_tags": "Old Delzoun, Luruar, Sundabar, Adbar Road, Citadel Adbar, Ascore, Ice Mountains, Graevelwood",
        "related_cultures_tags": "dwarves, gnomes",
        "related_factions_tags": ""
      },
      "geometry": {
        "type": "MultiPoint",
        "coordinates": [
          [
            -65.10599999999972,
            50.9039999999999
          ]
        ]
      }
    },
    {
      "type": "Feature",
      "properties": {
        "uuid": "687c74fe-9d14-45ce-ae94-abd68f1d4a4d",
        "layer_id": "srf_civ_important_sites_pt",
        "timeframe": null,
        "feature_class": "Ruins",
        "feature_rank": 5,
        "is_visible": true,
        "is_labeled": true,
        "needs_review": false,
        "review_notes": "exclude from wiki link auto-ageneration",
        "img_url": null,
        "last_edited": "2026-07-30",
        "last_editor": "postgres",
        "name_en": "Seawave Ruins",
        "name_ru": "Развалины Морской Волны",
        "name_abb_en": null,
        "name_abb_ru": null,
        "label_en": "Seawave Ruins",
        "label_ru": "Развалины Морской Волны",
        "descr_en": null,
        "descr_ru": null,
        "descr_html_en": null,
        "descr_html_ru": null,
        "url_en": null,
        "url_ru": null,
        "source_name": "TSR FRIA 2e",
        "source_url": "https://www.profantasy.com/fratlas/fratlashome.htm",
        "dnd_editions_str": "2e, 3e, 5e",
        "feature_levels_str": null,
        "extra_str": null,
        "location_en": "central Faerûn → Moonsea",
        "name_alt_en_str": null,
        "location_ru": "центральный Фаэрун → Лунное Море",
        "name_alt_ru_str": null,
        "geog_extent_centroid_md": "42° 42′ 39″ N 002° 56′ 13″ E",
        "geog_extent_centroid_fria": "42° 42′ 39″ N 050° 32′ 39″ W",
        "geog_extent_area_sq_km": null,
        "geog_extent_area_sq_miles": null,
        "geog_extent_length_km": null,
        "geog_extent_length_miles": null,
        "geog_extent_perimeter_km": null,
        "geog_extent_perimeter_miles": null,
        "geog_extent_bbox_md": null,
        "geog_extent_bbox_fria": null,
        "name_it": "Rovine dell'Onda Marina",
        "name_abb_it": null,
        "label_it": "Rovine dell'Onda Marina",
        "descr_it": null,
        "descr_html_it": null,
        "url_it": null,
        "location_it": "Faerûn centrale → Mare della Luna",
        "name_alt_it_str": null,
        "topical_tags": "",
        "related_location_tags": "",
        "related_cultures_tags": "",
        "related_factions_tags": ""
      },
      "geometry": {
        "type": "MultiPoint",
        "coordinates": [
          [
            -50.54439210245828,
            42.711014209602624
          ]
        ]
      }
    },
    {
      "type": "Feature",
      "properties": {
        "uuid": "6ca300d8-2e7c-44ae-8214-8d3dca6a5460",
        "layer_id": "srf_civ_important_sites_pt",
        "timeframe": null,
        "feature_class": "Ruins",
        "feature_rank": 5,
        "is_visible": true,
        "is_labeled": true,
        "needs_review": false,
        "review_notes": "exclude from wiki link auto-ageneration",
        "img_url": null,
        "last_edited": "2026-07-30",
        "last_editor": "postgres",
        "name_en": "Fort Dalton",
        "name_ru": "Форт Далтон",
        "name_abb_en": null,
        "name_abb_ru": null,
        "label_en": "Fort Dalton",
        "label_ru": "Форт Далтон",
        "descr_en": null,
        "descr_ru": null,
        "descr_html_en": null,
        "descr_html_ru": null,
        "url_en": null,
        "url_ru": null,
        "source_name": "TSR FRIA 2e",
        "source_url": "https://www.profantasy.com/fratlas/fratlashome.htm",
        "dnd_editions_str": "2e, 3e, 5e",
        "feature_levels_str": null,
        "extra_str": null,
        "location_en": "central Faerûn → The Vast",
        "name_alt_en_str": null,
        "location_ru": "центральный Фаэрун → Простор",
        "name_alt_ru_str": null,
        "geog_extent_centroid_md": "41° 47′ 09″ N 003° 16′ 19″ E",
        "geog_extent_centroid_fria": "41° 47′ 09″ N 050° 12′ 33″ W",
        "geog_extent_area_sq_km": null,
        "geog_extent_area_sq_miles": null,
        "geog_extent_length_km": null,
        "geog_extent_length_miles": null,
        "geog_extent_perimeter_km": null,
        "geog_extent_perimeter_miles": null,
        "geog_extent_bbox_md": null,
        "geog_extent_bbox_fria": null,
        "name_it": "Forte Dalton",
        "name_abb_it": null,
        "label_it": "Forte Dalton",
        "descr_it": null,
        "descr_html_it": null,
        "url_it": null,
        "location_it": "Faerûn centrale → Il Vast",
        "name_alt_it_str": null,
        "topical_tags": "",
        "related_location_tags": "",
        "related_cultures_tags": "",
        "related_factions_tags": ""
      },
      "geometry": {
        "type": "MultiPoint",
        "coordinates": [
          [
            -50.20932084284691,
            41.785874707426025
          ]
        ]
      }
    },
    {
      "type": "Feature",
      "properties": {
        "uuid": "04f8646a-d8c3-4ef8-9595-c78c917b24ac",
        "layer_id": "srf_civ_important_sites_pt",
        "timeframe": null,
        "feature_class": "Ruins",
        "feature_rank": 5,
        "is_visible": true,
        "is_labeled": true,
        "needs_review": true,
        "review_notes": "Ruined Orc city",
        "img_url": null,
        "last_edited": "2026-07-14",
        "last_editor": "postgres",
        "name_en": "Gazzeth",
        "name_ru": "Газзет",
        "name_abb_en": null,
        "name_abb_ru": null,
        "label_en": "Gazzeth",
        "label_ru": "Газзет",
        "descr_en": "A long-abandoned ruin of a city located on the Moonsea coast, between Thentia and the Seawave ruins, and between the Ruined Trail and the shore. Infested with giant vermin in the late 1360s DR, it was once inhabited by orcs. A legend holds that discovering its true name would raise a dead orc army to march on Thentia.",
        "descr_ru": "Давно заброшенные руины города на побережье Лунного Моря, между Тентией и руинами Сивейв, а также между Разрушенной Тропой и берегом. Заражённые гигантскими вредителями в конце 1360-х годов по ЛД, некогда были населены орками. Легенда гласит, что открытие его истинного имени поднимет мёртвую армию орков для похода на Тентию.",
        "descr_html_en": null,
        "descr_html_ru": null,
        "url_en": "https://forgottenrealms.fandom.com/wiki/Gazzeth",
        "url_ru": null,
        "source_name": "TSR FRIA 2e",
        "source_url": "https://www.profantasy.com/fratlas/fratlashome.htm",
        "dnd_editions_str": "2e, 3e, 5e",
        "feature_levels_str": null,
        "extra_str": "topical_tags: [\"ruin\", \"city\", \"orc\", \"abandoned\", \"coastal\", \"infested\", \"legend\", \"moonsea\"] | related_cultures_tags: [\"orcs\"] | related_location_tags: [\"Thentia\", \"Seawave\", \"Moonsea\", \"Ruined Trail\"]",
        "location_en": "central Faerûn → Moonsea",
        "name_alt_en_str": "Ruined orc city",
        "location_ru": "центральный Фаэрун → Лунное Море",
        "name_alt_ru_str": "Разрушенный оркский город",
        "geog_extent_centroid_md": "42° 39′ 51″ N 002° 36′ 30″ E",
        "geog_extent_centroid_fria": "42° 39′ 51″ N 050° 52′ 22″ W",
        "geog_extent_area_sq_km": null,
        "geog_extent_area_sq_miles": null,
        "geog_extent_length_km": null,
        "geog_extent_length_miles": null,
        "geog_extent_perimeter_km": null,
        "geog_extent_perimeter_miles": null,
        "geog_extent_bbox_md": null,
        "geog_extent_bbox_fria": null,
        "name_it": "Gazzeth",
        "name_abb_it": null,
        "label_it": "Gazzeth",
        "descr_it": "Gazzeth è una rovina di città abbandonata da lungo tempo sulla costa del Mare della Luna, tra Thentia e le rovine di Seawave, e tra il Sentiero in Rovina e la riva. Infestata da vermi giganti alla fine degli anni 1360 DR, fu un tempo abitata da orchi. Una leggenda narra che scoprire il suo vero nome solleverebbe un esercito di orchi morti per marciare su Thentia.",
        "descr_html_it": null,
        "url_it": null,
        "location_it": "Faerûn centrale → Mare della Luna",
        "name_alt_it_str": "Città orco in rovina",
        "topical_tags": "ruin, city, orc, abandoned, coastal, infested, legend, moonsea",
        "related_location_tags": "Thentia, Seawave, Moonsea, Ruined Trail",
        "related_cultures_tags": "orcs",
        "related_factions_tags": ""
      },
      "geometry": {
        "type": "MultiPoint",
        "coordinates": [
          [
            -50.87295743384439,
            42.66424087723862
          ]
        ]
      }
    },
    {
      "type": "Feature",
      "properties": {
        "uuid": "31c74217-fb3f-422d-a788-6176a5e2c107",
        "layer_id": "srf_civ_important_sites_pt",
        "timeframe": null,
        "feature_class": "Fortification",
        "feature_rank": 5,
        "is_visible": true,
        "is_labeled": true,
        "needs_review": false,
        "review_notes": "exclude from wiki link auto-ageneration",
        "img_url": null,
        "last_edited": "2026-07-13",
        "last_editor": "postgres",
        "name_en": "Erlaban",
        "name_ru": "Эрлабан",
        "name_abb_en": null,
        "name_abb_ru": null,
        "label_en": "Erlaban",
        "label_ru": "Эрлабан",
        "descr_en": null,
        "descr_ru": null,
        "descr_html_en": null,
        "descr_html_ru": null,
        "url_en": null,
        "url_ru": null,
        "source_name": "TSR FRIA 2e",
        "source_url": "https://www.profantasy.com/fratlas/fratlashome.htm",
        "dnd_editions_str": "2e, 3e, 5e",
        "feature_levels_str": null,
        "extra_str": null,
        "location_en": "north-western Kara-Tur → unnamed",
        "name_alt_en_str": null,
        "location_ru": "северо-западный Кара-Тур → unnamed",
        "name_alt_ru_str": null,
        "geog_extent_centroid_md": "47° 14′ 08″ N 065° 50′ 36″ E",
        "geog_extent_centroid_fria": "47° 14′ 08″ N 012° 21′ 42″ E",
        "geog_extent_area_sq_km": null,
        "geog_extent_area_sq_miles": null,
        "geog_extent_length_km": null,
        "geog_extent_length_miles": null,
        "geog_extent_perimeter_km": null,
        "geog_extent_perimeter_miles": null,
        "geog_extent_bbox_md": null,
        "geog_extent_bbox_fria": null,
        "name_it": "Erlaban",
        "name_abb_it": null,
        "label_it": "Erlaban",
        "descr_it": null,
        "descr_html_it": null,
        "url_it": null,
        "location_it": "Kara-Tur nord-occidentale → unnamed",
        "name_alt_it_str": null,
        "topical_tags": "",
        "related_location_tags": "",
        "related_cultures_tags": "",
        "related_factions_tags": ""
      },
      "geometry": {
        "type": "MultiPoint",
        "coordinates": [
          [
            12.361874332955828,
            47.23578441147582
          ]
        ]
      }
    },
    {
      "type": "Feature",
      "properties": {
        "uuid": "457d86ed-24f3-4772-ad1b-5aa43f2f7259",
        "layer_id": "srf_civ_important_sites_pt",
        "timeframe": null,
        "feature_class": "Fortification",
        "feature_rank": 5,
        "is_visible": true,
        "is_labeled": true,
        "needs_review": false,
        "review_notes": "exclude from wiki link auto-ageneration",
        "img_url": null,
        "last_edited": "2026-07-13",
        "last_editor": "postgres",
        "name_en": "Vumbu Citadel",
        "name_ru": "Цитадель Вумбу",
        "name_abb_en": null,
        "name_abb_ru": null,
        "label_en": "Vumbu Citadel",
        "label_ru": "Цитадель Вумбу",
        "descr_en": null,
        "descr_ru": null,
        "descr_html_en": null,
        "descr_html_ru": null,
        "url_en": null,
        "url_ru": null,
        "source_name": "TSR FRIA 2e",
        "source_url": "https://www.profantasy.com/fratlas/fratlashome.htm",
        "dnd_editions_str": "2e, 3e, 5e",
        "feature_levels_str": null,
        "extra_str": null,
        "location_en": "western Kara-Tur → Katakoro Shan",
        "name_alt_en_str": null,
        "location_ru": "западный Кара-Тур → Катакори Шан",
        "name_alt_ru_str": null,
        "geog_extent_centroid_md": "27° 53′ 18″ N 040° 26′ 07″ E",
        "geog_extent_centroid_fria": "27° 53′ 18″ N 013° 02′ 45″ W",
        "geog_extent_area_sq_km": null,
        "geog_extent_area_sq_miles": null,
        "geog_extent_length_km": null,
        "geog_extent_length_miles": null,
        "geog_extent_perimeter_km": null,
        "geog_extent_perimeter_miles": null,
        "geog_extent_bbox_md": null,
        "geog_extent_bbox_fria": null,
        "name_it": "Cittadella di Vumbu",
        "name_abb_it": null,
        "label_it": "Cittadella di Vumbu",
        "descr_it": null,
        "descr_html_it": null,
        "url_it": null,
        "location_it": "Kara-Tur occidentale → Katakoro Shan",
        "name_alt_it_str": null,
        "topical_tags": "",
        "related_location_tags": "",
        "related_cultures_tags": "",
        "related_factions_tags": ""
      },
      "geometry": {
        "type": "MultiPoint",
        "coordinates": [
          [
            -13.045983007353769,
            27.888435733157394
          ]
        ]
      }
    },
    {
      "type": "Feature",
      "properties": {
        "uuid": "0c662049-82c6-42ed-853b-b2bf5d6c8705",
        "layer_id": "srf_civ_important_sites_pt",
        "timeframe": null,
        "feature_class": "Fortification",
        "feature_rank": 5,
        "is_visible": true,
        "is_labeled": true,
        "needs_review": false,
        "review_notes": null,
        "img_url": null,
        "last_edited": "2026-07-13",
        "last_editor": "postgres",
        "name_en": "unnamed",
        "name_ru": null,
        "name_abb_en": null,
        "name_abb_ru": null,
        "label_en": null,
        "label_ru": null,
        "descr_en": null,
        "descr_ru": null,
        "descr_html_en": null,
        "descr_html_ru": null,
        "url_en": null,
        "url_ru": null,
        "source_name": "TSR FRIA 2e",
        "source_url": "https://www.profantasy.com/fratlas/fratlashome.htm",
        "dnd_editions_str": "2e, 3e, 5e",
        "feature_levels_str": null,
        "extra_str": null,
        "location_en": "central Zakhara → Weeping Desert",
        "name_alt_en_str": null,
        "location_ru": "центральный Захара → Плачущая Пустыня",
        "name_alt_ru_str": null,
        "geog_extent_centroid_md": "07° 04′ 44″ S 026° 12′ 39″ E",
        "geog_extent_centroid_fria": "07° 04′ 44″ S 027° 16′ 13″ W",
        "geog_extent_area_sq_km": null,
        "geog_extent_area_sq_miles": null,
        "geog_extent_length_km": null,
        "geog_extent_length_miles": null,
        "geog_extent_perimeter_km": null,
        "geog_extent_perimeter_miles": null,
        "geog_extent_bbox_md": null,
        "geog_extent_bbox_fria": null,
        "name_it": null,
        "name_abb_it": null,
        "label_it": null,
        "descr_it": null,
        "descr_html_it": null,
        "url_it": null,
        "location_it": "Zakhara centrale → Deserto Piangente",
        "name_alt_it_str": null,
        "topical_tags": "",
        "related_location_tags": "",
        "related_cultures_tags": "",
        "related_factions_tags": ""
      },
      "geometry": {
        "type": "MultiPoint",
        "coordinates": [
          [
            -27.270500010982293,
            -7.079101316383177
          ]
        ]
      }
    },
    {
      "type": "Feature",
      "properties": {
        "uuid": "0da235b4-e749-4dca-bf31-2ccb50092a1b",
        "layer_id": "srf_civ_important_sites_pt",
        "timeframe": null,
        "feature_class": "Fortification",
        "feature_rank": 5,
        "is_visible": true,
        "is_labeled": true,
        "needs_review": false,
        "review_notes": null,
        "img_url": null,
        "last_edited": "2026-07-13",
        "last_editor": "postgres",
        "name_en": "unnamed",
        "name_ru": null,
        "name_abb_en": null,
        "name_abb_ru": null,
        "label_en": null,
        "label_ru": null,
        "descr_en": null,
        "descr_ru": null,
        "descr_html_en": null,
        "descr_html_ru": null,
        "url_en": null,
        "url_ru": null,
        "source_name": "TSR FRIA 2e",
        "source_url": "https://www.profantasy.com/fratlas/fratlashome.htm",
        "dnd_editions_str": "2e, 3e, 5e",
        "feature_levels_str": null,
        "extra_str": null,
        "location_en": "western Sea of Swords → Moonshae Isles → unnamed",
        "name_alt_en_str": null,
        "location_ru": "западный море Мечей → острова Муншае → unnamed",
        "name_alt_ru_str": null,
        "geog_extent_centroid_md": "36° 18′ 08″ N 026° 12′ 01″ W",
        "geog_extent_centroid_fria": "36° 18′ 08″ N 079° 40′ 54″ W",
        "geog_extent_area_sq_km": null,
        "geog_extent_area_sq_miles": null,
        "geog_extent_length_km": null,
        "geog_extent_length_miles": null,
        "geog_extent_perimeter_km": null,
        "geog_extent_perimeter_miles": null,
        "geog_extent_bbox_md": null,
        "geog_extent_bbox_fria": null,
        "name_it": null,
        "name_abb_it": null,
        "label_it": null,
        "descr_it": null,
        "descr_html_it": null,
        "url_it": null,
        "location_it": "Mare delle Spade occidentale → Isole Moonshae → unnamed",
        "name_alt_it_str": null,
        "topical_tags": "",
        "related_location_tags": "",
        "related_cultures_tags": "",
        "related_factions_tags": ""
      },
      "geometry": {
        "type": "MultiPoint",
        "coordinates": [
          [
            -79.68186743665593,
            36.30238157779224
          ]
        ]
      }
    },
    {
      "type": "Feature",
      "properties": {
        "uuid": "0e344cc8-d8e4-4124-9169-6c48ce113cbb",
        "layer_id": "srf_civ_important_sites_pt",
        "timeframe": null,
        "feature_class": "Oasis",
        "feature_rank": 5,
        "is_visible": true,
        "is_labeled": true,
        "needs_review": false,
        "review_notes": "exclude from wiki link auto-ageneration",
        "img_url": null,
        "last_edited": "2026-07-13",
        "last_editor": "postgres",
        "name_en": "Oasis of the Desert Mosque",
        "name_ru": "Оазис Пустынной Мечети",
        "name_abb_en": null,
        "name_abb_ru": null,
        "label_en": "Oasis of the Desert Mosque",
        "label_ru": "Оазис Пустынной Мечети",
        "descr_en": null,
        "descr_ru": null,
        "descr_html_en": null,
        "descr_html_ru": null,
        "url_en": null,
        "url_ru": null,
        "source_name": "TSR FRIA 2e",
        "source_url": "https://www.profantasy.com/fratlas/fratlashome.htm",
        "dnd_editions_str": "2e, 3e, 5e",
        "feature_levels_str": null,
        "extra_str": null,
        "location_en": "western Zakhara → High Desert",
        "name_alt_en_str": null,
        "location_ru": "западный Захара → Высокая Пустыня",
        "name_alt_ru_str": null,
        "geog_extent_centroid_md": "10° 35′ 58″ S 019° 36′ 08″ E",
        "geog_extent_centroid_fria": "10° 35′ 58″ S 033° 52′ 45″ W",
        "geog_extent_area_sq_km": null,
        "geog_extent_area_sq_miles": null,
        "geog_extent_length_km": null,
        "geog_extent_length_miles": null,
        "geog_extent_perimeter_km": null,
        "geog_extent_perimeter_miles": null,
        "geog_extent_bbox_md": null,
        "geog_extent_bbox_fria": null,
        "name_it": "Oasi della Moschea del Deserto",
        "name_abb_it": null,
        "label_it": "Oasi della Moschea del Deserto",
        "descr_it": null,
        "descr_html_it": null,
        "url_it": null,
        "location_it": "Zakhara occidentale → Alto Deserto",
        "name_alt_it_str": null,
        "topical_tags": "",
        "related_location_tags": "",
        "related_cultures_tags": "",
        "related_factions_tags": ""
      },
      "geometry": {
        "type": "MultiPoint",
        "coordinates": [
          [
            -33.87917167429139,
            -10.599547352701457
          ]
        ]
      }
    },
    {
      "type": "Feature",
      "properties": {
        "uuid": "0fff6073-50c3-4836-8bff-3617974d6153",
        "layer_id": "srf_civ_important_sites_pt",
        "timeframe": null,
        "feature_class": "Ruins",
        "feature_rank": 5,
        "is_visible": true,
        "is_labeled": true,
        "needs_review": false,
        "review_notes": "exclude from wiki link auto-ageneration",
        "img_url": null,
        "last_edited": "2026-07-13",
        "last_editor": "postgres",
        "name_en": "Wreck Graveyard",
        "name_ru": "Кладбище Кораблекрушений",
        "name_abb_en": null,
        "name_abb_ru": null,
        "label_en": "Wreck Graveyard",
        "label_ru": "Кладбище Кораблекрушений",
        "descr_en": null,
        "descr_ru": null,
        "descr_html_en": null,
        "descr_html_ru": null,
        "url_en": null,
        "url_ru": null,
        "source_name": "TSR FRIA 2e",
        "source_url": "https://www.profantasy.com/fratlas/fratlashome.htm",
        "dnd_editions_str": "2e, 3e, 5e",
        "feature_levels_str": null,
        "extra_str": null,
        "location_en": "central Faerûn → Moonsea",
        "name_alt_en_str": null,
        "location_ru": "центральный Фаэрун → Лунное Море",
        "name_alt_ru_str": null,
        "geog_extent_centroid_md": "42° 54′ 58″ N 000° 28′ 54″ E",
        "geog_extent_centroid_fria": "42° 54′ 58″ N 052° 59′ 58″ W",
        "geog_extent_area_sq_km": null,
        "geog_extent_area_sq_miles": null,
        "geog_extent_length_km": null,
        "geog_extent_length_miles": null,
        "geog_extent_perimeter_km": null,
        "geog_extent_perimeter_miles": null,
        "geog_extent_bbox_md": null,
        "geog_extent_bbox_fria": null,
        "name_it": "Cimitero dei Relitti",
        "name_abb_it": null,
        "label_it": "Cimitero dei Relitti",
        "descr_it": null,
        "descr_html_it": null,
        "url_it": null,
        "location_it": "Faerûn centrale → Mare della Luna",
        "name_alt_it_str": null,
        "topical_tags": "",
        "related_location_tags": "",
        "related_cultures_tags": "",
        "related_factions_tags": ""
      },
      "geometry": {
        "type": "MultiPoint",
        "coordinates": [
          [
            -52.99962430797712,
            42.91628691001744
          ]
        ]
      }
    },
    {
      "type": "Feature",
      "properties": {
        "uuid": "940580d7-cbde-4190-be41-21c6cfff9a3f",
        "layer_id": "srf_civ_important_sites_pt",
        "timeframe": null,
        "feature_class": "Ruins",
        "feature_rank": 5,
        "is_visible": true,
        "is_labeled": true,
        "needs_review": false,
        "review_notes": "exclude from wiki link auto-ageneration",
        "img_url": null,
        "last_edited": "2026-07-13",
        "last_editor": "postgres",
        "name_en": "Kagang Su",
        "name_ru": "Каганг Су",
        "name_abb_en": null,
        "name_abb_ru": null,
        "label_en": "Kagang Su",
        "label_ru": "Каганг Су",
        "descr_en": null,
        "descr_ru": null,
        "descr_html_en": null,
        "descr_html_ru": null,
        "url_en": null,
        "url_ru": null,
        "source_name": "TSR FRIA 2e",
        "source_url": "https://www.profantasy.com/fratlas/fratlashome.htm",
        "dnd_editions_str": "2e, 3e, 5e",
        "feature_levels_str": null,
        "extra_str": null,
        "location_en": "southern Kara-Tur → T'u Lung → unnamed",
        "name_alt_en_str": null,
        "location_ru": "южный Кара-Тур → Ту Лунг → unnamed",
        "name_alt_ru_str": null,
        "geog_extent_centroid_md": "10° 37′ 47″ N 083° 44′ 38″ E",
        "geog_extent_centroid_fria": "10° 37′ 47″ N 030° 15′ 45″ E",
        "geog_extent_area_sq_km": null,
        "geog_extent_area_sq_miles": null,
        "geog_extent_length_km": null,
        "geog_extent_length_miles": null,
        "geog_extent_perimeter_km": null,
        "geog_extent_perimeter_miles": null,
        "geog_extent_bbox_md": null,
        "geog_extent_bbox_fria": null,
        "name_it": "Kagang Su",
        "name_abb_it": null,
        "label_it": "Kagang Su",
        "descr_it": null,
        "descr_html_it": null,
        "url_it": null,
        "location_it": "Kara-Tur meridionale → T'u Lung → unnamed",
        "name_alt_it_str": null,
        "topical_tags": "",
        "related_location_tags": "",
        "related_cultures_tags": "",
        "related_factions_tags": ""
      },
      "geometry": {
        "type": "MultiPoint",
        "coordinates": [
          [
            30.262649474260268,
            10.629948407141802
          ]
        ]
      }
    },
    {
      "type": "Feature",
      "properties": {
        "uuid": "96732c28-4b99-46db-8f49-02415e3ebf0c",
        "layer_id": "srf_civ_important_sites_pt",
        "timeframe": null,
        "feature_class": "Ruins",
        "feature_rank": 5,
        "is_visible": true,
        "is_labeled": true,
        "needs_review": false,
        "review_notes": "exclude from wiki link auto-ageneration",
        "img_url": null,
        "last_edited": "2026-07-13",
        "last_editor": "postgres",
        "name_en": "Port Mir",
        "name_ru": "Порт Мир",
        "name_abb_en": null,
        "name_abb_ru": null,
        "label_en": "Port Mir",
        "label_ru": "Порт Мир",
        "descr_en": null,
        "descr_ru": null,
        "descr_html_en": null,
        "descr_html_ru": null,
        "url_en": null,
        "url_ru": null,
        "source_name": "TSR FRIA 2e",
        "source_url": "https://www.profantasy.com/fratlas/fratlashome.htm",
        "dnd_editions_str": "2e, 3e, 5e",
        "feature_levels_str": null,
        "extra_str": null,
        "location_en": "central Faerûn → Anauroch",
        "name_alt_en_str": null,
        "location_ru": "центральный Фаэрун → Anauroch",
        "name_alt_ru_str": null,
        "geog_extent_centroid_md": "40° 45′ 58″ N 005° 14′ 40″ W",
        "geog_extent_centroid_fria": "40° 45′ 58″ N 058° 43′ 33″ W",
        "geog_extent_area_sq_km": null,
        "geog_extent_area_sq_miles": null,
        "geog_extent_length_km": null,
        "geog_extent_length_miles": null,
        "geog_extent_perimeter_km": null,
        "geog_extent_perimeter_miles": null,
        "geog_extent_bbox_md": null,
        "geog_extent_bbox_fria": null,
        "name_it": "Porto Mir",
        "name_abb_it": null,
        "label_it": "Porto Mir",
        "descr_it": null,
        "descr_html_it": null,
        "url_it": null,
        "location_it": "Faerûn centrale → Anauroch",
        "name_alt_it_str": null,
        "topical_tags": "",
        "related_location_tags": "",
        "related_cultures_tags": "",
        "related_factions_tags": ""
      },
      "geometry": {
        "type": "MultiPoint",
        "coordinates": [
          [
            -58.72599093180901,
            40.76620975040101
          ]
        ]
      }
    },
    {
      "type": "Feature",
      "properties": {
        "uuid": "06d0baae-6088-467d-8805-eb98606033b4",
        "layer_id": "srf_civ_important_sites_pt",
        "timeframe": null,
        "feature_class": "Fortification",
        "feature_rank": 5,
        "is_visible": true,
        "is_labeled": true,
        "needs_review": false,
        "review_notes": null,
        "img_url": null,
        "last_edited": "2026-07-13",
        "last_editor": "postgres",
        "name_en": "unnamed",
        "name_ru": null,
        "name_abb_en": null,
        "name_abb_ru": null,
        "label_en": null,
        "label_ru": null,
        "descr_en": null,
        "descr_ru": null,
        "descr_html_en": null,
        "descr_html_ru": null,
        "url_en": null,
        "url_ru": null,
        "source_name": "TSR FRIA 2e",
        "source_url": "https://www.profantasy.com/fratlas/fratlashome.htm",
        "dnd_editions_str": "2e, 3e, 5e",
        "feature_levels_str": null,
        "extra_str": null,
        "location_en": "central Zakhara → unnamed",
        "name_alt_en_str": null,
        "location_ru": "центральный Захара → unnamed",
        "name_alt_ru_str": null,
        "geog_extent_centroid_md": "11° 20′ 45″ S 026° 49′ 53″ E",
        "geog_extent_centroid_fria": "11° 20′ 45″ S 026° 39′ 00″ W",
        "geog_extent_area_sq_km": null,
        "geog_extent_area_sq_miles": null,
        "geog_extent_length_km": null,
        "geog_extent_length_miles": null,
        "geog_extent_perimeter_km": null,
        "geog_extent_perimeter_miles": null,
        "geog_extent_bbox_md": null,
        "geog_extent_bbox_fria": null,
        "name_it": null,
        "name_abb_it": null,
        "label_it": null,
        "descr_it": null,
        "descr_html_it": null,
        "url_it": null,
        "location_it": "Zakhara centrale → unnamed",
        "name_alt_it_str": null,
        "topical_tags": "",
        "related_location_tags": "",
        "related_cultures_tags": "",
        "related_factions_tags": ""
      },
      "geometry": {
        "type": "MultiPoint",
        "coordinates": [
          [
            -26.650105123096193,
            -11.345889902494442
          ]
        ]
      }
    },
    {
      "type": "Feature",
      "properties": {
        "uuid": "1786f019-ab42-4fb1-9c7b-f2795a20ec1e",
        "layer_id": "srf_civ_important_sites_pt",
        "timeframe": null,
        "feature_class": "Fortification",
        "feature_rank": 5,
        "is_visible": true,
        "is_labeled": true,
        "needs_review": false,
        "review_notes": null,
        "img_url": null,
        "last_edited": "2026-07-13",
        "last_editor": "postgres",
        "name_en": "unnamed",
        "name_ru": null,
        "name_abb_en": null,
        "name_abb_ru": null,
        "label_en": null,
        "label_ru": null,
        "descr_en": null,
        "descr_ru": null,
        "descr_html_en": null,
        "descr_html_ru": null,
        "url_en": null,
        "url_ru": null,
        "source_name": "TSR FRIA 2e",
        "source_url": "https://www.profantasy.com/fratlas/fratlashome.htm",
        "dnd_editions_str": "2e, 3e, 5e",
        "feature_levels_str": null,
        "extra_str": null,
        "location_en": "south-western Zakhara → unnamed",
        "name_alt_en_str": null,
        "location_ru": "юго-западный Захара → unnamed",
        "name_alt_ru_str": null,
        "geog_extent_centroid_md": "16° 24′ 13″ S 022° 42′ 22″ E",
        "geog_extent_centroid_fria": "16° 24′ 13″ S 030° 46′ 30″ W",
        "geog_extent_area_sq_km": null,
        "geog_extent_area_sq_miles": null,
        "geog_extent_length_km": null,
        "geog_extent_length_miles": null,
        "geog_extent_perimeter_km": null,
        "geog_extent_perimeter_miles": null,
        "geog_extent_bbox_md": null,
        "geog_extent_bbox_fria": null,
        "name_it": null,
        "name_abb_it": null,
        "label_it": null,
        "descr_it": null,
        "descr_html_it": null,
        "url_it": null,
        "location_it": "Zakhara sud-occidentale → unnamed",
        "name_alt_it_str": null,
        "topical_tags": "",
        "related_location_tags": "",
        "related_cultures_tags": "",
        "related_factions_tags": ""
      },
      "geometry": {
        "type": "MultiPoint",
        "coordinates": [
          [
            -30.77526814627916,
            -16.40370196840031
          ]
        ]
      }
    },
    {
      "type": "Feature",
      "properties": {
        "uuid": "1818b322-1460-4f75-aed6-df27e9d2bbb3",
        "layer_id": "srf_civ_important_sites_pt",
        "timeframe": null,
        "feature_class": "Temple",
        "feature_rank": 5,
        "is_visible": true,
        "is_labeled": true,
        "needs_review": false,
        "review_notes": null,
        "img_url": null,
        "last_edited": "2026-07-14",
        "last_editor": "postgres",
        "name_en": "Mucklestones",
        "name_ru": "Маклстоунс",
        "name_abb_en": null,
        "name_abb_ru": null,
        "label_en": "Mucklestones",
        "label_ru": "Маклстоунс",
        "descr_en": "A ring of standing stones in the northeastern Forest of Lethyr, surrounding a cleared circular bowl. The stones bear nature runes and are covered in slime and fungi. The arrangement occasionally shifts, and the stones serve as magical portals to various locations in Faerûn.",
        "descr_ru": "Кольцо стоячих камней в северо-восточной части Леса Летир, окружающее расчищенную круглую чашу. Камни несут руны природы и покрыты слизью и грибками. Расположение иногда меняется, и камни служат магическими порталами в различные места Фаэруна.",
        "descr_html_en": null,
        "descr_html_ru": null,
        "url_en": "https://forgottenrealms.fandom.com/wiki/Mucklestones",
        "url_ru": null,
        "source_name": "TSR FRIA 2e",
        "source_url": "https://www.profantasy.com/fratlas/fratlashome.htm",
        "dnd_editions_str": "2e, 3e, 5e",
        "feature_levels_str": null,
        "extra_str": "topical_tags: [\"standingstones\", \"portal\", \"druid\", \"magical\", \"forest\", \"runes\"] | related_cultures_tags: [\"volodni\"] | related_location_tags: [\"Forest of Lethyr\", \"The Great Dale\", \"Sunglade\", \"Yuirwood\", \"Celestial Nadir\"]",
        "location_en": "central Faerûn → Great Dale → Forest of Lethyr",
        "name_alt_en_str": null,
        "location_ru": "центральный Фаэрун → Великая Долина → Лес Летира",
        "name_alt_ru_str": null,
        "geog_extent_centroid_md": "40° 28′ 36″ N 013° 40′ 55″ E",
        "geog_extent_centroid_fria": "40° 28′ 36″ N 039° 47′ 58″ W",
        "geog_extent_area_sq_km": null,
        "geog_extent_area_sq_miles": null,
        "geog_extent_length_km": null,
        "geog_extent_length_miles": null,
        "geog_extent_perimeter_km": null,
        "geog_extent_perimeter_miles": null,
        "geog_extent_bbox_md": null,
        "geog_extent_bbox_fria": null,
        "name_it": "Mucklestones",
        "name_abb_it": null,
        "label_it": "Mucklestones",
        "descr_it": "Un cerchio di pietre erette nella Foresta di Lethyr nord-orientale, che circonda una conca circolare spianata. Le pietre recano rune della natura e sono coperte di melma e funghi. La disposizione occasionalmente si sposta, e le pietre fungono da portali magici verso varie località di Faerûn.",
        "descr_html_it": null,
        "url_it": null,
        "location_it": "Faerûn centrale → Grande Valle → Foresta di Lethyr",
        "name_alt_it_str": null,
        "topical_tags": "standingstones, portal, druid, magical, forest, runes",
        "related_location_tags": "Forest of Lethyr, The Great Dale, Sunglade, Yuirwood, Celestial Nadir",
        "related_cultures_tags": "volodni",
        "related_factions_tags": ""
      },
      "geometry": {
        "type": "MultiPoint",
        "coordinates": [
          [
            -39.799469552810294,
            40.476871770120106
          ]
        ]
      }
    },
    {
      "type": "Feature",
      "properties": {
        "uuid": "08c30b9f-438e-48a2-bcb6-a72f42d857ac",
        "layer_id": "srf_civ_important_sites_pt",
        "timeframe": null,
        "feature_class": "Fortification",
        "feature_rank": 5,
        "is_visible": true,
        "is_labeled": true,
        "needs_review": false,
        "review_notes": null,
        "img_url": null,
        "last_edited": "2026-07-13",
        "last_editor": "postgres",
        "name_en": "unnamed",
        "name_ru": null,
        "name_abb_en": null,
        "name_abb_ru": null,
        "label_en": null,
        "label_ru": null,
        "descr_en": null,
        "descr_ru": null,
        "descr_html_en": null,
        "descr_html_ru": null,
        "url_en": null,
        "url_ru": null,
        "source_name": "TSR FRIA 2e",
        "source_url": "https://www.profantasy.com/fratlas/fratlashome.htm",
        "dnd_editions_str": "2e, 3e, 5e",
        "feature_levels_str": null,
        "extra_str": null,
        "location_en": "north-western Kara-Tur → unnamed",
        "name_alt_en_str": null,
        "location_ru": "северо-западный Кара-Тур → unnamed",
        "name_alt_ru_str": null,
        "geog_extent_centroid_md": "46° 36′ 36″ N 067° 28′ 12″ E",
        "geog_extent_centroid_fria": "46° 36′ 36″ N 013° 59′ 18″ E",
        "geog_extent_area_sq_km": null,
        "geog_extent_area_sq_miles": null,
        "geog_extent_length_km": null,
        "geog_extent_length_miles": null,
        "geog_extent_perimeter_km": null,
        "geog_extent_perimeter_miles": null,
        "geog_extent_bbox_md": null,
        "geog_extent_bbox_fria": null,
        "name_it": null,
        "name_abb_it": null,
        "label_it": null,
        "descr_it": null,
        "descr_html_it": null,
        "url_it": null,
        "location_it": "Kara-Tur nord-occidentale → unnamed",
        "name_alt_it_str": null,
        "topical_tags": "",
        "related_location_tags": "",
        "related_cultures_tags": "",
        "related_factions_tags": ""
      },
      "geometry": {
        "type": "MultiPoint",
        "coordinates": [
          [
            13.988512250881714,
            46.610008858862635
          ]
        ]
      }
    },
    {
      "type": "Feature",
      "properties": {
        "uuid": "0ba1f627-c9e0-411c-aacd-85f2b10c9eda",
        "layer_id": "srf_civ_important_sites_pt",
        "timeframe": null,
        "feature_class": "Ruins",
        "feature_rank": 5,
        "is_visible": true,
        "is_labeled": true,
        "needs_review": false,
        "review_notes": "exclude from wiki link auto-ageneration",
        "img_url": null,
        "last_edited": "2026-07-13",
        "last_editor": "postgres",
        "name_en": "Shou Yang",
        "name_ru": "Шоу Ян",
        "name_abb_en": null,
        "name_abb_ru": null,
        "label_en": "Shou Yang",
        "label_ru": "Шоу Ян",
        "descr_en": null,
        "descr_ru": null,
        "descr_html_en": null,
        "descr_html_ru": null,
        "url_en": null,
        "url_ru": null,
        "source_name": "TSR FRIA 2e",
        "source_url": "https://www.profantasy.com/fratlas/fratlashome.htm",
        "dnd_editions_str": "2e, 3e, 5e",
        "feature_levels_str": null,
        "extra_str": null,
        "location_en": "central Kara-Tur → Hai Yuan Province → unnamed",
        "name_alt_en_str": null,
        "location_ru": "центральный Кара-Тур → Провинция Хай Юань → unnamed",
        "name_alt_ru_str": null,
        "geog_extent_centroid_md": "19° 31′ 39″ N 077° 09′ 42″ E",
        "geog_extent_centroid_fria": "19° 31′ 39″ N 023° 40′ 49″ E",
        "geog_extent_area_sq_km": null,
        "geog_extent_area_sq_miles": null,
        "geog_extent_length_km": null,
        "geog_extent_length_miles": null,
        "geog_extent_perimeter_km": null,
        "geog_extent_perimeter_miles": null,
        "geog_extent_bbox_md": null,
        "geog_extent_bbox_fria": null,
        "name_it": "Shou Yang",
        "name_abb_it": null,
        "label_it": "Shou Yang",
        "descr_it": null,
        "descr_html_it": null,
        "url_it": null,
        "location_it": "Kara-Tur centrale → Provincia di Hai Yuan → unnamed",
        "name_alt_it_str": null,
        "topical_tags": "",
        "related_location_tags": "",
        "related_cultures_tags": "",
        "related_factions_tags": ""
      },
      "geometry": {
        "type": "MultiPoint",
        "coordinates": [
          [
            23.680327778441473,
            19.52758765835545
          ]
        ]
      }
    },
    {
      "type": "Feature",
      "properties": {
        "uuid": "0beb6382-5bf7-4ee6-91a3-5889527b0705",
        "layer_id": "srf_civ_important_sites_pt",
        "timeframe": null,
        "feature_class": "Other",
        "feature_rank": 5,
        "is_visible": true,
        "is_labeled": true,
        "needs_review": false,
        "review_notes": null,
        "img_url": null,
        "last_edited": "2026-07-13",
        "last_editor": "postgres",
        "name_en": "unnamed",
        "name_ru": null,
        "name_abb_en": null,
        "name_abb_ru": null,
        "label_en": null,
        "label_ru": null,
        "descr_en": null,
        "descr_ru": null,
        "descr_html_en": null,
        "descr_html_ru": null,
        "url_en": null,
        "url_ru": null,
        "source_name": "TSR FRIA 2e",
        "source_url": "https://www.profantasy.com/fratlas/fratlashome.htm",
        "dnd_editions_str": "2e, 3e, 5e",
        "feature_levels_str": null,
        "extra_str": null,
        "location_en": "western Kara-Tur → Hungste Province → unnamed",
        "name_alt_en_str": null,
        "location_ru": "западный Кара-Тур → Провинция Хунгсте → unnamed",
        "name_alt_ru_str": null,
        "geog_extent_centroid_md": "21° 47′ 36″ N 068° 57′ 56″ E",
        "geog_extent_centroid_fria": "21° 47′ 36″ N 015° 29′ 03″ E",
        "geog_extent_area_sq_km": null,
        "geog_extent_area_sq_miles": null,
        "geog_extent_length_km": null,
        "geog_extent_length_miles": null,
        "geog_extent_perimeter_km": null,
        "geog_extent_perimeter_miles": null,
        "geog_extent_bbox_md": null,
        "geog_extent_bbox_fria": null,
        "name_it": null,
        "name_abb_it": null,
        "label_it": null,
        "descr_it": null,
        "descr_html_it": null,
        "url_it": null,
        "location_it": "Kara-Tur occidentale → Provincia di Hungste → unnamed",
        "name_alt_it_str": null,
        "topical_tags": "",
        "related_location_tags": "",
        "related_cultures_tags": "",
        "related_factions_tags": ""
      },
      "geometry": {
        "type": "MultiPoint",
        "coordinates": [
          [
            15.484213477529458,
            21.793339468665906
          ]
        ]
      }
    },
    {
      "type": "Feature",
      "properties": {
        "uuid": "0c024059-c47b-4e27-a52b-0431d74cfc36",
        "layer_id": "srf_civ_important_sites_pt",
        "timeframe": null,
        "feature_class": "Fortification",
        "feature_rank": 5,
        "is_visible": true,
        "is_labeled": true,
        "needs_review": false,
        "review_notes": null,
        "img_url": null,
        "last_edited": "2026-07-14",
        "last_editor": "postgres",
        "name_en": "Tower Threespires",
        "name_ru": "Башня Три Шпиля",
        "name_abb_en": null,
        "name_abb_ru": null,
        "label_en": "Tower Threespires",
        "label_ru": "Башня Три Шпиля",
        "descr_en": "A ruined wizard's tower in the Dunwood, consisting of three stone spires bound together by vines. It contains a portal to Clymph Tower and is guarded by druids who maintain a seal against demons.",
        "descr_ru": "Разрушенная башня волшебника в Данвуде, состоящая из трёх каменных шпилей, связанных вместе лианами. Содержит портал в Башню Климф и охраняется друидами, поддерживающими печать против демонов.",
        "descr_html_en": null,
        "descr_html_ru": null,
        "url_en": "https://forgottenrealms.fandom.com/wiki/Tower_Threespires",
        "url_ru": null,
        "source_name": "TSR FRIA 2e",
        "source_url": "https://www.profantasy.com/fratlas/fratlashome.htm",
        "dnd_editions_str": "2e, 3e, 5e",
        "feature_levels_str": null,
        "extra_str": "topical_tags: [\"ruined\", \"tower\", \"portal\", \"druids\", \"guardians\", \"forest\", \"stone\", \"vines\"] | related_cultures_tags: [\"Nar\"] | related_factions_tags: [\"Circle of Leth\", \"Nentyarch\"] | related_location_tags: [\"Dunwood\", \"Great Dale\", \"northeast Faerûn\", \"Clymph Tower\"]",
        "location_en": "central Faerûn → Great Dale",
        "name_alt_en_str": null,
        "location_ru": "центральный Фаэрун → Великая Долина",
        "name_alt_ru_str": null,
        "geog_extent_centroid_md": "41° 20′ 51″ N 014° 25′ 32″ E",
        "geog_extent_centroid_fria": "41° 20′ 51″ N 039° 03′ 21″ W",
        "geog_extent_area_sq_km": null,
        "geog_extent_area_sq_miles": null,
        "geog_extent_length_km": null,
        "geog_extent_length_miles": null,
        "geog_extent_perimeter_km": null,
        "geog_extent_perimeter_miles": null,
        "geog_extent_bbox_md": null,
        "geog_extent_bbox_fria": null,
        "name_it": "Torre delle Tre Guglie",
        "name_abb_it": null,
        "label_it": "Torre delle Tre Guglie",
        "descr_it": "Una torre di mago in rovina nella Dunwood, composta da tre guglie di pietra legate insieme da viti. Contiene un portale per la Clymph Tower ed è custodita da druidi che mantengono un sigillo contro i demoni.",
        "descr_html_it": null,
        "url_it": null,
        "location_it": "Faerûn centrale → Grande Valle",
        "name_alt_it_str": null,
        "topical_tags": "ruined, tower, portal, druids, guardians, forest, stone, vines",
        "related_location_tags": "Dunwood, Great Dale, northeast Faerûn, Clymph Tower",
        "related_cultures_tags": "Nar",
        "related_factions_tags": "Circle of Leth, Nentyarch"
      },
      "geometry": {
        "type": "MultiPoint",
        "coordinates": [
          [
            -39.05593435332865,
            41.34755050060517
          ]
        ]
      }
    },
    {
      "type": "Feature",
      "properties": {
        "uuid": "1c5d8e08-d70c-43f4-8da2-affc991d21d4",
        "layer_id": "srf_civ_important_sites_pt",
        "timeframe": null,
        "feature_class": "Oasis",
        "feature_rank": 5,
        "is_visible": true,
        "is_labeled": true,
        "needs_review": false,
        "review_notes": "exclude from wiki link auto-ageneration",
        "img_url": null,
        "last_edited": "2026-07-13",
        "last_editor": "postgres",
        "name_en": "Ni-Ko Oasis",
        "name_ru": "Оазис Ни-Ко",
        "name_abb_en": null,
        "name_abb_ru": null,
        "label_en": "Ni-Ko Oasis",
        "label_ru": "Оазис Ни-Ко",
        "descr_en": null,
        "descr_ru": null,
        "descr_html_en": null,
        "descr_html_ru": null,
        "url_en": null,
        "url_ru": null,
        "source_name": "TSR FRIA 2e",
        "source_url": "https://www.profantasy.com/fratlas/fratlashome.htm",
        "dnd_editions_str": "2e, 3e, 5e",
        "feature_levels_str": null,
        "extra_str": null,
        "location_en": "western Kara-Tur → unnamed",
        "name_alt_en_str": null,
        "location_ru": "западный Кара-Тур → unnamed",
        "name_alt_ru_str": null,
        "geog_extent_centroid_md": "40° 31′ 38″ N 034° 20′ 53″ E",
        "geog_extent_centroid_fria": "40° 31′ 38″ N 019° 07′ 59″ W",
        "geog_extent_area_sq_km": null,
        "geog_extent_area_sq_miles": null,
        "geog_extent_length_km": null,
        "geog_extent_length_miles": null,
        "geog_extent_perimeter_km": null,
        "geog_extent_perimeter_miles": null,
        "geog_extent_bbox_md": null,
        "geog_extent_bbox_fria": null,
        "name_it": "Oasi di Ni-Ko",
        "name_abb_it": null,
        "label_it": "Oasi di Ni-Ko",
        "descr_it": null,
        "descr_html_it": null,
        "url_it": null,
        "location_it": "Kara-Tur occidentale → unnamed",
        "name_alt_it_str": null,
        "topical_tags": "",
        "related_location_tags": "",
        "related_cultures_tags": "",
        "related_factions_tags": ""
      },
      "geometry": {
        "type": "MultiPoint",
        "coordinates": [
          [
            -19.133295478978695,
            40.52733213724547
          ]
        ]
      }
    },
    {
      "type": "Feature",
      "properties": {
        "uuid": "0de2d56f-6076-4eac-a76b-ec8a1151f0ff",
        "layer_id": "srf_civ_important_sites_pt",
        "timeframe": null,
        "feature_class": "Fortification",
        "feature_rank": 5,
        "is_visible": true,
        "is_labeled": true,
        "needs_review": false,
        "review_notes": null,
        "img_url": null,
        "last_edited": "2026-07-13",
        "last_editor": "postgres",
        "name_en": "unnamed",
        "name_ru": null,
        "name_abb_en": null,
        "name_abb_ru": null,
        "label_en": null,
        "label_ru": null,
        "descr_en": null,
        "descr_ru": null,
        "descr_html_en": null,
        "descr_html_ru": null,
        "url_en": null,
        "url_ru": null,
        "source_name": "TSR FRIA 2e",
        "source_url": "https://www.profantasy.com/fratlas/fratlashome.htm",
        "dnd_editions_str": "2e, 3e, 5e",
        "feature_levels_str": null,
        "extra_str": null,
        "location_en": "central Zakhara → unnamed",
        "name_alt_en_str": null,
        "location_ru": "центральный Захара → unnamed",
        "name_alt_ru_str": null,
        "geog_extent_centroid_md": "09° 51′ 37″ S 023° 59′ 19″ E",
        "geog_extent_centroid_fria": "09° 51′ 37″ S 029° 29′ 34″ W",
        "geog_extent_area_sq_km": null,
        "geog_extent_area_sq_miles": null,
        "geog_extent_length_km": null,
        "geog_extent_length_miles": null,
        "geog_extent_perimeter_km": null,
        "geog_extent_perimeter_miles": null,
        "geog_extent_bbox_md": null,
        "geog_extent_bbox_fria": null,
        "name_it": null,
        "name_abb_it": null,
        "label_it": null,
        "descr_it": null,
        "descr_html_it": null,
        "url_it": null,
        "location_it": "Zakhara centrale → unnamed",
        "name_alt_it_str": null,
        "topical_tags": "",
        "related_location_tags": "",
        "related_cultures_tags": "",
        "related_factions_tags": ""
      },
      "geometry": {
        "type": "MultiPoint",
        "coordinates": [
          [
            -29.492810057141465,
            -9.860532143207354
          ]
        ]
      }
    },
    {
      "type": "Feature",
      "properties": {
        "uuid": "0e6131d9-3917-40a2-90dd-df5c1de50af2",
        "layer_id": "srf_civ_important_sites_pt",
        "timeframe": null,
        "feature_class": "Battlefield",
        "feature_rank": 5,
        "is_visible": true,
        "is_labeled": true,
        "needs_review": false,
        "review_notes": null,
        "img_url": null,
        "last_edited": "2026-07-13",
        "last_editor": "postgres",
        "name_en": "unnamed",
        "name_ru": null,
        "name_abb_en": null,
        "name_abb_ru": null,
        "label_en": null,
        "label_ru": null,
        "descr_en": null,
        "descr_ru": null,
        "descr_html_en": null,
        "descr_html_ru": null,
        "url_en": null,
        "url_ru": null,
        "source_name": "TSR FRIA 2e",
        "source_url": "https://www.profantasy.com/fratlas/fratlashome.htm",
        "dnd_editions_str": "2e, 3e, 5e",
        "feature_levels_str": null,
        "extra_str": null,
        "location_en": "south-western Zakhara → unnamed",
        "name_alt_en_str": null,
        "location_ru": "юго-западный Захара → unnamed",
        "name_alt_ru_str": null,
        "geog_extent_centroid_md": "15° 36′ 21″ S 022° 11′ 15″ E",
        "geog_extent_centroid_fria": "15° 36′ 21″ S 031° 17′ 37″ W",
        "geog_extent_area_sq_km": null,
        "geog_extent_area_sq_miles": null,
        "geog_extent_length_km": null,
        "geog_extent_length_miles": null,
        "geog_extent_perimeter_km": null,
        "geog_extent_perimeter_miles": null,
        "geog_extent_bbox_md": null,
        "geog_extent_bbox_fria": null,
        "name_it": null,
        "name_abb_it": null,
        "label_it": null,
        "descr_it": null,
        "descr_html_it": null,
        "url_it": null,
        "location_it": "Zakhara sud-occidentale → unnamed",
        "name_alt_it_str": null,
        "topical_tags": "",
        "related_location_tags": "",
        "related_cultures_tags": "",
        "related_factions_tags": ""
      },
      "geometry": {
        "type": "MultiPoint",
        "coordinates": [
          [
            -31.293807157049635,
            -15.605920523335193
          ]
        ]
      }
    },
    {
      "type": "Feature",
      "properties": {
        "uuid": "1e8b8223-fde0-4f54-a7ba-259b95139683",
        "layer_id": "srf_civ_important_sites_pt",
        "timeframe": null,
        "feature_class": "Other",
        "feature_rank": 5,
        "is_visible": true,
        "is_labeled": true,
        "needs_review": false,
        "review_notes": "exclude from wiki link auto-ageneration",
        "img_url": null,
        "last_edited": "2026-07-13",
        "last_editor": "postgres",
        "name_en": "T'hai Salt Flats",
        "name_ru": "Соляные Равнины Т'хай",
        "name_abb_en": null,
        "name_abb_ru": null,
        "label_en": "T'hai Salt Flats",
        "label_ru": "Соляные Равнины Т'хай",
        "descr_en": null,
        "descr_ru": null,
        "descr_html_en": null,
        "descr_html_ru": null,
        "url_en": null,
        "url_ru": null,
        "source_name": "TSR FRIA 2e",
        "source_url": "https://www.profantasy.com/fratlas/fratlashome.htm",
        "dnd_editions_str": "2e, 3e, 5e",
        "feature_levels_str": null,
        "extra_str": null,
        "location_en": "southern Kara-Tur → T'u Lung",
        "name_alt_en_str": null,
        "location_ru": "южный Кара-Тур → Ту Лунг",
        "name_alt_ru_str": null,
        "geog_extent_centroid_md": "12° 03′ 52″ N 076° 34′ 12″ E",
        "geog_extent_centroid_fria": "12° 03′ 52″ N 023° 05′ 19″ E",
        "geog_extent_area_sq_km": null,
        "geog_extent_area_sq_miles": null,
        "geog_extent_length_km": null,
        "geog_extent_length_miles": null,
        "geog_extent_perimeter_km": null,
        "geog_extent_perimeter_miles": null,
        "geog_extent_bbox_md": null,
        "geog_extent_bbox_fria": null,
        "name_it": "Pianure Salate di T'hai",
        "name_abb_it": null,
        "label_it": "Pianure Salate di T'hai",
        "descr_it": null,
        "descr_html_it": null,
        "url_it": null,
        "location_it": "Kara-Tur meridionale → T'u Lung",
        "name_alt_it_str": null,
        "topical_tags": "",
        "related_location_tags": "",
        "related_cultures_tags": "",
        "related_factions_tags": ""
      },
      "geometry": {
        "type": "MultiPoint",
        "coordinates": [
          [
            23.088709146530288,
            12.06447171122005
          ]
        ]
      }
    },
    {
      "type": "Feature",
      "properties": {
        "uuid": "135e5aa5-6175-4dc8-9794-3e616ab671fa",
        "layer_id": "srf_civ_important_sites_pt",
        "timeframe": null,
        "feature_class": "Ruins",
        "feature_rank": 5,
        "is_visible": true,
        "is_labeled": true,
        "needs_review": false,
        "review_notes": "exclude from wiki link auto-ageneration",
        "img_url": null,
        "last_edited": "2026-07-13",
        "last_editor": "postgres",
        "name_en": "Lone Tower",
        "name_ru": "Одинокая Башня",
        "name_abb_en": null,
        "name_abb_ru": null,
        "label_en": "Lone Tower",
        "label_ru": "Одинокая Башня",
        "descr_en": null,
        "descr_ru": null,
        "descr_html_en": null,
        "descr_html_ru": null,
        "url_en": null,
        "url_ru": null,
        "source_name": "TSR FRIA 2e",
        "source_url": "https://www.profantasy.com/fratlas/fratlashome.htm",
        "dnd_editions_str": "2e, 3e, 5e",
        "feature_levels_str": null,
        "extra_str": null,
        "location_en": "central Faerûn → Moonsea",
        "name_alt_en_str": null,
        "location_ru": "центральный Фаэрун → Лунное Море",
        "name_alt_ru_str": null,
        "geog_extent_centroid_md": "43° 21′ 14″ N 000° 02′ 37″ E",
        "geog_extent_centroid_fria": "43° 21′ 14″ N 053° 26′ 16″ W",
        "geog_extent_area_sq_km": null,
        "geog_extent_area_sq_miles": null,
        "geog_extent_length_km": null,
        "geog_extent_length_miles": null,
        "geog_extent_perimeter_km": null,
        "geog_extent_perimeter_miles": null,
        "geog_extent_bbox_md": null,
        "geog_extent_bbox_fria": null,
        "name_it": "Torre Solitaria",
        "name_abb_it": null,
        "label_it": "Torre Solitaria",
        "descr_it": null,
        "descr_html_it": null,
        "url_it": null,
        "location_it": "Faerûn centrale → Mare della Luna",
        "name_alt_it_str": null,
        "topical_tags": "",
        "related_location_tags": "",
        "related_cultures_tags": "",
        "related_factions_tags": ""
      },
      "geometry": {
        "type": "MultiPoint",
        "coordinates": [
          [
            -53.43784107427666,
            43.35409117086516
          ]
        ]
      }
    },
    {
      "type": "Feature",
      "properties": {
        "uuid": "20b6fc5a-1454-4a1e-b1b8-757977488461",
        "layer_id": "srf_civ_important_sites_pt",
        "timeframe": null,
        "feature_class": "Fortification",
        "feature_rank": 5,
        "is_visible": true,
        "is_labeled": true,
        "needs_review": false,
        "review_notes": null,
        "img_url": null,
        "last_edited": "2026-07-13",
        "last_editor": "postgres",
        "name_en": "unnamed",
        "name_ru": null,
        "name_abb_en": null,
        "name_abb_ru": null,
        "label_en": null,
        "label_ru": null,
        "descr_en": null,
        "descr_ru": null,
        "descr_html_en": null,
        "descr_html_ru": null,
        "url_en": null,
        "url_ru": null,
        "source_name": "TSR FRIA 2e",
        "source_url": "https://www.profantasy.com/fratlas/fratlashome.htm",
        "dnd_editions_str": "2e, 3e, 5e",
        "feature_levels_str": null,
        "extra_str": null,
        "location_en": "south-western Zakhara → unnamed",
        "name_alt_en_str": null,
        "location_ru": "юго-западный Захара → unnamed",
        "name_alt_ru_str": null,
        "geog_extent_centroid_md": "17° 02′ 47″ S 022° 50′ 09″ E",
        "geog_extent_centroid_fria": "17° 02′ 47″ S 030° 38′ 44″ W",
        "geog_extent_area_sq_km": null,
        "geog_extent_area_sq_miles": null,
        "geog_extent_length_km": null,
        "geog_extent_length_miles": null,
        "geog_extent_perimeter_km": null,
        "geog_extent_perimeter_miles": null,
        "geog_extent_bbox_md": null,
        "geog_extent_bbox_fria": null,
        "name_it": null,
        "name_abb_it": null,
        "label_it": null,
        "descr_it": null,
        "descr_html_it": null,
        "url_it": null,
        "location_it": "Zakhara sud-occidentale → unnamed",
        "name_alt_it_str": null,
        "topical_tags": "",
        "related_location_tags": "",
        "related_cultures_tags": "",
        "related_factions_tags": ""
      },
      "geometry": {
        "type": "MultiPoint",
        "coordinates": [
          [
            -30.64563339358654,
            -17.046602113631785
          ]
        ]
      }
    },
    {
      "type": "Feature",
      "properties": {
        "uuid": "217373d2-893e-459f-807a-b04c88b144b0",
        "layer_id": "srf_civ_important_sites_pt",
        "timeframe": null,
        "feature_class": "Fortification",
        "feature_rank": 5,
        "is_visible": true,
        "is_labeled": true,
        "needs_review": false,
        "review_notes": "exclude from wiki link auto-ageneration",
        "img_url": null,
        "last_edited": "2026-07-13",
        "last_editor": "postgres",
        "name_en": "Slingdyke",
        "name_ru": "Слингдайк",
        "name_abb_en": null,
        "name_abb_ru": null,
        "label_en": "Slingdyke",
        "label_ru": "Слингдайк",
        "descr_en": null,
        "descr_ru": null,
        "descr_html_en": null,
        "descr_html_ru": null,
        "url_en": null,
        "url_ru": null,
        "source_name": "TSR FRIA 2e",
        "source_url": "https://www.profantasy.com/fratlas/fratlashome.htm",
        "dnd_editions_str": "2e, 3e, 5e",
        "feature_levels_str": null,
        "extra_str": null,
        "location_en": "central Faerûn → Cormyr → Storm Horn Mountains",
        "name_alt_en_str": null,
        "location_ru": "центральный Фаэрун → Кормир → Горы Штормовых Рогов",
        "name_alt_ru_str": null,
        "geog_extent_centroid_md": "38° 53′ 52″ N 005° 34′ 03″ W",
        "geog_extent_centroid_fria": "38° 53′ 52″ N 059° 02′ 56″ W",
        "geog_extent_area_sq_km": null,
        "geog_extent_area_sq_miles": null,
        "geog_extent_length_km": null,
        "geog_extent_length_miles": null,
        "geog_extent_perimeter_km": null,
        "geog_extent_perimeter_miles": null,
        "geog_extent_bbox_md": null,
        "geog_extent_bbox_fria": null,
        "name_it": "Slingdyke",
        "name_abb_it": null,
        "label_it": "Slingdyke",
        "descr_it": null,
        "descr_html_it": null,
        "url_it": null,
        "location_it": "Faerûn centrale → Cormyr → Montagne del Corno della Tempesta",
        "name_alt_it_str": null,
        "topical_tags": "",
        "related_location_tags": "",
        "related_cultures_tags": "",
        "related_factions_tags": ""
      },
      "geometry": {
        "type": "MultiPoint",
        "coordinates": [
          [
            -59.0491332402607,
            38.89797767977441
          ]
        ]
      }
    },
    {
      "type": "Feature",
      "properties": {
        "uuid": "1bbb1783-0d8f-49a0-bbb0-15b8c325d492",
        "layer_id": "srf_civ_important_sites_pt",
        "timeframe": null,
        "feature_class": "Battlefield",
        "feature_rank": 5,
        "is_visible": true,
        "is_labeled": true,
        "needs_review": false,
        "review_notes": "exclude from wiki link auto-ageneration",
        "img_url": null,
        "last_edited": "2026-07-13",
        "last_editor": "postgres",
        "name_en": "1st Mulhorand War",
        "name_ru": "Первая Мулхорандская Война",
        "name_abb_en": null,
        "name_abb_ru": null,
        "label_en": "1st Mulhorand War",
        "label_ru": "Первая Мулхорандская Война",
        "descr_en": null,
        "descr_ru": null,
        "descr_html_en": null,
        "descr_html_ru": null,
        "url_en": null,
        "url_ru": null,
        "source_name": "TSR FRIA 2e",
        "source_url": "https://www.profantasy.com/fratlas/fratlashome.htm",
        "dnd_editions_str": "2e, 3e, 5e",
        "feature_levels_str": null,
        "extra_str": null,
        "location_en": "eastern Faerûn → Mulhorand",
        "name_alt_en_str": null,
        "location_ru": "восточный Фаэрун → Мулхоранд",
        "name_alt_ru_str": null,
        "geog_extent_centroid_md": "30° 48′ 14″ N 027° 26′ 31″ E",
        "geog_extent_centroid_fria": "30° 48′ 14″ N 026° 02′ 22″ W",
        "geog_extent_area_sq_km": null,
        "geog_extent_area_sq_miles": null,
        "geog_extent_length_km": null,
        "geog_extent_length_miles": null,
        "geog_extent_perimeter_km": null,
        "geog_extent_perimeter_miles": null,
        "geog_extent_bbox_md": null,
        "geog_extent_bbox_fria": null,
        "name_it": "Prima Guerra di Mulhorand",
        "name_abb_it": null,
        "label_it": "Prima Guerra di Mulhorand",
        "descr_it": null,
        "descr_html_it": null,
        "url_it": null,
        "location_it": "Faerûn orientale → Mulhorand",
        "name_alt_it_str": null,
        "topical_tags": "",
        "related_location_tags": "",
        "related_cultures_tags": "",
        "related_factions_tags": ""
      },
      "geometry": {
        "type": "MultiPoint",
        "coordinates": [
          [
            -26.039460483394524,
            30.803923879957512
          ]
        ]
      }
    },
    {
      "type": "Feature",
      "properties": {
        "uuid": "22280dd8-03b1-4ca9-ac05-faf18dd60c87",
        "layer_id": "srf_civ_important_sites_pt",
        "timeframe": null,
        "feature_class": "Fortification",
        "feature_rank": 5,
        "is_visible": true,
        "is_labeled": true,
        "needs_review": false,
        "review_notes": null,
        "img_url": null,
        "last_edited": "2026-07-14",
        "last_editor": "postgres",
        "name_en": "Maligor's Tower",
        "name_ru": "Башня Малигора",
        "name_abb_en": null,
        "name_abb_ru": null,
        "label_en": "Maligor's Tower",
        "label_ru": "Башня Малигора",
        "descr_en": "A tall stone tower with crenelated battlements, built atop ancient subterranean chambers. The structure contains guardrooms, slave quarters, magical laboratories, a library, a luxurious bath, and hidden lower levels. It is defended by fighters, ballistae, oil, thick granite walls, barred windows, wards, and magical guards.",
        "descr_ru": "Высокая каменная башня с зубчатыми парапетами, построенная над древними подземными камерами. Сооружение содержит караульные помещения, помещения для рабов, магические лаборатории, библиотеку, роскошную баню и скрытые нижние уровни. Защищается бойцами, баллистами, маслом, толстыми гранитными стенами, зарешеченными окнами, защитами и магическими стражами.",
        "descr_html_en": null,
        "descr_html_ru": null,
        "url_en": "https://forgottenrealms.fandom.com/wiki/Maligor%27s_Tower",
        "url_ru": null,
        "source_name": "TSR FRIA 2e",
        "source_url": "https://www.profantasy.com/fratlas/fratlashome.htm",
        "dnd_editions_str": "2e, 3e, 5e",
        "feature_levels_str": null,
        "extra_str": "topical_tags: [\"tower\", \"fortification\", \"stronghold\", \"laboratory\", \"library\", \"underground\", \"defensive\"] | related_location_tags: [\"Lapendrar\", \"Thay\"]",
        "location_en": "central Faerûn → Thay → Thayan Plateau",
        "name_alt_en_str": null,
        "location_ru": "центральный Фаэрун → Тэй → Тэйское Плато",
        "name_alt_ru_str": null,
        "geog_extent_centroid_md": "34° 07′ 06″ N 015° 03′ 38″ E",
        "geog_extent_centroid_fria": "34° 07′ 06″ N 038° 25′ 14″ W",
        "geog_extent_area_sq_km": null,
        "geog_extent_area_sq_miles": null,
        "geog_extent_length_km": null,
        "geog_extent_length_miles": null,
        "geog_extent_perimeter_km": null,
        "geog_extent_perimeter_miles": null,
        "geog_extent_bbox_md": null,
        "geog_extent_bbox_fria": null,
        "name_it": "Torre di Maligor",
        "name_abb_it": null,
        "label_it": "Torre di Maligor",
        "descr_it": "Un'alta torre di pietra con merlature, costruita sopra antiche camere sotterranee. La struttura contiene sale di guardia, quartieri degli schiavi, laboratori magici, una biblioteca, un bagno lussuoso e livelli inferiori nascosti. È difesa da combattenti, baliste, olio, spesse mura di granito, finestre sbarrate, protezioni e guardie magiche.",
        "descr_html_it": null,
        "url_it": null,
        "location_it": "Faerûn centrale → Thay → Altipiano di Thay",
        "name_alt_it_str": null,
        "topical_tags": "tower, fortification, stronghold, laboratory, library, underground, defensive",
        "related_location_tags": "Lapendrar, Thay",
        "related_cultures_tags": "",
        "related_factions_tags": ""
      },
      "geometry": {
        "type": "MultiPoint",
        "coordinates": [
          [
            -38.42073333045918,
            34.118334740504366
          ]
        ]
      }
    },
    {
      "type": "Feature",
      "properties": {
        "uuid": "1d480b90-de00-4e25-8549-4f61edc0b8da",
        "layer_id": "srf_civ_important_sites_pt",
        "timeframe": null,
        "feature_class": "Battlefield",
        "feature_rank": 5,
        "is_visible": true,
        "is_labeled": true,
        "needs_review": false,
        "review_notes": "exclude from wiki link auto-ageneration",
        "img_url": null,
        "last_edited": "2026-07-13",
        "last_editor": "postgres",
        "name_en": "Battle of South Horn",
        "name_ru": "Битва у Южного Рога",
        "name_abb_en": null,
        "name_abb_ru": null,
        "label_en": "Battle of South Horn",
        "label_ru": "Битва у Южного Рога",
        "descr_en": null,
        "descr_ru": null,
        "descr_html_en": null,
        "descr_html_ru": null,
        "url_en": null,
        "url_ru": null,
        "source_name": "TSR FRIA 2e",
        "source_url": "https://www.profantasy.com/fratlas/fratlashome.htm",
        "dnd_editions_str": "2e, 3e, 5e",
        "feature_levels_str": null,
        "extra_str": null,
        "location_en": "western Faerûn → Cormyr",
        "name_alt_en_str": null,
        "location_ru": "западный Фаэрун → Кормир",
        "name_alt_ru_str": null,
        "geog_extent_centroid_md": "38° 34′ 15″ N 006° 26′ 48″ W",
        "geog_extent_centroid_fria": "38° 34′ 15″ N 059° 55′ 42″ W",
        "geog_extent_area_sq_km": null,
        "geog_extent_area_sq_miles": null,
        "geog_extent_length_km": null,
        "geog_extent_length_miles": null,
        "geog_extent_perimeter_km": null,
        "geog_extent_perimeter_miles": null,
        "geog_extent_bbox_md": null,
        "geog_extent_bbox_fria": null,
        "name_it": "Battaglia del Corno Meridionale",
        "name_abb_it": null,
        "label_it": "Battaglia del Corno Meridionale",
        "descr_it": null,
        "descr_html_it": null,
        "url_it": null,
        "location_it": "Faerûn occidentale → Cormyr",
        "name_alt_it_str": null,
        "topical_tags": "",
        "related_location_tags": "",
        "related_cultures_tags": "",
        "related_factions_tags": ""
      },
      "geometry": {
        "type": "MultiPoint",
        "coordinates": [
          [
            -59.92842234418442,
            38.57099900515015
          ]
        ]
      }
    },
    {
      "type": "Feature",
      "properties": {
        "uuid": "1e39153c-f3be-4206-8382-5e3b8f145ce6",
        "layer_id": "srf_civ_important_sites_pt",
        "timeframe": null,
        "feature_class": "Fortification",
        "feature_rank": 5,
        "is_visible": true,
        "is_labeled": true,
        "needs_review": false,
        "review_notes": "exclude from wiki link auto-ageneration",
        "img_url": null,
        "last_edited": "2026-07-13",
        "last_editor": "postgres",
        "name_en": "Xi'an",
        "name_ru": "Сиань",
        "name_abb_en": null,
        "name_abb_ru": null,
        "label_en": "Xi'an",
        "label_ru": "Сиань",
        "descr_en": null,
        "descr_ru": null,
        "descr_html_en": null,
        "descr_html_ru": null,
        "url_en": null,
        "url_ru": null,
        "source_name": "TSR FRIA 2e",
        "source_url": "https://www.profantasy.com/fratlas/fratlashome.htm",
        "dnd_editions_str": "2e, 3e, 5e",
        "feature_levels_str": null,
        "extra_str": null,
        "location_en": "western Kara-Tur → Hungste Province → unnamed",
        "name_alt_en_str": null,
        "location_ru": "западный Кара-Тур → Провинция Хунгсте → unnamed",
        "name_alt_ru_str": null,
        "geog_extent_centroid_md": "19° 24′ 09″ N 065° 15′ 06″ E",
        "geog_extent_centroid_fria": "19° 24′ 09″ N 011° 46′ 12″ E",
        "geog_extent_area_sq_km": null,
        "geog_extent_area_sq_miles": null,
        "geog_extent_length_km": null,
        "geog_extent_length_miles": null,
        "geog_extent_perimeter_km": null,
        "geog_extent_perimeter_miles": null,
        "geog_extent_bbox_md": null,
        "geog_extent_bbox_fria": null,
        "name_it": "Xi'an",
        "name_abb_it": null,
        "label_it": "Xi'an",
        "descr_it": null,
        "descr_html_it": null,
        "url_it": null,
        "location_it": "Kara-Tur occidentale → Provincia di Hungste → unnamed",
        "name_alt_it_str": null,
        "topical_tags": "",
        "related_location_tags": "",
        "related_cultures_tags": "",
        "related_factions_tags": ""
      },
      "geometry": {
        "type": "MultiPoint",
        "coordinates": [
          [
            11.770204838723917,
            19.402543842040078
          ]
        ]
      }
    },
    {
      "type": "Feature",
      "properties": {
        "uuid": "2399be30-ac25-45bf-ab00-980d2555484c",
        "layer_id": "srf_civ_important_sites_pt",
        "timeframe": null,
        "feature_class": "Other",
        "feature_rank": 5,
        "is_visible": true,
        "is_labeled": true,
        "needs_review": false,
        "review_notes": "exclude from wiki link auto-ageneration",
        "img_url": null,
        "last_edited": "2026-07-13",
        "last_editor": "postgres",
        "name_en": "Cielij",
        "name_ru": "Сьелиж",
        "name_abb_en": null,
        "name_abb_ru": null,
        "label_en": "Cielij",
        "label_ru": "Сьелиж",
        "descr_en": null,
        "descr_ru": null,
        "descr_html_en": null,
        "descr_html_ru": null,
        "url_en": null,
        "url_ru": null,
        "source_name": "TSR FRIA 2e",
        "source_url": "https://www.profantasy.com/fratlas/fratlashome.htm",
        "dnd_editions_str": "2e, 3e, 5e",
        "feature_levels_str": null,
        "extra_str": null,
        "location_en": "north-western Kara-Tur → Koryaz Mountains",
        "name_alt_en_str": null,
        "location_ru": "северо-западный Кара-Тур → Горы Корьяз",
        "name_alt_ru_str": null,
        "geog_extent_centroid_md": "45° 50′ 52″ N 068° 07′ 37″ E",
        "geog_extent_centroid_fria": "45° 50′ 52″ N 014° 38′ 44″ E",
        "geog_extent_area_sq_km": null,
        "geog_extent_area_sq_miles": null,
        "geog_extent_length_km": null,
        "geog_extent_length_miles": null,
        "geog_extent_perimeter_km": null,
        "geog_extent_perimeter_miles": null,
        "geog_extent_bbox_md": null,
        "geog_extent_bbox_fria": null,
        "name_it": "Cielij",
        "name_abb_it": null,
        "label_it": "Cielij",
        "descr_it": null,
        "descr_html_it": null,
        "url_it": null,
        "location_it": "Kara-Tur nord-occidentale → Montagne Koryaz",
        "name_alt_it_str": null,
        "topical_tags": "",
        "related_location_tags": "",
        "related_cultures_tags": "",
        "related_factions_tags": ""
      },
      "geometry": {
        "type": "MultiPoint",
        "coordinates": [
          [
            14.645630879977602,
            45.84782847426648
          ]
        ]
      }
    },
    {
      "type": "Feature",
      "properties": {
        "uuid": "28bd1d5e-fc0e-4b0b-8508-284dd92a463c",
        "layer_id": "srf_civ_important_sites_pt",
        "timeframe": null,
        "feature_class": "Water Source",
        "feature_rank": 5,
        "is_visible": true,
        "is_labeled": true,
        "needs_review": true,
        "review_notes": "exclude from wiki link auto-ageneration",
        "img_url": null,
        "last_edited": "2026-07-13",
        "last_editor": "postgres",
        "name_en": "Iris Well Spring",
        "name_ru": "Источник Ирисового Колодца",
        "name_abb_en": null,
        "name_abb_ru": null,
        "label_en": "Iris Well Spring",
        "label_ru": "Источник Ирисового Колодца",
        "descr_en": null,
        "descr_ru": null,
        "descr_html_en": null,
        "descr_html_ru": null,
        "url_en": null,
        "url_ru": null,
        "source_name": "TSR FRIA 2e",
        "source_url": "https://www.profantasy.com/fratlas/fratlashome.htm",
        "dnd_editions_str": "2e, 3e, 5e",
        "feature_levels_str": null,
        "extra_str": null,
        "location_en": "eastern Faerûn",
        "name_alt_en_str": null,
        "location_ru": "восточный Фаэрун",
        "name_alt_ru_str": null,
        "geog_extent_centroid_md": "30° 59′ 02″ N 032° 25′ 55″ E",
        "geog_extent_centroid_fria": "30° 59′ 02″ N 021° 02′ 57″ W",
        "geog_extent_area_sq_km": null,
        "geog_extent_area_sq_miles": null,
        "geog_extent_length_km": null,
        "geog_extent_length_miles": null,
        "geog_extent_perimeter_km": null,
        "geog_extent_perimeter_miles": null,
        "geog_extent_bbox_md": null,
        "geog_extent_bbox_fria": null,
        "name_it": "Sorgente del Pozzo dell'Iride",
        "name_abb_it": null,
        "label_it": "Sorgente del Pozzo dell'Iride",
        "descr_it": null,
        "descr_html_it": null,
        "url_it": null,
        "location_it": "Faerûn orientale",
        "name_alt_it_str": null,
        "topical_tags": "",
        "related_location_tags": "",
        "related_cultures_tags": "",
        "related_factions_tags": ""
      },
      "geometry": {
        "type": "MultiPoint",
        "coordinates": [
          [
            -21.04942164067089,
            30.984093554089558
          ]
        ]
      }
    },
    {
      "type": "Feature",
      "properties": {
        "uuid": "2bc50e93-9dae-41ae-a0ea-19a73ec6a025",
        "layer_id": "srf_civ_important_sites_pt",
        "timeframe": null,
        "feature_class": "Fortification",
        "feature_rank": 5,
        "is_visible": true,
        "is_labeled": true,
        "needs_review": false,
        "review_notes": null,
        "img_url": null,
        "last_edited": "2026-07-14",
        "last_editor": "postgres",
        "name_en": "Bhaluin",
        "name_ru": "Бхалуин",
        "name_abb_en": null,
        "name_abb_ru": null,
        "label_en": "Bhaluin",
        "label_ru": "Бхалуин",
        "descr_en": "The ruins of Bhaluin sit on an island in Gbor Nor, 10 miles from the coast of Maharaal in Semphar. Many ancient buildings lie below the waterline, giving the site its nickname. The streets are cluttered with rubble, and seven large minarets at the center emit a strange wailing sound.",
        "descr_ru": "Руины Бхалуина находятся на острове в Гбор-Норе, в 10 милях от побережья Махараала в Семфаре. Многие древние здания находятся ниже ватерлинии, что дало месту его прозвище. Улицы завалены обломками, а семь больших минаретов в центре издают странный заунывный звук.",
        "descr_html_en": null,
        "descr_html_ru": null,
        "url_en": "https://forgottenrealms.fandom.com/wiki/Bhaluin",
        "url_ru": null,
        "source_name": "TSR FRIA 2e",
        "source_url": "https://www.profantasy.com/fratlas/fratlashome.htm",
        "dnd_editions_str": "2e, 3e, 5e",
        "feature_levels_str": null,
        "extra_str": "topical_tags: [\"ruin\", \"city\", \"island\", \"underwater\", \"minaret\", \"ancient\", \"cult\", \"undead\"] | related_factions_tags: [\"cult of the dead\", \"followers of Myrkul\"] | related_location_tags: [\"Gbor Nor\", \"Maharaal\", \"Semphar\", \"Brightstar Lake\"]",
        "location_en": "eastern Faerûn → Mulhorand",
        "name_alt_en_str": "the Drowned City",
        "location_ru": "восточный Фаэрун → Мулхоранд",
        "name_alt_ru_str": "Затонувший Город",
        "geog_extent_centroid_md": "29° 42′ 36″ N 027° 54′ 03″ E",
        "geog_extent_centroid_fria": "29° 42′ 36″ N 025° 34′ 50″ W",
        "geog_extent_area_sq_km": null,
        "geog_extent_area_sq_miles": null,
        "geog_extent_length_km": null,
        "geog_extent_length_miles": null,
        "geog_extent_perimeter_km": null,
        "geog_extent_perimeter_miles": null,
        "geog_extent_bbox_md": null,
        "geog_extent_bbox_fria": null,
        "name_it": "Bhaluin",
        "name_abb_it": null,
        "label_it": "Bhaluin",
        "descr_it": "Le rovine di Bhaluin giacciono su un'isola in Gbor Nor, a 10 miglia dalla costa di Maharaal in Semphar. Molti antichi edifici giacciono sotto la linea dell'acqua, dando al sito il suo soprannome. Le strade sono ingombre di macerie, e sette grandi minareti al centro emettono uno strano lamento.",
        "descr_html_it": null,
        "url_it": null,
        "location_it": "Faerûn orientale → Mulhorand",
        "name_alt_it_str": "la Città Sommersa",
        "topical_tags": "ruin, city, island, underwater, minaret, ancient, cult, undead",
        "related_location_tags": "Gbor Nor, Maharaal, Semphar, Brightstar Lake",
        "related_cultures_tags": "",
        "related_factions_tags": "cult of the dead, followers of Myrkul"
      },
      "geometry": {
        "type": "MultiPoint",
        "coordinates": [
          [
            -25.58063338244857,
            29.710210861708607
          ]
        ]
      }
    },
    {
      "type": "Feature",
      "properties": {
        "uuid": "2cbf0701-5104-4cc4-b347-f44884d44e50",
        "layer_id": "srf_civ_important_sites_pt",
        "timeframe": null,
        "feature_class": "Other",
        "feature_rank": 5,
        "is_visible": true,
        "is_labeled": true,
        "needs_review": false,
        "review_notes": null,
        "img_url": null,
        "last_edited": "2026-07-13",
        "last_editor": "postgres",
        "name_en": "unnamed",
        "name_ru": null,
        "name_abb_en": null,
        "name_abb_ru": null,
        "label_en": null,
        "label_ru": null,
        "descr_en": null,
        "descr_ru": null,
        "descr_html_en": null,
        "descr_html_ru": null,
        "url_en": null,
        "url_ru": null,
        "source_name": "TSR FRIA 2e",
        "source_url": "https://www.profantasy.com/fratlas/fratlashome.htm",
        "dnd_editions_str": "2e, 3e, 5e",
        "feature_levels_str": null,
        "extra_str": null,
        "location_en": "eastern Zakhara → unnamed",
        "name_alt_en_str": null,
        "location_ru": "восточный Захара → unnamed",
        "name_alt_ru_str": null,
        "geog_extent_centroid_md": "11° 04′ 11″ S 035° 06′ 53″ E",
        "geog_extent_centroid_fria": "11° 04′ 11″ S 018° 22′ 00″ W",
        "geog_extent_area_sq_km": null,
        "geog_extent_area_sq_miles": null,
        "geog_extent_length_km": null,
        "geog_extent_length_miles": null,
        "geog_extent_perimeter_km": null,
        "geog_extent_perimeter_miles": null,
        "geog_extent_bbox_md": null,
        "geog_extent_bbox_fria": null,
        "name_it": null,
        "name_abb_it": null,
        "label_it": null,
        "descr_it": null,
        "descr_html_it": null,
        "url_it": null,
        "location_it": "Zakhara orientale → unnamed",
        "name_alt_it_str": null,
        "topical_tags": "",
        "related_location_tags": "",
        "related_cultures_tags": "",
        "related_factions_tags": ""
      },
      "geometry": {
        "type": "MultiPoint",
        "coordinates": [
          [
            -18.366735659038216,
            -11.069989606249585
          ]
        ]
      }
    },
    {
      "type": "Feature",
      "properties": {
        "uuid": "2d1c1e5c-42c5-4abf-9b5e-5ab54c0a87a0",
        "layer_id": "srf_civ_important_sites_pt",
        "timeframe": null,
        "feature_class": "Unclassified",
        "feature_rank": 5,
        "is_visible": true,
        "is_labeled": true,
        "needs_review": false,
        "review_notes": null,
        "img_url": null,
        "last_edited": "2026-07-13",
        "last_editor": "postgres",
        "name_en": "unnamed",
        "name_ru": null,
        "name_abb_en": null,
        "name_abb_ru": null,
        "label_en": null,
        "label_ru": null,
        "descr_en": null,
        "descr_ru": null,
        "descr_html_en": null,
        "descr_html_ru": null,
        "url_en": null,
        "url_ru": null,
        "source_name": "TSR FRIA 2e",
        "source_url": "https://www.profantasy.com/fratlas/fratlashome.htm",
        "dnd_editions_str": "2e, 3e, 5e",
        "feature_levels_str": null,
        "extra_str": null,
        "location_en": "southern Zakhara → unnamed",
        "name_alt_en_str": null,
        "location_ru": "южный Захара → unnamed",
        "name_alt_ru_str": null,
        "geog_extent_centroid_md": "14° 10′ 16″ S 027° 31′ 49″ E",
        "geog_extent_centroid_fria": "14° 10′ 16″ S 025° 57′ 03″ W",
        "geog_extent_area_sq_km": null,
        "geog_extent_area_sq_miles": null,
        "geog_extent_length_km": null,
        "geog_extent_length_miles": null,
        "geog_extent_perimeter_km": null,
        "geog_extent_perimeter_miles": null,
        "geog_extent_bbox_md": null,
        "geog_extent_bbox_fria": null,
        "name_it": null,
        "name_abb_it": null,
        "label_it": null,
        "descr_it": null,
        "descr_html_it": null,
        "url_it": null,
        "location_it": "Zakhara meridionale → unnamed",
        "name_alt_it_str": null,
        "topical_tags": "",
        "related_location_tags": "",
        "related_cultures_tags": "",
        "related_factions_tags": ""
      },
      "geometry": {
        "type": "MultiPoint",
        "coordinates": [
          [
            -25.951003421075292,
            -14.171303355653016
          ]
        ]
      }
    },
    {
      "type": "Feature",
      "properties": {
        "uuid": "2dd023e3-de5a-4660-a286-e6f346c08fa2",
        "layer_id": "srf_civ_important_sites_pt",
        "timeframe": null,
        "feature_class": "Other",
        "feature_rank": 5,
        "is_visible": true,
        "is_labeled": true,
        "needs_review": false,
        "review_notes": "exclude from wiki link auto-ageneration",
        "img_url": null,
        "last_edited": "2026-07-13",
        "last_editor": "postgres",
        "name_en": "Khan's Camp",
        "name_ru": "Лагерь Хана",
        "name_abb_en": null,
        "name_abb_ru": null,
        "label_en": "Khan's Camp",
        "label_ru": "Лагерь Хана",
        "descr_en": null,
        "descr_ru": null,
        "descr_html_en": null,
        "descr_html_ru": null,
        "url_en": null,
        "url_ru": null,
        "source_name": "TSR FRIA 2e",
        "source_url": "https://www.profantasy.com/fratlas/fratlashome.htm",
        "dnd_editions_str": "2e, 3e, 5e",
        "feature_levels_str": null,
        "extra_str": null,
        "location_en": "western Kara-Tur",
        "name_alt_en_str": null,
        "location_ru": "западный Кара-Тур",
        "name_alt_ru_str": null,
        "geog_extent_centroid_md": "35° 57′ 09″ N 035° 24′ 06″ E",
        "geog_extent_centroid_fria": "35° 57′ 09″ N 018° 04′ 46″ W",
        "geog_extent_area_sq_km": null,
        "geog_extent_area_sq_miles": null,
        "geog_extent_length_km": null,
        "geog_extent_length_miles": null,
        "geog_extent_perimeter_km": null,
        "geog_extent_perimeter_miles": null,
        "geog_extent_bbox_md": null,
        "geog_extent_bbox_fria": null,
        "name_it": "Accampamento del Khan",
        "name_abb_it": null,
        "label_it": "Accampamento del Khan",
        "descr_it": null,
        "descr_html_it": null,
        "url_it": null,
        "location_it": "Kara-Tur occidentale",
        "name_alt_it_str": null,
        "topical_tags": "",
        "related_location_tags": "",
        "related_cultures_tags": "",
        "related_factions_tags": ""
      },
      "geometry": {
        "type": "MultiPoint",
        "coordinates": [
          [
            -18.079577257390465,
            35.95262268187946
          ]
        ]
      }
    },
    {
      "type": "Feature",
      "properties": {
        "uuid": "2dd268b2-9fb1-431f-8aad-053d2969f5d5",
        "layer_id": "srf_civ_important_sites_pt",
        "timeframe": null,
        "feature_class": "Fortification",
        "feature_rank": 5,
        "is_visible": true,
        "is_labeled": true,
        "needs_review": false,
        "review_notes": null,
        "img_url": null,
        "last_edited": "2026-07-13",
        "last_editor": "postgres",
        "name_en": "unnamed",
        "name_ru": null,
        "name_abb_en": null,
        "name_abb_ru": null,
        "label_en": null,
        "label_ru": null,
        "descr_en": null,
        "descr_ru": null,
        "descr_html_en": null,
        "descr_html_ru": null,
        "url_en": null,
        "url_ru": null,
        "source_name": "TSR FRIA 2e",
        "source_url": "https://www.profantasy.com/fratlas/fratlashome.htm",
        "dnd_editions_str": "2e, 3e, 5e",
        "feature_levels_str": null,
        "extra_str": null,
        "location_en": "central Zakhara → unnamed",
        "name_alt_en_str": null,
        "location_ru": "центральный Захара → unnamed",
        "name_alt_ru_str": null,
        "geog_extent_centroid_md": "07° 19′ 31″ S 025° 03′ 12″ E",
        "geog_extent_centroid_fria": "07° 19′ 31″ S 028° 25′ 40″ W",
        "geog_extent_area_sq_km": null,
        "geog_extent_area_sq_miles": null,
        "geog_extent_length_km": null,
        "geog_extent_length_miles": null,
        "geog_extent_perimeter_km": null,
        "geog_extent_perimeter_miles": null,
        "geog_extent_bbox_md": null,
        "geog_extent_bbox_fria": null,
        "name_it": null,
        "name_abb_it": null,
        "label_it": null,
        "descr_it": null,
        "descr_html_it": null,
        "url_it": null,
        "location_it": "Zakhara centrale → unnamed",
        "name_alt_it_str": null,
        "topical_tags": "",
        "related_location_tags": "",
        "related_cultures_tags": "",
        "related_factions_tags": ""
      },
      "geometry": {
        "type": "MultiPoint",
        "coordinates": [
          [
            -28.427953160023527,
            -7.325395694878678
          ]
        ]
      }
    },
    {
      "type": "Feature",
      "properties": {
        "uuid": "2e798332-dde1-4530-8f95-302a36a5d732",
        "layer_id": "srf_civ_important_sites_pt",
        "timeframe": null,
        "feature_class": "Fortification",
        "feature_rank": 5,
        "is_visible": true,
        "is_labeled": true,
        "needs_review": false,
        "review_notes": null,
        "img_url": null,
        "last_edited": "2026-07-13",
        "last_editor": "postgres",
        "name_en": "unnamed",
        "name_ru": null,
        "name_abb_en": null,
        "name_abb_ru": null,
        "label_en": null,
        "label_ru": null,
        "descr_en": null,
        "descr_ru": null,
        "descr_html_en": null,
        "descr_html_ru": null,
        "url_en": null,
        "url_ru": null,
        "source_name": "TSR FRIA 2e",
        "source_url": "https://www.profantasy.com/fratlas/fratlashome.htm",
        "dnd_editions_str": "2e, 3e, 5e",
        "feature_levels_str": null,
        "extra_str": null,
        "location_en": "southern Zakhara → unnamed",
        "name_alt_en_str": null,
        "location_ru": "южный Захара → unnamed",
        "name_alt_ru_str": null,
        "geog_extent_centroid_md": "18° 54′ 26″ S 024° 07′ 55″ E",
        "geog_extent_centroid_fria": "18° 54′ 26″ S 029° 20′ 57″ W",
        "geog_extent_area_sq_km": null,
        "geog_extent_area_sq_miles": null,
        "geog_extent_length_km": null,
        "geog_extent_length_miles": null,
        "geog_extent_perimeter_km": null,
        "geog_extent_perimeter_miles": null,
        "geog_extent_bbox_md": null,
        "geog_extent_bbox_fria": null,
        "name_it": null,
        "name_abb_it": null,
        "label_it": null,
        "descr_it": null,
        "descr_html_it": null,
        "url_it": null,
        "location_it": "Zakhara meridionale → unnamed",
        "name_alt_it_str": null,
        "topical_tags": "",
        "related_location_tags": "",
        "related_cultures_tags": "",
        "related_factions_tags": ""
      },
      "geometry": {
        "type": "MultiPoint",
        "coordinates": [
          [
            -29.349285866660374,
            -18.90731726853089
          ]
        ]
      }
    },
    {
      "type": "Feature",
      "properties": {
        "uuid": "2ff271f0-8ba1-4952-97c2-89d967718327",
        "layer_id": "srf_civ_important_sites_pt",
        "timeframe": null,
        "feature_class": "Other",
        "feature_rank": 5,
        "is_visible": true,
        "is_labeled": true,
        "needs_review": true,
        "review_notes": "A circular lake of liquid silver.\nexclude from wiki link auto-ageneration",
        "img_url": null,
        "last_edited": "2026-07-13",
        "last_editor": "postgres",
        "name_en": "Sunstone",
        "name_ru": "Солнечный Камень",
        "name_abb_en": null,
        "name_abb_ru": null,
        "label_en": "Sunstone",
        "label_ru": "Солнечный Камень",
        "descr_en": null,
        "descr_ru": null,
        "descr_html_en": null,
        "descr_html_ru": null,
        "url_en": null,
        "url_ru": null,
        "source_name": "TSR FRIA 2e",
        "source_url": "https://www.profantasy.com/fratlas/fratlashome.htm",
        "dnd_editions_str": "2e, 3e, 5e",
        "feature_levels_str": null,
        "extra_str": null,
        "location_en": "south-eastern Maztica → Chical Hills",
        "name_alt_en_str": null,
        "location_ru": "юго-восточный Мазтика → Чикальские Холмы",
        "name_alt_ru_str": null,
        "geog_extent_centroid_md": "17° 53′ 42″ N 060° 08′ 32″ W",
        "geog_extent_centroid_fria": "17° 53′ 42″ N 113° 37′ 25″ W",
        "geog_extent_area_sq_km": null,
        "geog_extent_area_sq_miles": null,
        "geog_extent_length_km": null,
        "geog_extent_length_miles": null,
        "geog_extent_perimeter_km": null,
        "geog_extent_perimeter_miles": null,
        "geog_extent_bbox_md": null,
        "geog_extent_bbox_fria": null,
        "name_it": "Sunstone",
        "name_abb_it": null,
        "label_it": "Sunstone",
        "descr_it": null,
        "descr_html_it": null,
        "url_it": null,
        "location_it": "Maztica sud-orientale → Colline Chical",
        "name_alt_it_str": null,
        "topical_tags": "",
        "related_location_tags": "",
        "related_cultures_tags": "",
        "related_factions_tags": ""
      },
      "geometry": {
        "type": "MultiPoint",
        "coordinates": [
          [
            -113.62381423867411,
            17.895040917233302
          ]
        ]
      }
    },
    {
      "type": "Feature",
      "properties": {
        "uuid": "30a450d7-5e0c-486e-9037-075f0aedaa6b",
        "layer_id": "srf_civ_important_sites_pt",
        "timeframe": null,
        "feature_class": "Fortification",
        "feature_rank": 5,
        "is_visible": true,
        "is_labeled": true,
        "needs_review": false,
        "review_notes": null,
        "img_url": null,
        "last_edited": "2026-07-13",
        "last_editor": "postgres",
        "name_en": "unnamed",
        "name_ru": null,
        "name_abb_en": null,
        "name_abb_ru": null,
        "label_en": null,
        "label_ru": null,
        "descr_en": null,
        "descr_ru": null,
        "descr_html_en": null,
        "descr_html_ru": null,
        "url_en": null,
        "url_ru": null,
        "source_name": "TSR FRIA 2e",
        "source_url": "https://www.profantasy.com/fratlas/fratlashome.htm",
        "dnd_editions_str": "2e, 3e, 5e",
        "feature_levels_str": null,
        "extra_str": null,
        "location_en": "central Zakhara → unnamed",
        "name_alt_en_str": null,
        "location_ru": "центральный Захара → unnamed",
        "name_alt_ru_str": null,
        "geog_extent_centroid_md": "10° 46′ 02″ S 029° 39′ 36″ E",
        "geog_extent_centroid_fria": "10° 46′ 02″ S 023° 49′ 16″ W",
        "geog_extent_area_sq_km": null,
        "geog_extent_area_sq_miles": null,
        "geog_extent_length_km": null,
        "geog_extent_length_miles": null,
        "geog_extent_perimeter_km": null,
        "geog_extent_perimeter_miles": null,
        "geog_extent_bbox_md": null,
        "geog_extent_bbox_fria": null,
        "name_it": null,
        "name_abb_it": null,
        "label_it": null,
        "descr_it": null,
        "descr_html_it": null,
        "url_it": null,
        "location_it": "Zakhara centrale → unnamed",
        "name_alt_it_str": null,
        "topical_tags": "",
        "related_location_tags": "",
        "related_cultures_tags": "",
        "related_factions_tags": ""
      },
      "geometry": {
        "type": "MultiPoint",
        "coordinates": [
          [
            -23.821289626839427,
            -10.767366964416311
          ]
        ]
      }
    },
    {
      "type": "Feature",
      "properties": {
        "uuid": "32e8ce26-8d49-4af8-972d-2f7c3489f307",
        "layer_id": "srf_civ_important_sites_pt",
        "timeframe": null,
        "feature_class": "Unclassified",
        "feature_rank": 5,
        "is_visible": true,
        "is_labeled": true,
        "needs_review": false,
        "review_notes": null,
        "img_url": null,
        "last_edited": "2026-07-13",
        "last_editor": "postgres",
        "name_en": "unnamed",
        "name_ru": null,
        "name_abb_en": null,
        "name_abb_ru": null,
        "label_en": null,
        "label_ru": null,
        "descr_en": null,
        "descr_ru": null,
        "descr_html_en": null,
        "descr_html_ru": null,
        "url_en": null,
        "url_ru": null,
        "source_name": "TSR FRIA 2e",
        "source_url": "https://www.profantasy.com/fratlas/fratlashome.htm",
        "dnd_editions_str": "2e, 3e, 5e",
        "feature_levels_str": null,
        "extra_str": null,
        "location_en": "western Kara-Tur → Wang Kuo Province → unnamed",
        "name_alt_en_str": null,
        "location_ru": "западный Кара-Тур → Провинция Ван Куо → unnamed",
        "name_alt_ru_str": null,
        "geog_extent_centroid_md": "19° 07′ 35″ N 066° 23′ 12″ E",
        "geog_extent_centroid_fria": "19° 07′ 35″ N 012° 54′ 19″ E",
        "geog_extent_area_sq_km": null,
        "geog_extent_area_sq_miles": null,
        "geog_extent_length_km": null,
        "geog_extent_length_miles": null,
        "geog_extent_perimeter_km": null,
        "geog_extent_perimeter_miles": null,
        "geog_extent_bbox_md": null,
        "geog_extent_bbox_fria": null,
        "name_it": null,
        "name_abb_it": null,
        "label_it": null,
        "descr_it": null,
        "descr_html_it": null,
        "url_it": null,
        "location_it": "Kara-Tur occidentale → Provincia di Wang Kuo → unnamed",
        "name_alt_it_str": null,
        "topical_tags": "",
        "related_location_tags": "",
        "related_cultures_tags": "",
        "related_factions_tags": ""
      },
      "geometry": {
        "type": "MultiPoint",
        "coordinates": [
          [
            12.905290954460162,
            19.126551385819656
          ]
        ]
      }
    },
    {
      "type": "Feature",
      "properties": {
        "uuid": "337f8a0e-2607-4778-8ad0-56f201be3092",
        "layer_id": "srf_civ_important_sites_pt",
        "timeframe": null,
        "feature_class": "Battlefield",
        "feature_rank": 5,
        "is_visible": true,
        "is_labeled": true,
        "needs_review": false,
        "review_notes": null,
        "img_url": null,
        "last_edited": "2026-07-13",
        "last_editor": "postgres",
        "name_en": "unnamed",
        "name_ru": null,
        "name_abb_en": null,
        "name_abb_ru": null,
        "label_en": null,
        "label_ru": null,
        "descr_en": null,
        "descr_ru": null,
        "descr_html_en": null,
        "descr_html_ru": null,
        "url_en": null,
        "url_ru": null,
        "source_name": "TSR FRIA 2e",
        "source_url": "https://www.profantasy.com/fratlas/fratlashome.htm",
        "dnd_editions_str": "2e, 3e, 5e",
        "feature_levels_str": null,
        "extra_str": null,
        "location_en": "western Zakhara → unnamed",
        "name_alt_en_str": null,
        "location_ru": "западный Захара → unnamed",
        "name_alt_ru_str": null,
        "geog_extent_centroid_md": "09° 14′ 26″ S 018° 54′ 51″ E",
        "geog_extent_centroid_fria": "09° 14′ 26″ S 034° 34′ 01″ W",
        "geog_extent_area_sq_km": null,
        "geog_extent_area_sq_miles": null,
        "geog_extent_length_km": null,
        "geog_extent_length_miles": null,
        "geog_extent_perimeter_km": null,
        "geog_extent_perimeter_miles": null,
        "geog_extent_bbox_md": null,
        "geog_extent_bbox_fria": null,
        "name_it": null,
        "name_abb_it": null,
        "label_it": null,
        "descr_it": null,
        "descr_html_it": null,
        "url_it": null,
        "location_it": "Zakhara occidentale → unnamed",
        "name_alt_it_str": null,
        "topical_tags": "",
        "related_location_tags": "",
        "related_cultures_tags": "",
        "related_factions_tags": ""
      },
      "geometry": {
        "type": "MultiPoint",
        "coordinates": [
          [
            -34.56708466253823,
            -9.240595196505351
          ]
        ]
      }
    },
    {
      "type": "Feature",
      "properties": {
        "uuid": "33a01881-b6da-4573-8b56-dda89c15965b",
        "layer_id": "srf_civ_important_sites_pt",
        "timeframe": null,
        "feature_class": "Ruins",
        "feature_rank": 5,
        "is_visible": true,
        "is_labeled": true,
        "needs_review": false,
        "review_notes": null,
        "img_url": null,
        "last_edited": "2026-07-13",
        "last_editor": "postgres",
        "name_en": "unnamed",
        "name_ru": null,
        "name_abb_en": null,
        "name_abb_ru": null,
        "label_en": null,
        "label_ru": null,
        "descr_en": null,
        "descr_ru": null,
        "descr_html_en": null,
        "descr_html_ru": null,
        "url_en": null,
        "url_ru": null,
        "source_name": "TSR FRIA 2e",
        "source_url": "https://www.profantasy.com/fratlas/fratlashome.htm",
        "dnd_editions_str": "2e, 3e, 5e",
        "feature_levels_str": null,
        "extra_str": null,
        "location_en": "western Crowded Sea → unnamed",
        "name_alt_en_str": null,
        "location_ru": "западный Тесное море → unnamed",
        "name_alt_ru_str": null,
        "geog_extent_centroid_md": "21° 01′ 42″ S 020° 57′ 55″ E",
        "geog_extent_centroid_fria": "21° 01′ 42″ S 032° 30′ 57″ W",
        "geog_extent_area_sq_km": null,
        "geog_extent_area_sq_miles": null,
        "geog_extent_length_km": null,
        "geog_extent_length_miles": null,
        "geog_extent_perimeter_km": null,
        "geog_extent_perimeter_miles": null,
        "geog_extent_bbox_md": null,
        "geog_extent_bbox_fria": null,
        "name_it": null,
        "name_abb_it": null,
        "label_it": null,
        "descr_it": null,
        "descr_html_it": null,
        "url_it": null,
        "location_it": "Mare Affollato occidentale → unnamed",
        "name_alt_it_str": null,
        "topical_tags": "",
        "related_location_tags": "",
        "related_cultures_tags": "",
        "related_factions_tags": ""
      },
      "geometry": {
        "type": "MultiPoint",
        "coordinates": [
          [
            -32.51607768243719,
            -21.028524908177236
          ]
        ]
      }
    },
    {
      "type": "Feature",
      "properties": {
        "uuid": "3509a509-2bf6-41c3-af57-e3b1659973ba",
        "layer_id": "srf_civ_important_sites_pt",
        "timeframe": null,
        "feature_class": "Ruins",
        "feature_rank": 5,
        "is_visible": true,
        "is_labeled": true,
        "needs_review": false,
        "review_notes": null,
        "img_url": null,
        "last_edited": "2026-07-13",
        "last_editor": "postgres",
        "name_en": "unnamed",
        "name_ru": null,
        "name_abb_en": null,
        "name_abb_ru": null,
        "label_en": null,
        "label_ru": null,
        "descr_en": null,
        "descr_ru": null,
        "descr_html_en": null,
        "descr_html_ru": null,
        "url_en": null,
        "url_ru": null,
        "source_name": "TSR FRIA 2e",
        "source_url": "https://www.profantasy.com/fratlas/fratlashome.htm",
        "dnd_editions_str": "2e, 3e, 5e",
        "feature_levels_str": null,
        "extra_str": null,
        "location_en": "central Zakhara → unnamed",
        "name_alt_en_str": null,
        "location_ru": "центральный Захара → unnamed",
        "name_alt_ru_str": null,
        "geog_extent_centroid_md": "12° 21′ 07″ S 025° 47′ 22″ E",
        "geog_extent_centroid_fria": "12° 21′ 07″ S 027° 41′ 30″ W",
        "geog_extent_area_sq_km": null,
        "geog_extent_area_sq_miles": null,
        "geog_extent_length_km": null,
        "geog_extent_length_miles": null,
        "geog_extent_perimeter_km": null,
        "geog_extent_perimeter_miles": null,
        "geog_extent_bbox_md": null,
        "geog_extent_bbox_fria": null,
        "name_it": null,
        "name_abb_it": null,
        "label_it": null,
        "descr_it": null,
        "descr_html_it": null,
        "url_it": null,
        "location_it": "Zakhara centrale → unnamed",
        "name_alt_it_str": null,
        "topical_tags": "",
        "related_location_tags": "",
        "related_cultures_tags": "",
        "related_factions_tags": ""
      },
      "geometry": {
        "type": "MultiPoint",
        "coordinates": [
          [
            -27.69181295723331,
            -12.352124780763173
          ]
        ]
      }
    },
    {
      "type": "Feature",
      "properties": {
        "uuid": "354e0563-49b9-42fb-93ea-bdf9dc3a34bc",
        "layer_id": "srf_civ_important_sites_pt",
        "timeframe": null,
        "feature_class": "Ruins",
        "feature_rank": 5,
        "is_visible": true,
        "is_labeled": true,
        "needs_review": false,
        "review_notes": null,
        "img_url": null,
        "last_edited": "2026-07-13",
        "last_editor": "postgres",
        "name_en": "unnamed",
        "name_ru": null,
        "name_abb_en": null,
        "name_abb_ru": null,
        "label_en": null,
        "label_ru": null,
        "descr_en": null,
        "descr_ru": null,
        "descr_html_en": null,
        "descr_html_ru": null,
        "url_en": null,
        "url_ru": null,
        "source_name": "TSR FRIA 2e",
        "source_url": "https://www.profantasy.com/fratlas/fratlashome.htm",
        "dnd_editions_str": "2e, 3e, 5e",
        "feature_levels_str": null,
        "extra_str": null,
        "location_en": "eastern Crowded Sea",
        "name_alt_en_str": null,
        "location_ru": "восточный Тесное море",
        "name_alt_ru_str": null,
        "geog_extent_centroid_md": "19° 28′ 57″ S 038° 46′ 51″ E",
        "geog_extent_centroid_fria": "19° 28′ 57″ S 014° 42′ 01″ W",
        "geog_extent_area_sq_km": null,
        "geog_extent_area_sq_miles": null,
        "geog_extent_length_km": null,
        "geog_extent_length_miles": null,
        "geog_extent_perimeter_km": null,
        "geog_extent_perimeter_miles": null,
        "geog_extent_bbox_md": null,
        "geog_extent_bbox_fria": null,
        "name_it": null,
        "name_abb_it": null,
        "label_it": null,
        "descr_it": null,
        "descr_html_it": null,
        "url_it": null,
        "location_it": "Mare Affollato orientale",
        "name_alt_it_str": null,
        "topical_tags": "",
        "related_location_tags": "",
        "related_cultures_tags": "",
        "related_factions_tags": ""
      },
      "geometry": {
        "type": "MultiPoint",
        "coordinates": [
          [
            -14.700483233977652,
            -19.48258130383417
          ]
        ]
      }
    },
    {
      "type": "Feature",
      "properties": {
        "uuid": "354fd533-d191-4ed0-ba8e-a253e5a73ae3",
        "layer_id": "srf_civ_important_sites_pt",
        "timeframe": null,
        "feature_class": "Temple",
        "feature_rank": 5,
        "is_visible": true,
        "is_labeled": true,
        "needs_review": false,
        "review_notes": "exclude from wiki link auto-ageneration",
        "img_url": null,
        "last_edited": "2026-07-13",
        "last_editor": "postgres",
        "name_en": "Temple of Dayr",
        "name_ru": "Храм Дайра",
        "name_abb_en": null,
        "name_abb_ru": null,
        "label_en": "Temple of Dayr",
        "label_ru": "Храм Дайра",
        "descr_en": null,
        "descr_ru": null,
        "descr_html_en": null,
        "descr_html_ru": null,
        "url_en": null,
        "url_ru": null,
        "source_name": "TSR FRIA 2e",
        "source_url": "https://www.profantasy.com/fratlas/fratlashome.htm",
        "dnd_editions_str": "2e, 3e, 5e",
        "feature_levels_str": null,
        "extra_str": null,
        "location_en": "eastern Faerûn → Mulhorand",
        "name_alt_en_str": null,
        "location_ru": "восточный Фаэрун → Мулхоранд",
        "name_alt_ru_str": null,
        "geog_extent_centroid_md": "28° 08′ 24″ N 032° 33′ 24″ E",
        "geog_extent_centroid_fria": "28° 08′ 24″ N 020° 55′ 28″ W",
        "geog_extent_area_sq_km": null,
        "geog_extent_area_sq_miles": null,
        "geog_extent_length_km": null,
        "geog_extent_length_miles": null,
        "geog_extent_perimeter_km": null,
        "geog_extent_perimeter_miles": null,
        "geog_extent_bbox_md": null,
        "geog_extent_bbox_fria": null,
        "name_it": "Tempio di Dayr",
        "name_abb_it": null,
        "label_it": "Tempio di Dayr",
        "descr_it": null,
        "descr_html_it": null,
        "url_it": null,
        "location_it": "Faerûn orientale → Mulhorand",
        "name_alt_it_str": null,
        "topical_tags": "",
        "related_location_tags": "",
        "related_cultures_tags": "",
        "related_factions_tags": ""
      },
      "geometry": {
        "type": "MultiPoint",
        "coordinates": [
          [
            -20.924616455678663,
            28.140157095378814
          ]
        ]
      }
    },
    {
      "type": "Feature",
      "properties": {
        "uuid": "35850760-a949-44b0-8c02-afdfc2ab1f6a",
        "layer_id": "srf_civ_important_sites_pt",
        "timeframe": null,
        "feature_class": "Fortification",
        "feature_rank": 5,
        "is_visible": true,
        "is_labeled": true,
        "needs_review": false,
        "review_notes": "exclude from wiki link auto-ageneration",
        "img_url": null,
        "last_edited": "2026-07-13",
        "last_editor": "postgres",
        "name_en": "Argistikhin",
        "name_ru": "Аргистихин",
        "name_abb_en": null,
        "name_abb_ru": null,
        "label_en": "Argistikhin",
        "label_ru": "Аргистихин",
        "descr_en": null,
        "descr_ru": null,
        "descr_html_en": null,
        "descr_html_ru": null,
        "url_en": null,
        "url_ru": null,
        "source_name": "TSR FRIA 2e",
        "source_url": "https://www.profantasy.com/fratlas/fratlashome.htm",
        "dnd_editions_str": "2e, 3e, 5e",
        "feature_levels_str": null,
        "extra_str": null,
        "location_en": "north-western Kara-Tur → unnamed",
        "name_alt_en_str": null,
        "location_ru": "северо-западный Кара-Тур → unnamed",
        "name_alt_ru_str": null,
        "geog_extent_centroid_md": "47° 40′ 08″ N 066° 19′ 21″ E",
        "geog_extent_centroid_fria": "47° 40′ 08″ N 012° 50′ 28″ E",
        "geog_extent_area_sq_km": null,
        "geog_extent_area_sq_miles": null,
        "geog_extent_length_km": null,
        "geog_extent_length_miles": null,
        "geog_extent_perimeter_km": null,
        "geog_extent_perimeter_miles": null,
        "geog_extent_bbox_md": null,
        "geog_extent_bbox_fria": null,
        "name_it": "Argistikhin",
        "name_abb_it": null,
        "label_it": "Argistikhin",
        "descr_it": null,
        "descr_html_it": null,
        "url_it": null,
        "location_it": "Kara-Tur nord-occidentale → unnamed",
        "name_alt_it_str": null,
        "topical_tags": "",
        "related_location_tags": "",
        "related_cultures_tags": "",
        "related_factions_tags": ""
      },
      "geometry": {
        "type": "MultiPoint",
        "coordinates": [
          [
            12.84124775909955,
            47.669001554193834
          ]
        ]
      }
    },
    {
      "type": "Feature",
      "properties": {
        "uuid": "35c3e29a-cd47-466e-ba7e-06c086e02734",
        "layer_id": "srf_civ_important_sites_pt",
        "timeframe": null,
        "feature_class": "Fortification",
        "feature_rank": 5,
        "is_visible": true,
        "is_labeled": true,
        "needs_review": false,
        "review_notes": "exclude from wiki link auto-ageneration",
        "img_url": null,
        "last_edited": "2026-07-13",
        "last_editor": "postgres",
        "name_en": "Castle Craig",
        "name_ru": "Замок Крейг",
        "name_abb_en": null,
        "name_abb_ru": null,
        "label_en": "Castle Craig",
        "label_ru": "Замок Крейг",
        "descr_en": null,
        "descr_ru": null,
        "descr_html_en": null,
        "descr_html_ru": null,
        "url_en": null,
        "url_ru": null,
        "source_name": "TSR FRIA 2e",
        "source_url": "https://www.profantasy.com/fratlas/fratlashome.htm",
        "dnd_editions_str": "2e, 3e, 5e",
        "feature_levels_str": null,
        "extra_str": null,
        "location_en": "central Faerûn → Cormyr → Storm Horn Mountains",
        "name_alt_en_str": null,
        "location_ru": "центральный Фаэрун → Кормир → Горы Штормовых Рогов",
        "name_alt_ru_str": null,
        "geog_extent_centroid_md": "38° 46′ 48″ N 005° 11′ 55″ W",
        "geog_extent_centroid_fria": "38° 46′ 48″ N 058° 40′ 49″ W",
        "geog_extent_area_sq_km": null,
        "geog_extent_area_sq_miles": null,
        "geog_extent_length_km": null,
        "geog_extent_length_miles": null,
        "geog_extent_perimeter_km": null,
        "geog_extent_perimeter_miles": null,
        "geog_extent_bbox_md": null,
        "geog_extent_bbox_fria": null,
        "name_it": "Castello Craig",
        "name_abb_it": null,
        "label_it": "Castello Craig",
        "descr_it": null,
        "descr_html_it": null,
        "url_it": null,
        "location_it": "Faerûn centrale → Cormyr → Montagne del Corno della Tempesta",
        "name_alt_it_str": null,
        "topical_tags": "",
        "related_location_tags": "",
        "related_cultures_tags": "",
        "related_factions_tags": ""
      },
      "geometry": {
        "type": "MultiPoint",
        "coordinates": [
          [
            -58.68038760713223,
            38.78020849093914
          ]
        ]
      }
    },
    {
      "type": "Feature",
      "properties": {
        "uuid": "2ac8e468-3240-4c48-ac5d-2fefdf32e5a3",
        "layer_id": "srf_civ_important_sites_pt",
        "timeframe": null,
        "feature_class": "Fortification",
        "feature_rank": 5,
        "is_visible": true,
        "is_labeled": true,
        "needs_review": false,
        "review_notes": null,
        "img_url": null,
        "last_edited": "2026-07-14",
        "last_editor": "postgres",
        "name_en": "Thruldar",
        "name_ru": "Трулдар",
        "name_abb_en": null,
        "name_abb_ru": null,
        "label_en": "Thruldar",
        "label_ru": "Трулдар",
        "descr_en": "A former frontier town in western Estagund, near the Lluirwood and Toadsquat Mountains, known for woodworking and trade. It was destroyed by a druid's plant-creature army and later sealed with wards to contain the druid's ghost.",
        "descr_ru": "Бывший пограничный городок в западном Эстагунде, близ Люирского Леса и Гор Жабье Приседание, известный деревообработкой и торговлей. Был уничтожен армией растительных существ друида и позже запечатан чарами, чтобы сдержать призрак друида.",
        "descr_html_en": null,
        "descr_html_ru": null,
        "url_en": "https://forgottenrealms.fandom.com/wiki/Thruldar",
        "url_ru": null,
        "source_name": "TSR FRIA 2e",
        "source_url": "https://www.profantasy.com/fratlas/fratlashome.htm",
        "dnd_editions_str": "2e, 3e, 5e",
        "feature_levels_str": null,
        "extra_str": "topical_tags: [\"town\", \"frontier\", \"woodworking\", \"trade\", \"hin\", \"halfling\", \"destruction\", \"ghost\", \"wards\", \"spellplague\"] | related_cultures_tags: [\"hin\", \"ghostwise hin\"] | related_factions_tags: [\"Baker chaka\", \"Cochin chaka\"] | related_location_tags: [\"Estagund\", \"Luiren\", \"Lluirwood\", \"Toadsquat Mountains\", \"Delzimmer\", \"Durpar\", \"Beastlands\", \"Shining Lands\"]",
        "location_en": "south-eastern Faerûn → Luiren → Lluirwood",
        "name_alt_en_str": null,
        "location_ru": "юго-восточный Фаэрун → Луирен → Ллуирский Лес",
        "name_alt_ru_str": null,
        "geog_extent_centroid_md": "13° 11′ 01″ N 018° 38′ 59″ E",
        "geog_extent_centroid_fria": "13° 11′ 01″ N 034° 49′ 53″ W",
        "geog_extent_area_sq_km": null,
        "geog_extent_area_sq_miles": null,
        "geog_extent_length_km": null,
        "geog_extent_length_miles": null,
        "geog_extent_perimeter_km": null,
        "geog_extent_perimeter_miles": null,
        "geog_extent_bbox_md": null,
        "geog_extent_bbox_fria": null,
        "name_it": "Thruldar",
        "name_abb_it": null,
        "label_it": "Thruldar",
        "descr_it": "Un'ex città di frontiera nell'Estagund occidentale, vicino al Bosco di Lluir e ai Monti Toadsquat, nota per la lavorazione del legno e il commercio. Fu distrutta da un esercito di creature vegetali di un druido e in seguito sigillata con protezioni per contenere il fantasma del druido.",
        "descr_html_it": null,
        "url_it": null,
        "location_it": "Faerûn sud-orientale → Luiren → Bosco di Lluir",
        "name_alt_it_str": null,
        "topical_tags": "town, frontier, woodworking, trade, hin, halfling, destruction, ghost, wards, spellplague",
        "related_location_tags": "Estagund, Luiren, Lluirwood, Toadsquat Mountains, Delzimmer, Durpar, Beastlands, Shining Lands",
        "related_cultures_tags": "hin, ghostwise hin",
        "related_factions_tags": "Baker chaka, Cochin chaka"
      },
      "geometry": {
        "type": "MultiPoint",
        "coordinates": [
          [
            -34.83160354981869,
            13.18365240602243
          ]
        ]
      }
    },
    {
      "type": "Feature",
      "properties": {
        "uuid": "0346ce10-5cff-4155-a3ff-5cd28980d72f",
        "layer_id": "srf_civ_important_sites_pt",
        "timeframe": null,
        "feature_class": "Battlefield",
        "feature_rank": 5,
        "is_visible": true,
        "is_labeled": true,
        "needs_review": false,
        "review_notes": null,
        "img_url": null,
        "last_edited": "2026-07-13",
        "last_editor": "postgres",
        "name_en": "unnamed",
        "name_ru": null,
        "name_abb_en": null,
        "name_abb_ru": null,
        "label_en": null,
        "label_ru": null,
        "descr_en": null,
        "descr_ru": null,
        "descr_html_en": null,
        "descr_html_ru": null,
        "url_en": null,
        "url_ru": null,
        "source_name": "TSR FRIA 2e",
        "source_url": "https://www.profantasy.com/fratlas/fratlashome.htm",
        "dnd_editions_str": "2e, 3e, 5e",
        "feature_levels_str": null,
        "extra_str": null,
        "location_en": "central Faerûn → Narfell",
        "name_alt_en_str": null,
        "location_ru": "центральный Фаэрун → Нарфелл",
        "name_alt_ru_str": null,
        "geog_extent_centroid_md": "43° 37′ 18″ N 010° 31′ 29″ E",
        "geog_extent_centroid_fria": "43° 37′ 18″ N 042° 57′ 23″ W",
        "geog_extent_area_sq_km": null,
        "geog_extent_area_sq_miles": null,
        "geog_extent_length_km": null,
        "geog_extent_length_miles": null,
        "geog_extent_perimeter_km": null,
        "geog_extent_perimeter_miles": null,
        "geog_extent_bbox_md": null,
        "geog_extent_bbox_fria": null,
        "name_it": null,
        "name_abb_it": null,
        "label_it": null,
        "descr_it": null,
        "descr_html_it": null,
        "url_it": null,
        "location_it": "Faerûn centrale → Narfell",
        "name_alt_it_str": null,
        "topical_tags": "",
        "related_location_tags": "",
        "related_cultures_tags": "",
        "related_factions_tags": ""
      },
      "geometry": {
        "type": "MultiPoint",
        "coordinates": [
          [
            -42.9566183112281,
            43.62177599477803
          ]
        ]
      }
    },
    {
      "type": "Feature",
      "properties": {
        "uuid": "364b5959-a1fb-446c-b694-5d3ad2d19777",
        "layer_id": "srf_civ_important_sites_pt",
        "timeframe": null,
        "feature_class": "Mine",
        "feature_rank": 5,
        "is_visible": true,
        "is_labeled": true,
        "needs_review": false,
        "review_notes": null,
        "img_url": null,
        "last_edited": "2026-07-13",
        "last_editor": "postgres",
        "name_en": "unnamed",
        "name_ru": null,
        "name_abb_en": null,
        "name_abb_ru": null,
        "label_en": null,
        "label_ru": null,
        "descr_en": null,
        "descr_ru": null,
        "descr_html_en": null,
        "descr_html_ru": null,
        "url_en": null,
        "url_ru": null,
        "source_name": "TSR FRIA 2e",
        "source_url": "https://www.profantasy.com/fratlas/fratlashome.htm",
        "dnd_editions_str": "2e, 3e, 5e",
        "feature_levels_str": null,
        "extra_str": null,
        "location_en": "eastern Trackless Sea → Moonshae Isles → Trollclaw Range",
        "name_alt_en_str": null,
        "location_ru": "восточный Бесследное море → острова Муншае → Кряж Тролльего Когтя",
        "name_alt_ru_str": null,
        "geog_extent_centroid_md": "38° 13′ 31″ N 028° 11′ 50″ W",
        "geog_extent_centroid_fria": "38° 13′ 31″ N 081° 40′ 44″ W",
        "geog_extent_area_sq_km": null,
        "geog_extent_area_sq_miles": null,
        "geog_extent_length_km": null,
        "geog_extent_length_miles": null,
        "geog_extent_perimeter_km": null,
        "geog_extent_perimeter_miles": null,
        "geog_extent_bbox_md": null,
        "geog_extent_bbox_fria": null,
        "name_it": null,
        "name_abb_it": null,
        "label_it": null,
        "descr_it": null,
        "descr_html_it": null,
        "url_it": null,
        "location_it": "Mare Senza Tracce orientale → Isole Moonshae → Catena degli Artigli di Troll",
        "name_alt_it_str": null,
        "topical_tags": "",
        "related_location_tags": "",
        "related_cultures_tags": "",
        "related_factions_tags": ""
      },
      "geometry": {
        "type": "MultiPoint",
        "coordinates": [
          [
            -81.67899613260155,
            38.22534458138029
          ]
        ]
      }
    },
    {
      "type": "Feature",
      "properties": {
        "uuid": "3682522f-016a-4597-90b7-7c9ae80cc95a",
        "layer_id": "srf_civ_important_sites_pt",
        "timeframe": null,
        "feature_class": "Other",
        "feature_rank": 5,
        "is_visible": true,
        "is_labeled": true,
        "needs_review": false,
        "review_notes": "exclude from wiki link auto-ageneration",
        "img_url": null,
        "last_edited": "2026-07-13",
        "last_editor": "postgres",
        "name_en": "Muradi Lighthouse",
        "name_ru": "Маяк Муради",
        "name_abb_en": null,
        "name_abb_ru": null,
        "label_en": "Muradi Lighthouse",
        "label_ru": "Маяк Муради",
        "descr_en": null,
        "descr_ru": null,
        "descr_html_en": null,
        "descr_html_ru": null,
        "url_en": null,
        "url_ru": null,
        "source_name": "TSR FRIA 2e",
        "source_url": "https://www.profantasy.com/fratlas/fratlashome.htm",
        "dnd_editions_str": "2e, 3e, 5e",
        "feature_levels_str": null,
        "extra_str": null,
        "location_en": "central Kara-Tur",
        "name_alt_en_str": null,
        "location_ru": "центральный Кара-Тур",
        "name_alt_ru_str": null,
        "geog_extent_centroid_md": "37° 53′ 26″ N 088° 25′ 49″ E",
        "geog_extent_centroid_fria": "37° 53′ 26″ N 034° 56′ 55″ E",
        "geog_extent_area_sq_km": null,
        "geog_extent_area_sq_miles": null,
        "geog_extent_length_km": null,
        "geog_extent_length_miles": null,
        "geog_extent_perimeter_km": null,
        "geog_extent_perimeter_miles": null,
        "geog_extent_bbox_md": null,
        "geog_extent_bbox_fria": null,
        "name_it": "Faro di Muradi",
        "name_abb_it": null,
        "label_it": "Faro di Muradi",
        "descr_it": null,
        "descr_html_it": null,
        "url_it": null,
        "location_it": "Kara-Tur centrale",
        "name_alt_it_str": null,
        "topical_tags": "",
        "related_location_tags": "",
        "related_cultures_tags": "",
        "related_factions_tags": ""
      },
      "geometry": {
        "type": "MultiPoint",
        "coordinates": [
          [
            34.94879616289973,
            37.89060824587686
          ]
        ]
      }
    },
    {
      "type": "Feature",
      "properties": {
        "uuid": "373ac63e-122d-4e81-a050-51aa6e9e2bb4",
        "layer_id": "srf_civ_important_sites_pt",
        "timeframe": null,
        "feature_class": "Monastic Site",
        "feature_rank": 5,
        "is_visible": true,
        "is_labeled": true,
        "needs_review": false,
        "review_notes": "exclude from wiki link auto-ageneration",
        "img_url": null,
        "last_edited": "2026-07-13",
        "last_editor": "postgres",
        "name_en": "M'Tsin",
        "name_ru": "М'Тсин",
        "name_abb_en": null,
        "name_abb_ru": null,
        "label_en": "M'Tsin",
        "label_ru": "М'Тсин",
        "descr_en": null,
        "descr_ru": null,
        "descr_html_en": null,
        "descr_html_ru": null,
        "url_en": null,
        "url_ru": null,
        "source_name": "TSR FRIA 2e",
        "source_url": "https://www.profantasy.com/fratlas/fratlashome.htm",
        "dnd_editions_str": "2e, 3e, 5e",
        "feature_levels_str": null,
        "extra_str": null,
        "location_en": "western Kara-Tur → Tabot",
        "name_alt_en_str": null,
        "location_ru": "западный Кара-Тур → Табот",
        "name_alt_ru_str": null,
        "geog_extent_centroid_md": "14° 48′ 28″ N 050° 47′ 58″ E",
        "geog_extent_centroid_fria": "14° 48′ 28″ N 002° 40′ 55″ W",
        "geog_extent_area_sq_km": null,
        "geog_extent_area_sq_miles": null,
        "geog_extent_length_km": null,
        "geog_extent_length_miles": null,
        "geog_extent_perimeter_km": null,
        "geog_extent_perimeter_miles": null,
        "geog_extent_bbox_md": null,
        "geog_extent_bbox_fria": null,
        "name_it": "M'Tsin",
        "name_abb_it": null,
        "label_it": "M'Tsin",
        "descr_it": null,
        "descr_html_it": null,
        "url_it": null,
        "location_it": "Kara-Tur occidentale → Tabot",
        "name_alt_it_str": null,
        "topical_tags": "",
        "related_location_tags": "",
        "related_cultures_tags": "",
        "related_factions_tags": ""
      },
      "geometry": {
        "type": "MultiPoint",
        "coordinates": [
          [
            -2.681945330334749,
            14.808032014771344
          ]
        ]
      }
    },
    {
      "type": "Feature",
      "properties": {
        "uuid": "0da7c93e-e61a-4bf5-8b7d-b3bc60f489f1",
        "layer_id": "srf_civ_important_sites_pt",
        "timeframe": null,
        "feature_class": "Mine",
        "feature_rank": 5,
        "is_visible": true,
        "is_labeled": true,
        "needs_review": false,
        "review_notes": "exclude from wiki link auto-ageneration",
        "img_url": null,
        "last_edited": "2026-07-13",
        "last_editor": "postgres",
        "name_en": "Howser's Mine",
        "name_ru": "Рудник Хаузера",
        "name_abb_en": null,
        "name_abb_ru": null,
        "label_en": "Howser's Mine",
        "label_ru": "Рудник Хаузера",
        "descr_en": null,
        "descr_ru": null,
        "descr_html_en": null,
        "descr_html_ru": null,
        "url_en": null,
        "url_ru": null,
        "source_name": "TSR FRIA 2e",
        "source_url": "https://www.profantasy.com/fratlas/fratlashome.htm",
        "dnd_editions_str": "2e, 3e, 5e",
        "feature_levels_str": null,
        "extra_str": null,
        "location_en": "central Faerûn → Narfell",
        "name_alt_en_str": null,
        "location_ru": "центральный Фаэрун → Нарфелл",
        "name_alt_ru_str": null,
        "geog_extent_centroid_md": "43° 41′ 47″ N 011° 09′ 46″ E",
        "geog_extent_centroid_fria": "43° 41′ 47″ N 042° 19′ 07″ W",
        "geog_extent_area_sq_km": null,
        "geog_extent_area_sq_miles": null,
        "geog_extent_length_km": null,
        "geog_extent_length_miles": null,
        "geog_extent_perimeter_km": null,
        "geog_extent_perimeter_miles": null,
        "geog_extent_bbox_md": null,
        "geog_extent_bbox_fria": null,
        "name_it": "Miniera di Howser",
        "name_abb_it": null,
        "label_it": "Miniera di Howser",
        "descr_it": null,
        "descr_html_it": null,
        "url_it": null,
        "location_it": "Faerûn centrale → Narfell",
        "name_alt_it_str": null,
        "topical_tags": "",
        "related_location_tags": "",
        "related_cultures_tags": "",
        "related_factions_tags": ""
      },
      "geometry": {
        "type": "MultiPoint",
        "coordinates": [
          [
            -42.31870484894427,
            43.69649960411363
          ]
        ]
      }
    },
    {
      "type": "Feature",
      "properties": {
        "uuid": "0e01482a-8924-4fd5-bd32-bdc77a0f1100",
        "layer_id": "srf_civ_important_sites_pt",
        "timeframe": null,
        "feature_class": "Ruins",
        "feature_rank": 5,
        "is_visible": true,
        "is_labeled": true,
        "needs_review": false,
        "review_notes": "exclude from wiki link auto-ageneration",
        "img_url": null,
        "last_edited": "2026-07-13",
        "last_editor": "postgres",
        "name_en": "Chowok Pit",
        "name_ru": "Яма Човок",
        "name_abb_en": null,
        "name_abb_ru": null,
        "label_en": "Chowok Pit",
        "label_ru": "Яма Човок",
        "descr_en": null,
        "descr_ru": null,
        "descr_html_en": null,
        "descr_html_ru": null,
        "url_en": null,
        "url_ru": null,
        "source_name": "TSR FRIA 2e",
        "source_url": "https://www.profantasy.com/fratlas/fratlashome.htm",
        "dnd_editions_str": "2e, 3e, 5e",
        "feature_levels_str": null,
        "extra_str": null,
        "location_en": "south-western Kara-Tur → Tabot → Hanya Maut Wasteland",
        "name_alt_en_str": null,
        "location_ru": "юго-западный Кара-Тур → Табот → Пустошь Ханья Маут",
        "name_alt_ru_str": null,
        "geog_extent_centroid_md": "02° 07′ 01″ N 051° 56′ 04″ E",
        "geog_extent_centroid_fria": "02° 07′ 01″ N 001° 32′ 49″ W",
        "geog_extent_area_sq_km": null,
        "geog_extent_area_sq_miles": null,
        "geog_extent_length_km": null,
        "geog_extent_length_miles": null,
        "geog_extent_perimeter_km": null,
        "geog_extent_perimeter_miles": null,
        "geog_extent_bbox_md": null,
        "geog_extent_bbox_fria": null,
        "name_it": "Pozzo di Chowok",
        "name_abb_it": null,
        "label_it": "Pozzo di Chowok",
        "descr_it": null,
        "descr_html_it": null,
        "url_it": null,
        "location_it": "Kara-Tur sud-occidentale → Tabot → Deserto di Hanya Maut",
        "name_alt_it_str": null,
        "topical_tags": "",
        "related_location_tags": "",
        "related_cultures_tags": "",
        "related_factions_tags": ""
      },
      "geometry": {
        "type": "MultiPoint",
        "coordinates": [
          [
            -1.54700756413444,
            2.116979182732093
          ]
        ]
      }
    },
    {
      "type": "Feature",
      "properties": {
        "uuid": "38f0975d-e071-4fac-902d-7fe2e52ee0e4",
        "layer_id": "srf_civ_important_sites_pt",
        "timeframe": null,
        "feature_class": "Fortification",
        "feature_rank": 5,
        "is_visible": true,
        "is_labeled": true,
        "needs_review": false,
        "review_notes": null,
        "img_url": null,
        "last_edited": "2026-07-13",
        "last_editor": "postgres",
        "name_en": "unnamed",
        "name_ru": null,
        "name_abb_en": null,
        "name_abb_ru": null,
        "label_en": null,
        "label_ru": null,
        "descr_en": null,
        "descr_ru": null,
        "descr_html_en": null,
        "descr_html_ru": null,
        "url_en": null,
        "url_ru": null,
        "source_name": "TSR FRIA 2e",
        "source_url": "https://www.profantasy.com/fratlas/fratlashome.htm",
        "dnd_editions_str": "2e, 3e, 5e",
        "feature_levels_str": null,
        "extra_str": null,
        "location_en": "north-western Kara-Tur → unnamed",
        "name_alt_en_str": null,
        "location_ru": "северо-западный Кара-Тур → unnamed",
        "name_alt_ru_str": null,
        "geog_extent_centroid_md": "46° 20′ 17″ N 067° 07′ 11″ E",
        "geog_extent_centroid_fria": "46° 20′ 17″ N 013° 38′ 18″ E",
        "geog_extent_area_sq_km": null,
        "geog_extent_area_sq_miles": null,
        "geog_extent_length_km": null,
        "geog_extent_length_miles": null,
        "geog_extent_perimeter_km": null,
        "geog_extent_perimeter_miles": null,
        "geog_extent_bbox_md": null,
        "geog_extent_bbox_fria": null,
        "name_it": null,
        "name_abb_it": null,
        "label_it": null,
        "descr_it": null,
        "descr_html_it": null,
        "url_it": null,
        "location_it": "Kara-Tur nord-occidentale → unnamed",
        "name_alt_it_str": null,
        "topical_tags": "",
        "related_location_tags": "",
        "related_cultures_tags": "",
        "related_factions_tags": ""
      },
      "geometry": {
        "type": "MultiPoint",
        "coordinates": [
          [
            13.63840806324866,
            46.338176583004966
          ]
        ]
      }
    },
    {
      "type": "Feature",
      "properties": {
        "uuid": "3a1426f6-5375-4b94-8040-638033a4e054",
        "layer_id": "srf_civ_important_sites_pt",
        "timeframe": null,
        "feature_class": "Fortification",
        "feature_rank": 4,
        "is_visible": true,
        "is_labeled": true,
        "needs_review": false,
        "review_notes": null,
        "img_url": null,
        "last_edited": "2026-07-22",
        "last_editor": "postgres",
        "name_en": "Dragonspear Castle",
        "name_ru": null,
        "name_abb_en": "",
        "name_abb_ru": null,
        "label_en": "Dragonspear Castle",
        "label_ru": null,
        "descr_en": "",
        "descr_ru": null,
        "descr_html_en": null,
        "descr_html_ru": null,
        "url_en": "",
        "url_ru": null,
        "source_name": "TSR FRIA 2e",
        "source_url": "https://www.profantasy.com/fratlas/fratlashome.htm",
        "dnd_editions_str": "2e, 3e, 5e",
        "feature_levels_str": null,
        "extra_str": null,
        "location_en": "western Faerûn → Western Heartlands → High Moor",
        "name_alt_en_str": null,
        "location_ru": "западный Фаэрун → Западное Сердцеземье → Высокая Пустошь",
        "name_alt_ru_str": null,
        "geog_extent_centroid_md": "41° 51′ 57″ N 016° 06′ 22″ W",
        "geog_extent_centroid_fria": "41° 51′ 57″ N 069° 35′ 15″ W",
        "geog_extent_area_sq_km": null,
        "geog_extent_area_sq_miles": null,
        "geog_extent_length_km": null,
        "geog_extent_length_miles": null,
        "geog_extent_perimeter_km": null,
        "geog_extent_perimeter_miles": null,
        "geog_extent_bbox_md": null,
        "geog_extent_bbox_fria": null,
        "name_it": null,
        "name_abb_it": null,
        "label_it": "Dragonspear Castle",
        "descr_it": null,
        "descr_html_it": null,
        "url_it": null,
        "location_it": "Faerûn occidentale → Terre Centrali Occidentali → Alta Brughiera",
        "name_alt_it_str": null,
        "topical_tags": "",
        "related_location_tags": "",
        "related_cultures_tags": "",
        "related_factions_tags": ""
      },
      "geometry": {
        "type": "MultiPoint",
        "coordinates": [
          [
            -69.58777026634759,
            41.86594703031602
          ]
        ]
      }
    },
    {
      "type": "Feature",
      "properties": {
        "uuid": "3a6106f2-4a0c-4137-9bc9-058f2293ac52",
        "layer_id": "srf_civ_important_sites_pt",
        "timeframe": null,
        "feature_class": "Fortification",
        "feature_rank": 5,
        "is_visible": true,
        "is_labeled": true,
        "needs_review": false,
        "review_notes": null,
        "img_url": null,
        "last_edited": "2026-07-13",
        "last_editor": "postgres",
        "name_en": "unnamed",
        "name_ru": null,
        "name_abb_en": null,
        "name_abb_ru": null,
        "label_en": null,
        "label_ru": null,
        "descr_en": null,
        "descr_ru": null,
        "descr_html_en": null,
        "descr_html_ru": null,
        "url_en": null,
        "url_ru": null,
        "source_name": "TSR FRIA 2e",
        "source_url": "https://www.profantasy.com/fratlas/fratlashome.htm",
        "dnd_editions_str": "2e, 3e, 5e",
        "feature_levels_str": null,
        "extra_str": null,
        "location_en": "south-western Zakhara → High Desert",
        "name_alt_en_str": null,
        "location_ru": "юго-западный Захара → Высокая Пустыня",
        "name_alt_ru_str": null,
        "geog_extent_centroid_md": "15° 54′ 18″ S 019° 34′ 35″ E",
        "geog_extent_centroid_fria": "15° 54′ 18″ S 033° 54′ 18″ W",
        "geog_extent_area_sq_km": null,
        "geog_extent_area_sq_miles": null,
        "geog_extent_length_km": null,
        "geog_extent_length_miles": null,
        "geog_extent_perimeter_km": null,
        "geog_extent_perimeter_miles": null,
        "geog_extent_bbox_md": null,
        "geog_extent_bbox_fria": null,
        "name_it": null,
        "name_abb_it": null,
        "label_it": null,
        "descr_it": null,
        "descr_html_it": null,
        "url_it": null,
        "location_it": "Zakhara sud-occidentale → Alto Deserto",
        "name_alt_it_str": null,
        "topical_tags": "",
        "related_location_tags": "",
        "related_cultures_tags": "",
        "related_factions_tags": ""
      },
      "geometry": {
        "type": "MultiPoint",
        "coordinates": [
          [
            -33.90502146128666,
            -15.905203847691075
          ]
        ]
      }
    },
    {
      "type": "Feature",
      "properties": {
        "uuid": "3a72c7c8-8ca0-46a1-a915-98a5304001a7",
        "layer_id": "srf_civ_important_sites_pt",
        "timeframe": null,
        "feature_class": "Mine",
        "feature_rank": 5,
        "is_visible": true,
        "is_labeled": true,
        "needs_review": false,
        "review_notes": null,
        "img_url": null,
        "last_edited": "2026-07-13",
        "last_editor": "postgres",
        "name_en": "unnamed",
        "name_ru": null,
        "name_abb_en": null,
        "name_abb_ru": null,
        "label_en": null,
        "label_ru": null,
        "descr_en": null,
        "descr_ru": null,
        "descr_html_en": null,
        "descr_html_ru": null,
        "url_en": null,
        "url_ru": null,
        "source_name": "TSR FRIA 2e",
        "source_url": "https://www.profantasy.com/fratlas/fratlashome.htm",
        "dnd_editions_str": "2e, 3e, 5e",
        "feature_levels_str": null,
        "extra_str": null,
        "location_en": "central Sea of Swords → Moonshae Isles → Andover Heights",
        "name_alt_en_str": null,
        "location_ru": "центральный море Мечей → острова Муншае → Андоверские Высоты",
        "name_alt_ru_str": null,
        "geog_extent_centroid_md": "36° 50′ 56″ N 024° 21′ 39″ W",
        "geog_extent_centroid_fria": "36° 50′ 56″ N 077° 50′ 33″ W",
        "geog_extent_area_sq_km": null,
        "geog_extent_area_sq_miles": null,
        "geog_extent_length_km": null,
        "geog_extent_length_miles": null,
        "geog_extent_perimeter_km": null,
        "geog_extent_perimeter_miles": null,
        "geog_extent_bbox_md": null,
        "geog_extent_bbox_fria": null,
        "name_it": null,
        "name_abb_it": null,
        "label_it": null,
        "descr_it": null,
        "descr_html_it": null,
        "url_it": null,
        "location_it": "Mare delle Spade centrale → Isole Moonshae → Alture di Andover",
        "name_alt_it_str": null,
        "topical_tags": "",
        "related_location_tags": "",
        "related_cultures_tags": "",
        "related_factions_tags": ""
      },
      "geometry": {
        "type": "MultiPoint",
        "coordinates": [
          [
            -77.84254566239304,
            36.84902042307084
          ]
        ]
      }
    },
    {
      "type": "Feature",
      "properties": {
        "uuid": "3b009466-2935-4c07-9c1f-012118d7e36f",
        "layer_id": "srf_civ_important_sites_pt",
        "timeframe": null,
        "feature_class": "Fortification",
        "feature_rank": 5,
        "is_visible": true,
        "is_labeled": true,
        "needs_review": false,
        "review_notes": "exclude from wiki link auto-ageneration",
        "img_url": null,
        "last_edited": "2026-07-13",
        "last_editor": "postgres",
        "name_en": "Krak al-Sajjaan",
        "name_ru": "Крак аль-Саджаан",
        "name_abb_en": null,
        "name_abb_ru": null,
        "label_en": "Krak al-Sajjaan",
        "label_ru": "Крак аль-Саджаан",
        "descr_en": null,
        "descr_ru": null,
        "descr_html_en": null,
        "descr_html_ru": null,
        "url_en": null,
        "url_ru": null,
        "source_name": "TSR FRIA 2e",
        "source_url": "https://www.profantasy.com/fratlas/fratlashome.htm",
        "dnd_editions_str": "2e, 3e, 5e",
        "feature_levels_str": null,
        "extra_str": null,
        "location_en": "southern Zakhara → unnamed",
        "name_alt_en_str": null,
        "location_ru": "южный Захара → unnamed",
        "name_alt_ru_str": null,
        "geog_extent_centroid_md": "18° 21′ 26″ S 032° 08′ 39″ E",
        "geog_extent_centroid_fria": "18° 21′ 26″ S 021° 20′ 13″ W",
        "geog_extent_area_sq_km": null,
        "geog_extent_area_sq_miles": null,
        "geog_extent_length_km": null,
        "geog_extent_length_miles": null,
        "geog_extent_perimeter_km": null,
        "geog_extent_perimeter_miles": null,
        "geog_extent_bbox_md": null,
        "geog_extent_bbox_fria": null,
        "name_it": "Krak al-Sajjaan",
        "name_abb_it": null,
        "label_it": "Krak al-Sajjaan",
        "descr_it": null,
        "descr_html_it": null,
        "url_it": null,
        "location_it": "Zakhara meridionale → unnamed",
        "name_alt_it_str": null,
        "topical_tags": "",
        "related_location_tags": "",
        "related_cultures_tags": "",
        "related_factions_tags": ""
      },
      "geometry": {
        "type": "MultiPoint",
        "coordinates": [
          [
            -21.337075833930516,
            -18.357298512865295
          ]
        ]
      }
    },
    {
      "type": "Feature",
      "properties": {
        "uuid": "3ab8b4f5-cd3a-4c2d-aef8-e73e00df532e",
        "layer_id": "srf_civ_important_sites_pt",
        "timeframe": null,
        "feature_class": "Inn",
        "feature_rank": 5,
        "is_visible": true,
        "is_labeled": true,
        "needs_review": false,
        "review_notes": null,
        "img_url": null,
        "last_edited": "2026-07-22",
        "last_editor": "postgres",
        "name_en": "The Halfway Inn",
        "name_ru": null,
        "name_abb_en": "",
        "name_abb_ru": null,
        "label_en": "The Halfway Inn",
        "label_ru": null,
        "descr_en": "",
        "descr_ru": null,
        "descr_html_en": null,
        "descr_html_ru": null,
        "url_en": "",
        "url_ru": null,
        "source_name": "TSR FRIA 2e",
        "source_url": "https://www.profantasy.com/fratlas/fratlashome.htm",
        "dnd_editions_str": "2e, 3e, 5e",
        "feature_levels_str": null,
        "extra_str": null,
        "location_en": "western Faerûn → Western Heartlands → Greycloak Hills",
        "name_alt_en_str": null,
        "location_ru": "западный Фаэрун → Западное Сердцеземье → Холмы Серого Плаща",
        "name_alt_ru_str": null,
        "geog_extent_centroid_md": "42° 28′ 26″ N 010° 12′ 20″ W",
        "geog_extent_centroid_fria": "42° 28′ 26″ N 063° 41′ 13″ W",
        "geog_extent_area_sq_km": null,
        "geog_extent_area_sq_miles": null,
        "geog_extent_length_km": null,
        "geog_extent_length_miles": null,
        "geog_extent_perimeter_km": null,
        "geog_extent_perimeter_miles": null,
        "geog_extent_bbox_md": null,
        "geog_extent_bbox_fria": null,
        "name_it": null,
        "name_abb_it": null,
        "label_it": "The Halfway Inn",
        "descr_it": null,
        "descr_html_it": null,
        "url_it": null,
        "location_it": "Faerûn occidentale → Terre Centrali Occidentali → Colline del Mantello Grigio",
        "name_alt_it_str": null,
        "topical_tags": "",
        "related_location_tags": "",
        "related_cultures_tags": "",
        "related_factions_tags": ""
      },
      "geometry": {
        "type": "MultiPoint",
        "coordinates": [
          [
            -63.68708533504325,
            42.473996986117136
          ]
        ]
      }
    },
    {
      "type": "Feature",
      "properties": {
        "uuid": "292e2667-64a6-45d4-836c-313a4b2fec1a",
        "layer_id": "srf_civ_important_sites_pt",
        "timeframe": null,
        "feature_class": "Fortification",
        "feature_rank": 5,
        "is_visible": true,
        "is_labeled": true,
        "needs_review": false,
        "review_notes": null,
        "img_url": null,
        "last_edited": "2026-07-14",
        "last_editor": "postgres",
        "name_en": "Gate of Iron",
        "name_ru": "Железные Врата",
        "name_abb_en": null,
        "name_abb_ru": null,
        "label_en": "Gate of Iron",
        "label_ru": "Железные Врата",
        "descr_en": "A magical gateway in the Dustwall Mountains, built as a stone battlement with iron gates that provided the only passage through the mountain pass. Constructed over four millennia ago, it was sealed and could not be reopened, forcing merchants to take longer routes.",
        "descr_ru": "Магические врата в Горах Пыльной Стены, построенные как каменное укрепление с железными воротами, обеспечивавшими единственный проход через горный перевал. Возведённые более четырёх тысячелетий назад, были запечатаны и не могли быть открыты вновь, вынуждая купцов пользоваться более длинными маршрутами.",
        "descr_html_en": null,
        "descr_html_ru": null,
        "url_en": "https://forgottenrealms.fandom.com/wiki/Gate_of_Iron",
        "url_ru": null,
        "source_name": "TSR FRIA 2e",
        "source_url": "https://www.profantasy.com/fratlas/fratlashome.htm",
        "dnd_editions_str": "2e, 3e, 5e",
        "feature_levels_str": null,
        "extra_str": "topical_tags: [\"gate\", \"magical_gateway\", \"mountain_pass\", \"fortification\", \"ancient_construction\", \"imaskar_empire\", \"dwarven_architecture\", \"enchanted\"] | related_cultures_tags: [\"Imaskari\", \"southern folk\"] | related_location_tags: [\"Raurin\", \"Durpar\", \"Dustwall Mountains\", \"Scarlet Jungle\", \"Ulgarth\", \"Shaar\", \"Var the Golden\", \"Faerûn\"]",
        "location_en": "south-eastern Faerûn → Golden Water → Dustwall Mountains",
        "name_alt_en_str": null,
        "location_ru": "юго-восточный Фаэрун → Золотая Вода → Пылестенные Горы",
        "name_alt_ru_str": null,
        "geog_extent_centroid_md": "21° 03′ 19″ N 031° 58′ 02″ E",
        "geog_extent_centroid_fria": "21° 03′ 19″ N 021° 30′ 50″ W",
        "geog_extent_area_sq_km": null,
        "geog_extent_area_sq_miles": null,
        "geog_extent_length_km": null,
        "geog_extent_length_miles": null,
        "geog_extent_perimeter_km": null,
        "geog_extent_perimeter_miles": null,
        "geog_extent_bbox_md": null,
        "geog_extent_bbox_fria": null,
        "name_it": "Porta di Ferro",
        "name_abb_it": null,
        "label_it": "Porta di Ferro",
        "descr_it": "La Porta di Ferro è un passaggio magico nei Monti Dustwall, costruito come una merlatura di pietra con porte di ferro che fornivano l'unico passaggio attraverso il valico montano. Costruita oltre quattro millenni fa, fu sigillata e non poté essere riaperta, costringendo i mercanti a prendere rotte più lunghe.",
        "descr_html_it": null,
        "url_it": null,
        "location_it": "Faerûn sud-orientale → Acque Dorate → Monti del Muro di Polvere",
        "name_alt_it_str": null,
        "topical_tags": "gate, magical_gateway, mountain_pass, fortification, ancient_construction, imaskar_empire, dwarven_architecture, enchanted",
        "related_location_tags": "Raurin, Durpar, Dustwall Mountains, Scarlet Jungle, Ulgarth, Shaar, Var the Golden, Faerûn",
        "related_cultures_tags": "Imaskari, southern folk",
        "related_factions_tags": ""
      },
      "geometry": {
        "type": "MultiPoint",
        "coordinates": [
          [
            -21.51408254578981,
            21.055323537119175
          ]
        ]
      }
    },
    {
      "type": "Feature",
      "properties": {
        "uuid": "29a7f236-ad16-4b3f-a707-c9122482923c",
        "layer_id": "srf_civ_important_sites_pt",
        "timeframe": null,
        "feature_class": "Fortification",
        "feature_rank": 5,
        "is_visible": true,
        "is_labeled": true,
        "needs_review": false,
        "review_notes": null,
        "img_url": null,
        "last_edited": "2026-07-13",
        "last_editor": "postgres",
        "name_en": "unnamed",
        "name_ru": null,
        "name_abb_en": null,
        "name_abb_ru": null,
        "label_en": null,
        "label_ru": null,
        "descr_en": null,
        "descr_ru": null,
        "descr_html_en": null,
        "descr_html_ru": null,
        "url_en": null,
        "url_ru": null,
        "source_name": "TSR FRIA 2e",
        "source_url": "https://www.profantasy.com/fratlas/fratlashome.htm",
        "dnd_editions_str": "2e, 3e, 5e",
        "feature_levels_str": null,
        "extra_str": null,
        "location_en": "southern Zakhara → unnamed",
        "name_alt_en_str": null,
        "location_ru": "южный Захара → unnamed",
        "name_alt_ru_str": null,
        "geog_extent_centroid_md": "14° 03′ 44″ S 024° 17′ 55″ E",
        "geog_extent_centroid_fria": "14° 03′ 44″ S 029° 10′ 57″ W",
        "geog_extent_area_sq_km": null,
        "geog_extent_area_sq_miles": null,
        "geog_extent_length_km": null,
        "geog_extent_length_miles": null,
        "geog_extent_perimeter_km": null,
        "geog_extent_perimeter_miles": null,
        "geog_extent_bbox_md": null,
        "geog_extent_bbox_fria": null,
        "name_it": null,
        "name_abb_it": null,
        "label_it": null,
        "descr_it": null,
        "descr_html_it": null,
        "url_it": null,
        "location_it": "Zakhara meridionale → unnamed",
        "name_alt_it_str": null,
        "topical_tags": "",
        "related_location_tags": "",
        "related_cultures_tags": "",
        "related_factions_tags": ""
      },
      "geometry": {
        "type": "MultiPoint",
        "coordinates": [
          [
            -29.18261261319842,
            -14.062243412702824
          ]
        ]
      }
    },
    {
      "type": "Feature",
      "properties": {
        "uuid": "29dc3120-0c20-46cd-adb6-529a66839fd6",
        "layer_id": "srf_civ_important_sites_pt",
        "timeframe": null,
        "feature_class": "Mine",
        "feature_rank": 5,
        "is_visible": true,
        "is_labeled": true,
        "needs_review": false,
        "review_notes": null,
        "img_url": null,
        "last_edited": "2026-07-14",
        "last_editor": "postgres",
        "name_en": "Wyrmheart Mine",
        "name_ru": "Рудник Змиева Сердца",
        "name_abb_en": null,
        "name_abb_ru": null,
        "label_en": "Wyrmheart Mine",
        "label_ru": "Рудник Змиева Сердца",
        "descr_en": "A highly productive dwarven mine in the Kobold Mountains of Chult, known for its wealth of diamonds and emeralds. It was later seized by a red dragon and used as a lair.",
        "descr_ru": "Высокопродуктивная дварфийская шахта в Кобольдских Горах Чулта, известная богатством алмазов и изумрудов. Позже была захвачена красным драконом и использовалась как логово.",
        "descr_html_en": null,
        "descr_html_ru": null,
        "url_en": "https://forgottenrealms.fandom.com/wiki/Wyrmheart_Mine",
        "url_ru": null,
        "source_name": "TSR FRIA 2e",
        "source_url": "https://www.profantasy.com/fratlas/fratlashome.htm",
        "dnd_editions_str": "2e, 3e, 5e",
        "feature_levels_str": null,
        "extra_str": "topical_tags: [\"mine\", \"dwarven\", \"dragon\", \"lair\", \"gemstone\", \"diamond\", \"emerald\"] | related_cultures_tags: [\"Dwarf\", \"Kobold\"] | related_location_tags: [\"Kobold Mountains\", \"Chult\"]",
        "location_en": "south-western Faerûn → Chult → Kobold Mountains",
        "name_alt_en_str": null,
        "location_ru": "юго-западный Фаэрун → Чулт → Кобольдские Горы",
        "name_alt_ru_str": null,
        "geog_extent_centroid_md": "14° 44′ 59″ N 027° 34′ 42″ W",
        "geog_extent_centroid_fria": "14° 44′ 59″ N 081° 03′ 36″ W",
        "geog_extent_area_sq_km": null,
        "geog_extent_area_sq_miles": null,
        "geog_extent_length_km": null,
        "geog_extent_length_miles": null,
        "geog_extent_perimeter_km": null,
        "geog_extent_perimeter_miles": null,
        "geog_extent_bbox_md": null,
        "geog_extent_bbox_fria": null,
        "name_it": "Miniera di Wyrmheart",
        "name_abb_it": null,
        "label_it": "Miniera di Wyrmheart",
        "descr_it": "Una miniera nanica molto produttiva nelle Montagne dei Coboldi di Chult, nota per la sua ricchezza di diamanti e smeraldi. Fu successivamente conquistata da un drago rosso e usata come tana.",
        "descr_html_it": null,
        "url_it": null,
        "location_it": "Faerûn sud-occidentale → Chult → Montagne dei Coboldi",
        "name_alt_it_str": null,
        "topical_tags": "mine, dwarven, dragon, lair, gemstone, diamond, emerald",
        "related_location_tags": "Kobold Mountains, Chult",
        "related_cultures_tags": "Dwarf, Kobold",
        "related_factions_tags": ""
      },
      "geometry": {
        "type": "MultiPoint",
        "coordinates": [
          [
            -81.06010258307644,
            14.74996107785342
          ]
        ]
      }
    },
    {
      "type": "Feature",
      "properties": {
        "uuid": "33b4bcb9-d558-4dd9-b36d-e6f8f4c4c145",
        "layer_id": "srf_civ_important_sites_pt",
        "timeframe": null,
        "feature_class": "Ruins",
        "feature_rank": 5,
        "is_visible": true,
        "is_labeled": true,
        "needs_review": false,
        "review_notes": null,
        "img_url": null,
        "last_edited": "2026-07-14",
        "last_editor": "postgres",
        "name_en": "Tan",
        "name_ru": "Тан",
        "name_abb_en": null,
        "name_abb_ru": null,
        "label_en": "Tan",
        "label_ru": "Тан",
        "descr_en": "A small volcanic island in the eastern Pirate Isles, east of Bulta. Its central mountain has a smoking crater and occasional rumbling. The native fishermen are superstitious about the mountain and have practiced human sacrifice to appease it. Contrary to appearances, the mountain is actually the lair of a red dragon.",
        "descr_ru": "Небольшой вулканический остров в восточной части Пиратских Островов, к востоку от Булты. Его центральная гора имеет дымящийся кратер и время от времени грохочет. Местные рыбаки суеверно относятся к горе и практиковали человеческие жертвоприношения, чтобы умилостивить её. Вопреки видимости, гора на самом деле является логовом красного дракона.",
        "descr_html_en": null,
        "descr_html_ru": null,
        "url_en": "https://forgottenrealms.fandom.com/wiki/Tan",
        "url_ru": null,
        "source_name": "TSR FRIA 2e",
        "source_url": "https://www.profantasy.com/fratlas/fratlashome.htm",
        "dnd_editions_str": "2e, 3e, 5e",
        "feature_levels_str": null,
        "extra_str": "topical_tags: [\"island\", \"volcanic\", \"smoking_crater\", \"fishermen\", \"superstition\", \"human_sacrifice\", \"dragon_lair\"] | related_cultures_tags: [\"natives of Tan\"] | related_location_tags: [\"Pirate Isles\", \"Sea of Fallen Stars\", \"Bulta\"]",
        "location_en": "southern Kara-Tur → T'u Lung → unnamed",
        "name_alt_en_str": null,
        "location_ru": "южный Кара-Тур → Ту Лунг → unnamed",
        "name_alt_ru_str": null,
        "geog_extent_centroid_md": "11° 31′ 46″ N 076° 48′ 27″ E",
        "geog_extent_centroid_fria": "11° 31′ 46″ N 023° 19′ 33″ E",
        "geog_extent_area_sq_km": null,
        "geog_extent_area_sq_miles": null,
        "geog_extent_length_km": null,
        "geog_extent_length_miles": null,
        "geog_extent_perimeter_km": null,
        "geog_extent_perimeter_miles": null,
        "geog_extent_bbox_md": null,
        "geog_extent_bbox_fria": null,
        "name_it": "Tan",
        "name_abb_it": null,
        "label_it": "Tan",
        "descr_it": "Una piccola isola vulcanica nelle Isole dei Pirati orientali, a est di Bulta. La sua montagna centrale ha un cratere fumante e occasionali rombi. I pescatori nativi sono superstiziosi riguardo alla montagna e hanno praticato sacrifici umani per placarla. Contrariamente alle apparenze, la montagna è in realtà la tana di un drago rosso.",
        "descr_html_it": null,
        "url_it": null,
        "location_it": "Kara-Tur meridionale → T'u Lung → unnamed",
        "name_alt_it_str": null,
        "topical_tags": "island, volcanic, smoking_crater, fishermen, superstition, human_sacrifice, dragon_lair",
        "related_location_tags": "Pirate Isles, Sea of Fallen Stars, Bulta",
        "related_cultures_tags": "natives of Tan",
        "related_factions_tags": ""
      },
      "geometry": {
        "type": "MultiPoint",
        "coordinates": [
          [
            23.32601210031654,
            11.52959312499092
          ]
        ]
      }
    },
    {
      "type": "Feature",
      "properties": {
        "uuid": "a0838143-970f-4c3e-94a7-51aed150217f",
        "layer_id": "srf_civ_important_sites_pt",
        "timeframe": null,
        "feature_class": "Ruins",
        "feature_rank": 5,
        "is_visible": true,
        "is_labeled": true,
        "needs_review": false,
        "review_notes": "exclude from wiki link auto-ageneration",
        "img_url": null,
        "last_edited": "2026-07-13",
        "last_editor": "postgres",
        "name_en": "Chasoiné",
        "name_ru": "Шазоинэ",
        "name_abb_en": null,
        "name_abb_ru": null,
        "label_en": "Chasoiné",
        "label_ru": "Шазоинэ",
        "descr_en": null,
        "descr_ru": null,
        "descr_html_en": null,
        "descr_html_ru": null,
        "url_en": null,
        "url_ru": null,
        "source_name": "TSR FRIA 2e",
        "source_url": "https://www.profantasy.com/fratlas/fratlashome.htm",
        "dnd_editions_str": "2e, 3e, 5e",
        "feature_levels_str": null,
        "extra_str": null,
        "location_en": "southern Faerûn → Halruaa → Muaroghal - the East Wall",
        "name_alt_en_str": null,
        "location_ru": "южный Фаэрун → Халруа → Муарогхал — Восточная Стена",
        "name_alt_ru_str": null,
        "geog_extent_centroid_md": "05° 07′ 14″ N 002° 24′ 50″ E",
        "geog_extent_centroid_fria": "05° 07′ 14″ N 051° 04′ 03″ W",
        "geog_extent_area_sq_km": null,
        "geog_extent_area_sq_miles": null,
        "geog_extent_length_km": null,
        "geog_extent_length_miles": null,
        "geog_extent_perimeter_km": null,
        "geog_extent_perimeter_miles": null,
        "geog_extent_bbox_md": null,
        "geog_extent_bbox_fria": null,
        "name_it": "Chasoiné",
        "name_abb_it": null,
        "label_it": "Chasoiné",
        "descr_it": null,
        "descr_html_it": null,
        "url_it": null,
        "location_it": "Faerûn meridionale → Halruaa → Muaroghal - il Muro Orientale",
        "name_alt_it_str": null,
        "topical_tags": "",
        "related_location_tags": "",
        "related_cultures_tags": "",
        "related_factions_tags": ""
      },
      "geometry": {
        "type": "MultiPoint",
        "coordinates": [
          [
            -51.06757716486397,
            5.120761185863035
          ]
        ]
      }
    },
    {
      "type": "Feature",
      "properties": {
        "uuid": "3bf2fb5d-23e3-410f-b2fd-64f1379477d7",
        "layer_id": "srf_civ_important_sites_pt",
        "timeframe": null,
        "feature_class": "Fortification",
        "feature_rank": 5,
        "is_visible": true,
        "is_labeled": true,
        "needs_review": false,
        "review_notes": null,
        "img_url": null,
        "last_edited": "2026-07-13",
        "last_editor": "postgres",
        "name_en": "unnamed",
        "name_ru": null,
        "name_abb_en": null,
        "name_abb_ru": null,
        "label_en": null,
        "label_ru": null,
        "descr_en": null,
        "descr_ru": null,
        "descr_html_en": null,
        "descr_html_ru": null,
        "url_en": null,
        "url_ru": null,
        "source_name": "TSR FRIA 2e",
        "source_url": "https://www.profantasy.com/fratlas/fratlashome.htm",
        "dnd_editions_str": "2e, 3e, 5e",
        "feature_levels_str": null,
        "extra_str": null,
        "location_en": "central Zakhara → unnamed",
        "name_alt_en_str": null,
        "location_ru": "центральный Захара → unnamed",
        "name_alt_ru_str": null,
        "geog_extent_centroid_md": "11° 42′ 36″ S 026° 51′ 33″ E",
        "geog_extent_centroid_fria": "11° 42′ 36″ S 026° 37′ 20″ W",
        "geog_extent_area_sq_km": null,
        "geog_extent_area_sq_miles": null,
        "geog_extent_length_km": null,
        "geog_extent_length_miles": null,
        "geog_extent_perimeter_km": null,
        "geog_extent_perimeter_miles": null,
        "geog_extent_bbox_md": null,
        "geog_extent_bbox_fria": null,
        "name_it": null,
        "name_abb_it": null,
        "label_it": null,
        "descr_it": null,
        "descr_html_it": null,
        "url_it": null,
        "location_it": "Zakhara centrale → unnamed",
        "name_alt_it_str": null,
        "topical_tags": "",
        "related_location_tags": "",
        "related_cultures_tags": "",
        "related_factions_tags": ""
      },
      "geometry": {
        "type": "MultiPoint",
        "coordinates": [
          [
            -26.622326247519204,
            -11.710214758193954
          ]
        ]
      }
    },
    {
      "type": "Feature",
      "properties": {
        "uuid": "3ddd0eb1-a616-406a-a3b7-fe765cbf8b71",
        "layer_id": "srf_civ_important_sites_pt",
        "timeframe": null,
        "feature_class": "Fortification",
        "feature_rank": 5,
        "is_visible": true,
        "is_labeled": true,
        "needs_review": false,
        "review_notes": "exclude from wiki link auto-ageneration",
        "img_url": null,
        "last_edited": "2026-07-13",
        "last_editor": "postgres",
        "name_en": "Nighthawk Tower",
        "name_ru": "Башня Ястреба-Ночника",
        "name_abb_en": null,
        "name_abb_ru": null,
        "label_en": "Nighthawk Tower",
        "label_ru": "Башня Ястреба-Ночника",
        "descr_en": null,
        "descr_ru": null,
        "descr_html_en": null,
        "descr_html_ru": null,
        "url_en": null,
        "url_ru": null,
        "source_name": "TSR FRIA 2e",
        "source_url": "https://www.profantasy.com/fratlas/fratlashome.htm",
        "dnd_editions_str": "2e, 3e, 5e",
        "feature_levels_str": null,
        "extra_str": null,
        "location_en": "central Faerûn → Great Dale → Rawlinswood",
        "name_alt_en_str": null,
        "location_ru": "центральный Фаэрун → Великая Долина → Ролинсвуд",
        "name_alt_ru_str": null,
        "geog_extent_centroid_md": "41° 38′ 22″ N 014° 04′ 15″ E",
        "geog_extent_centroid_fria": "41° 38′ 22″ N 039° 24′ 37″ W",
        "geog_extent_area_sq_km": null,
        "geog_extent_area_sq_miles": null,
        "geog_extent_length_km": null,
        "geog_extent_length_miles": null,
        "geog_extent_perimeter_km": null,
        "geog_extent_perimeter_miles": null,
        "geog_extent_bbox_md": null,
        "geog_extent_bbox_fria": null,
        "name_it": "Torre Nighthawk",
        "name_abb_it": null,
        "label_it": "Torre Nighthawk",
        "descr_it": null,
        "descr_html_it": null,
        "url_it": null,
        "location_it": "Faerûn centrale → Grande Valle → Bosco Rawlins",
        "name_alt_it_str": null,
        "topical_tags": "",
        "related_location_tags": "",
        "related_cultures_tags": "",
        "related_factions_tags": ""
      },
      "geometry": {
        "type": "MultiPoint",
        "coordinates": [
          [
            -39.41044691679458,
            41.639478765717875
          ]
        ]
      }
    },
    {
      "type": "Feature",
      "properties": {
        "uuid": "3e298ab8-6678-4dc0-affb-cd6c9c947c52",
        "layer_id": "srf_civ_important_sites_pt",
        "timeframe": null,
        "feature_class": "Hill",
        "feature_rank": 5,
        "is_visible": true,
        "is_labeled": true,
        "needs_review": false,
        "review_notes": "exclude from wiki link auto-ageneration",
        "img_url": null,
        "last_edited": "2026-07-13",
        "last_editor": "postgres",
        "name_en": "Namaskar Hill",
        "name_ru": "Холм Намаскар",
        "name_abb_en": null,
        "name_abb_ru": null,
        "label_en": "Namaskar Hill",
        "label_ru": "Холм Намаскар",
        "descr_en": null,
        "descr_ru": null,
        "descr_html_en": null,
        "descr_html_ru": null,
        "url_en": null,
        "url_ru": null,
        "source_name": "TSR FRIA 2e",
        "source_url": "https://www.profantasy.com/fratlas/fratlashome.htm",
        "dnd_editions_str": "2e, 3e, 5e",
        "feature_levels_str": null,
        "extra_str": null,
        "location_en": "north-western Kara-Tur → unnamed",
        "name_alt_en_str": null,
        "location_ru": "северо-западный Кара-Тур → unnamed",
        "name_alt_ru_str": null,
        "geog_extent_centroid_md": "47° 09′ 50″ N 066° 27′ 46″ E",
        "geog_extent_centroid_fria": "47° 09′ 50″ N 012° 58′ 52″ E",
        "geog_extent_area_sq_km": null,
        "geog_extent_area_sq_miles": null,
        "geog_extent_length_km": null,
        "geog_extent_length_miles": null,
        "geog_extent_perimeter_km": null,
        "geog_extent_perimeter_miles": null,
        "geog_extent_bbox_md": null,
        "geog_extent_bbox_fria": null,
        "name_it": "Collina Namaskar",
        "name_abb_it": null,
        "label_it": "Collina Namaskar",
        "descr_it": null,
        "descr_html_it": null,
        "url_it": null,
        "location_it": "Kara-Tur nord-occidentale → unnamed",
        "name_alt_it_str": null,
        "topical_tags": "",
        "related_location_tags": "",
        "related_cultures_tags": "",
        "related_factions_tags": ""
      },
      "geometry": {
        "type": "MultiPoint",
        "coordinates": [
          [
            12.981289434152771,
            47.16410356557426
          ]
        ]
      }
    },
    {
      "type": "Feature",
      "properties": {
        "uuid": "40f1c168-a9c3-4675-824a-864853c8bfd7",
        "layer_id": "srf_civ_important_sites_pt",
        "timeframe": null,
        "feature_class": "Fortification",
        "feature_rank": 5,
        "is_visible": true,
        "is_labeled": true,
        "needs_review": false,
        "review_notes": "exclude from wiki link auto-ageneration",
        "img_url": null,
        "last_edited": "2026-07-13",
        "last_editor": "postgres",
        "name_en": "Te Pachan Castle",
        "name_ru": "Замок Те Пачан",
        "name_abb_en": null,
        "name_abb_ru": null,
        "label_en": "Te Pachan Castle",
        "label_ru": "Замок Те Пачан",
        "descr_en": null,
        "descr_ru": null,
        "descr_html_en": null,
        "descr_html_ru": null,
        "url_en": null,
        "url_ru": null,
        "source_name": "TSR FRIA 2e",
        "source_url": "https://www.profantasy.com/fratlas/fratlashome.htm",
        "dnd_editions_str": "2e, 3e, 5e",
        "feature_levels_str": null,
        "extra_str": null,
        "location_en": "central Kara-Tur → T'u Lung → unnamed",
        "name_alt_en_str": null,
        "location_ru": "центральный Кара-Тур → Ту Лунг → unnamed",
        "name_alt_ru_str": null,
        "geog_extent_centroid_md": "16° 26′ 41″ N 085° 45′ 29″ E",
        "geog_extent_centroid_fria": "16° 26′ 41″ N 032° 16′ 35″ E",
        "geog_extent_area_sq_km": null,
        "geog_extent_area_sq_miles": null,
        "geog_extent_length_km": null,
        "geog_extent_length_miles": null,
        "geog_extent_perimeter_km": null,
        "geog_extent_perimeter_miles": null,
        "geog_extent_bbox_md": null,
        "geog_extent_bbox_fria": null,
        "name_it": "Castello di Te Pachan",
        "name_abb_it": null,
        "label_it": "Castello di Te Pachan",
        "descr_it": null,
        "descr_html_it": null,
        "url_it": null,
        "location_it": "Kara-Tur centrale → T'u Lung → unnamed",
        "name_alt_it_str": null,
        "topical_tags": "",
        "related_location_tags": "",
        "related_cultures_tags": "",
        "related_factions_tags": ""
      },
      "geometry": {
        "type": "MultiPoint",
        "coordinates": [
          [
            32.2765895127017,
            16.44487566648025
          ]
        ]
      }
    },
    {
      "type": "Feature",
      "properties": {
        "uuid": "544d764b-1146-47a8-a9d4-f3d597f57830",
        "layer_id": "srf_civ_important_sites_pt",
        "timeframe": null,
        "feature_class": "Fortification",
        "feature_rank": 4,
        "is_visible": true,
        "is_labeled": true,
        "needs_review": false,
        "review_notes": "exclude from wiki link auto-ageneration",
        "img_url": null,
        "last_edited": "2026-07-13",
        "last_editor": "postgres",
        "name_en": "Kung Tower",
        "name_ru": "Башня Кунг",
        "name_abb_en": null,
        "name_abb_ru": null,
        "label_en": "Kung Tower",
        "label_ru": "Башня Кунг",
        "descr_en": null,
        "descr_ru": null,
        "descr_html_en": null,
        "descr_html_ru": null,
        "url_en": null,
        "url_ru": null,
        "source_name": "TSR FRIA 2e",
        "source_url": "https://www.profantasy.com/fratlas/fratlashome.htm",
        "dnd_editions_str": "2e, 3e, 5e",
        "feature_levels_str": null,
        "extra_str": null,
        "location_en": "southern Kara-Tur → Malatra",
        "name_alt_en_str": null,
        "location_ru": "южный Кара-Тур → Малатра",
        "name_alt_ru_str": null,
        "geog_extent_centroid_md": "08° 19′ 17″ N 083° 40′ 17″ E",
        "geog_extent_centroid_fria": "08° 19′ 17″ N 030° 11′ 23″ E",
        "geog_extent_area_sq_km": null,
        "geog_extent_area_sq_miles": null,
        "geog_extent_length_km": null,
        "geog_extent_length_miles": null,
        "geog_extent_perimeter_km": null,
        "geog_extent_perimeter_miles": null,
        "geog_extent_bbox_md": null,
        "geog_extent_bbox_fria": null,
        "name_it": "Torre Kung",
        "name_abb_it": null,
        "label_it": "Torre Kung",
        "descr_it": null,
        "descr_html_it": null,
        "url_it": null,
        "location_it": "Kara-Tur meridionale → Malatra",
        "name_alt_it_str": null,
        "topical_tags": "",
        "related_location_tags": "",
        "related_cultures_tags": "",
        "related_factions_tags": ""
      },
      "geometry": {
        "type": "MultiPoint",
        "coordinates": [
          [
            30.18992326204595,
            8.321484217635566
          ]
        ]
      }
    },
    {
      "type": "Feature",
      "properties": {
        "uuid": "547055a1-75f1-452d-84a9-0cc8bf4c5cd8",
        "layer_id": "srf_civ_important_sites_pt",
        "timeframe": null,
        "feature_class": "Fortification",
        "feature_rank": 5,
        "is_visible": true,
        "is_labeled": true,
        "needs_review": false,
        "review_notes": null,
        "img_url": null,
        "last_edited": "2026-07-13",
        "last_editor": "postgres",
        "name_en": "unnamed",
        "name_ru": null,
        "name_abb_en": null,
        "name_abb_ru": null,
        "label_en": null,
        "label_ru": null,
        "descr_en": null,
        "descr_ru": null,
        "descr_html_en": null,
        "descr_html_ru": null,
        "url_en": null,
        "url_ru": null,
        "source_name": "TSR FRIA 2e",
        "source_url": "https://www.profantasy.com/fratlas/fratlashome.htm",
        "dnd_editions_str": "2e, 3e, 5e",
        "feature_levels_str": null,
        "extra_str": null,
        "location_en": "south-western Zakhara → unnamed",
        "name_alt_en_str": null,
        "location_ru": "юго-западный Захара → unnamed",
        "name_alt_ru_str": null,
        "geog_extent_centroid_md": "19° 22′ 32″ S 019° 03′ 28″ E",
        "geog_extent_centroid_fria": "19° 22′ 32″ S 034° 25′ 24″ W",
        "geog_extent_area_sq_km": null,
        "geog_extent_area_sq_miles": null,
        "geog_extent_length_km": null,
        "geog_extent_length_miles": null,
        "geog_extent_perimeter_km": null,
        "geog_extent_perimeter_miles": null,
        "geog_extent_bbox_md": null,
        "geog_extent_bbox_fria": null,
        "name_it": null,
        "name_abb_it": null,
        "label_it": null,
        "descr_it": null,
        "descr_html_it": null,
        "url_it": null,
        "location_it": "Zakhara sud-occidentale → unnamed",
        "name_alt_it_str": null,
        "topical_tags": "",
        "related_location_tags": "",
        "related_cultures_tags": "",
        "related_factions_tags": ""
      },
      "geometry": {
        "type": "MultiPoint",
        "coordinates": [
          [
            -34.423560472057154,
            -19.37576372155344
          ]
        ]
      }
    },
    {
      "type": "Feature",
      "properties": {
        "uuid": "4232e0a0-de7d-48c4-be54-a8febee6c9d5",
        "layer_id": "srf_civ_important_sites_pt",
        "timeframe": null,
        "feature_class": "Battlefield",
        "feature_rank": 5,
        "is_visible": true,
        "is_labeled": true,
        "needs_review": false,
        "review_notes": null,
        "img_url": null,
        "last_edited": "2026-07-13",
        "last_editor": "postgres",
        "name_en": "unnamed",
        "name_ru": null,
        "name_abb_en": null,
        "name_abb_ru": null,
        "label_en": null,
        "label_ru": null,
        "descr_en": null,
        "descr_ru": null,
        "descr_html_en": null,
        "descr_html_ru": null,
        "url_en": null,
        "url_ru": null,
        "source_name": "TSR FRIA 2e",
        "source_url": "https://www.profantasy.com/fratlas/fratlashome.htm",
        "dnd_editions_str": "2e, 3e, 5e",
        "feature_levels_str": null,
        "extra_str": null,
        "location_en": "south-western Zakhara → unnamed",
        "name_alt_en_str": null,
        "location_ru": "юго-западный Захара → unnamed",
        "name_alt_ru_str": null,
        "geog_extent_centroid_md": "18° 33′ 20″ S 018° 59′ 01″ E",
        "geog_extent_centroid_fria": "18° 33′ 20″ S 034° 29′ 51″ W",
        "geog_extent_area_sq_km": null,
        "geog_extent_area_sq_miles": null,
        "geog_extent_length_km": null,
        "geog_extent_length_miles": null,
        "geog_extent_perimeter_km": null,
        "geog_extent_perimeter_miles": null,
        "geog_extent_bbox_md": null,
        "geog_extent_bbox_fria": null,
        "name_it": null,
        "name_abb_it": null,
        "label_it": null,
        "descr_it": null,
        "descr_html_it": null,
        "url_it": null,
        "location_it": "Zakhara sud-occidentale → unnamed",
        "name_alt_it_str": null,
        "topical_tags": "",
        "related_location_tags": "",
        "related_cultures_tags": "",
        "related_factions_tags": ""
      },
      "geometry": {
        "type": "MultiPoint",
        "coordinates": [
          [
            -34.49763747359577,
            -18.55562892495006
          ]
        ]
      }
    },
    {
      "type": "Feature",
      "properties": {
        "uuid": "42e2ef1f-dbf1-47ae-a654-4f4f6c7764ad",
        "layer_id": "srf_civ_important_sites_pt",
        "timeframe": null,
        "feature_class": "Fortification",
        "feature_rank": 5,
        "is_visible": true,
        "is_labeled": true,
        "needs_review": false,
        "review_notes": "exclude from wiki link auto-ageneration",
        "img_url": null,
        "last_edited": "2026-07-13",
        "last_editor": "postgres",
        "name_en": "Citadel of Raven",
        "name_ru": "Цитадель Ворона",
        "name_abb_en": null,
        "name_abb_ru": null,
        "label_en": "Citadel of Raven",
        "label_ru": "Цитадель Ворона",
        "descr_en": null,
        "descr_ru": null,
        "descr_html_en": null,
        "descr_html_ru": null,
        "url_en": null,
        "url_ru": null,
        "source_name": "TSR FRIA 2e",
        "source_url": "https://www.profantasy.com/fratlas/fratlashome.htm",
        "dnd_editions_str": "2e, 3e, 5e",
        "feature_levels_str": null,
        "extra_str": null,
        "location_en": "central Faerûn → Moonsea",
        "name_alt_en_str": null,
        "location_ru": "центральный Фаэрун → Лунное Море",
        "name_alt_ru_str": null,
        "geog_extent_centroid_md": "43° 39′ 07″ N 001° 10′ 16″ W",
        "geog_extent_centroid_fria": "43° 39′ 07″ N 054° 39′ 10″ W",
        "geog_extent_area_sq_km": null,
        "geog_extent_area_sq_miles": null,
        "geog_extent_length_km": null,
        "geog_extent_length_miles": null,
        "geog_extent_perimeter_km": null,
        "geog_extent_perimeter_miles": null,
        "geog_extent_bbox_md": null,
        "geog_extent_bbox_fria": null,
        "name_it": "Cittadella del Corvo",
        "name_abb_it": null,
        "label_it": "Cittadella del Corvo",
        "descr_it": null,
        "descr_html_it": null,
        "url_it": null,
        "location_it": "Faerûn centrale → Mare della Luna",
        "name_alt_it_str": null,
        "topical_tags": "",
        "related_location_tags": "",
        "related_cultures_tags": "",
        "related_factions_tags": ""
      },
      "geometry": {
        "type": "MultiPoint",
        "coordinates": [
          [
            -54.65281041565044,
            43.65198595801213
          ]
        ]
      }
    },
    {
      "type": "Feature",
      "properties": {
        "uuid": "4320bcbf-fce0-4b04-8807-d09b4108b7f9",
        "layer_id": "srf_civ_important_sites_pt",
        "timeframe": null,
        "feature_class": "Ruins",
        "feature_rank": 5,
        "is_visible": true,
        "is_labeled": true,
        "needs_review": false,
        "review_notes": null,
        "img_url": null,
        "last_edited": "2026-07-13",
        "last_editor": "postgres",
        "name_en": "unnamed",
        "name_ru": null,
        "name_abb_en": null,
        "name_abb_ru": null,
        "label_en": null,
        "label_ru": null,
        "descr_en": null,
        "descr_ru": null,
        "descr_html_en": null,
        "descr_html_ru": null,
        "url_en": null,
        "url_ru": null,
        "source_name": "TSR FRIA 2e",
        "source_url": "https://www.profantasy.com/fratlas/fratlashome.htm",
        "dnd_editions_str": "2e, 3e, 5e",
        "feature_levels_str": null,
        "extra_str": null,
        "location_en": "eastern Crowded Sea",
        "name_alt_en_str": null,
        "location_ru": "восточный Тесное море",
        "name_alt_ru_str": null,
        "geog_extent_centroid_md": "20° 26′ 09″ S 037° 39′ 09″ E",
        "geog_extent_centroid_fria": "20° 26′ 09″ S 015° 49′ 44″ W",
        "geog_extent_area_sq_km": null,
        "geog_extent_area_sq_miles": null,
        "geog_extent_length_km": null,
        "geog_extent_length_miles": null,
        "geog_extent_perimeter_km": null,
        "geog_extent_perimeter_miles": null,
        "geog_extent_bbox_md": null,
        "geog_extent_bbox_fria": null,
        "name_it": null,
        "name_abb_it": null,
        "label_it": null,
        "descr_it": null,
        "descr_html_it": null,
        "url_it": null,
        "location_it": "Mare Affollato orientale",
        "name_alt_it_str": null,
        "topical_tags": "",
        "related_location_tags": "",
        "related_cultures_tags": "",
        "related_factions_tags": ""
      },
      "geometry": {
        "type": "MultiPoint",
        "coordinates": [
          [
            -15.82898958560184,
            -20.43608112011211
          ]
        ]
      }
    },
    {
      "type": "Feature",
      "properties": {
        "uuid": "4353cf1d-fb57-4c9b-8bdb-caa342c4c392",
        "layer_id": "srf_civ_important_sites_pt",
        "timeframe": null,
        "feature_class": "Fortification",
        "feature_rank": 5,
        "is_visible": true,
        "is_labeled": true,
        "needs_review": false,
        "review_notes": null,
        "img_url": null,
        "last_edited": "2026-07-14",
        "last_editor": "postgres",
        "name_en": "Krak al-Uruj",
        "name_ru": "Крак аль-Урудж",
        "name_abb_en": null,
        "name_abb_ru": null,
        "label_en": "Krak al-Uruj",
        "label_ru": "Крак аль-Урудж",
        "descr_en": "A fortress situated in the southern Haunted Lands, between the Al-Sayaj Mountains and the jungles of the Cities of the Ancients, west of the Nogaro River.",
        "descr_ru": "Крепость, расположенная в южных Проклятых Землях, между Горами Аль-Сайядж и джунглями Городов Древних, к западу от Реки Ногаро.",
        "descr_html_en": null,
        "descr_html_ru": null,
        "url_en": "https://forgottenrealms.fandom.com/wiki/Krak_al-Uruj",
        "url_ru": null,
        "source_name": "TSR FRIA 2e",
        "source_url": "https://www.profantasy.com/fratlas/fratlashome.htm",
        "dnd_editions_str": "2e, 3e, 5e",
        "feature_levels_str": null,
        "extra_str": "topical_tags: [\"fortress\", \"haunted_lands\", \"cities_of_the_ancients\", \"al-sayaj_mountains\", \"nogaro_river\"] | related_location_tags: [\"Haunted Lands\", \"Cities of the Ancients\", \"Al-Sayaj Mountains\", \"Nogaro River\"]",
        "location_en": "southern Zakhara → Mountains of Desolation",
        "name_alt_en_str": null,
        "location_ru": "южный Захара → Горы Запустения",
        "name_alt_ru_str": null,
        "geog_extent_centroid_md": "15° 38′ 34″ S 032° 42′ 31″ E",
        "geog_extent_centroid_fria": "15° 38′ 34″ S 020° 46′ 22″ W",
        "geog_extent_area_sq_km": null,
        "geog_extent_area_sq_miles": null,
        "geog_extent_length_km": null,
        "geog_extent_length_miles": null,
        "geog_extent_perimeter_km": null,
        "geog_extent_perimeter_miles": null,
        "geog_extent_bbox_md": null,
        "geog_extent_bbox_fria": null,
        "name_it": "Krak al-Uruj",
        "name_abb_it": null,
        "label_it": "Krak al-Uruj",
        "descr_it": "Una fortezza situata nel sud delle Terre Infestate, tra i Monti Al-Sayaj e le giungle delle Città degli Antichi, a ovest del Fiume Nogaro.",
        "descr_html_it": null,
        "url_it": null,
        "location_it": "Zakhara meridionale → Montagne della Desolazione",
        "name_alt_it_str": null,
        "topical_tags": "fortress, haunted_lands, cities_of_the_ancients, al-sayaj_mountains, nogaro_river",
        "related_location_tags": "Haunted Lands, Cities of the Ancients, Al-Sayaj Mountains, Nogaro River",
        "related_cultures_tags": "",
        "related_factions_tags": ""
      },
      "geometry": {
        "type": "MultiPoint",
        "coordinates": [
          [
            -20.772822658118425,
            -15.642888449154778
          ]
        ]
      }
    },
    {
      "type": "Feature",
      "properties": {
        "uuid": "177a2620-f9db-4894-ae36-3770eeb5796c",
        "layer_id": "srf_civ_important_sites_pt",
        "timeframe": null,
        "feature_class": "Ruins",
        "feature_rank": 5,
        "is_visible": true,
        "is_labeled": true,
        "needs_review": true,
        "review_notes": "exclude from wiki link auto-ageneration",
        "img_url": null,
        "last_edited": "2026-07-13",
        "last_editor": "postgres",
        "name_en": "Sumitra Tower",
        "name_ru": "Башня Сумитра",
        "name_abb_en": null,
        "name_abb_ru": null,
        "label_en": "Sumitra Tower",
        "label_ru": "Башня Сумитра",
        "descr_en": null,
        "descr_ru": null,
        "descr_html_en": null,
        "descr_html_ru": null,
        "url_en": null,
        "url_ru": null,
        "source_name": "TSR FRIA 2e",
        "source_url": "https://www.profantasy.com/fratlas/fratlashome.htm",
        "dnd_editions_str": "2e, 3e, 5e",
        "feature_levels_str": null,
        "extra_str": null,
        "location_en": "south-western Kara-Tur",
        "name_alt_en_str": null,
        "location_ru": "юго-западный Кара-Тур",
        "name_alt_ru_str": null,
        "geog_extent_centroid_md": "00° 25′ 20″ S 050° 47′ 56″ E",
        "geog_extent_centroid_fria": "00° 25′ 20″ S 002° 40′ 57″ W",
        "geog_extent_area_sq_km": null,
        "geog_extent_area_sq_miles": null,
        "geog_extent_length_km": null,
        "geog_extent_length_miles": null,
        "geog_extent_perimeter_km": null,
        "geog_extent_perimeter_miles": null,
        "geog_extent_bbox_md": null,
        "geog_extent_bbox_fria": null,
        "name_it": "Torre di Sumitra",
        "name_abb_it": null,
        "label_it": "Torre di Sumitra",
        "descr_it": null,
        "descr_html_it": null,
        "url_it": null,
        "location_it": "Kara-Tur sud-occidentale",
        "name_alt_it_str": null,
        "topical_tags": "",
        "related_location_tags": "",
        "related_cultures_tags": "",
        "related_factions_tags": ""
      },
      "geometry": {
        "type": "MultiPoint",
        "coordinates": [
          [
            -2.682583037882846,
            -0.422321065160669
          ]
        ]
      }
    },
    {
      "type": "Feature",
      "properties": {
        "uuid": "44ef50b8-92d3-45c5-a9bc-ddfc729f53ce",
        "layer_id": "srf_civ_important_sites_pt",
        "timeframe": null,
        "feature_class": "Mine",
        "feature_rank": 5,
        "is_visible": true,
        "is_labeled": true,
        "needs_review": false,
        "review_notes": null,
        "img_url": null,
        "last_edited": "2026-07-13",
        "last_editor": "postgres",
        "name_en": "unnamed",
        "name_ru": null,
        "name_abb_en": null,
        "name_abb_ru": null,
        "label_en": null,
        "label_ru": null,
        "descr_en": null,
        "descr_ru": null,
        "descr_html_en": null,
        "descr_html_ru": null,
        "url_en": null,
        "url_ru": null,
        "source_name": "TSR FRIA 2e",
        "source_url": "https://www.profantasy.com/fratlas/fratlashome.htm",
        "dnd_editions_str": "2e, 3e, 5e",
        "feature_levels_str": null,
        "extra_str": null,
        "location_en": "central Sea of Swords → Moonshae Isles → Andover Heights",
        "name_alt_en_str": null,
        "location_ru": "центральный море Мечей → острова Муншае → Андоверские Высоты",
        "name_alt_ru_str": null,
        "geog_extent_centroid_md": "36° 59′ 28″ N 024° 19′ 22″ W",
        "geog_extent_centroid_fria": "36° 59′ 28″ N 077° 48′ 15″ W",
        "geog_extent_area_sq_km": null,
        "geog_extent_area_sq_miles": null,
        "geog_extent_length_km": null,
        "geog_extent_length_miles": null,
        "geog_extent_perimeter_km": null,
        "geog_extent_perimeter_miles": null,
        "geog_extent_bbox_md": null,
        "geog_extent_bbox_fria": null,
        "name_it": null,
        "name_abb_it": null,
        "label_it": null,
        "descr_it": null,
        "descr_html_it": null,
        "url_it": null,
        "location_it": "Mare delle Spade centrale → Isole Moonshae → Alture di Andover",
        "name_alt_it_str": null,
        "topical_tags": "",
        "related_location_tags": "",
        "related_cultures_tags": "",
        "related_factions_tags": ""
      },
      "geometry": {
        "type": "MultiPoint",
        "coordinates": [
          [
            -77.80433946577416,
            36.99133234138581
          ]
        ]
      }
    },
    {
      "type": "Feature",
      "properties": {
        "uuid": "1b0f9f86-3d5e-462d-85bf-8282c54a29a2",
        "layer_id": "srf_civ_important_sites_pt",
        "timeframe": null,
        "feature_class": "Other",
        "feature_rank": 5,
        "is_visible": true,
        "is_labeled": true,
        "needs_review": false,
        "review_notes": null,
        "img_url": null,
        "last_edited": "2026-07-13",
        "last_editor": "postgres",
        "name_en": "unnamed",
        "name_ru": null,
        "name_abb_en": null,
        "name_abb_ru": null,
        "label_en": null,
        "label_ru": null,
        "descr_en": null,
        "descr_ru": null,
        "descr_html_en": null,
        "descr_html_ru": null,
        "url_en": null,
        "url_ru": null,
        "source_name": "TSR FRIA 2e",
        "source_url": "https://www.profantasy.com/fratlas/fratlashome.htm",
        "dnd_editions_str": "2e, 3e, 5e",
        "feature_levels_str": null,
        "extra_str": null,
        "location_en": "eastern Great Sea",
        "name_alt_en_str": null,
        "location_ru": "восточный Великое море",
        "name_alt_ru_str": null,
        "geog_extent_centroid_md": "00° 06′ 26″ S 025° 45′ 16″ E",
        "geog_extent_centroid_fria": "00° 06′ 26″ S 027° 43′ 37″ W",
        "geog_extent_area_sq_km": null,
        "geog_extent_area_sq_miles": null,
        "geog_extent_length_km": null,
        "geog_extent_length_miles": null,
        "geog_extent_perimeter_km": null,
        "geog_extent_perimeter_miles": null,
        "geog_extent_bbox_md": null,
        "geog_extent_bbox_fria": null,
        "name_it": null,
        "name_abb_it": null,
        "label_it": null,
        "descr_it": null,
        "descr_html_it": null,
        "url_it": null,
        "location_it": "Mare Grande orientale",
        "name_alt_it_str": null,
        "topical_tags": "",
        "related_location_tags": "",
        "related_cultures_tags": "",
        "related_factions_tags": ""
      },
      "geometry": {
        "type": "MultiPoint",
        "coordinates": [
          [
            -27.727055322751873,
            -0.107286246312021
          ]
        ]
      }
    },
    {
      "type": "Feature",
      "properties": {
        "uuid": "6971aadb-bbc2-477f-9d36-842ff2c2a505",
        "layer_id": "srf_civ_important_sites_pt",
        "timeframe": null,
        "feature_class": "Ruins",
        "feature_rank": 5,
        "is_visible": true,
        "is_labeled": true,
        "needs_review": false,
        "review_notes": "exclude from wiki link auto-ageneration",
        "img_url": null,
        "last_edited": "2026-07-13",
        "last_editor": "postgres",
        "name_en": "Fortress Clymph",
        "name_ru": "Крепость Климф",
        "name_abb_en": null,
        "name_abb_ru": null,
        "label_en": "Fortress Clymph",
        "label_ru": "Крепость Климф",
        "descr_en": null,
        "descr_ru": null,
        "descr_html_en": null,
        "descr_html_ru": null,
        "url_en": null,
        "url_ru": null,
        "source_name": "TSR FRIA 2e",
        "source_url": "https://www.profantasy.com/fratlas/fratlashome.htm",
        "dnd_editions_str": "2e, 3e, 5e",
        "feature_levels_str": null,
        "extra_str": null,
        "location_en": "central Faerûn → Great Dale → Rawlinswood",
        "name_alt_en_str": null,
        "location_ru": "центральный Фаэрун → Великая Долина → Ролинсвуд",
        "name_alt_ru_str": null,
        "geog_extent_centroid_md": "41° 06′ 34″ N 013° 32′ 15″ E",
        "geog_extent_centroid_fria": "41° 06′ 34″ N 039° 56′ 37″ W",
        "geog_extent_area_sq_km": null,
        "geog_extent_area_sq_miles": null,
        "geog_extent_length_km": null,
        "geog_extent_length_miles": null,
        "geog_extent_perimeter_km": null,
        "geog_extent_perimeter_miles": null,
        "geog_extent_bbox_md": null,
        "geog_extent_bbox_fria": null,
        "name_it": "Fortezza Clymph",
        "name_abb_it": null,
        "label_it": "Fortezza Clymph",
        "descr_it": null,
        "descr_html_it": null,
        "url_it": null,
        "location_it": "Faerûn centrale → Grande Valle → Bosco Rawlins",
        "name_alt_it_str": null,
        "topical_tags": "",
        "related_location_tags": "",
        "related_cultures_tags": "",
        "related_factions_tags": ""
      },
      "geometry": {
        "type": "MultiPoint",
        "coordinates": [
          [
            -39.94378440165483,
            41.10969403451493
          ]
        ]
      }
    },
    {
      "type": "Feature",
      "properties": {
        "uuid": "45c8da64-39f3-42c5-9b9b-37eb59436bb9",
        "layer_id": "srf_civ_important_sites_pt",
        "timeframe": null,
        "feature_class": "Ruins",
        "feature_rank": 5,
        "is_visible": true,
        "is_labeled": true,
        "needs_review": false,
        "review_notes": null,
        "img_url": null,
        "last_edited": "2026-07-14",
        "last_editor": "postgres",
        "name_en": "Yûlash",
        "name_ru": "Юлаш",
        "name_abb_en": null,
        "name_abb_ru": null,
        "label_en": "Yûlash",
        "label_ru": "Юлаш",
        "descr_en": "A fortress town situated on a plateau between Zhentil Keep and Hillsfar, often caught in their conflicts and frequently ruined or occupied. It was ruled by a council after 1337 DR and was a protectorate of Zhentil Keep.",
        "descr_ru": "Город-крепость, расположенный на плато между Крепостью Жентил и Хиллсфаром, часто оказывавшийся в их конфликтах и неоднократно разрушавшийся или оккупировавшийся. После 1337 года по ЛД управлялся советом и был протекторатом Крепости Жентил.",
        "descr_html_en": null,
        "descr_html_ru": null,
        "url_en": "https://forgottenrealms.fandom.com/wiki/Yûlash",
        "url_ru": null,
        "source_name": "TSR FRIA 2e",
        "source_url": "https://www.profantasy.com/fratlas/fratlashome.htm",
        "dnd_editions_str": "2e, 3e, 5e",
        "feature_levels_str": null,
        "extra_str": "topical_tags: [\"fortress\", \"town\", \"protectorate\", \"plateau\", \"council-rule\", \"moonsea\"] | related_factions_tags: [\"Zhentarim\", \"Zhentil Keep\"] | related_location_tags: [\"Zhentil Keep\", \"Hillsfar\", \"Cormanthor\", \"Citadel of the Raven\", \"Moonsea\"]",
        "location_en": "central Faerûn → Dalelands",
        "name_alt_en_str": null,
        "location_ru": "центральный Фаэрун → Долины",
        "name_alt_ru_str": null,
        "geog_extent_centroid_md": "42° 32′ 23″ N 000° 32′ 38″ W",
        "geog_extent_centroid_fria": "42° 32′ 23″ N 054° 01′ 31″ W",
        "geog_extent_area_sq_km": null,
        "geog_extent_area_sq_miles": null,
        "geog_extent_length_km": null,
        "geog_extent_length_miles": null,
        "geog_extent_perimeter_km": null,
        "geog_extent_perimeter_miles": null,
        "geog_extent_bbox_md": null,
        "geog_extent_bbox_fria": null,
        "name_it": "Yûlash",
        "name_abb_it": null,
        "label_it": "Yûlash",
        "descr_it": "Una città fortezza situata su un altopiano tra Zhentil Keep e Hillsfar, spesso coinvolta nei loro conflitti e frequentemente in rovina o occupata. Era governata da un consiglio dopo il 1337 DR ed era un protettorato di Zhentil Keep.",
        "descr_html_it": null,
        "url_it": null,
        "location_it": "Faerûn centrale → Valli",
        "name_alt_it_str": null,
        "topical_tags": "fortress, town, protectorate, plateau, council-rule, moonsea",
        "related_location_tags": "Zhentil Keep, Hillsfar, Cormanthor, Citadel of the Raven, Moonsea",
        "related_cultures_tags": "",
        "related_factions_tags": "Zhentarim, Zhentil Keep"
      },
      "geometry": {
        "type": "MultiPoint",
        "coordinates": [
          [
            -54.02545679333808,
            42.53982854573069
          ]
        ]
      }
    },
    {
      "type": "Feature",
      "properties": {
        "uuid": "45c91ad6-02f4-4a89-baf2-0c36764e485b",
        "layer_id": "srf_civ_important_sites_pt",
        "timeframe": null,
        "feature_class": "Fortification",
        "feature_rank": 5,
        "is_visible": true,
        "is_labeled": true,
        "needs_review": false,
        "review_notes": "exclude from wiki link auto-ageneration",
        "img_url": null,
        "last_edited": "2026-07-13",
        "last_editor": "postgres",
        "name_en": "Bumi Garnak",
        "name_ru": "Буми Гарнак",
        "name_abb_en": null,
        "name_abb_ru": null,
        "label_en": "Bumi Garnak",
        "label_ru": "Буми Гарнак",
        "descr_en": null,
        "descr_ru": null,
        "descr_html_en": null,
        "descr_html_ru": null,
        "url_en": null,
        "url_ru": null,
        "source_name": "TSR FRIA 2e",
        "source_url": "https://www.profantasy.com/fratlas/fratlashome.htm",
        "dnd_editions_str": "2e, 3e, 5e",
        "feature_levels_str": null,
        "extra_str": null,
        "location_en": "south-western Kara-Tur → Chu Yuan Province → Northern Wu Pi Te Shao",
        "name_alt_en_str": null,
        "location_ru": "юго-западный Кара-Тур → Провинция Чу Юань → Северное У Пи Те Шао",
        "name_alt_ru_str": null,
        "geog_extent_centroid_md": "03° 30′ 35″ N 055° 38′ 04″ E",
        "geog_extent_centroid_fria": "03° 30′ 35″ N 002° 09′ 11″ E",
        "geog_extent_area_sq_km": null,
        "geog_extent_area_sq_miles": null,
        "geog_extent_length_km": null,
        "geog_extent_length_miles": null,
        "geog_extent_perimeter_km": null,
        "geog_extent_perimeter_miles": null,
        "geog_extent_bbox_md": null,
        "geog_extent_bbox_fria": null,
        "name_it": "Bumi Garnak",
        "name_abb_it": null,
        "label_it": "Bumi Garnak",
        "descr_it": null,
        "descr_html_it": null,
        "url_it": null,
        "location_it": "Kara-Tur sud-occidentale → Provincia di Chu Yuan → Wu Pi Te Shao Settentrionale",
        "name_alt_it_str": null,
        "topical_tags": "",
        "related_location_tags": "",
        "related_cultures_tags": "",
        "related_factions_tags": ""
      },
      "geometry": {
        "type": "MultiPoint",
        "coordinates": [
          [
            2.153086629461917,
            3.50991088280051
          ]
        ]
      }
    },
    {
      "type": "Feature",
      "properties": {
        "uuid": "46312bc4-f17c-46c3-8555-156e5eb85ccd",
        "layer_id": "srf_civ_important_sites_pt",
        "timeframe": null,
        "feature_class": "Other",
        "feature_rank": 5,
        "is_visible": true,
        "is_labeled": true,
        "needs_review": false,
        "review_notes": "exclude from wiki link auto-ageneration",
        "img_url": null,
        "last_edited": "2026-07-13",
        "last_editor": "postgres",
        "name_en": "Giants Cairn",
        "name_ru": "Курган Великанов",
        "name_abb_en": null,
        "name_abb_ru": null,
        "label_en": "Giants Cairn",
        "label_ru": "Курган Великанов",
        "descr_en": null,
        "descr_ru": null,
        "descr_html_en": null,
        "descr_html_ru": null,
        "url_en": null,
        "url_ru": null,
        "source_name": "TSR FRIA 2e",
        "source_url": "https://www.profantasy.com/fratlas/fratlashome.htm",
        "dnd_editions_str": "2e, 3e, 5e",
        "feature_levels_str": null,
        "extra_str": null,
        "location_en": "central Faerûn → Moonsea",
        "name_alt_en_str": null,
        "location_ru": "центральный Фаэрун → Лунное Море",
        "name_alt_ru_str": null,
        "geog_extent_centroid_md": "43° 24′ 42″ N 000° 39′ 12″ E",
        "geog_extent_centroid_fria": "43° 24′ 42″ N 052° 49′ 41″ W",
        "geog_extent_area_sq_km": null,
        "geog_extent_area_sq_miles": null,
        "geog_extent_length_km": null,
        "geog_extent_length_miles": null,
        "geog_extent_perimeter_km": null,
        "geog_extent_perimeter_miles": null,
        "geog_extent_bbox_md": null,
        "geog_extent_bbox_fria": null,
        "name_it": "Tumulo dei Giganti",
        "name_abb_it": null,
        "label_it": "Tumulo dei Giganti",
        "descr_it": null,
        "descr_html_it": null,
        "url_it": null,
        "location_it": "Faerûn centrale → Mare della Luna",
        "name_alt_it_str": null,
        "topical_tags": "",
        "related_location_tags": "",
        "related_cultures_tags": "",
        "related_factions_tags": ""
      },
      "geometry": {
        "type": "MultiPoint",
        "coordinates": [
          [
            -52.82814818203383,
            43.411721129646565
          ]
        ]
      }
    },
    {
      "type": "Feature",
      "properties": {
        "uuid": "46850b3f-76ed-4769-bb92-edc9a29b3150",
        "layer_id": "srf_civ_important_sites_pt",
        "timeframe": null,
        "feature_class": "Temple",
        "feature_rank": 5,
        "is_visible": true,
        "is_labeled": true,
        "needs_review": false,
        "review_notes": "exclude from wiki link auto-ageneration",
        "img_url": null,
        "last_edited": "2026-07-13",
        "last_editor": "postgres",
        "name_en": "Shrine of the Heart",
        "name_ru": "Святилище Сердца",
        "name_abb_en": null,
        "name_abb_ru": null,
        "label_en": "Shrine of the Heart",
        "label_ru": "Святилище Сердца",
        "descr_en": null,
        "descr_ru": null,
        "descr_html_en": null,
        "descr_html_ru": null,
        "url_en": null,
        "url_ru": null,
        "source_name": "TSR FRIA 2e",
        "source_url": "https://www.profantasy.com/fratlas/fratlashome.htm",
        "dnd_editions_str": "2e, 3e, 5e",
        "feature_levels_str": null,
        "extra_str": null,
        "location_en": "south-western Faerûn → Chult → Jungles of Chult",
        "name_alt_en_str": null,
        "location_ru": "юго-западный Фаэрун → Чулт → Джунгли Чулта",
        "name_alt_ru_str": null,
        "geog_extent_centroid_md": "15° 11′ 18″ N 025° 10′ 19″ W",
        "geog_extent_centroid_fria": "15° 11′ 18″ N 078° 39′ 13″ W",
        "geog_extent_area_sq_km": null,
        "geog_extent_area_sq_miles": null,
        "geog_extent_length_km": null,
        "geog_extent_length_miles": null,
        "geog_extent_perimeter_km": null,
        "geog_extent_perimeter_miles": null,
        "geog_extent_bbox_md": null,
        "geog_extent_bbox_fria": null,
        "name_it": "Santuario del Cuore",
        "name_abb_it": null,
        "label_it": "Santuario del Cuore",
        "descr_it": null,
        "descr_html_it": null,
        "url_it": null,
        "location_it": "Faerûn sud-occidentale → Chult → Giungle di Chult",
        "name_alt_it_str": null,
        "topical_tags": "",
        "related_location_tags": "",
        "related_cultures_tags": "",
        "related_factions_tags": ""
      },
      "geometry": {
        "type": "MultiPoint",
        "coordinates": [
          [
            -78.65364767765296,
            15.188558891408002
          ]
        ]
      }
    },
    {
      "type": "Feature",
      "properties": {
        "uuid": "4765dce6-c995-48c3-a51c-63a4dbc8e25a",
        "layer_id": "srf_civ_important_sites_pt",
        "timeframe": null,
        "feature_class": "Mine",
        "feature_rank": 5,
        "is_visible": true,
        "is_labeled": true,
        "needs_review": false,
        "review_notes": null,
        "img_url": null,
        "last_edited": "2026-07-13",
        "last_editor": "postgres",
        "name_en": "unnamed",
        "name_ru": null,
        "name_abb_en": null,
        "name_abb_ru": null,
        "label_en": null,
        "label_ru": null,
        "descr_en": null,
        "descr_ru": null,
        "descr_html_en": null,
        "descr_html_ru": null,
        "url_en": null,
        "url_ru": null,
        "source_name": "TSR FRIA 2e",
        "source_url": "https://www.profantasy.com/fratlas/fratlashome.htm",
        "dnd_editions_str": "2e, 3e, 5e",
        "feature_levels_str": null,
        "extra_str": null,
        "location_en": "western Sea of Swords → Moonshae Isles → Fairheight Range",
        "name_alt_en_str": null,
        "location_ru": "западный море Мечей → острова Муншае → Хребет Прекрасной Высоты",
        "name_alt_ru_str": null,
        "geog_extent_centroid_md": "39° 59′ 41″ N 025° 05′ 20″ W",
        "geog_extent_centroid_fria": "39° 59′ 41″ N 078° 34′ 14″ W",
        "geog_extent_area_sq_km": null,
        "geog_extent_area_sq_miles": null,
        "geog_extent_length_km": null,
        "geog_extent_length_miles": null,
        "geog_extent_perimeter_km": null,
        "geog_extent_perimeter_miles": null,
        "geog_extent_bbox_md": null,
        "geog_extent_bbox_fria": null,
        "name_it": null,
        "name_abb_it": null,
        "label_it": null,
        "descr_it": null,
        "descr_html_it": null,
        "url_it": null,
        "location_it": "Mare delle Spade occidentale → Isole Moonshae → Catena di Fairheight",
        "name_alt_it_str": null,
        "topical_tags": "",
        "related_location_tags": "",
        "related_cultures_tags": "",
        "related_factions_tags": ""
      },
      "geometry": {
        "type": "MultiPoint",
        "coordinates": [
          [
            -78.57058596463041,
            39.994815521256
          ]
        ]
      }
    },
    {
      "type": "Feature",
      "properties": {
        "uuid": "47ca0a72-2c2e-4a70-9f8e-373fb42075c5",
        "layer_id": "srf_civ_important_sites_pt",
        "timeframe": null,
        "feature_class": "Ruins",
        "feature_rank": 5,
        "is_visible": true,
        "is_labeled": true,
        "needs_review": false,
        "review_notes": null,
        "img_url": null,
        "last_edited": "2026-07-22",
        "last_editor": "postgres",
        "name_en": "The Ruins",
        "name_ru": null,
        "name_abb_en": "",
        "name_abb_ru": null,
        "label_en": "The Ruins",
        "label_ru": null,
        "descr_en": "",
        "descr_ru": null,
        "descr_html_en": null,
        "descr_html_ru": null,
        "url_en": "",
        "url_ru": null,
        "source_name": "TSR FRIA 2e",
        "source_url": "https://www.profantasy.com/fratlas/fratlashome.htm",
        "dnd_editions_str": "2e, 3e, 5e",
        "feature_levels_str": null,
        "extra_str": null,
        "location_en": "north-western Faerûn",
        "name_alt_en_str": null,
        "location_ru": "северо-западный Фаэрун",
        "name_alt_ru_str": null,
        "geog_extent_centroid_md": "51° 11′ 24″ N 017° 30′ 35″ W",
        "geog_extent_centroid_fria": "51° 11′ 24″ N 070° 59′ 28″ W",
        "geog_extent_area_sq_km": null,
        "geog_extent_area_sq_miles": null,
        "geog_extent_length_km": null,
        "geog_extent_length_miles": null,
        "geog_extent_perimeter_km": null,
        "geog_extent_perimeter_miles": null,
        "geog_extent_bbox_md": null,
        "geog_extent_bbox_fria": null,
        "name_it": null,
        "name_abb_it": null,
        "label_it": "The Ruins",
        "descr_it": null,
        "descr_html_it": null,
        "url_it": null,
        "location_it": "Faerûn nord-occidentale",
        "name_alt_it_str": null,
        "topical_tags": "",
        "related_location_tags": "",
        "related_cultures_tags": "",
        "related_factions_tags": ""
      },
      "geometry": {
        "type": "MultiPoint",
        "coordinates": [
          [
            -70.99125259428415,
            51.190081612221256
          ]
        ]
      }
    },
    {
      "type": "Feature",
      "properties": {
        "uuid": "2ed9eaed-d8be-4197-a442-7d0f66cc65b5",
        "layer_id": "srf_civ_important_sites_pt",
        "timeframe": null,
        "feature_class": "Battlefield",
        "feature_rank": 5,
        "is_visible": true,
        "is_labeled": true,
        "needs_review": false,
        "review_notes": null,
        "img_url": null,
        "last_edited": "2026-07-22",
        "last_editor": "postgres",
        "name_en": "Sculls in the Sands",
        "name_ru": null,
        "name_abb_en": "",
        "name_abb_ru": null,
        "label_en": "Sculls in the Sands",
        "label_ru": null,
        "descr_en": "",
        "descr_ru": null,
        "descr_html_en": null,
        "descr_html_ru": null,
        "url_en": "",
        "url_ru": null,
        "source_name": "TSR FRIA 2e",
        "source_url": "https://www.profantasy.com/fratlas/fratlashome.htm",
        "dnd_editions_str": "2e, 3e, 5e",
        "feature_levels_str": null,
        "extra_str": null,
        "location_en": "western Faerûn → Anauroch",
        "name_alt_en_str": null,
        "location_ru": "западный Фаэрун → Anauroch",
        "name_alt_ru_str": null,
        "geog_extent_centroid_md": "43° 15′ 45″ N 008° 34′ 13″ W",
        "geog_extent_centroid_fria": "43° 15′ 45″ N 062° 03′ 06″ W",
        "geog_extent_area_sq_km": null,
        "geog_extent_area_sq_miles": null,
        "geog_extent_length_km": null,
        "geog_extent_length_miles": null,
        "geog_extent_perimeter_km": null,
        "geog_extent_perimeter_miles": null,
        "geog_extent_bbox_md": null,
        "geog_extent_bbox_fria": null,
        "name_it": null,
        "name_abb_it": null,
        "label_it": "Sculls in the Sands",
        "descr_it": null,
        "descr_html_it": null,
        "url_it": null,
        "location_it": "Faerûn occidentale → Anauroch",
        "name_alt_it_str": null,
        "topical_tags": "",
        "related_location_tags": "",
        "related_cultures_tags": "",
        "related_factions_tags": ""
      },
      "geometry": {
        "type": "MultiPoint",
        "coordinates": [
          [
            -62.05193537929863,
            43.26269326804471
          ]
        ]
      }
    },
    {
      "type": "Feature",
      "properties": {
        "uuid": "4909bde4-3ad6-46f1-894a-887ed5aa28d6",
        "layer_id": "srf_civ_important_sites_pt",
        "timeframe": null,
        "feature_class": "Ruins",
        "feature_rank": 5,
        "is_visible": true,
        "is_labeled": true,
        "needs_review": false,
        "review_notes": null,
        "img_url": null,
        "last_edited": "2026-07-14",
        "last_editor": "postgres",
        "name_en": "Inthar",
        "name_ru": "Интар",
        "name_abb_en": null,
        "name_abb_ru": null,
        "label_en": "Inthar",
        "label_ru": "Интар",
        "descr_en": "A fortress ruin on a rocky sea crag in the Trackless Sea, known for eerie green lights and whispers at night. A portal from the river Sargauth leads into its depths, and a hidden shaft is rumored to descend to Baator.",
        "descr_ru": "Развалины крепости на скалистом морском утёсе в Бесследном Море, известные жуткими зелёными огнями и шёпотом по ночам. Портал из реки Саргаут ведёт в её глубины, и ходят слухи, что скрытая шахта спускается до Баатора.",
        "descr_html_en": null,
        "descr_html_ru": null,
        "url_en": "https://forgottenrealms.fandom.com/wiki/Inthar",
        "url_ru": null,
        "source_name": "TSR FRIA 2e",
        "source_url": "https://www.profantasy.com/fratlas/fratlashome.htm",
        "dnd_editions_str": "2e, 3e, 5e",
        "feature_levels_str": null,
        "extra_str": "topical_tags: [\"fortress\", \"ruins\", \"portal\", \"haunted\", \"sea_crag\"] | related_location_tags: [\"Trackless Sea\", \"Ruathym\", \"Axard\", \"Rethgaard\", \"Ascarle\", \"Sargauth\"]",
        "location_en": "north-western Sea of Swords",
        "name_alt_en_str": null,
        "location_ru": "северо-западный море Мечей",
        "name_alt_ru_str": null,
        "geog_extent_centroid_md": "45° 08′ 37″ N 028° 23′ 13″ W",
        "geog_extent_centroid_fria": "45° 08′ 37″ N 081° 52′ 06″ W",
        "geog_extent_area_sq_km": null,
        "geog_extent_area_sq_miles": null,
        "geog_extent_length_km": null,
        "geog_extent_length_miles": null,
        "geog_extent_perimeter_km": null,
        "geog_extent_perimeter_miles": null,
        "geog_extent_bbox_md": null,
        "geog_extent_bbox_fria": null,
        "name_it": "Inthar",
        "name_abb_it": null,
        "label_it": "Inthar",
        "descr_it": "Inthar è una rovina di fortezza su uno scoglio marino roccioso nel Mare Senza Tracce, nota per luci verdi inquietanti e sussurri notturni. Un portale dal fiume Sargauth conduce nelle sue profondità, e si dice che un pozzo nascosto scenda fino a Baator.",
        "descr_html_it": null,
        "url_it": null,
        "location_it": "Mare delle Spade nord-occidentale",
        "name_alt_it_str": null,
        "topical_tags": "fortress, ruins, portal, haunted, sea_crag",
        "related_location_tags": "Trackless Sea, Ruathym, Axard, Rethgaard, Ascarle, Sargauth",
        "related_cultures_tags": "",
        "related_factions_tags": ""
      },
      "geometry": {
        "type": "MultiPoint",
        "coordinates": [
          [
            -81.8685187177584,
            45.14369930035646
          ]
        ]
      }
    },
    {
      "type": "Feature",
      "properties": {
        "uuid": "4bb31924-f4b9-4016-a1b7-99797770a0fc",
        "layer_id": "srf_civ_important_sites_pt",
        "timeframe": null,
        "feature_class": "Ruins",
        "feature_rank": 5,
        "is_visible": true,
        "is_labeled": true,
        "needs_review": false,
        "review_notes": null,
        "img_url": null,
        "last_edited": "2026-07-13",
        "last_editor": "postgres",
        "name_en": "unnamed",
        "name_ru": null,
        "name_abb_en": null,
        "name_abb_ru": null,
        "label_en": null,
        "label_ru": null,
        "descr_en": null,
        "descr_ru": null,
        "descr_html_en": null,
        "descr_html_ru": null,
        "url_en": null,
        "url_ru": null,
        "source_name": "TSR FRIA 2e",
        "source_url": "https://www.profantasy.com/fratlas/fratlashome.htm",
        "dnd_editions_str": "2e, 3e, 5e",
        "feature_levels_str": null,
        "extra_str": null,
        "location_en": "eastern Crowded Sea",
        "name_alt_en_str": null,
        "location_ru": "восточный Тесное море",
        "name_alt_ru_str": null,
        "geog_extent_centroid_md": "20° 52′ 24″ S 036° 33′ 26″ E",
        "geog_extent_centroid_fria": "20° 52′ 24″ S 016° 55′ 26″ W",
        "geog_extent_area_sq_km": null,
        "geog_extent_area_sq_miles": null,
        "geog_extent_length_km": null,
        "geog_extent_length_miles": null,
        "geog_extent_perimeter_km": null,
        "geog_extent_perimeter_miles": null,
        "geog_extent_bbox_md": null,
        "geog_extent_bbox_fria": null,
        "name_it": null,
        "name_abb_it": null,
        "label_it": null,
        "descr_it": null,
        "descr_html_it": null,
        "url_it": null,
        "location_it": "Mare Affollato orientale",
        "name_alt_it_str": null,
        "topical_tags": "",
        "related_location_tags": "",
        "related_cultures_tags": "",
        "related_factions_tags": ""
      },
      "geometry": {
        "type": "MultiPoint",
        "coordinates": [
          [
            -16.92405871199272,
            -20.873395436576917
          ]
        ]
      }
    },
    {
      "type": "Feature",
      "properties": {
        "uuid": "4bde6aa6-ca6f-4eef-baaf-00b04c45b4b7",
        "layer_id": "srf_civ_important_sites_pt",
        "timeframe": null,
        "feature_class": "Fortification",
        "feature_rank": 5,
        "is_visible": true,
        "is_labeled": true,
        "needs_review": false,
        "review_notes": null,
        "img_url": null,
        "last_edited": "2026-07-14",
        "last_editor": "postgres",
        "name_en": "Corwell",
        "name_ru": "Корвелл",
        "name_abb_en": null,
        "name_abb_ru": null,
        "label_en": "Corwell",
        "label_ru": "Корвелл",
        "descr_en": "A Ffolk kingdom on the southern part of the isle of Gwynneth in the Moonshae Isles. It was the first and oldest kingdom of the Ffolk, ruled from Caer Corwell by House Kendrick until its fall in the late 14th century DR. Its geography includes the Llyrath Forest, the Cambro Mountains, and the Corwell Firth. The kingdom was known for its pure Ffolk culture, elite swordsmen, and worship of the Earthmother.",
        "descr_ru": "Королевство Ффолков в южной части острова Гвиннет на островах Муншае. Было первым и старейшим королевством Ффолков, правившим из Каэр-Корвелла домом Кендрик до его падения в конце XIV века по ЛД. Его география включает Лес Ллират, Кембрийские Горы и залив Корвелл. Королевство было известно своей чистой культурой Ффолков, элитными мечниками и поклонением Матери-Земле.",
        "descr_html_en": null,
        "descr_html_ru": null,
        "url_en": "https://forgottenrealms.fandom.com/wiki/Corwell",
        "url_ru": null,
        "source_name": "TSR FRIA 2e",
        "source_url": "https://www.profantasy.com/fratlas/fratlashome.htm",
        "dnd_editions_str": "2e, 3e, 5e",
        "feature_levels_str": null,
        "extra_str": "topical_tags: [\"kingdom\", \"moonshae_isles\", \"gwynneth\", \"ffolk\", \"human\", \"halfling\", \"agriculture\", \"mining\", \"fishing\"] | related_cultures_tags: [\"Ffolk\", \"Northlanders\"] | related_factions_tags: [\"House Kendrick\", \"Hugh Dynasty\", \"Carrathal family\"] | related_location_tags: [\"Caer Corwell\", \"Gwynneth\", \"Moonshae Isles\", \"Llyrath Forest\", \"Cambro Mountains\", \"Corwell Firth\", \"Kingsbay\", \"Strait of Alaron\"]",
        "location_en": "western Sea of Swords → Moonshae Isles → unnamed",
        "name_alt_en_str": null,
        "location_ru": "западный море Мечей → острова Муншае → unnamed",
        "name_alt_ru_str": null,
        "geog_extent_centroid_md": "36° 43′ 53″ N 025° 52′ 19″ W",
        "geog_extent_centroid_fria": "36° 43′ 53″ N 079° 21′ 12″ W",
        "geog_extent_area_sq_km": null,
        "geog_extent_area_sq_miles": null,
        "geog_extent_length_km": null,
        "geog_extent_length_miles": null,
        "geog_extent_perimeter_km": null,
        "geog_extent_perimeter_miles": null,
        "geog_extent_bbox_md": null,
        "geog_extent_bbox_fria": null,
        "name_it": "Corwell",
        "name_abb_it": null,
        "label_it": "Corwell",
        "descr_it": "Corwell è un regno dei Ffolk sulla parte meridionale dell'isola di Gwynneth nelle Isole Moonshae. Fu il primo e più antico regno dei Ffolk, governato da Caer Corwell da Casa Kendrick fino alla sua caduta alla fine del XIV secolo DR. La sua geografia include la Foresta di Llyrath, i Monti Cambro e il Firth di Corwell. Il regno era noto per la sua pura cultura dei Ffolk, i suoi spadaccini d'élite e il culto della Madre Terra.",
        "descr_html_it": null,
        "url_it": null,
        "location_it": "Mare delle Spade occidentale → Isole Moonshae → unnamed",
        "name_alt_it_str": null,
        "topical_tags": "kingdom, moonshae_isles, gwynneth, ffolk, human, halfling, agriculture, mining, fishing",
        "related_location_tags": "Caer Corwell, Gwynneth, Moonshae Isles, Llyrath Forest, Cambro Mountains, Corwell Firth, Kingsbay, Strait of Alaron",
        "related_cultures_tags": "Ffolk, Northlanders",
        "related_factions_tags": "House Kendrick, Hugh Dynasty, Carrathal family"
      },
      "geometry": {
        "type": "MultiPoint",
        "coordinates": [
          [
            -79.35357715459749,
            36.73161309879519
          ]
        ]
      }
    },
    {
      "type": "Feature",
      "properties": {
        "uuid": "4c9c170d-a075-480e-82c8-426195d54bfd",
        "layer_id": "srf_civ_important_sites_pt",
        "timeframe": null,
        "feature_class": "Ruins",
        "feature_rank": 5,
        "is_visible": true,
        "is_labeled": true,
        "needs_review": false,
        "review_notes": null,
        "img_url": null,
        "last_edited": "2026-07-30",
        "last_editor": "postgres",
        "name_en": "Point Iron",
        "name_ru": "Железный Мыс",
        "name_abb_en": null,
        "name_abb_ru": null,
        "label_en": "Point Iron",
        "label_ru": "Железный Мыс",
        "descr_en": "A small iron mine on the southern coast of the Moonsea, northeast of Mulmaster. It was originally worked by dwarves and later taken over by duergar.",
        "descr_ru": "Небольшой железный рудник на южном побережье Лунного Моря, к северо-востоку от Мулмастера. Первоначально разрабатывался дварфами, позже был захвачен дуэргарами.",
        "descr_html_en": null,
        "descr_html_ru": null,
        "url_en": "https://forgottenrealms.fandom.com/wiki/Point_Iron",
        "url_ru": null,
        "source_name": "TSR FRIA 2e",
        "source_url": "https://www.profantasy.com/fratlas/fratlashome.htm",
        "dnd_editions_str": "2e, 3e, 5e",
        "feature_levels_str": null,
        "extra_str": "topical_tags: [\"mine\", \"iron\", \"coast\", \"moonsea\"] | related_cultures_tags: [\"dwarves\", \"duergar\"] | related_location_tags: [\"Moonsea\", \"Mulmaster\"]",
        "location_en": "central Faerûn → The Vast",
        "name_alt_en_str": null,
        "location_ru": "центральный Фаэрун → Простор",
        "name_alt_ru_str": null,
        "geog_extent_centroid_md": "42° 26′ 43″ N 004° 05′ 51″ E",
        "geog_extent_centroid_fria": "42° 26′ 43″ N 049° 23′ 02″ W",
        "geog_extent_area_sq_km": null,
        "geog_extent_area_sq_miles": null,
        "geog_extent_length_km": null,
        "geog_extent_length_miles": null,
        "geog_extent_perimeter_km": null,
        "geog_extent_perimeter_miles": null,
        "geog_extent_bbox_md": null,
        "geog_extent_bbox_fria": null,
        "name_it": "Punta Ferro",
        "name_abb_it": null,
        "label_it": "Punta Ferro",
        "descr_it": "Una piccola miniera di ferro sulla costa meridionale del Mare della Luna, a nord-est di Mulmaster. Fu originariamente lavorata dai nani e in seguito presa dai duergar.",
        "descr_html_it": null,
        "url_it": null,
        "location_it": "Faerûn centrale → Il Vast",
        "name_alt_it_str": null,
        "topical_tags": "mine, iron, coast, moonsea",
        "related_location_tags": "Moonsea, Mulmaster",
        "related_cultures_tags": "dwarves, duergar",
        "related_factions_tags": ""
      },
      "geometry": {
        "type": "MultiPoint",
        "coordinates": [
          [
            -49.383927279585095,
            42.44540595655137
          ]
        ]
      }
    },
    {
      "type": "Feature",
      "properties": {
        "uuid": "3b296bdc-6f90-49e0-a9f0-cf11cd1c641d",
        "layer_id": "srf_civ_important_sites_pt",
        "timeframe": null,
        "feature_class": "Fortification",
        "feature_rank": 5,
        "is_visible": true,
        "is_labeled": true,
        "needs_review": true,
        "review_notes": "exclude from wiki link auto-ageneration",
        "img_url": null,
        "last_edited": "2026-07-13",
        "last_editor": "postgres",
        "name_en": "Quas al'Tarik",
        "name_ru": "Квас аль-Тарик",
        "name_abb_en": null,
        "name_abb_ru": null,
        "label_en": "Quas al'Tarik",
        "label_ru": "Квас аль-Тарик",
        "descr_en": null,
        "descr_ru": null,
        "descr_html_en": null,
        "descr_html_ru": null,
        "url_en": null,
        "url_ru": null,
        "source_name": "TSR FRIA 2e",
        "source_url": "https://www.profantasy.com/fratlas/fratlashome.htm",
        "dnd_editions_str": "2e, 3e, 5e",
        "feature_levels_str": null,
        "extra_str": null,
        "location_en": "eastern Faerûn",
        "name_alt_en_str": null,
        "location_ru": "восточный Фаэрун",
        "name_alt_ru_str": null,
        "geog_extent_centroid_md": "27° 52′ 56″ N 034° 07′ 27″ E",
        "geog_extent_centroid_fria": "27° 52′ 56″ N 019° 21′ 26″ W",
        "geog_extent_area_sq_km": null,
        "geog_extent_area_sq_miles": null,
        "geog_extent_length_km": null,
        "geog_extent_length_miles": null,
        "geog_extent_perimeter_km": null,
        "geog_extent_perimeter_miles": null,
        "geog_extent_bbox_md": null,
        "geog_extent_bbox_fria": null,
        "name_it": "Quas al'Tarik",
        "name_abb_it": null,
        "label_it": "Quas al'Tarik",
        "descr_it": null,
        "descr_html_it": null,
        "url_it": null,
        "location_it": "Faerûn orientale",
        "name_alt_it_str": null,
        "topical_tags": "",
        "related_location_tags": "",
        "related_cultures_tags": "",
        "related_factions_tags": ""
      },
      "geometry": {
        "type": "MultiPoint",
        "coordinates": [
          [
            -19.357293857938703,
            27.88247322508505
          ]
        ]
      }
    },
    {
      "type": "Feature",
      "properties": {
        "uuid": "4e53c15b-ed5d-46c6-8811-8e0f9c274db4",
        "layer_id": "srf_civ_important_sites_pt",
        "timeframe": null,
        "feature_class": "Tomb",
        "feature_rank": 5,
        "is_visible": true,
        "is_labeled": true,
        "needs_review": false,
        "review_notes": "exclude from wiki link auto-ageneration",
        "img_url": null,
        "last_edited": "2026-07-13",
        "last_editor": "postgres",
        "name_en": "Jabir's Tomb",
        "name_ru": "Гробница Джабира",
        "name_abb_en": null,
        "name_abb_ru": null,
        "label_en": "Jabir's Tomb",
        "label_ru": "Гробница Джабира",
        "descr_en": null,
        "descr_ru": null,
        "descr_html_en": null,
        "descr_html_ru": null,
        "url_en": null,
        "url_ru": null,
        "source_name": "TSR FRIA 2e",
        "source_url": "https://www.profantasy.com/fratlas/fratlashome.htm",
        "dnd_editions_str": "2e, 3e, 5e",
        "feature_levels_str": null,
        "extra_str": null,
        "location_en": "south-western Zakhara → unnamed",
        "name_alt_en_str": null,
        "location_ru": "юго-западный Захара → unnamed",
        "name_alt_ru_str": null,
        "geog_extent_centroid_md": "16° 17′ 09″ S 022° 15′ 42″ E",
        "geog_extent_centroid_fria": "16° 17′ 09″ S 031° 13′ 11″ W",
        "geog_extent_area_sq_km": null,
        "geog_extent_area_sq_miles": null,
        "geog_extent_length_km": null,
        "geog_extent_length_miles": null,
        "geog_extent_perimeter_km": null,
        "geog_extent_perimeter_miles": null,
        "geog_extent_bbox_md": null,
        "geog_extent_bbox_fria": null,
        "name_it": "Tomba di Jabir",
        "name_abb_it": null,
        "label_it": "Tomba di Jabir",
        "descr_it": null,
        "descr_html_it": null,
        "url_it": null,
        "location_it": "Zakhara sud-occidentale → unnamed",
        "name_alt_it_str": null,
        "topical_tags": "",
        "related_location_tags": "",
        "related_cultures_tags": "",
        "related_factions_tags": ""
      },
      "geometry": {
        "type": "MultiPoint",
        "coordinates": [
          [
            -31.219730155511,
            -16.285911162149187
          ]
        ]
      }
    },
    {
      "type": "Feature",
      "properties": {
        "uuid": "4f9a5446-c3dc-41ed-b2e9-87dfee28a8a1",
        "layer_id": "srf_civ_important_sites_pt",
        "timeframe": null,
        "feature_class": "Fortification",
        "feature_rank": 5,
        "is_visible": true,
        "is_labeled": true,
        "needs_review": false,
        "review_notes": null,
        "img_url": null,
        "last_edited": "2026-07-13",
        "last_editor": "postgres",
        "name_en": "unnamed",
        "name_ru": null,
        "name_abb_en": null,
        "name_abb_ru": null,
        "label_en": null,
        "label_ru": null,
        "descr_en": null,
        "descr_ru": null,
        "descr_html_en": null,
        "descr_html_ru": null,
        "url_en": null,
        "url_ru": null,
        "source_name": "TSR FRIA 2e",
        "source_url": "https://www.profantasy.com/fratlas/fratlashome.htm",
        "dnd_editions_str": "2e, 3e, 5e",
        "feature_levels_str": null,
        "extra_str": null,
        "location_en": "northern Zakhara → unnamed",
        "name_alt_en_str": null,
        "location_ru": "северный Захара → unnamed",
        "name_alt_ru_str": null,
        "geog_extent_centroid_md": "03° 55′ 33″ S 026° 13′ 18″ E",
        "geog_extent_centroid_fria": "03° 55′ 33″ S 027° 15′ 34″ W",
        "geog_extent_area_sq_km": null,
        "geog_extent_area_sq_miles": null,
        "geog_extent_length_km": null,
        "geog_extent_length_miles": null,
        "geog_extent_perimeter_km": null,
        "geog_extent_perimeter_miles": null,
        "geog_extent_bbox_md": null,
        "geog_extent_bbox_fria": null,
        "name_it": null,
        "name_abb_it": null,
        "label_it": null,
        "descr_it": null,
        "descr_html_it": null,
        "url_it": null,
        "location_it": "Zakhara settentrionale → unnamed",
        "name_alt_it_str": null,
        "topical_tags": "",
        "related_location_tags": "",
        "related_cultures_tags": "",
        "related_factions_tags": ""
      },
      "geometry": {
        "type": "MultiPoint",
        "coordinates": [
          [
            -27.259565904507213,
            -3.925990644186384
          ]
        ]
      }
    },
    {
      "type": "Feature",
      "properties": {
        "uuid": "7d23aab0-937a-44a9-b3ea-2ed5a550f5a1",
        "layer_id": "srf_civ_important_sites_pt",
        "timeframe": null,
        "feature_class": "Ruins",
        "feature_rank": 5,
        "is_visible": true,
        "is_labeled": true,
        "needs_review": false,
        "review_notes": null,
        "img_url": null,
        "last_edited": "2026-07-13",
        "last_editor": "postgres",
        "name_en": "unnamed",
        "name_ru": null,
        "name_abb_en": null,
        "name_abb_ru": null,
        "label_en": null,
        "label_ru": null,
        "descr_en": null,
        "descr_ru": null,
        "descr_html_en": null,
        "descr_html_ru": null,
        "url_en": null,
        "url_ru": null,
        "source_name": "TSR FRIA 2e",
        "source_url": "https://www.profantasy.com/fratlas/fratlashome.htm",
        "dnd_editions_str": "2e, 3e, 5e",
        "feature_levels_str": null,
        "extra_str": null,
        "location_en": "central Zakhara → unnamed",
        "name_alt_en_str": null,
        "location_ru": "центральный Захара → unnamed",
        "name_alt_ru_str": null,
        "geog_extent_centroid_md": "07° 48′ 48″ S 029° 02′ 56″ E",
        "geog_extent_centroid_fria": "07° 48′ 48″ S 024° 25′ 56″ W",
        "geog_extent_area_sq_km": null,
        "geog_extent_area_sq_miles": null,
        "geog_extent_length_km": null,
        "geog_extent_length_miles": null,
        "geog_extent_perimeter_km": null,
        "geog_extent_perimeter_miles": null,
        "geog_extent_bbox_md": null,
        "geog_extent_bbox_fria": null,
        "name_it": null,
        "name_abb_it": null,
        "label_it": null,
        "descr_it": null,
        "descr_html_it": null,
        "url_it": null,
        "location_it": "Zakhara centrale → unnamed",
        "name_alt_it_str": null,
        "topical_tags": "",
        "related_location_tags": "",
        "related_cultures_tags": "",
        "related_factions_tags": ""
      },
      "geometry": {
        "type": "MultiPoint",
        "coordinates": [
          [
            -24.4324248895332,
            -7.813393232754978
          ]
        ]
      }
    },
    {
      "type": "Feature",
      "properties": {
        "uuid": "5039c7ac-25b3-4610-9ecc-73f95a362efc",
        "layer_id": "srf_civ_important_sites_pt",
        "timeframe": null,
        "feature_class": "Fortification",
        "feature_rank": 5,
        "is_visible": true,
        "is_labeled": true,
        "needs_review": true,
        "review_notes": null,
        "img_url": null,
        "last_edited": "2026-07-14",
        "last_editor": "postgres",
        "name_en": "Lonely Tower",
        "name_ru": "Одинокая Башня",
        "name_abb_en": null,
        "name_abb_ru": null,
        "label_en": "Lonely Tower",
        "label_ru": "Одинокая Башня",
        "descr_en": "A white stone tower of unusually light and frail construction, situated within a perfectly circular area of volcanic rock and deep cracks, contrasting with the surrounding hills. It serves as a secret refuge and fortress of solitude for its owner.",
        "descr_ru": "Белая каменная башня необычно лёгкой и хрупкой конструкции, расположенная внутри идеально круглого участка вулканической породы и глубоких трещин, контрастируя с окружающими холмами. Служит тайным убежищем и крепостью одиночества для своего владельца.",
        "descr_html_en": null,
        "descr_html_ru": null,
        "url_en": "https://forgottenrealms.fandom.com/wiki/Lonely_Tower",
        "url_ru": null,
        "source_name": "TSR FRIA 2e",
        "source_url": "https://www.profantasy.com/fratlas/fratlashome.htm",
        "dnd_editions_str": "2e, 3e, 5e",
        "feature_levels_str": null,
        "extra_str": "topical_tags: [\"tower\", \"white_stone\", \"volcanic_terrain\", \"circular_area\", \"secret_refuge\", \"fortress_of_solitude\", \"elemental_guardians\", \"traps\"] | related_location_tags: [\"Moonwood\", \"Moonlands\", \"Silver Marches\"]",
        "location_en": "north-western Faerûn",
        "name_alt_en_str": null,
        "location_ru": "северо-западный Фаэрун",
        "name_alt_ru_str": null,
        "geog_extent_centroid_md": "53° 16′ 09″ N 014° 29′ 04″ W",
        "geog_extent_centroid_fria": "53° 16′ 09″ N 067° 57′ 57″ W",
        "geog_extent_area_sq_km": null,
        "geog_extent_area_sq_miles": null,
        "geog_extent_length_km": null,
        "geog_extent_length_miles": null,
        "geog_extent_perimeter_km": null,
        "geog_extent_perimeter_miles": null,
        "geog_extent_bbox_md": null,
        "geog_extent_bbox_fria": null,
        "name_it": "Torre Solitaria",
        "name_abb_it": null,
        "label_it": "Torre Solitaria",
        "descr_it": "Una torre di pietra bianca di costruzione insolitamente leggera e fragile, situata all'interno di un'area perfettamente circolare di roccia vulcanica e profonde spaccature, in contrasto con le colline circostanti. Serve come rifugio segreto e fortezza della solitudine per il suo proprietario.",
        "descr_html_it": null,
        "url_it": null,
        "location_it": "Faerûn nord-occidentale",
        "name_alt_it_str": null,
        "topical_tags": "tower, white_stone, volcanic_terrain, circular_area, secret_refuge, fortress_of_solitude, elemental_guardians, traps",
        "related_location_tags": "Moonwood, Moonlands, Silver Marches",
        "related_cultures_tags": "",
        "related_factions_tags": ""
      },
      "geometry": {
        "type": "MultiPoint",
        "coordinates": [
          [
            -67.96608339008644,
            53.269361227493285
          ]
        ]
      }
    },
    {
      "type": "Feature",
      "properties": {
        "uuid": "505553c9-c3ac-417b-8ba2-518726dd93db",
        "layer_id": "srf_civ_important_sites_pt",
        "timeframe": null,
        "feature_class": "Fortification",
        "feature_rank": 5,
        "is_visible": true,
        "is_labeled": true,
        "needs_review": false,
        "review_notes": null,
        "img_url": null,
        "last_edited": "2026-07-13",
        "last_editor": "postgres",
        "name_en": "unnamed",
        "name_ru": null,
        "name_abb_en": null,
        "name_abb_ru": null,
        "label_en": null,
        "label_ru": null,
        "descr_en": null,
        "descr_ru": null,
        "descr_html_en": null,
        "descr_html_ru": null,
        "url_en": null,
        "url_ru": null,
        "source_name": "TSR FRIA 2e",
        "source_url": "https://www.profantasy.com/fratlas/fratlashome.htm",
        "dnd_editions_str": "2e, 3e, 5e",
        "feature_levels_str": null,
        "extra_str": null,
        "location_en": "western Crowded Sea → unnamed",
        "name_alt_en_str": null,
        "location_ru": "западный Тесное море → unnamed",
        "name_alt_ru_str": null,
        "geog_extent_centroid_md": "27° 27′ 45″ S 022° 12′ 38″ E",
        "geog_extent_centroid_fria": "27° 27′ 45″ S 031° 16′ 14″ W",
        "geog_extent_area_sq_km": null,
        "geog_extent_area_sq_miles": null,
        "geog_extent_length_km": null,
        "geog_extent_length_miles": null,
        "geog_extent_perimeter_km": null,
        "geog_extent_perimeter_miles": null,
        "geog_extent_bbox_md": null,
        "geog_extent_bbox_fria": null,
        "name_it": null,
        "name_abb_it": null,
        "label_it": null,
        "descr_it": null,
        "descr_html_it": null,
        "url_it": null,
        "location_it": "Mare Affollato occidentale → unnamed",
        "name_alt_it_str": null,
        "topical_tags": "",
        "related_location_tags": "",
        "related_cultures_tags": "",
        "related_factions_tags": ""
      },
      "geometry": {
        "type": "MultiPoint",
        "coordinates": [
          [
            -31.270686858215758,
            -27.462535089223422
          ]
        ]
      }
    },
    {
      "type": "Feature",
      "properties": {
        "uuid": "519dbc93-33c8-45a6-98d0-ec63a00a93ec",
        "layer_id": "srf_civ_important_sites_pt",
        "timeframe": null,
        "feature_class": "Mine",
        "feature_rank": 5,
        "is_visible": true,
        "is_labeled": true,
        "needs_review": false,
        "review_notes": "exclude from wiki link auto-ageneration",
        "img_url": null,
        "last_edited": "2026-07-13",
        "last_editor": "postgres",
        "name_en": "Mine of Cursed Gold",
        "name_ru": "Рудник Проклятого Золота",
        "name_abb_en": null,
        "name_abb_ru": null,
        "label_en": "Mine of Cursed Gold",
        "label_ru": "Рудник Проклятого Золота",
        "descr_en": null,
        "descr_ru": null,
        "descr_html_en": null,
        "descr_html_ru": null,
        "url_en": null,
        "url_ru": null,
        "source_name": "TSR FRIA 2e",
        "source_url": "https://www.profantasy.com/fratlas/fratlashome.htm",
        "dnd_editions_str": "2e, 3e, 5e",
        "feature_levels_str": null,
        "extra_str": null,
        "location_en": "western Faerûn → Cormyr → Storm Horn Mountains",
        "name_alt_en_str": null,
        "location_ru": "западный Фаэрун → Кормир → Горы Штормовых Рогов",
        "name_alt_ru_str": null,
        "geog_extent_centroid_md": "37° 36′ 04″ N 007° 53′ 08″ W",
        "geog_extent_centroid_fria": "37° 36′ 04″ N 061° 22′ 01″ W",
        "geog_extent_area_sq_km": null,
        "geog_extent_area_sq_miles": null,
        "geog_extent_length_km": null,
        "geog_extent_length_miles": null,
        "geog_extent_perimeter_km": null,
        "geog_extent_perimeter_miles": null,
        "geog_extent_bbox_md": null,
        "geog_extent_bbox_fria": null,
        "name_it": "Miniera dell'Oro Maledetto",
        "name_abb_it": null,
        "label_it": "Miniera dell'Oro Maledetto",
        "descr_it": null,
        "descr_html_it": null,
        "url_it": null,
        "location_it": "Faerûn occidentale → Cormyr → Montagne del Corno della Tempesta",
        "name_alt_it_str": null,
        "topical_tags": "",
        "related_location_tags": "",
        "related_cultures_tags": "",
        "related_factions_tags": ""
      },
      "geometry": {
        "type": "MultiPoint",
        "coordinates": [
          [
            -61.3670647273465,
            37.60138385477644
          ]
        ]
      }
    },
    {
      "type": "Feature",
      "properties": {
        "uuid": "533ddd8c-6cbe-458b-9342-fcabf48059ae",
        "layer_id": "srf_civ_important_sites_pt",
        "timeframe": null,
        "feature_class": "Shipwreck",
        "feature_rank": 5,
        "is_visible": true,
        "is_labeled": true,
        "needs_review": false,
        "review_notes": "exclude from wiki link auto-ageneration",
        "img_url": null,
        "last_edited": "2026-07-13",
        "last_editor": "postgres",
        "name_en": "Mermaid Sword",
        "name_ru": "Меч Русалки",
        "name_abb_en": null,
        "name_abb_ru": null,
        "label_en": "Mermaid Sword",
        "label_ru": "Меч Русалки",
        "descr_en": null,
        "descr_ru": null,
        "descr_html_en": null,
        "descr_html_ru": null,
        "url_en": null,
        "url_ru": null,
        "source_name": "TSR FRIA 2e",
        "source_url": "https://www.profantasy.com/fratlas/fratlashome.htm",
        "dnd_editions_str": "2e, 3e, 5e",
        "feature_levels_str": null,
        "extra_str": null,
        "location_en": "central Sea of Swords",
        "name_alt_en_str": null,
        "location_ru": "центральный море Мечей",
        "name_alt_ru_str": null,
        "geog_extent_centroid_md": "37° 20′ 36″ N 022° 05′ 58″ W",
        "geog_extent_centroid_fria": "37° 20′ 36″ N 075° 34′ 52″ W",
        "geog_extent_area_sq_km": null,
        "geog_extent_area_sq_miles": null,
        "geog_extent_length_km": null,
        "geog_extent_length_miles": null,
        "geog_extent_perimeter_km": null,
        "geog_extent_perimeter_miles": null,
        "geog_extent_bbox_md": null,
        "geog_extent_bbox_fria": null,
        "name_it": "Spada della Sirena",
        "name_abb_it": null,
        "label_it": "Spada della Sirena",
        "descr_it": null,
        "descr_html_it": null,
        "url_it": null,
        "location_it": "Mare delle Spade centrale",
        "name_alt_it_str": null,
        "topical_tags": "",
        "related_location_tags": "",
        "related_cultures_tags": "",
        "related_factions_tags": ""
      },
      "geometry": {
        "type": "MultiPoint",
        "coordinates": [
          [
            -75.58121640001347,
            37.34348316158004
          ]
        ]
      }
    },
    {
      "type": "Feature",
      "properties": {
        "uuid": "53bd7bd2-e628-4f24-89b3-da475662fa5b",
        "layer_id": "srf_civ_important_sites_pt",
        "timeframe": null,
        "feature_class": "Fortification",
        "feature_rank": 5,
        "is_visible": true,
        "is_labeled": true,
        "needs_review": false,
        "review_notes": null,
        "img_url": null,
        "last_edited": "2026-07-14",
        "last_editor": "postgres",
        "name_en": "Krak al-Niraan",
        "name_ru": "Крак аль-Нираан",
        "name_abb_en": null,
        "name_abb_ru": null,
        "label_en": "Krak al-Niraan",
        "label_ru": "Крак аль-Нираан",
        "descr_en": "A fortress located on the edge of the Weeping Desert in the Haunted Lands, built to protect a trade route. It is occupied by flame mages and defended by mercenaries, undead wards, and specialized guards.",
        "descr_ru": "Крепость, расположенная на краю Плачущей Пустыни в Проклятых Землях, построенная для защиты торгового пути. Занята огненными магами и защищается наёмниками, нежитью-стражами и специализированной стражей.",
        "descr_html_en": null,
        "descr_html_ru": null,
        "url_en": "https://forgottenrealms.fandom.com/wiki/Krak_al-Niraan",
        "url_ru": null,
        "source_name": "TSR FRIA 2e",
        "source_url": "https://www.profantasy.com/fratlas/fratlashome.htm",
        "dnd_editions_str": "2e, 3e, 5e",
        "feature_levels_str": null,
        "extra_str": "topical_tags: [\"fortress\", \"desert\", \"trade_route\", \"haunted_lands\", \"mercenaries\", \"flame_magic\", \"undead_wards\"] | related_cultures_tags: [\"al-Badia\"] | related_factions_tags: [\"Brotherhood\", \"Flamedeath Fellowship\"] | related_location_tags: [\"Weeping Desert\", \"Haunted Lands\", \"Zakhara\"]",
        "location_en": "northern Zakhara → Weeping Desert",
        "name_alt_en_str": "Castle of Flame",
        "location_ru": "северный Захара → Плачущая Пустыня",
        "name_alt_ru_str": "Замок Пламени",
        "geog_extent_centroid_md": "04° 21′ 51″ S 029° 31′ 59″ E",
        "geog_extent_centroid_fria": "04° 21′ 51″ S 023° 56′ 53″ W",
        "geog_extent_area_sq_km": null,
        "geog_extent_area_sq_miles": null,
        "geog_extent_length_km": null,
        "geog_extent_length_miles": null,
        "geog_extent_perimeter_km": null,
        "geog_extent_perimeter_miles": null,
        "geog_extent_bbox_md": null,
        "geog_extent_bbox_fria": null,
        "name_it": "Krak al-Niraan",
        "name_abb_it": null,
        "label_it": "Krak al-Niraan",
        "descr_it": "Krak al-Niraan è una fortezza situata sul bordo del Deserto Piangente nelle Terre Infestate, costruita per proteggere una rotta commerciale. È occupata da maghi della fiamma e difesa da mercenari, barriere non morte e guardie specializzate.",
        "descr_html_it": null,
        "url_it": null,
        "location_it": "Zakhara settentrionale → Deserto Piangente",
        "name_alt_it_str": "Castello della Fiamma",
        "topical_tags": "fortress, desert, trade_route, haunted_lands, mercenaries, flame_magic, undead_wards",
        "related_location_tags": "Weeping Desert, Haunted Lands, Zakhara",
        "related_cultures_tags": "al-Badia",
        "related_factions_tags": "Brotherhood, Flamedeath Fellowship"
      },
      "geometry": {
        "type": "MultiPoint",
        "coordinates": [
          [
            -23.948182525274195,
            -4.36442301175474
          ]
        ]
      }
    },
    {
      "type": "Feature",
      "properties": {
        "uuid": "53be7969-eb6b-40ff-baaa-a88417d8af01",
        "layer_id": "srf_civ_important_sites_pt",
        "timeframe": null,
        "feature_class": "Fortification",
        "feature_rank": 5,
        "is_visible": true,
        "is_labeled": true,
        "needs_review": false,
        "review_notes": null,
        "img_url": null,
        "last_edited": "2026-07-14",
        "last_editor": "postgres",
        "name_en": "Rogarsheim",
        "name_ru": "Рогарсхайм",
        "name_abb_en": null,
        "name_abb_ru": null,
        "label_en": "Rogarsheim",
        "label_ru": "Рогарсхайм",
        "descr_en": "The capital city of the Northlander Kingdom of Norland on the island of Norland in the Moonshae Isles, located on the Bay of Norland along the Sea of Moonshae coast. It was ruled from Stormbanner Hold and served as a major port for trade with Waterdeep and Ruathym, known for shipbuilding, fishing, and hunting.",
        "descr_ru": "Столица королевства нордландцев Норланд на острове Норланд на островах Муншае, расположенная на заливе Норланд вдоль побережья Моря Муншае. Правилась из Твердыни Штормового Знамени и служила крупным портом для торговли с Глубоководьем и Руатимом, известна кораблестроением, рыболовством и охотой.",
        "descr_html_en": null,
        "descr_html_ru": null,
        "url_en": "https://forgottenrealms.fandom.com/wiki/Rogarsheim",
        "url_ru": null,
        "source_name": "TSR FRIA 2e",
        "source_url": "https://www.profantasy.com/fratlas/fratlashome.htm",
        "dnd_editions_str": "2e, 3e, 5e",
        "feature_levels_str": null,
        "extra_str": "topical_tags: [\"capital\", \"city\", \"port\", \"shipbuilding\", \"fishing\", \"trade\", \"northlander\", \"moonshae\"] | related_cultures_tags: [\"Northlanders\", \"Ffolk\", \"Dwarves\", \"Fey\"] | related_factions_tags: [\"Stormbanner Wolves\", \"Bloodriders\", \"Purple Dragon Knights\"] | related_location_tags: [\"Norland\", \"Moonshae Isles\", \"Bay of Norland\", \"Sea of Moonshae\", \"Waterdeep\", \"Ruathym\", \"Gwynneth\", \"Frostfenn\"]",
        "location_en": "western Sea of Swords → Moonshae Isles → unnamed",
        "name_alt_en_str": "Rottesheim, Norland Town",
        "location_ru": "западный море Мечей → острова Муншае → unnamed",
        "name_alt_ru_str": "Роттесхайм, Норленд-Таун",
        "geog_extent_centroid_md": "39° 55′ 24″ N 027° 35′ 48″ W",
        "geog_extent_centroid_fria": "39° 55′ 24″ N 081° 04′ 41″ W",
        "geog_extent_area_sq_km": null,
        "geog_extent_area_sq_miles": null,
        "geog_extent_length_km": null,
        "geog_extent_length_miles": null,
        "geog_extent_perimeter_km": null,
        "geog_extent_perimeter_miles": null,
        "geog_extent_bbox_md": null,
        "geog_extent_bbox_fria": null,
        "name_it": "Rogarsheim",
        "name_abb_it": null,
        "label_it": "Rogarsheim",
        "descr_it": "La capitale del Regno Nordico di Norland sull'isola di Norland nelle Isole Moonshae, situata sulla Baia di Norland lungo la costa del Mare di Moonshae. Era governata da Rocca di Tempesta e fungeva da porto principale per il commercio con Waterdeep e Ruathym, nota per la costruzione navale, la pesca e la caccia.",
        "descr_html_it": null,
        "url_it": null,
        "location_it": "Mare delle Spade occidentale → Isole Moonshae → unnamed",
        "name_alt_it_str": "Rottesheim, Norland Town",
        "topical_tags": "capital, city, port, shipbuilding, fishing, trade, northlander, moonshae",
        "related_location_tags": "Norland, Moonshae Isles, Bay of Norland, Sea of Moonshae, Waterdeep, Ruathym, Gwynneth, Frostfenn",
        "related_cultures_tags": "Northlanders, Ffolk, Dwarves, Fey",
        "related_factions_tags": "Stormbanner Wolves, Bloodriders, Purple Dragon Knights"
      },
      "geometry": {
        "type": "MultiPoint",
        "coordinates": [
          [
            -81.07830981909369,
            39.92357856135181
          ]
        ]
      }
    },
    {
      "type": "Feature",
      "properties": {
        "uuid": "54798783-0358-469c-8aaf-13201ad3aa73",
        "layer_id": "srf_civ_important_sites_pt",
        "timeframe": null,
        "feature_class": "Ruins",
        "feature_rank": 5,
        "is_visible": true,
        "is_labeled": true,
        "needs_review": false,
        "review_notes": null,
        "img_url": null,
        "last_edited": "2026-07-13",
        "last_editor": "postgres",
        "name_en": "unnamed",
        "name_ru": null,
        "name_abb_en": null,
        "name_abb_ru": null,
        "label_en": null,
        "label_ru": null,
        "descr_en": null,
        "descr_ru": null,
        "descr_html_en": null,
        "descr_html_ru": null,
        "url_en": null,
        "url_ru": null,
        "source_name": "TSR FRIA 2e",
        "source_url": "https://www.profantasy.com/fratlas/fratlashome.htm",
        "dnd_editions_str": "2e, 3e, 5e",
        "feature_levels_str": null,
        "extra_str": null,
        "location_en": "southern Zakhara → unnamed",
        "name_alt_en_str": null,
        "location_ru": "южный Захара → unnamed",
        "name_alt_ru_str": null,
        "geog_extent_centroid_md": "17° 41′ 48″ S 032° 16′ 33″ E",
        "geog_extent_centroid_fria": "17° 41′ 48″ S 021° 12′ 19″ W",
        "geog_extent_area_sq_km": null,
        "geog_extent_area_sq_miles": null,
        "geog_extent_length_km": null,
        "geog_extent_length_miles": null,
        "geog_extent_perimeter_km": null,
        "geog_extent_perimeter_miles": null,
        "geog_extent_bbox_md": null,
        "geog_extent_bbox_fria": null,
        "name_it": null,
        "name_abb_it": null,
        "label_it": null,
        "descr_it": null,
        "descr_html_it": null,
        "url_it": null,
        "location_it": "Zakhara meridionale → unnamed",
        "name_alt_it_str": null,
        "topical_tags": "",
        "related_location_tags": "",
        "related_cultures_tags": "",
        "related_factions_tags": ""
      },
      "geometry": {
        "type": "MultiPoint",
        "coordinates": [
          [
            -21.20541675957436,
            -17.696839897632046
          ]
        ]
      }
    },
    {
      "type": "Feature",
      "properties": {
        "uuid": "554e1f63-6ae7-424e-8333-7dca8988cc56",
        "layer_id": "srf_civ_important_sites_pt",
        "timeframe": null,
        "feature_class": "Battlefield",
        "feature_rank": 5,
        "is_visible": true,
        "is_labeled": true,
        "needs_review": false,
        "review_notes": null,
        "img_url": null,
        "last_edited": "2026-07-13",
        "last_editor": "postgres",
        "name_en": "unnamed",
        "name_ru": null,
        "name_abb_en": null,
        "name_abb_ru": null,
        "label_en": null,
        "label_ru": null,
        "descr_en": null,
        "descr_ru": null,
        "descr_html_en": null,
        "descr_html_ru": null,
        "url_en": null,
        "url_ru": null,
        "source_name": "TSR FRIA 2e",
        "source_url": "https://www.profantasy.com/fratlas/fratlashome.htm",
        "dnd_editions_str": "2e, 3e, 5e",
        "feature_levels_str": null,
        "extra_str": null,
        "location_en": "western Zakhara → unnamed",
        "name_alt_en_str": null,
        "location_ru": "западный Захара → unnamed",
        "name_alt_ru_str": null,
        "geog_extent_centroid_md": "07° 38′ 40″ S 020° 56′ 32″ E",
        "geog_extent_centroid_fria": "07° 38′ 40″ S 032° 32′ 21″ W",
        "geog_extent_area_sq_km": null,
        "geog_extent_area_sq_miles": null,
        "geog_extent_length_km": null,
        "geog_extent_length_miles": null,
        "geog_extent_perimeter_km": null,
        "geog_extent_perimeter_miles": null,
        "geog_extent_bbox_md": null,
        "geog_extent_bbox_fria": null,
        "name_it": null,
        "name_abb_it": null,
        "label_it": null,
        "descr_it": null,
        "descr_html_it": null,
        "url_it": null,
        "location_it": "Zakhara occidentale → unnamed",
        "name_alt_it_str": null,
        "topical_tags": "",
        "related_location_tags": "",
        "related_cultures_tags": "",
        "related_factions_tags": ""
      },
      "geometry": {
        "type": "MultiPoint",
        "coordinates": [
          [
            -32.539226745417984,
            -7.644651309079795
          ]
        ]
      }
    },
    {
      "type": "Feature",
      "properties": {
        "uuid": "55851c00-bfa1-4dd0-bd72-90fa7124619d",
        "layer_id": "srf_civ_important_sites_pt",
        "timeframe": null,
        "feature_class": "Ruins",
        "feature_rank": 5,
        "is_visible": true,
        "is_labeled": true,
        "needs_review": false,
        "review_notes": null,
        "img_url": null,
        "last_edited": "2026-07-14",
        "last_editor": "postgres",
        "name_en": "Miska",
        "name_ru": "Миска",
        "name_abb_en": null,
        "name_abb_ru": null,
        "label_en": "Miska",
        "label_ru": "Миска",
        "descr_en": "A demon lord imprisoned in Pandemonium, once the Prince of Demons and ruler of the spyder-fiends. He resembles a giant spider with three heads and four arms, and served as the Queen of Chaos's general in an ancient war against the Wind Dukes of Aaqa.",
        "descr_ru": "Владыка демонов, заточённый в Пандемониуме, некогда Принц Демонов и правитель пауко-дьяволов. Он напоминает гигантского паука с тремя головами и четырьмя руками и служил генералом Королевы Хаоса в древней войне против Ветряных Герцогов Аака.",
        "descr_html_en": null,
        "descr_html_ru": null,
        "url_en": "https://forgottenrealms.fandom.com/wiki/Miska",
        "url_ru": null,
        "source_name": "TSR FRIA 2e",
        "source_url": "https://www.profantasy.com/fratlas/fratlashome.htm",
        "dnd_editions_str": "2e, 3e, 5e",
        "feature_levels_str": null,
        "extra_str": "topical_tags: [\"demon\", \"demonlord\", \"tanarri\", \"abyss\", \"chaotic\", \"evil\", \"spider\", \"wolf\", \"spyderfiend\"] | related_cultures_tags: [\"Wind Dukes of Aaqa\"] | related_factions_tags: [\"Queen of Chaos\", \"spyder-fiends\"] | related_location_tags: [\"Pandemonium\", \"Abyss\"]",
        "location_en": "central Kara-Tur → T'u Lung",
        "name_alt_en_str": "the Wolf-Spider",
        "location_ru": "центральный Кара-Тур → Ту Лунг",
        "name_alt_ru_str": "Волк-Паук",
        "geog_extent_centroid_md": "15° 28′ 22″ N 077° 19′ 13″ E",
        "geog_extent_centroid_fria": "15° 28′ 22″ N 023° 50′ 19″ E",
        "geog_extent_area_sq_km": null,
        "geog_extent_area_sq_miles": null,
        "geog_extent_length_km": null,
        "geog_extent_length_miles": null,
        "geog_extent_perimeter_km": null,
        "geog_extent_perimeter_miles": null,
        "geog_extent_bbox_md": null,
        "geog_extent_bbox_fria": null,
        "name_it": "Miska",
        "name_abb_it": null,
        "label_it": "Miska",
        "descr_it": "Un signore demone imprigionato a Pandemonio, un tempo Principe dei Demoni e sovrano dei ragni-demoni. Assomiglia a un ragno gigante con tre teste e quattro braccia, e servì come generale della Regina del Caos in un'antica guerra contro i Duchi del Vento di Aaqa.",
        "descr_html_it": null,
        "url_it": null,
        "location_it": "Kara-Tur centrale → T'u Lung",
        "name_alt_it_str": "il Ragno-Lupo",
        "topical_tags": "demon, demonlord, tanarri, abyss, chaotic, evil, spider, wolf, spyderfiend",
        "related_location_tags": "Pandemonium, Abyss",
        "related_cultures_tags": "Wind Dukes of Aaqa",
        "related_factions_tags": "Queen of Chaos, spyder-fiends"
      },
      "geometry": {
        "type": "MultiPoint",
        "coordinates": [
          [
            23.83882265757874,
            15.472921412097351
          ]
        ]
      }
    },
    {
      "type": "Feature",
      "properties": {
        "uuid": "490444f8-5418-4ec3-9f20-e2a4a77832ab",
        "layer_id": "srf_civ_important_sites_pt",
        "timeframe": null,
        "feature_class": "Water Source",
        "feature_rank": 5,
        "is_visible": true,
        "is_labeled": true,
        "needs_review": false,
        "review_notes": null,
        "img_url": null,
        "last_edited": "2026-07-14",
        "last_editor": "postgres",
        "name_en": "Bright Beacon Springs",
        "name_ru": "Источники Яркого Маяка",
        "name_abb_en": null,
        "name_abb_ru": null,
        "label_en": "Bright Beacon Springs",
        "label_ru": "Источники Яркого Маяка",
        "descr_en": "A settlement in the Hordelands of northeast Faerûn, situated near the Kora Shan mountains and the Golden Way trade route. It served as a waypoint for nomads and caravans, known for its ponds believed to have healing properties for rheumatism and arthritis. The town lacked walls, with houses built as defensible structures against mountain monsters.",
        "descr_ru": "Поселение в Землях Орды на северо-востоке Фаэруна, расположенное вблизи гор Кора-Шан и торгового пути Золотой Путь. Служило перевалочным пунктом для кочевников и караванов, было известно своими прудами, которым приписывали целебные свойства при ревматизме и артрите. Город не имел стен, дома строились как оборонительные сооружения против горных монстров.",
        "descr_html_en": null,
        "descr_html_ru": null,
        "url_en": "https://forgottenrealms.fandom.com/wiki/Bright_Beacon_Springs",
        "url_ru": null,
        "source_name": "TSR FRIA 2e",
        "source_url": "https://www.profantasy.com/fratlas/fratlashome.htm",
        "dnd_editions_str": "2e, 3e, 5e",
        "feature_levels_str": null,
        "extra_str": "topical_tags: [\"town\", \"trade\", \"waypoint\", \"healing\", \"springs\", \"meltingpot\", \"fair\", \"defensiblehouses\"] | related_cultures_tags: [\"human\", \"half-elf\", \"korobokuru\", \"dwarf\", \"spiritfolk\"] | related_location_tags: [\"Hordelands\", \"Endless Wastes\", \"Spice Road\", \"Kora Shan\", \"Golden Way\", \"Faerûn\", \"Kara-Tur\", \"Shou Lung\"]",
        "location_en": "western Kara-Tur → Kora Shan",
        "name_alt_en_str": null,
        "location_ru": "западный Кара-Тур → Кора Шан",
        "name_alt_ru_str": null,
        "geog_extent_centroid_md": "39° 07′ 32″ N 034° 35′ 38″ E",
        "geog_extent_centroid_fria": "39° 07′ 32″ N 018° 53′ 14″ W",
        "geog_extent_area_sq_km": null,
        "geog_extent_area_sq_miles": null,
        "geog_extent_length_km": null,
        "geog_extent_length_miles": null,
        "geog_extent_perimeter_km": null,
        "geog_extent_perimeter_miles": null,
        "geog_extent_bbox_md": null,
        "geog_extent_bbox_fria": null,
        "name_it": "Sorgenti del Faro Splendente",
        "name_abb_it": null,
        "label_it": "Sorgenti del Faro Splendente",
        "descr_it": "Le Sorgenti del Faro Splendente sono un insediamento nelle Terre dell'Orda nel nord-est di Faerûn, situato vicino ai monti Kora Shan e alla Via Dorata. Serviva come punto di sosta per nomadi e carovane, noto per i suoi stagni ritenuti avere proprietà curative per reumatismi e artrite. La città mancava di mura, con case costruite come strutture difendibili contro i mostri di montagna.",
        "descr_html_it": null,
        "url_it": null,
        "location_it": "Kara-Tur occidentale → Kora Shan",
        "name_alt_it_str": null,
        "topical_tags": "town, trade, waypoint, healing, springs, meltingpot, fair, defensiblehouses",
        "related_location_tags": "Hordelands, Endless Wastes, Spice Road, Kora Shan, Golden Way, Faerûn, Kara-Tur, Shou Lung",
        "related_cultures_tags": "human, half-elf, korobokuru, dwarf, spiritfolk",
        "related_factions_tags": ""
      },
      "geometry": {
        "type": "MultiPoint",
        "coordinates": [
          [
            -18.88742789394144,
            39.12567014698431
          ]
        ]
      }
    },
    {
      "type": "Feature",
      "properties": {
        "uuid": "56f83780-f936-442c-b420-e6859970cdf0",
        "layer_id": "srf_civ_important_sites_pt",
        "timeframe": null,
        "feature_class": "Ruins",
        "feature_rank": 5,
        "is_visible": true,
        "is_labeled": true,
        "needs_review": false,
        "review_notes": null,
        "img_url": null,
        "last_edited": "2026-07-22",
        "last_editor": "postgres",
        "name_en": "Ruins of Dekanter",
        "name_ru": null,
        "name_abb_en": "",
        "name_abb_ru": null,
        "label_en": "Ruins of Dekanter",
        "label_ru": null,
        "descr_en": "",
        "descr_ru": null,
        "descr_html_en": null,
        "descr_html_ru": null,
        "url_en": "",
        "url_ru": null,
        "source_name": "TSR FRIA 2e",
        "source_url": "https://www.profantasy.com/fratlas/fratlashome.htm",
        "dnd_editions_str": "2e, 3e, 5e",
        "feature_levels_str": null,
        "extra_str": null,
        "location_en": "western Faerûn",
        "name_alt_en_str": null,
        "location_ru": "западный Фаэрун",
        "name_alt_ru_str": null,
        "geog_extent_centroid_md": "44° 19′ 29″ N 011° 27′ 28″ W",
        "geog_extent_centroid_fria": "44° 19′ 29″ N 064° 56′ 22″ W",
        "geog_extent_area_sq_km": null,
        "geog_extent_area_sq_miles": null,
        "geog_extent_length_km": null,
        "geog_extent_length_miles": null,
        "geog_extent_perimeter_km": null,
        "geog_extent_perimeter_miles": null,
        "geog_extent_bbox_md": null,
        "geog_extent_bbox_fria": null,
        "name_it": null,
        "name_abb_it": null,
        "label_it": "Ruins of Dekanter",
        "descr_it": null,
        "descr_html_it": null,
        "url_it": null,
        "location_it": "Faerûn occidentale",
        "name_alt_it_str": null,
        "topical_tags": "",
        "related_location_tags": "",
        "related_cultures_tags": "",
        "related_factions_tags": ""
      },
      "geometry": {
        "type": "MultiPoint",
        "coordinates": [
          [
            -64.93950622263347,
            44.32472445595147
          ]
        ]
      }
    },
    {
      "type": "Feature",
      "properties": {
        "uuid": "d4551185-e8cf-4783-b2e0-a6e2a40cdb30",
        "layer_id": "srf_civ_important_sites_pt",
        "timeframe": null,
        "feature_class": "Ruins",
        "feature_rank": 5,
        "is_visible": true,
        "is_labeled": true,
        "needs_review": false,
        "review_notes": null,
        "img_url": null,
        "last_edited": "2026-07-13",
        "last_editor": "postgres",
        "name_en": "unnamed",
        "name_ru": null,
        "name_abb_en": null,
        "name_abb_ru": null,
        "label_en": null,
        "label_ru": null,
        "descr_en": null,
        "descr_ru": null,
        "descr_html_en": null,
        "descr_html_ru": null,
        "url_en": null,
        "url_ru": null,
        "source_name": "TSR FRIA 2e",
        "source_url": "https://www.profantasy.com/fratlas/fratlashome.htm",
        "dnd_editions_str": "2e, 3e, 5e",
        "feature_levels_str": null,
        "extra_str": null,
        "location_en": "south-eastern Zakhara → unnamed",
        "name_alt_en_str": null,
        "location_ru": "юго-восточный Захара → unnamed",
        "name_alt_ru_str": null,
        "geog_extent_centroid_md": "14° 24′ 53″ S 040° 15′ 47″ E",
        "geog_extent_centroid_fria": "14° 24′ 53″ S 013° 13′ 05″ W",
        "geog_extent_area_sq_km": null,
        "geog_extent_area_sq_miles": null,
        "geog_extent_length_km": null,
        "geog_extent_length_miles": null,
        "geog_extent_perimeter_km": null,
        "geog_extent_perimeter_miles": null,
        "geog_extent_bbox_md": null,
        "geog_extent_bbox_fria": null,
        "name_it": null,
        "name_abb_it": null,
        "label_it": null,
        "descr_it": null,
        "descr_html_it": null,
        "url_it": null,
        "location_it": "Zakhara sud-orientale → unnamed",
        "name_alt_it_str": null,
        "topical_tags": "",
        "related_location_tags": "",
        "related_cultures_tags": "",
        "related_factions_tags": ""
      },
      "geometry": {
        "type": "MultiPoint",
        "coordinates": [
          [
            -13.21827373418236,
            -14.414917733504288
          ]
        ]
      }
    },
    {
      "type": "Feature",
      "properties": {
        "uuid": "19c1e3eb-5cda-4e63-82f5-69e12afa5ec6",
        "layer_id": "srf_civ_important_sites_pt",
        "timeframe": null,
        "feature_class": "Fortification",
        "feature_rank": 5,
        "is_visible": true,
        "is_labeled": true,
        "needs_review": false,
        "review_notes": "exclude from wiki link auto-ageneration",
        "img_url": null,
        "last_edited": "2026-07-13",
        "last_editor": "postgres",
        "name_en": "Caer Allisynn (1st location)",
        "name_ru": "Каэр Аллисинн",
        "name_abb_en": null,
        "name_abb_ru": null,
        "label_en": "Caer Allisynn (1st location)",
        "label_ru": "Каэр Аллисинн",
        "descr_en": null,
        "descr_ru": null,
        "descr_html_en": null,
        "descr_html_ru": null,
        "url_en": null,
        "url_ru": null,
        "source_name": "TSR FRIA 2e",
        "source_url": "https://www.profantasy.com/fratlas/fratlashome.htm",
        "dnd_editions_str": "2e, 3e, 5e",
        "feature_levels_str": null,
        "extra_str": null,
        "location_en": "central Sea of Swords",
        "name_alt_en_str": null,
        "location_ru": "центральный море Мечей",
        "name_alt_ru_str": null,
        "geog_extent_centroid_md": "37° 19′ 50″ N 024° 47′ 23″ W",
        "geog_extent_centroid_fria": "37° 19′ 50″ N 078° 16′ 16″ W",
        "geog_extent_area_sq_km": null,
        "geog_extent_area_sq_miles": null,
        "geog_extent_length_km": null,
        "geog_extent_length_miles": null,
        "geog_extent_perimeter_km": null,
        "geog_extent_perimeter_miles": null,
        "geog_extent_bbox_md": null,
        "geog_extent_bbox_fria": null,
        "name_it": "Caer Allisynn",
        "name_abb_it": null,
        "label_it": "Caer Allisynn",
        "descr_it": null,
        "descr_html_it": null,
        "url_it": null,
        "location_it": "Mare delle Spade centrale",
        "name_alt_it_str": null,
        "topical_tags": "",
        "related_location_tags": "",
        "related_cultures_tags": "",
        "related_factions_tags": ""
      },
      "geometry": {
        "type": "MultiPoint",
        "coordinates": [
          [
            -78.27130409111594,
            37.33059869143972
          ]
        ]
      }
    },
    {
      "type": "Feature",
      "properties": {
        "uuid": "278346db-3fbc-4737-94c2-b3ef17a7f168",
        "layer_id": "srf_civ_important_sites_pt",
        "timeframe": null,
        "feature_class": "Ruins",
        "feature_rank": 5,
        "is_visible": true,
        "is_labeled": true,
        "needs_review": false,
        "review_notes": null,
        "img_url": null,
        "last_edited": "2026-07-13",
        "last_editor": "postgres",
        "name_en": "unnamed",
        "name_ru": null,
        "name_abb_en": null,
        "name_abb_ru": null,
        "label_en": null,
        "label_ru": null,
        "descr_en": null,
        "descr_ru": null,
        "descr_html_en": null,
        "descr_html_ru": null,
        "url_en": null,
        "url_ru": null,
        "source_name": "TSR FRIA 2e",
        "source_url": "https://www.profantasy.com/fratlas/fratlashome.htm",
        "dnd_editions_str": "2e, 3e, 5e",
        "feature_levels_str": null,
        "extra_str": null,
        "location_en": "north-eastern Crowded Sea",
        "name_alt_en_str": null,
        "location_ru": "северо-восточный Тесное море",
        "name_alt_ru_str": null,
        "geog_extent_centroid_md": "17° 49′ 09″ S 035° 51′ 21″ E",
        "geog_extent_centroid_fria": "17° 49′ 09″ S 017° 37′ 31″ W",
        "geog_extent_area_sq_km": null,
        "geog_extent_area_sq_miles": null,
        "geog_extent_length_km": null,
        "geog_extent_length_miles": null,
        "geog_extent_perimeter_km": null,
        "geog_extent_perimeter_miles": null,
        "geog_extent_bbox_md": null,
        "geog_extent_bbox_fria": null,
        "name_it": null,
        "name_abb_it": null,
        "label_it": null,
        "descr_it": null,
        "descr_html_it": null,
        "url_it": null,
        "location_it": "Mare Affollato nord-orientale",
        "name_alt_it_str": null,
        "topical_tags": "",
        "related_location_tags": "",
        "related_cultures_tags": "",
        "related_factions_tags": ""
      },
      "geometry": {
        "type": "MultiPoint",
        "coordinates": [
          [
            -17.625543833033177,
            -17.819217045541492
          ]
        ]
      }
    },
    {
      "type": "Feature",
      "properties": {
        "uuid": "2dfbb948-f949-439f-ab39-527a1196cb80",
        "layer_id": "srf_civ_important_sites_pt",
        "timeframe": null,
        "feature_class": "Fortification",
        "feature_rank": 5,
        "is_visible": true,
        "is_labeled": true,
        "needs_review": false,
        "review_notes": "exclude from wiki link auto-ageneration",
        "img_url": null,
        "last_edited": "2026-07-13",
        "last_editor": "postgres",
        "name_en": "Great Spire",
        "name_ru": "Великий Шпиль",
        "name_abb_en": null,
        "name_abb_ru": null,
        "label_en": "Great Spire",
        "label_ru": "Великий Шпиль",
        "descr_en": null,
        "descr_ru": null,
        "descr_html_en": null,
        "descr_html_ru": null,
        "url_en": null,
        "url_ru": null,
        "source_name": "TSR FRIA 2e",
        "source_url": "https://www.profantasy.com/fratlas/fratlashome.htm",
        "dnd_editions_str": "2e, 3e, 5e",
        "feature_levels_str": null,
        "extra_str": null,
        "location_en": "southern Great Ice Sea",
        "name_alt_en_str": null,
        "location_ru": "южный Великое Ледяное море",
        "name_alt_ru_str": null,
        "geog_extent_centroid_md": "51° 50′ 41″ N 030° 39′ 40″ E",
        "geog_extent_centroid_fria": "51° 50′ 41″ N 022° 49′ 12″ W",
        "geog_extent_area_sq_km": null,
        "geog_extent_area_sq_miles": null,
        "geog_extent_length_km": null,
        "geog_extent_length_miles": null,
        "geog_extent_perimeter_km": null,
        "geog_extent_perimeter_miles": null,
        "geog_extent_bbox_md": null,
        "geog_extent_bbox_fria": null,
        "name_it": "Grande Guglia",
        "name_abb_it": null,
        "label_it": "Grande Guglia",
        "descr_it": null,
        "descr_html_it": null,
        "url_it": null,
        "location_it": "Mare del Grande Ghiaccio meridionale",
        "name_alt_it_str": null,
        "topical_tags": "",
        "related_location_tags": "",
        "related_cultures_tags": "",
        "related_factions_tags": ""
      },
      "geometry": {
        "type": "MultiPoint",
        "coordinates": [
          [
            -22.820258790786223,
            51.844787054878275
          ]
        ]
      }
    },
    {
      "type": "Feature",
      "properties": {
        "uuid": "48ed7184-5aa9-4fa6-8f3b-6296ffcc121f",
        "layer_id": "srf_civ_important_sites_pt",
        "timeframe": null,
        "feature_class": "Fortification",
        "feature_rank": 5,
        "is_visible": true,
        "is_labeled": true,
        "needs_review": false,
        "review_notes": "exclude from wiki link auto-ageneration",
        "img_url": null,
        "last_edited": "2026-07-13",
        "last_editor": "postgres",
        "name_en": "Sea Tower",
        "name_ru": "Морская Башня",
        "name_abb_en": null,
        "name_abb_ru": null,
        "label_en": "Sea Tower",
        "label_ru": "Морская Башня",
        "descr_en": null,
        "descr_ru": null,
        "descr_html_en": null,
        "descr_html_ru": null,
        "url_en": null,
        "url_ru": null,
        "source_name": "TSR FRIA 2e",
        "source_url": "https://www.profantasy.com/fratlas/fratlashome.htm",
        "dnd_editions_str": "2e, 3e, 5e",
        "feature_levels_str": null,
        "extra_str": null,
        "location_en": "south-eastern Trackless Sea → Nelanther Isles → unnamed",
        "name_alt_en_str": null,
        "location_ru": "юго-восточный Бесследное море → острова Нелантер → unnamed",
        "name_alt_ru_str": null,
        "geog_extent_centroid_md": "29° 52′ 06″ N 021° 25′ 12″ W",
        "geog_extent_centroid_fria": "29° 52′ 06″ N 074° 54′ 05″ W",
        "geog_extent_area_sq_km": null,
        "geog_extent_area_sq_miles": null,
        "geog_extent_length_km": null,
        "geog_extent_length_miles": null,
        "geog_extent_perimeter_km": null,
        "geog_extent_perimeter_miles": null,
        "geog_extent_bbox_md": null,
        "geog_extent_bbox_fria": null,
        "name_it": "Torre del Mare",
        "name_abb_it": null,
        "label_it": "Torre del Mare",
        "descr_it": null,
        "descr_html_it": null,
        "url_it": null,
        "location_it": "Mare Senza Tracce sud-orientale → Isole Nelanther → unnamed",
        "name_alt_it_str": null,
        "topical_tags": "",
        "related_location_tags": "",
        "related_cultures_tags": "",
        "related_factions_tags": ""
      },
      "geometry": {
        "type": "MultiPoint",
        "coordinates": [
          [
            -74.90153946329063,
            29.868527767607308
          ]
        ]
      }
    },
    {
      "type": "Feature",
      "properties": {
        "uuid": "580c8752-4510-4b2a-8bec-941705cd6aa5",
        "layer_id": "srf_civ_important_sites_pt",
        "timeframe": null,
        "feature_class": "Fortification",
        "feature_rank": 5,
        "is_visible": true,
        "is_labeled": true,
        "needs_review": false,
        "review_notes": null,
        "img_url": null,
        "last_edited": "2026-07-13",
        "last_editor": "postgres",
        "name_en": "unnamed",
        "name_ru": null,
        "name_abb_en": null,
        "name_abb_ru": null,
        "label_en": null,
        "label_ru": null,
        "descr_en": null,
        "descr_ru": null,
        "descr_html_en": null,
        "descr_html_ru": null,
        "url_en": null,
        "url_ru": null,
        "source_name": "TSR FRIA 2e",
        "source_url": "https://www.profantasy.com/fratlas/fratlashome.htm",
        "dnd_editions_str": "2e, 3e, 5e",
        "feature_levels_str": null,
        "extra_str": null,
        "location_en": "south-western Zakhara → High Desert",
        "name_alt_en_str": null,
        "location_ru": "юго-западный Захара → Высокая Пустыня",
        "name_alt_ru_str": null,
        "geog_extent_centroid_md": "18° 00′ 50″ S 023° 11′ 49″ E",
        "geog_extent_centroid_fria": "18° 00′ 50″ S 030° 17′ 04″ W",
        "geog_extent_area_sq_km": null,
        "geog_extent_area_sq_miles": null,
        "geog_extent_length_km": null,
        "geog_extent_length_miles": null,
        "geog_extent_perimeter_km": null,
        "geog_extent_perimeter_miles": null,
        "geog_extent_bbox_md": null,
        "geog_extent_bbox_fria": null,
        "name_it": null,
        "name_abb_it": null,
        "label_it": null,
        "descr_it": null,
        "descr_html_it": null,
        "url_it": null,
        "location_it": "Zakhara sud-occidentale → Alto Deserto",
        "name_alt_it_str": null,
        "topical_tags": "",
        "related_location_tags": "",
        "related_cultures_tags": "",
        "related_factions_tags": ""
      },
      "geometry": {
        "type": "MultiPoint",
        "coordinates": [
          [
            -30.284508011085677,
            -18.01401388813406
          ]
        ]
      }
    },
    {
      "type": "Feature",
      "properties": {
        "uuid": "534d28d1-3b0c-489e-807d-e56f1a81548b",
        "layer_id": "srf_civ_important_sites_pt",
        "timeframe": null,
        "feature_class": "Ruins",
        "feature_rank": 5,
        "is_visible": true,
        "is_labeled": true,
        "needs_review": false,
        "review_notes": null,
        "img_url": null,
        "last_edited": "2026-07-13",
        "last_editor": "postgres",
        "name_en": "unnamed",
        "name_ru": null,
        "name_abb_en": null,
        "name_abb_ru": null,
        "label_en": null,
        "label_ru": null,
        "descr_en": null,
        "descr_ru": null,
        "descr_html_en": null,
        "descr_html_ru": null,
        "url_en": null,
        "url_ru": null,
        "source_name": "TSR FRIA 2e",
        "source_url": "https://www.profantasy.com/fratlas/fratlashome.htm",
        "dnd_editions_str": "2e, 3e, 5e",
        "feature_levels_str": null,
        "extra_str": null,
        "location_en": "south-eastern Zakhara",
        "name_alt_en_str": null,
        "location_ru": "юго-восточный Захара",
        "name_alt_ru_str": null,
        "geog_extent_centroid_md": "14° 01′ 18″ S 035° 07′ 50″ E",
        "geog_extent_centroid_fria": "14° 01′ 18″ S 018° 21′ 03″ W",
        "geog_extent_area_sq_km": null,
        "geog_extent_area_sq_miles": null,
        "geog_extent_length_km": null,
        "geog_extent_length_miles": null,
        "geog_extent_perimeter_km": null,
        "geog_extent_perimeter_miles": null,
        "geog_extent_bbox_md": null,
        "geog_extent_bbox_fria": null,
        "name_it": null,
        "name_abb_it": null,
        "label_it": null,
        "descr_it": null,
        "descr_html_it": null,
        "url_it": null,
        "location_it": "Zakhara sud-orientale",
        "name_alt_it_str": null,
        "topical_tags": "",
        "related_location_tags": "",
        "related_cultures_tags": "",
        "related_factions_tags": ""
      },
      "geometry": {
        "type": "MultiPoint",
        "coordinates": [
          [
            -18.35088780749535,
            -14.021822235986168
          ]
        ]
      }
    },
    {
      "type": "Feature",
      "properties": {
        "uuid": "59c781c5-780d-4341-a955-4f456a58d2c1",
        "layer_id": "srf_civ_important_sites_pt",
        "timeframe": null,
        "feature_class": "Fortification",
        "feature_rank": 5,
        "is_visible": true,
        "is_labeled": true,
        "needs_review": false,
        "review_notes": null,
        "img_url": null,
        "last_edited": "2026-07-13",
        "last_editor": "postgres",
        "name_en": "unnamed",
        "name_ru": null,
        "name_abb_en": null,
        "name_abb_ru": null,
        "label_en": null,
        "label_ru": null,
        "descr_en": null,
        "descr_ru": null,
        "descr_html_en": null,
        "descr_html_ru": null,
        "url_en": null,
        "url_ru": null,
        "source_name": "TSR FRIA 2e",
        "source_url": "https://www.profantasy.com/fratlas/fratlashome.htm",
        "dnd_editions_str": "2e, 3e, 5e",
        "feature_levels_str": null,
        "extra_str": null,
        "location_en": "central Zakhara → Ghost Mountains ",
        "name_alt_en_str": null,
        "location_ru": "центральный Захара → Горы-Призраки",
        "name_alt_ru_str": null,
        "geog_extent_centroid_md": "09° 50′ 32″ S 025° 53′ 46″ E",
        "geog_extent_centroid_fria": "09° 50′ 32″ S 027° 35′ 07″ W",
        "geog_extent_area_sq_km": null,
        "geog_extent_area_sq_miles": null,
        "geog_extent_length_km": null,
        "geog_extent_length_miles": null,
        "geog_extent_perimeter_km": null,
        "geog_extent_perimeter_miles": null,
        "geog_extent_bbox_md": null,
        "geog_extent_bbox_fria": null,
        "name_it": null,
        "name_abb_it": null,
        "label_it": null,
        "descr_it": null,
        "descr_html_it": null,
        "url_it": null,
        "location_it": "Zakhara centrale → Montagne Fantasma",
        "name_alt_it_str": null,
        "topical_tags": "",
        "related_location_tags": "",
        "related_cultures_tags": "",
        "related_factions_tags": ""
      },
      "geometry": {
        "type": "MultiPoint",
        "coordinates": [
          [
            -27.585327267521514,
            -9.842300714412875
          ]
        ]
      }
    },
    {
      "type": "Feature",
      "properties": {
        "uuid": "5b3b9b43-2082-4686-8491-b5a57bab5675",
        "layer_id": "srf_civ_important_sites_pt",
        "timeframe": null,
        "feature_class": "Temple",
        "feature_rank": 5,
        "is_visible": true,
        "is_labeled": true,
        "needs_review": false,
        "review_notes": "exclude from wiki link auto-ageneration",
        "img_url": null,
        "last_edited": "2026-07-13",
        "last_editor": "postgres",
        "name_en": "Temple of the Serpentine Empress",
        "name_ru": "Храм Змеиной Императрицы",
        "name_abb_en": null,
        "name_abb_ru": null,
        "label_en": "Temple of the Serpentine Empress",
        "label_ru": "Храм Змеиной Императрицы",
        "descr_en": null,
        "descr_ru": null,
        "descr_html_en": null,
        "descr_html_ru": null,
        "url_en": null,
        "url_ru": null,
        "source_name": "TSR FRIA 2e",
        "source_url": "https://www.profantasy.com/fratlas/fratlashome.htm",
        "dnd_editions_str": "2e, 3e, 5e",
        "feature_levels_str": null,
        "extra_str": null,
        "location_en": "southern Zakhara → unnamed",
        "name_alt_en_str": null,
        "location_ru": "южный Захара → unnamed",
        "name_alt_ru_str": null,
        "geog_extent_centroid_md": "20° 11′ 03″ S 032° 03′ 36″ E",
        "geog_extent_centroid_fria": "20° 11′ 03″ S 021° 25′ 16″ W",
        "geog_extent_area_sq_km": null,
        "geog_extent_area_sq_miles": null,
        "geog_extent_length_km": null,
        "geog_extent_length_miles": null,
        "geog_extent_perimeter_km": null,
        "geog_extent_perimeter_miles": null,
        "geog_extent_bbox_md": null,
        "geog_extent_bbox_fria": null,
        "name_it": "Tempio dell'Imperatrice Serpentina",
        "name_abb_it": null,
        "label_it": "Tempio dell'Imperatrice Serpentina",
        "descr_it": null,
        "descr_html_it": null,
        "url_it": null,
        "location_it": "Zakhara meridionale → unnamed",
        "name_alt_it_str": null,
        "topical_tags": "",
        "related_location_tags": "",
        "related_cultures_tags": "",
        "related_factions_tags": ""
      },
      "geometry": {
        "type": "MultiPoint",
        "coordinates": [
          [
            -21.421365505872824,
            -20.1844320380373
          ]
        ]
      }
    },
    {
      "type": "Feature",
      "properties": {
        "uuid": "5b76d56b-2c6a-430d-8932-ae6b18f4c0f8",
        "layer_id": "srf_civ_important_sites_pt",
        "timeframe": null,
        "feature_class": "Fortification",
        "feature_rank": 5,
        "is_visible": true,
        "is_labeled": true,
        "needs_review": true,
        "review_notes": "exclude from wiki link auto-ageneration",
        "img_url": null,
        "last_edited": "2026-07-13",
        "last_editor": "postgres",
        "name_en": "Quas al-Hasani",
        "name_ru": "Квас аль-Хасани",
        "name_abb_en": null,
        "name_abb_ru": null,
        "label_en": "Quas al-Hasani",
        "label_ru": "Квас аль-Хасани",
        "descr_en": null,
        "descr_ru": null,
        "descr_html_en": null,
        "descr_html_ru": null,
        "url_en": null,
        "url_ru": null,
        "source_name": "TSR FRIA 2e",
        "source_url": "https://www.profantasy.com/fratlas/fratlashome.htm",
        "dnd_editions_str": "2e, 3e, 5e",
        "feature_levels_str": null,
        "extra_str": null,
        "location_en": "south-eastern Faerûn",
        "name_alt_en_str": null,
        "location_ru": "юго-восточный Фаэрун",
        "name_alt_ru_str": null,
        "geog_extent_centroid_md": "27° 03′ 27″ N 032° 12′ 55″ E",
        "geog_extent_centroid_fria": "27° 03′ 27″ N 021° 15′ 57″ W",
        "geog_extent_area_sq_km": null,
        "geog_extent_area_sq_miles": null,
        "geog_extent_length_km": null,
        "geog_extent_length_miles": null,
        "geog_extent_perimeter_km": null,
        "geog_extent_perimeter_miles": null,
        "geog_extent_bbox_md": null,
        "geog_extent_bbox_fria": null,
        "name_it": "Quas al-Hasani",
        "name_abb_it": null,
        "label_it": "Quas al-Hasani",
        "descr_it": null,
        "descr_html_it": null,
        "url_it": null,
        "location_it": "Faerûn sud-orientale",
        "name_alt_it_str": null,
        "topical_tags": "",
        "related_location_tags": "",
        "related_cultures_tags": "",
        "related_factions_tags": ""
      },
      "geometry": {
        "type": "MultiPoint",
        "coordinates": [
          [
            -21.265956413559152,
            27.05756699372641
          ]
        ]
      }
    },
    {
      "type": "Feature",
      "properties": {
        "uuid": "5b8baca3-3c81-4b01-ba17-1359820df119",
        "layer_id": "srf_civ_important_sites_pt",
        "timeframe": null,
        "feature_class": "Fortification",
        "feature_rank": 5,
        "is_visible": true,
        "is_labeled": true,
        "needs_review": false,
        "review_notes": "exclude from wiki link auto-ageneration",
        "img_url": null,
        "last_edited": "2026-07-13",
        "last_editor": "postgres",
        "name_en": "Dien Nyo",
        "name_ru": "Дьен Ньо",
        "name_abb_en": null,
        "name_abb_ru": null,
        "label_en": "Dien Nyo",
        "label_ru": "Дьен Ньо",
        "descr_en": null,
        "descr_ru": null,
        "descr_html_en": null,
        "descr_html_ru": null,
        "url_en": null,
        "url_ru": null,
        "source_name": "TSR FRIA 2e",
        "source_url": "https://www.profantasy.com/fratlas/fratlashome.htm",
        "dnd_editions_str": "2e, 3e, 5e",
        "feature_levels_str": null,
        "extra_str": null,
        "location_en": "southern Kara-Tur → Malatra",
        "name_alt_en_str": null,
        "location_ru": "южный Кара-Тур → Малатра",
        "name_alt_ru_str": null,
        "geog_extent_centroid_md": "10° 10′ 36″ N 085° 07′ 53″ E",
        "geog_extent_centroid_fria": "10° 10′ 36″ N 031° 38′ 59″ E",
        "geog_extent_area_sq_km": null,
        "geog_extent_area_sq_miles": null,
        "geog_extent_length_km": null,
        "geog_extent_length_miles": null,
        "geog_extent_perimeter_km": null,
        "geog_extent_perimeter_miles": null,
        "geog_extent_bbox_md": null,
        "geog_extent_bbox_fria": null,
        "name_it": "Dien Nyo",
        "name_abb_it": null,
        "label_it": "Dien Nyo",
        "descr_it": null,
        "descr_html_it": null,
        "url_it": null,
        "location_it": "Kara-Tur meridionale → Malatra",
        "name_alt_it_str": null,
        "topical_tags": "",
        "related_location_tags": "",
        "related_cultures_tags": "",
        "related_factions_tags": ""
      },
      "geometry": {
        "type": "MultiPoint",
        "coordinates": [
          [
            31.649976949049016,
            10.1768685536746
          ]
        ]
      }
    },
    {
      "type": "Feature",
      "properties": {
        "uuid": "7b8a49b4-ec5d-4b49-911d-57050ada1fac",
        "layer_id": "srf_civ_important_sites_pt",
        "timeframe": null,
        "feature_class": "Fortification",
        "feature_rank": 5,
        "is_visible": true,
        "is_labeled": true,
        "needs_review": false,
        "review_notes": "exclude from wiki link auto-ageneration",
        "img_url": null,
        "last_edited": "2026-07-13",
        "last_editor": "postgres",
        "name_en": "Ironfang keep",
        "name_ru": "крепость Железного Клыка",
        "name_abb_en": null,
        "name_abb_ru": null,
        "label_en": "Ironfang keep",
        "label_ru": "крепость Железного Клыка",
        "descr_en": null,
        "descr_ru": null,
        "descr_html_en": null,
        "descr_html_ru": null,
        "url_en": null,
        "url_ru": null,
        "source_name": "TSR FRIA 2e",
        "source_url": "https://www.profantasy.com/fratlas/fratlashome.htm",
        "dnd_editions_str": "2e, 3e, 5e",
        "feature_levels_str": null,
        "extra_str": null,
        "location_en": "central Faerûn → The Vast → Galena Mountains",
        "name_alt_en_str": null,
        "location_ru": "центральный Фаэрун → Простор → Галенские Горы",
        "name_alt_ru_str": null,
        "geog_extent_centroid_md": "42° 12′ 08″ N 004° 30′ 23″ E",
        "geog_extent_centroid_fria": "42° 12′ 08″ N 048° 58′ 29″ W",
        "geog_extent_area_sq_km": null,
        "geog_extent_area_sq_miles": null,
        "geog_extent_length_km": null,
        "geog_extent_length_miles": null,
        "geog_extent_perimeter_km": null,
        "geog_extent_perimeter_miles": null,
        "geog_extent_bbox_md": null,
        "geog_extent_bbox_fria": null,
        "name_it": "Fortezza Zannadiferro",
        "name_abb_it": null,
        "label_it": "Fortezza Zannadiferro",
        "descr_it": null,
        "descr_html_it": null,
        "url_it": null,
        "location_it": "Faerûn centrale → Il Vast → Montagne Galena",
        "name_alt_it_str": null,
        "topical_tags": "",
        "related_location_tags": "",
        "related_cultures_tags": "",
        "related_factions_tags": ""
      },
      "geometry": {
        "type": "MultiPoint",
        "coordinates": [
          [
            -48.97492539430273,
            42.202270223139195
          ]
        ]
      }
    },
    {
      "type": "Feature",
      "properties": {
        "uuid": "5bbb1289-d538-4588-97e4-cc54ac62ddd2",
        "layer_id": "srf_civ_important_sites_pt",
        "timeframe": null,
        "feature_class": "Ruins",
        "feature_rank": 5,
        "is_visible": true,
        "is_labeled": true,
        "needs_review": false,
        "review_notes": null,
        "img_url": null,
        "last_edited": "2026-07-13",
        "last_editor": "postgres",
        "name_en": "unnamed",
        "name_ru": null,
        "name_abb_en": null,
        "name_abb_ru": null,
        "label_en": null,
        "label_ru": null,
        "descr_en": null,
        "descr_ru": null,
        "descr_html_en": null,
        "descr_html_ru": null,
        "url_en": null,
        "url_ru": null,
        "source_name": "TSR FRIA 2e",
        "source_url": "https://www.profantasy.com/fratlas/fratlashome.htm",
        "dnd_editions_str": "2e, 3e, 5e",
        "feature_levels_str": null,
        "extra_str": null,
        "location_en": "south-western Kara-Tur",
        "name_alt_en_str": null,
        "location_ru": "юго-западный Кара-Тур",
        "name_alt_ru_str": null,
        "geog_extent_centroid_md": "01° 35′ 03″ S 049° 18′ 27″ E",
        "geog_extent_centroid_fria": "01° 35′ 03″ S 004° 10′ 25″ W",
        "geog_extent_area_sq_km": null,
        "geog_extent_area_sq_miles": null,
        "geog_extent_length_km": null,
        "geog_extent_length_miles": null,
        "geog_extent_perimeter_km": null,
        "geog_extent_perimeter_miles": null,
        "geog_extent_bbox_md": null,
        "geog_extent_bbox_fria": null,
        "name_it": null,
        "name_abb_it": null,
        "label_it": null,
        "descr_it": null,
        "descr_html_it": null,
        "url_it": null,
        "location_it": "Kara-Tur sud-occidentale",
        "name_alt_it_str": null,
        "topical_tags": "",
        "related_location_tags": "",
        "related_cultures_tags": "",
        "related_factions_tags": ""
      },
      "geometry": {
        "type": "MultiPoint",
        "coordinates": [
          [
            -4.173805775387623,
            -1.58437392199369
          ]
        ]
      }
    },
    {
      "type": "Feature",
      "properties": {
        "uuid": "8be1fc5b-65c8-4853-a432-973348d1dfa9",
        "layer_id": "srf_civ_important_sites_pt",
        "timeframe": null,
        "feature_class": "Ruins",
        "feature_rank": 5,
        "is_visible": true,
        "is_labeled": true,
        "needs_review": false,
        "review_notes": null,
        "img_url": null,
        "last_edited": "2026-07-13",
        "last_editor": "postgres",
        "name_en": "unnamed",
        "name_ru": null,
        "name_abb_en": null,
        "name_abb_ru": null,
        "label_en": null,
        "label_ru": null,
        "descr_en": null,
        "descr_ru": null,
        "descr_html_en": null,
        "descr_html_ru": null,
        "url_en": null,
        "url_ru": null,
        "source_name": "TSR FRIA 2e",
        "source_url": "https://www.profantasy.com/fratlas/fratlashome.htm",
        "dnd_editions_str": "2e, 3e, 5e",
        "feature_levels_str": null,
        "extra_str": null,
        "location_en": "north-eastern Crowded Sea",
        "name_alt_en_str": null,
        "location_ru": "северо-восточный Тесное море",
        "name_alt_ru_str": null,
        "geog_extent_centroid_md": "17° 35′ 49″ S 040° 34′ 26″ E",
        "geog_extent_centroid_fria": "17° 35′ 49″ S 012° 54′ 26″ W",
        "geog_extent_area_sq_km": null,
        "geog_extent_area_sq_miles": null,
        "geog_extent_length_km": null,
        "geog_extent_length_miles": null,
        "geog_extent_perimeter_km": null,
        "geog_extent_perimeter_miles": null,
        "geog_extent_bbox_md": null,
        "geog_extent_bbox_fria": null,
        "name_it": null,
        "name_abb_it": null,
        "label_it": null,
        "descr_it": null,
        "descr_html_it": null,
        "url_it": null,
        "location_it": "Mare Affollato nord-orientale",
        "name_alt_it_str": null,
        "topical_tags": "",
        "related_location_tags": "",
        "related_cultures_tags": "",
        "related_factions_tags": ""
      },
      "geometry": {
        "type": "MultiPoint",
        "coordinates": [
          [
            -12.907412030841437,
            -17.597215869659102
          ]
        ]
      }
    },
    {
      "type": "Feature",
      "properties": {
        "uuid": "5c1b0a3b-c6a0-499d-a6d2-ac3305279b32",
        "layer_id": "srf_civ_important_sites_pt",
        "timeframe": null,
        "feature_class": "Mine",
        "feature_rank": 5,
        "is_visible": true,
        "is_labeled": true,
        "needs_review": false,
        "review_notes": "exclude from wiki link auto-ageneration",
        "img_url": null,
        "last_edited": "2026-07-13",
        "last_editor": "postgres",
        "name_en": "Mines of Tethekel",
        "name_ru": "Копи Тетекеля",
        "name_abb_en": null,
        "name_abb_ru": null,
        "label_en": "Mines of Tethekel",
        "label_ru": "Копи Тетекеля",
        "descr_en": null,
        "descr_ru": null,
        "descr_html_en": null,
        "descr_html_ru": null,
        "url_en": null,
        "url_ru": null,
        "source_name": "TSR FRIA 2e",
        "source_url": "https://www.profantasy.com/fratlas/fratlashome.htm",
        "dnd_editions_str": "2e, 3e, 5e",
        "feature_levels_str": null,
        "extra_str": null,
        "location_en": "eastern Faerûn → Rashemen",
        "name_alt_en_str": null,
        "location_ru": "восточный Фаэрун → Рашемен",
        "name_alt_ru_str": null,
        "geog_extent_centroid_md": "39° 51′ 52″ N 019° 13′ 57″ E",
        "geog_extent_centroid_fria": "39° 51′ 52″ N 034° 14′ 56″ W",
        "geog_extent_area_sq_km": null,
        "geog_extent_area_sq_miles": null,
        "geog_extent_length_km": null,
        "geog_extent_length_miles": null,
        "geog_extent_perimeter_km": null,
        "geog_extent_perimeter_miles": null,
        "geog_extent_bbox_md": null,
        "geog_extent_bbox_fria": null,
        "name_it": "Miniere di Tethekel",
        "name_abb_it": null,
        "label_it": "Miniere di Tethekel",
        "descr_it": null,
        "descr_html_it": null,
        "url_it": null,
        "location_it": "Faerûn orientale → Rashemen",
        "name_alt_it_str": null,
        "topical_tags": "",
        "related_location_tags": "",
        "related_cultures_tags": "",
        "related_factions_tags": ""
      },
      "geometry": {
        "type": "MultiPoint",
        "coordinates": [
          [
            -34.24893615108905,
            39.86451776436548
          ]
        ]
      }
    },
    {
      "type": "Feature",
      "properties": {
        "uuid": "5c274c4c-0891-408c-9909-a4500510dac8",
        "layer_id": "srf_civ_important_sites_pt",
        "timeframe": null,
        "feature_class": "Unclassified",
        "feature_rank": 5,
        "is_visible": true,
        "is_labeled": true,
        "needs_review": false,
        "review_notes": null,
        "img_url": null,
        "last_edited": "2026-07-13",
        "last_editor": "postgres",
        "name_en": "unnamed",
        "name_ru": null,
        "name_abb_en": null,
        "name_abb_ru": null,
        "label_en": null,
        "label_ru": null,
        "descr_en": null,
        "descr_ru": null,
        "descr_html_en": null,
        "descr_html_ru": null,
        "url_en": null,
        "url_ru": null,
        "source_name": "TSR FRIA 2e",
        "source_url": "https://www.profantasy.com/fratlas/fratlashome.htm",
        "dnd_editions_str": "2e, 3e, 5e",
        "feature_levels_str": null,
        "extra_str": null,
        "location_en": "southern Zakhara → unnamed",
        "name_alt_en_str": null,
        "location_ru": "южный Захара → unnamed",
        "name_alt_ru_str": null,
        "geog_extent_centroid_md": "16° 42′ 09″ S 028° 21′ 16″ E",
        "geog_extent_centroid_fria": "16° 42′ 09″ S 025° 07′ 36″ W",
        "geog_extent_area_sq_km": null,
        "geog_extent_area_sq_miles": null,
        "geog_extent_length_km": null,
        "geog_extent_length_miles": null,
        "geog_extent_perimeter_km": null,
        "geog_extent_perimeter_miles": null,
        "geog_extent_bbox_md": null,
        "geog_extent_bbox_fria": null,
        "name_it": null,
        "name_abb_it": null,
        "label_it": null,
        "descr_it": null,
        "descr_html_it": null,
        "url_it": null,
        "location_it": "Zakhara meridionale → unnamed",
        "name_alt_it_str": null,
        "topical_tags": "",
        "related_location_tags": "",
        "related_cultures_tags": "",
        "related_factions_tags": ""
      },
      "geometry": {
        "type": "MultiPoint",
        "coordinates": [
          [
            -25.126896778957935,
            -16.70260476687905
          ]
        ]
      }
    },
    {
      "type": "Feature",
      "properties": {
        "uuid": "5cca0efa-e9dc-4638-8e4b-447d4cc36e8e",
        "layer_id": "srf_civ_important_sites_pt",
        "timeframe": null,
        "feature_class": "Fortification",
        "feature_rank": 5,
        "is_visible": true,
        "is_labeled": true,
        "needs_review": false,
        "review_notes": null,
        "img_url": null,
        "last_edited": "2026-07-13",
        "last_editor": "postgres",
        "name_en": "unnamed",
        "name_ru": null,
        "name_abb_en": null,
        "name_abb_ru": null,
        "label_en": null,
        "label_ru": null,
        "descr_en": null,
        "descr_ru": null,
        "descr_html_en": null,
        "descr_html_ru": null,
        "url_en": null,
        "url_ru": null,
        "source_name": "TSR FRIA 2e",
        "source_url": "https://www.profantasy.com/fratlas/fratlashome.htm",
        "dnd_editions_str": "2e, 3e, 5e",
        "feature_levels_str": null,
        "extra_str": null,
        "location_en": "north-western Kara-Tur → unnamed",
        "name_alt_en_str": null,
        "location_ru": "северо-западный Кара-Тур → unnamed",
        "name_alt_ru_str": null,
        "geog_extent_centroid_md": "47° 10′ 36″ N 066° 00′ 37″ E",
        "geog_extent_centroid_fria": "47° 10′ 36″ N 012° 31′ 43″ E",
        "geog_extent_area_sq_km": null,
        "geog_extent_area_sq_miles": null,
        "geog_extent_length_km": null,
        "geog_extent_length_miles": null,
        "geog_extent_perimeter_km": null,
        "geog_extent_perimeter_miles": null,
        "geog_extent_bbox_md": null,
        "geog_extent_bbox_fria": null,
        "name_it": null,
        "name_abb_it": null,
        "label_it": null,
        "descr_it": null,
        "descr_html_it": null,
        "url_it": null,
        "location_it": "Kara-Tur nord-occidentale → unnamed",
        "name_alt_it_str": null,
        "topical_tags": "",
        "related_location_tags": "",
        "related_cultures_tags": "",
        "related_factions_tags": ""
      },
      "geometry": {
        "type": "MultiPoint",
        "coordinates": [
          [
            12.52884709936544,
            47.176756841741586
          ]
        ]
      }
    },
    {
      "type": "Feature",
      "properties": {
        "uuid": "5ebbcbec-6192-4cce-9d91-a3e4bdf13661",
        "layer_id": "srf_civ_important_sites_pt",
        "timeframe": null,
        "feature_class": "Ruins",
        "feature_rank": 5,
        "is_visible": true,
        "is_labeled": true,
        "needs_review": false,
        "review_notes": null,
        "img_url": null,
        "last_edited": "2026-07-13",
        "last_editor": "postgres",
        "name_en": "unnamed",
        "name_ru": null,
        "name_abb_en": null,
        "name_abb_ru": null,
        "label_en": null,
        "label_ru": null,
        "descr_en": null,
        "descr_ru": null,
        "descr_html_en": null,
        "descr_html_ru": null,
        "url_en": null,
        "url_ru": null,
        "source_name": "TSR FRIA 2e",
        "source_url": "https://www.profantasy.com/fratlas/fratlashome.htm",
        "dnd_editions_str": "2e, 3e, 5e",
        "feature_levels_str": null,
        "extra_str": null,
        "location_en": "north-eastern Crowded Sea → unnamed",
        "name_alt_en_str": null,
        "location_ru": "северо-восточный Тесное море → unnamed",
        "name_alt_ru_str": null,
        "geog_extent_centroid_md": "18° 20′ 21″ S 039° 37′ 46″ E",
        "geog_extent_centroid_fria": "18° 20′ 21″ S 013° 51′ 07″ W",
        "geog_extent_area_sq_km": null,
        "geog_extent_area_sq_miles": null,
        "geog_extent_length_km": null,
        "geog_extent_length_miles": null,
        "geog_extent_perimeter_km": null,
        "geog_extent_perimeter_miles": null,
        "geog_extent_bbox_md": null,
        "geog_extent_bbox_fria": null,
        "name_it": null,
        "name_abb_it": null,
        "label_it": null,
        "descr_it": null,
        "descr_html_it": null,
        "url_it": null,
        "location_it": "Mare Affollato nord-orientale → unnamed",
        "name_alt_it_str": null,
        "topical_tags": "",
        "related_location_tags": "",
        "related_cultures_tags": "",
        "related_factions_tags": ""
      },
      "geometry": {
        "type": "MultiPoint",
        "coordinates": [
          [
            -13.852013643682424,
            -18.339304796246193
          ]
        ]
      }
    },
    {
      "type": "Feature",
      "properties": {
        "uuid": "5fa3d769-7ca0-4244-b3d5-72c85991352b",
        "layer_id": "srf_civ_important_sites_pt",
        "timeframe": null,
        "feature_class": "Fortification",
        "feature_rank": 5,
        "is_visible": true,
        "is_labeled": true,
        "needs_review": false,
        "review_notes": null,
        "img_url": null,
        "last_edited": "2026-07-13",
        "last_editor": "postgres",
        "name_en": "unnamed",
        "name_ru": null,
        "name_abb_en": null,
        "name_abb_ru": null,
        "label_en": null,
        "label_ru": null,
        "descr_en": null,
        "descr_ru": null,
        "descr_html_en": null,
        "descr_html_ru": null,
        "url_en": null,
        "url_ru": null,
        "source_name": "TSR FRIA 2e",
        "source_url": "https://www.profantasy.com/fratlas/fratlashome.htm",
        "dnd_editions_str": "2e, 3e, 5e",
        "feature_levels_str": null,
        "extra_str": null,
        "location_en": "western Zakhara → High Desert",
        "name_alt_en_str": null,
        "location_ru": "западный Захара → Высокая Пустыня",
        "name_alt_ru_str": null,
        "geog_extent_centroid_md": "10° 01′ 28″ S 019° 11′ 31″ E",
        "geog_extent_centroid_fria": "10° 01′ 28″ S 034° 17′ 21″ W",
        "geog_extent_area_sq_km": null,
        "geog_extent_area_sq_miles": null,
        "geog_extent_length_km": null,
        "geog_extent_length_miles": null,
        "geog_extent_perimeter_km": null,
        "geog_extent_perimeter_miles": null,
        "geog_extent_bbox_md": null,
        "geog_extent_bbox_fria": null,
        "name_it": null,
        "name_abb_it": null,
        "label_it": null,
        "descr_it": null,
        "descr_html_it": null,
        "url_it": null,
        "location_it": "Zakhara occidentale → Alto Deserto",
        "name_alt_it_str": null,
        "topical_tags": "",
        "related_location_tags": "",
        "related_cultures_tags": "",
        "related_factions_tags": ""
      },
      "geometry": {
        "type": "MultiPoint",
        "coordinates": [
          [
            -34.28929590676834,
            -10.024609077952839
          ]
        ]
      }
    },
    {
      "type": "Feature",
      "properties": {
        "uuid": "5fceaf99-78a3-43cf-ab75-dbee548ee05e",
        "layer_id": "srf_civ_important_sites_pt",
        "timeframe": null,
        "feature_class": "Fortification",
        "feature_rank": 5,
        "is_visible": true,
        "is_labeled": true,
        "needs_review": false,
        "review_notes": null,
        "img_url": null,
        "last_edited": "2026-07-13",
        "last_editor": "postgres",
        "name_en": "unnamed",
        "name_ru": null,
        "name_abb_en": null,
        "name_abb_ru": null,
        "label_en": null,
        "label_ru": null,
        "descr_en": null,
        "descr_ru": null,
        "descr_html_en": null,
        "descr_html_ru": null,
        "url_en": null,
        "url_ru": null,
        "source_name": "TSR FRIA 2e",
        "source_url": "https://www.profantasy.com/fratlas/fratlashome.htm",
        "dnd_editions_str": "2e, 3e, 5e",
        "feature_levels_str": null,
        "extra_str": null,
        "location_en": "western Zakhara → unnamed",
        "name_alt_en_str": null,
        "location_ru": "западный Захара → unnamed",
        "name_alt_ru_str": null,
        "geog_extent_centroid_md": "07° 38′ 07″ S 023° 10′ 59″ E",
        "geog_extent_centroid_fria": "07° 38′ 07″ S 030° 17′ 54″ W",
        "geog_extent_area_sq_km": null,
        "geog_extent_area_sq_miles": null,
        "geog_extent_length_km": null,
        "geog_extent_length_miles": null,
        "geog_extent_perimeter_km": null,
        "geog_extent_perimeter_miles": null,
        "geog_extent_bbox_md": null,
        "geog_extent_bbox_fria": null,
        "name_it": null,
        "name_abb_it": null,
        "label_it": null,
        "descr_it": null,
        "descr_html_it": null,
        "url_it": null,
        "location_it": "Zakhara occidentale → unnamed",
        "name_alt_it_str": null,
        "topical_tags": "",
        "related_location_tags": "",
        "related_cultures_tags": "",
        "related_factions_tags": ""
      },
      "geometry": {
        "type": "MultiPoint",
        "coordinates": [
          [
            -30.298397448874166,
            -7.635529970872695
          ]
        ]
      }
    },
    {
      "type": "Feature",
      "properties": {
        "uuid": "61f954ec-29aa-4a55-acbe-32c68accf91c",
        "layer_id": "srf_civ_important_sites_pt",
        "timeframe": null,
        "feature_class": "Mine",
        "feature_rank": 5,
        "is_visible": true,
        "is_labeled": true,
        "needs_review": false,
        "review_notes": null,
        "img_url": null,
        "last_edited": "2026-07-13",
        "last_editor": "postgres",
        "name_en": "unnamed",
        "name_ru": null,
        "name_abb_en": null,
        "name_abb_ru": null,
        "label_en": null,
        "label_ru": null,
        "descr_en": null,
        "descr_ru": null,
        "descr_html_en": null,
        "descr_html_ru": null,
        "url_en": null,
        "url_ru": null,
        "source_name": "TSR FRIA 2e",
        "source_url": "https://www.profantasy.com/fratlas/fratlashome.htm",
        "dnd_editions_str": "2e, 3e, 5e",
        "feature_levels_str": null,
        "extra_str": null,
        "location_en": "central Sea of Swords → Moonshae Isles → Fairheight Range",
        "name_alt_en_str": null,
        "location_ru": "центральный море Мечей → острова Муншае → Хребет Прекрасной Высоты",
        "name_alt_ru_str": null,
        "geog_extent_centroid_md": "39° 57′ 38″ N 024° 56′ 41″ W",
        "geog_extent_centroid_fria": "39° 57′ 38″ N 078° 25′ 34″ W",
        "geog_extent_area_sq_km": null,
        "geog_extent_area_sq_miles": null,
        "geog_extent_length_km": null,
        "geog_extent_length_miles": null,
        "geog_extent_perimeter_km": null,
        "geog_extent_perimeter_miles": null,
        "geog_extent_bbox_md": null,
        "geog_extent_bbox_fria": null,
        "name_it": null,
        "name_abb_it": null,
        "label_it": null,
        "descr_it": null,
        "descr_html_it": null,
        "url_it": null,
        "location_it": "Mare delle Spade centrale → Isole Moonshae → Catena di Fairheight",
        "name_alt_it_str": null,
        "topical_tags": "",
        "related_location_tags": "",
        "related_cultures_tags": "",
        "related_factions_tags": ""
      },
      "geometry": {
        "type": "MultiPoint",
        "coordinates": [
          [
            -78.42625144407022,
            39.96077174871073
          ]
        ]
      }
    },
    {
      "type": "Feature",
      "properties": {
        "uuid": "635a40b7-f875-4edd-b12a-44b125146510",
        "layer_id": "srf_civ_important_sites_pt",
        "timeframe": null,
        "feature_class": "Battlefield",
        "feature_rank": 5,
        "is_visible": true,
        "is_labeled": true,
        "needs_review": false,
        "review_notes": null,
        "img_url": null,
        "last_edited": "2026-07-22",
        "last_editor": "postgres",
        "name_en": "Battle of the Bones",
        "name_ru": null,
        "name_abb_en": "",
        "name_abb_ru": null,
        "label_en": "Battle of the Bones",
        "label_ru": null,
        "descr_en": "",
        "descr_ru": null,
        "descr_html_en": null,
        "descr_html_ru": null,
        "url_en": "",
        "url_ru": null,
        "source_name": "TSR FRIA 2e",
        "source_url": "https://www.profantasy.com/fratlas/fratlashome.htm",
        "dnd_editions_str": "2e, 3e, 5e",
        "feature_levels_str": null,
        "extra_str": null,
        "location_en": "western Faerûn → Western Heartlands → unnamed",
        "name_alt_en_str": null,
        "location_ru": "западный Фаэрун → Западное Сердцеземье → unnamed",
        "name_alt_ru_str": null,
        "geog_extent_centroid_md": "40° 20′ 58″ N 009° 30′ 48″ W",
        "geog_extent_centroid_fria": "40° 20′ 58″ N 062° 59′ 41″ W",
        "geog_extent_area_sq_km": null,
        "geog_extent_area_sq_miles": null,
        "geog_extent_length_km": null,
        "geog_extent_length_miles": null,
        "geog_extent_perimeter_km": null,
        "geog_extent_perimeter_miles": null,
        "geog_extent_bbox_md": null,
        "geog_extent_bbox_fria": null,
        "name_it": null,
        "name_abb_it": null,
        "label_it": "Battle of the Bones",
        "descr_it": null,
        "descr_html_it": null,
        "url_it": null,
        "location_it": "Faerûn occidentale → Terre Centrali Occidentali → unnamed",
        "name_alt_it_str": null,
        "topical_tags": "",
        "related_location_tags": "",
        "related_cultures_tags": "",
        "related_factions_tags": ""
      },
      "geometry": {
        "type": "MultiPoint",
        "coordinates": [
          [
            -62.99488965272233,
            40.349647553100084
          ]
        ]
      }
    },
    {
      "type": "Feature",
      "properties": {
        "uuid": "62ea273f-aecc-4207-a34e-76b161ae16a6",
        "layer_id": "srf_civ_important_sites_pt",
        "timeframe": null,
        "feature_class": "Battlefield",
        "feature_rank": 5,
        "is_visible": true,
        "is_labeled": true,
        "needs_review": false,
        "review_notes": null,
        "img_url": null,
        "last_edited": "2026-07-13",
        "last_editor": "postgres",
        "name_en": "unnamed",
        "name_ru": null,
        "name_abb_en": null,
        "name_abb_ru": null,
        "label_en": null,
        "label_ru": null,
        "descr_en": null,
        "descr_ru": null,
        "descr_html_en": null,
        "descr_html_ru": null,
        "url_en": null,
        "url_ru": null,
        "source_name": "TSR FRIA 2e",
        "source_url": "https://www.profantasy.com/fratlas/fratlashome.htm",
        "dnd_editions_str": "2e, 3e, 5e",
        "feature_levels_str": null,
        "extra_str": null,
        "location_en": "central Zakhara → Haunted Lands",
        "name_alt_en_str": null,
        "location_ru": "центральный Захара → Проклятые Земли",
        "name_alt_ru_str": null,
        "geog_extent_centroid_md": "13° 22′ 16″ S 029° 05′ 43″ E",
        "geog_extent_centroid_fria": "13° 22′ 16″ S 024° 23′ 10″ W",
        "geog_extent_area_sq_km": null,
        "geog_extent_area_sq_miles": null,
        "geog_extent_length_km": null,
        "geog_extent_length_miles": null,
        "geog_extent_perimeter_km": null,
        "geog_extent_perimeter_miles": null,
        "geog_extent_bbox_md": null,
        "geog_extent_bbox_fria": null,
        "name_it": null,
        "name_abb_it": null,
        "label_it": null,
        "descr_it": null,
        "descr_html_it": null,
        "url_it": null,
        "location_it": "Zakhara centrale → Terre Maledette",
        "name_alt_it_str": null,
        "topical_tags": "",
        "related_location_tags": "",
        "related_cultures_tags": "",
        "related_factions_tags": ""
      },
      "geometry": {
        "type": "MultiPoint",
        "coordinates": [
          [
            -24.386126763571543,
            -13.371242514642768
          ]
        ]
      }
    },
    {
      "type": "Feature",
      "properties": {
        "uuid": "66985793-389d-46c7-a0b6-bb7e3312b3aa",
        "layer_id": "srf_civ_important_sites_pt",
        "timeframe": null,
        "feature_class": "Mine",
        "feature_rank": 5,
        "is_visible": true,
        "is_labeled": true,
        "needs_review": false,
        "review_notes": null,
        "img_url": null,
        "last_edited": "2026-07-13",
        "last_editor": "postgres",
        "name_en": "unnamed",
        "name_ru": null,
        "name_abb_en": null,
        "name_abb_ru": null,
        "label_en": null,
        "label_ru": null,
        "descr_en": null,
        "descr_ru": null,
        "descr_html_en": null,
        "descr_html_ru": null,
        "url_en": null,
        "url_ru": null,
        "source_name": "TSR FRIA 2e",
        "source_url": "https://www.profantasy.com/fratlas/fratlashome.htm",
        "dnd_editions_str": "2e, 3e, 5e",
        "feature_levels_str": null,
        "extra_str": null,
        "location_en": "western Sea of Swords → Moonshae Isles → Cambro Mountains",
        "name_alt_en_str": null,
        "location_ru": "западный море Мечей → острова Муншае → Камбрийские Горы",
        "name_alt_ru_str": null,
        "geog_extent_centroid_md": "37° 14′ 38″ N 025° 29′ 17″ W",
        "geog_extent_centroid_fria": "37° 14′ 38″ N 078° 58′ 10″ W",
        "geog_extent_area_sq_km": null,
        "geog_extent_area_sq_miles": null,
        "geog_extent_length_km": null,
        "geog_extent_length_miles": null,
        "geog_extent_perimeter_km": null,
        "geog_extent_perimeter_miles": null,
        "geog_extent_bbox_md": null,
        "geog_extent_bbox_fria": null,
        "name_it": null,
        "name_abb_it": null,
        "label_it": null,
        "descr_it": null,
        "descr_html_it": null,
        "url_it": null,
        "location_it": "Mare delle Spade occidentale → Isole Moonshae → Monti Cambro",
        "name_alt_it_str": null,
        "topical_tags": "",
        "related_location_tags": "",
        "related_cultures_tags": "",
        "related_factions_tags": ""
      },
      "geometry": {
        "type": "MultiPoint",
        "coordinates": [
          [
            -78.96962846264978,
            37.244046128326715
          ]
        ]
      }
    },
    {
      "type": "Feature",
      "properties": {
        "uuid": "6857490e-9c6c-48a1-8e6e-0a57f886702b",
        "layer_id": "srf_civ_important_sites_pt",
        "timeframe": null,
        "feature_class": "Fortification",
        "feature_rank": 5,
        "is_visible": true,
        "is_labeled": true,
        "needs_review": false,
        "review_notes": null,
        "img_url": null,
        "last_edited": "2026-07-14",
        "last_editor": "postgres",
        "name_en": "Tordraken",
        "name_ru": "Тордракен",
        "name_abb_en": null,
        "name_abb_ru": null,
        "label_en": "Tordraken",
        "label_ru": "Тордракен",
        "descr_en": "A castle and keep atop a tall sea cliff on the Dragon's Head Peninsula, overlooking Acoval's Cove, the city of Velen, and the Stoneblade Downdragon Rise forests. It served as the ducal seat of the Duchy of Draknor and later as a second home for Duke Llachior Blackthorn after renovation.",
        "descr_ru": "Замок и крепость на вершине высокой морской скалы на полуострове Драконья Голова, с видом на Бухту Аковала, город Велен и леса Каменный Клинок и Нисходящий Драконий Подъём. Служил герцогской резиденцией Герцогства Дракнор, а после ремонта — вторым домом для герцога Ллахиора Блэкторна.",
        "descr_html_en": null,
        "descr_html_ru": null,
        "url_en": "https://forgottenrealms.fandom.com/wiki/Tordraken",
        "url_ru": null,
        "source_name": "TSR FRIA 2e",
        "source_url": "https://www.profantasy.com/fratlas/fratlashome.htm",
        "dnd_editions_str": "2e, 3e, 5e",
        "feature_levels_str": null,
        "extra_str": "topical_tags: [\"castle\", \"keep\", \"coastal\", \"fortification\", \"seat of power\"] | related_factions_tags: [\"Duchy of Draknor\", \"Blackthorn\"] | related_location_tags: [\"Dragon's Head Peninsula\", \"Acoval's Cove\", \"Velen\", \"Stoneblade Downdragon Rise\", \"Blackthorn Manor\", \"Cape Velen\"]",
        "location_en": "western Faerûn → Wealdath",
        "name_alt_en_str": "Castle of Tordraken",
        "location_ru": "западный Фаэрун → Велдат",
        "name_alt_ru_str": "Замок Тордракена",
        "geog_extent_centroid_md": "31° 29′ 36″ N 019° 17′ 03″ W",
        "geog_extent_centroid_fria": "31° 29′ 36″ N 072° 45′ 57″ W",
        "geog_extent_area_sq_km": null,
        "geog_extent_area_sq_miles": null,
        "geog_extent_length_km": null,
        "geog_extent_length_miles": null,
        "geog_extent_perimeter_km": null,
        "geog_extent_perimeter_miles": null,
        "geog_extent_bbox_md": null,
        "geog_extent_bbox_fria": null,
        "name_it": "Tordraken",
        "name_abb_it": null,
        "label_it": "Tordraken",
        "descr_it": "Un castello e fortezza in cima a un'alta scogliera marina sulla Penisola della Testa del Drago, che domina la Baia di Acoval, la città di Velen e le foreste di Stoneblade Downdragon Rise. Serviva come sede ducale del Ducato di Draknor e in seguito come seconda casa per il Duca Llachior Blackthorn dopo la ristrutturazione.",
        "descr_html_it": null,
        "url_it": null,
        "location_it": "Faerûn occidentale → Wealdath",
        "name_alt_it_str": "Castello di Tordraken",
        "topical_tags": "castle, keep, coastal, fortification, seat of power",
        "related_location_tags": "Dragon's Head Peninsula, Acoval's Cove, Velen, Stoneblade Downdragon Rise, Blackthorn Manor, Cape Velen",
        "related_cultures_tags": "",
        "related_factions_tags": "Duchy of Draknor, Blackthorn"
      },
      "geometry": {
        "type": "MultiPoint",
        "coordinates": [
          [
            -72.76583986845922,
            31.49350954530712
          ]
        ]
      }
    },
    {
      "type": "Feature",
      "properties": {
        "uuid": "68a6c03e-bbe2-442d-99eb-19e9fea36b25",
        "layer_id": "srf_civ_important_sites_pt",
        "timeframe": null,
        "feature_class": "Fortification",
        "feature_rank": 5,
        "is_visible": true,
        "is_labeled": true,
        "needs_review": false,
        "review_notes": null,
        "img_url": null,
        "last_edited": "2026-07-14",
        "last_editor": "postgres",
        "name_en": "Semkhrun",
        "name_ru": "Семкхрун",
        "name_abb_en": null,
        "name_abb_ru": null,
        "label_en": "Semkhrun",
        "label_ru": "Семкхрун",
        "descr_en": "An ancient city and outpost of the First Mulhorand Empire, located on the plains of southern Semphar. It was founded following a prophetic dream of a Mulhorand god-king and became famous for its Oracle of Fahzakhum. The city was later destroyed by a Mulhorand ruler after its priestly masters attempted to install a puppet god-king. By the 14th century DR, only crumbling obelisks and subterranean chambers remained, drawing adventurers.",
        "descr_ru": "Древний город и форпост Первой Мулхорандской Империи, расположенный на равнинах южного Семфара. Был основан после пророческого сна мулхорандского бога-царя и стал знаменит своим Оракулом Фахзахума. Позже город был разрушен мулхорандским правителем после того, как его жреческие хозяева попытались посадить марионеточного бога-царя. К XIV веку по ЛД остались лишь разрушающиеся обелиски и подземные камеры, привлекающие искателей приключений.",
        "descr_html_en": null,
        "descr_html_ru": null,
        "url_en": "https://forgottenrealms.fandom.com/wiki/Semkhrun",
        "url_ru": null,
        "source_name": "TSR FRIA 2e",
        "source_url": "https://www.profantasy.com/fratlas/fratlashome.htm",
        "dnd_editions_str": "2e, 3e, 5e",
        "feature_levels_str": null,
        "extra_str": "topical_tags: [\"city\", \"outpost\", \"oracle\", \"ruins\", \"adventuring_site\", \"mulhorand_empire\", \"prophecy\", \"destruction\"] | related_cultures_tags: [\"Mulan\"] | related_factions_tags: [\"Masters of the Oracle\"] | related_location_tags: [\"Mulhorand\", \"Semphar\", \"Kara-Tur\", \"Netheril\", \"Skuld\", \"Gbor Nor\"]",
        "location_en": "south-eastern Faerûn → Mulhorand",
        "name_alt_en_str": "Oracle City",
        "location_ru": "юго-восточный Фаэрун → Мулхоранд",
        "name_alt_ru_str": "Город Оракула",
        "geog_extent_centroid_md": "27° 02′ 35″ N 029° 41′ 46″ E",
        "geog_extent_centroid_fria": "27° 02′ 35″ N 023° 47′ 07″ W",
        "geog_extent_area_sq_km": null,
        "geog_extent_area_sq_miles": null,
        "geog_extent_length_km": null,
        "geog_extent_length_miles": null,
        "geog_extent_perimeter_km": null,
        "geog_extent_perimeter_miles": null,
        "geog_extent_bbox_md": null,
        "geog_extent_bbox_fria": null,
        "name_it": "Semkhrun",
        "name_abb_it": null,
        "label_it": "Semkhrun",
        "descr_it": "Un'antica città e avamposto del Primo Impero Mulhorand, situata nelle pianure del Semphar meridionale. Fu fondata in seguito al sogno profetico di un re-dio di Mulhorand e divenne famosa per il suo Oracolo di Fahzakhum. La città fu in seguito distrutta da un sovrano di Mulhorand dopo che i suoi maestri sacerdotali tentarono di insediare un re-dio fantoccio. Nel XIV secolo DR, rimanevano solo obelischi fatiscenti e camere sotterranee, attirando avventurieri.",
        "descr_html_it": null,
        "url_it": null,
        "location_it": "Faerûn sud-orientale → Mulhorand",
        "name_alt_it_str": "Città dell'Oracolo",
        "topical_tags": "city, outpost, oracle, ruins, adventuring_site, mulhorand_empire, prophecy, destruction",
        "related_location_tags": "Mulhorand, Semphar, Kara-Tur, Netheril, Skuld, Gbor Nor",
        "related_cultures_tags": "Mulan",
        "related_factions_tags": "Masters of the Oracle"
      },
      "geometry": {
        "type": "MultiPoint",
        "coordinates": [
          [
            -23.78528246091277,
            27.043282123075773
          ]
        ]
      }
    },
    {
      "type": "Feature",
      "properties": {
        "uuid": "68e17541-da71-4201-aae0-675e2521d84f",
        "layer_id": "srf_civ_important_sites_pt",
        "timeframe": null,
        "feature_class": "Inn",
        "feature_rank": 5,
        "is_visible": true,
        "is_labeled": true,
        "needs_review": false,
        "review_notes": null,
        "img_url": null,
        "last_edited": "2026-07-22",
        "last_editor": "postgres",
        "name_en": "The Way Inn",
        "name_ru": null,
        "name_abb_en": "",
        "name_abb_ru": null,
        "label_en": "The Way Inn",
        "label_ru": null,
        "descr_en": "",
        "descr_ru": null,
        "descr_html_en": null,
        "descr_html_ru": null,
        "url_en": "",
        "url_ru": null,
        "source_name": "TSR FRIA 2e",
        "source_url": "https://www.profantasy.com/fratlas/fratlashome.htm",
        "dnd_editions_str": "2e, 3e, 5e",
        "feature_levels_str": null,
        "extra_str": null,
        "location_en": "western Faerûn → Sword Coast",
        "name_alt_en_str": null,
        "location_ru": "западный Фаэрун → Побережье Мечей",
        "name_alt_ru_str": null,
        "geog_extent_centroid_md": "43° 00′ 07″ N 017° 52′ 39″ W",
        "geog_extent_centroid_fria": "43° 00′ 07″ N 071° 21′ 33″ W",
        "geog_extent_area_sq_km": null,
        "geog_extent_area_sq_miles": null,
        "geog_extent_length_km": null,
        "geog_extent_length_miles": null,
        "geog_extent_perimeter_km": null,
        "geog_extent_perimeter_miles": null,
        "geog_extent_bbox_md": null,
        "geog_extent_bbox_fria": null,
        "name_it": null,
        "name_abb_it": null,
        "label_it": "The Way Inn",
        "descr_it": null,
        "descr_html_it": null,
        "url_it": null,
        "location_it": "Faerûn occidentale → Costa della Spada",
        "name_alt_it_str": null,
        "topical_tags": "",
        "related_location_tags": "",
        "related_cultures_tags": "",
        "related_factions_tags": ""
      },
      "geometry": {
        "type": "MultiPoint",
        "coordinates": [
          [
            -71.35923611099662,
            43.002000784913264
          ]
        ]
      }
    },
    {
      "type": "Feature",
      "properties": {
        "uuid": "699791a8-9678-4118-a49a-0ea4707af279",
        "layer_id": "srf_civ_important_sites_pt",
        "timeframe": null,
        "feature_class": "Battlefield",
        "feature_rank": 5,
        "is_visible": true,
        "is_labeled": true,
        "needs_review": false,
        "review_notes": null,
        "img_url": null,
        "last_edited": "2026-07-13",
        "last_editor": "postgres",
        "name_en": "unnamed",
        "name_ru": null,
        "name_abb_en": null,
        "name_abb_ru": null,
        "label_en": null,
        "label_ru": null,
        "descr_en": null,
        "descr_ru": null,
        "descr_html_en": null,
        "descr_html_ru": null,
        "url_en": null,
        "url_ru": null,
        "source_name": "TSR FRIA 2e",
        "source_url": "https://www.profantasy.com/fratlas/fratlashome.htm",
        "dnd_editions_str": "2e, 3e, 5e",
        "feature_levels_str": null,
        "extra_str": null,
        "location_en": "central Faerûn → Damara",
        "name_alt_en_str": null,
        "location_ru": "центральный Фаэрун → Дамара",
        "name_alt_ru_str": null,
        "geog_extent_centroid_md": "43° 32′ 49″ N 010° 03′ 30″ E",
        "geog_extent_centroid_fria": "43° 32′ 49″ N 043° 25′ 22″ W",
        "geog_extent_area_sq_km": null,
        "geog_extent_area_sq_miles": null,
        "geog_extent_length_km": null,
        "geog_extent_length_miles": null,
        "geog_extent_perimeter_km": null,
        "geog_extent_perimeter_miles": null,
        "geog_extent_bbox_md": null,
        "geog_extent_bbox_fria": null,
        "name_it": null,
        "name_abb_it": null,
        "label_it": null,
        "descr_it": null,
        "descr_html_it": null,
        "url_it": null,
        "location_it": "Faerûn centrale → Damara",
        "name_alt_it_str": null,
        "topical_tags": "",
        "related_location_tags": "",
        "related_cultures_tags": "",
        "related_factions_tags": ""
      },
      "geometry": {
        "type": "MultiPoint",
        "coordinates": [
          [
            -43.42302717053726,
            43.54699332653067
          ]
        ]
      }
    },
    {
      "type": "Feature",
      "properties": {
        "uuid": "6ac9ad05-df37-48fc-a1db-b20493cdcefc",
        "layer_id": "srf_civ_important_sites_pt",
        "timeframe": null,
        "feature_class": "Fortification",
        "feature_rank": 5,
        "is_visible": true,
        "is_labeled": true,
        "needs_review": false,
        "review_notes": null,
        "img_url": null,
        "last_edited": "2026-07-13",
        "last_editor": "postgres",
        "name_en": "unnamed",
        "name_ru": null,
        "name_abb_en": null,
        "name_abb_ru": null,
        "label_en": null,
        "label_ru": null,
        "descr_en": null,
        "descr_ru": null,
        "descr_html_en": null,
        "descr_html_ru": null,
        "url_en": null,
        "url_ru": null,
        "source_name": "TSR FRIA 2e",
        "source_url": "https://www.profantasy.com/fratlas/fratlashome.htm",
        "dnd_editions_str": "2e, 3e, 5e",
        "feature_levels_str": null,
        "extra_str": null,
        "location_en": "eastern Crowded Sea",
        "name_alt_en_str": null,
        "location_ru": "восточный Тесное море",
        "name_alt_ru_str": null,
        "geog_extent_centroid_md": "19° 07′ 44″ S 038° 18′ 01″ E",
        "geog_extent_centroid_fria": "19° 07′ 44″ S 015° 10′ 52″ W",
        "geog_extent_area_sq_km": null,
        "geog_extent_area_sq_miles": null,
        "geog_extent_length_km": null,
        "geog_extent_length_miles": null,
        "geog_extent_perimeter_km": null,
        "geog_extent_perimeter_miles": null,
        "geog_extent_bbox_md": null,
        "geog_extent_bbox_fria": null,
        "name_it": null,
        "name_abb_it": null,
        "label_it": null,
        "descr_it": null,
        "descr_html_it": null,
        "url_it": null,
        "location_it": "Mare Affollato orientale",
        "name_alt_it_str": null,
        "topical_tags": "",
        "related_location_tags": "",
        "related_cultures_tags": "",
        "related_factions_tags": ""
      },
      "geometry": {
        "type": "MultiPoint",
        "coordinates": [
          [
            -15.18114334670647,
            -19.128957431713253
          ]
        ]
      }
    },
    {
      "type": "Feature",
      "properties": {
        "uuid": "6b02f3ef-a134-4431-adf8-73a6e0a8f2e4",
        "layer_id": "srf_civ_important_sites_pt",
        "timeframe": null,
        "feature_class": "Mine",
        "feature_rank": 5,
        "is_visible": true,
        "is_labeled": true,
        "needs_review": false,
        "review_notes": null,
        "img_url": null,
        "last_edited": "2026-07-22",
        "last_editor": "postgres",
        "name_en": "unnamed",
        "name_ru": null,
        "name_abb_en": null,
        "name_abb_ru": null,
        "label_en": null,
        "label_ru": null,
        "descr_en": null,
        "descr_ru": null,
        "descr_html_en": null,
        "descr_html_ru": null,
        "url_en": null,
        "url_ru": null,
        "source_name": "TSR FRIA 2e",
        "source_url": "https://www.profantasy.com/fratlas/fratlashome.htm",
        "dnd_editions_str": "2e, 3e, 5e",
        "feature_levels_str": null,
        "extra_str": null,
        "location_en": "north-western Faerûn → unnamed",
        "name_alt_en_str": null,
        "location_ru": "северо-западный Фаэрун → unnamed",
        "name_alt_ru_str": null,
        "geog_extent_centroid_md": "52° 33′ 48″ N 012° 51′ 11″ W",
        "geog_extent_centroid_fria": "52° 33′ 48″ N 066° 20′ 04″ W",
        "geog_extent_area_sq_km": null,
        "geog_extent_area_sq_miles": null,
        "geog_extent_length_km": null,
        "geog_extent_length_miles": null,
        "geog_extent_perimeter_km": null,
        "geog_extent_perimeter_miles": null,
        "geog_extent_bbox_md": null,
        "geog_extent_bbox_fria": null,
        "name_it": null,
        "name_abb_it": null,
        "label_it": null,
        "descr_it": null,
        "descr_html_it": null,
        "url_it": null,
        "location_it": "Faerûn nord-occidentale → unnamed",
        "name_alt_it_str": null,
        "topical_tags": "",
        "related_location_tags": "",
        "related_cultures_tags": "",
        "related_factions_tags": ""
      },
      "geometry": {
        "type": "MultiPoint",
        "coordinates": [
          [
            -66.33459159417987,
            52.563461688729234
          ]
        ]
      }
    },
    {
      "type": "Feature",
      "properties": {
        "uuid": "6b8cfd45-5e7b-4b88-a356-16f83b132f24",
        "layer_id": "srf_civ_important_sites_pt",
        "timeframe": null,
        "feature_class": "Ruins",
        "feature_rank": 5,
        "is_visible": true,
        "is_labeled": true,
        "needs_review": false,
        "review_notes": null,
        "img_url": null,
        "last_edited": "2026-07-13",
        "last_editor": "postgres",
        "name_en": "unnamed",
        "name_ru": null,
        "name_abb_en": null,
        "name_abb_ru": null,
        "label_en": null,
        "label_ru": null,
        "descr_en": null,
        "descr_ru": null,
        "descr_html_en": null,
        "descr_html_ru": null,
        "url_en": null,
        "url_ru": null,
        "source_name": "TSR FRIA 2e",
        "source_url": "https://www.profantasy.com/fratlas/fratlashome.htm",
        "dnd_editions_str": "2e, 3e, 5e",
        "feature_levels_str": null,
        "extra_str": null,
        "location_en": "eastern Zakhara",
        "name_alt_en_str": null,
        "location_ru": "восточный Захара",
        "name_alt_ru_str": null,
        "geog_extent_centroid_md": "12° 54′ 23″ S 039° 51′ 06″ E",
        "geog_extent_centroid_fria": "12° 54′ 23″ S 013° 37′ 46″ W",
        "geog_extent_area_sq_km": null,
        "geog_extent_area_sq_miles": null,
        "geog_extent_length_km": null,
        "geog_extent_length_miles": null,
        "geog_extent_perimeter_km": null,
        "geog_extent_perimeter_miles": null,
        "geog_extent_bbox_md": null,
        "geog_extent_bbox_fria": null,
        "name_it": null,
        "name_abb_it": null,
        "label_it": null,
        "descr_it": null,
        "descr_html_it": null,
        "url_it": null,
        "location_it": "Zakhara orientale",
        "name_alt_it_str": null,
        "topical_tags": "",
        "related_location_tags": "",
        "related_cultures_tags": "",
        "related_factions_tags": ""
      },
      "geometry": {
        "type": "MultiPoint",
        "coordinates": [
          [
            -13.629621265437965,
            -12.906620778621193
          ]
        ]
      }
    },
    {
      "type": "Feature",
      "properties": {
        "uuid": "70a873c7-447f-425a-bd94-4812e5f7adb6",
        "layer_id": "srf_civ_important_sites_pt",
        "timeframe": null,
        "feature_class": "Fortification",
        "feature_rank": 5,
        "is_visible": true,
        "is_labeled": true,
        "needs_review": false,
        "review_notes": null,
        "img_url": null,
        "last_edited": "2026-07-14",
        "last_editor": "postgres",
        "name_en": "High Horn",
        "name_ru": "Высокий Рог",
        "name_abb_en": null,
        "name_abb_ru": null,
        "label_en": "High Horn",
        "label_ru": "Высокий Рог",
        "descr_en": "A prominent peak in the Storm Horns mountain range, with a pass and a Cormyrian fortification located atop it, as well as a stone statue on the Snout of Omgar.",
        "descr_ru": "Выдающийся пик в горной цепи Штормовые Рога, с перевалом и кормирским укреплением на вершине, а также каменной статуей на Морде Омгара.",
        "descr_html_en": null,
        "descr_html_ru": null,
        "url_en": "https://forgottenrealms.fandom.com/wiki/High_Horn",
        "url_ru": null,
        "source_name": "TSR FRIA 2e",
        "source_url": "https://www.profantasy.com/fratlas/fratlashome.htm",
        "dnd_editions_str": "2e, 3e, 5e",
        "feature_levels_str": null,
        "extra_str": "topical_tags: [\"mountain\", \"pass\", \"fortification\", \"statue\", \"peak\"] | related_factions_tags: [\"Cormyr\"] | related_location_tags: [\"Storm Horns\", \"High Horn Pass\", \"Snout of Omgar\"]",
        "location_en": "western Faerûn → Cormyr → Storm Horn Mountains",
        "name_alt_en_str": null,
        "location_ru": "западный Фаэрун → Кормир → Горы Штормовых Рогов",
        "name_alt_ru_str": null,
        "geog_extent_centroid_md": "38° 35′ 08″ N 007° 19′ 31″ W",
        "geog_extent_centroid_fria": "38° 35′ 08″ N 060° 48′ 25″ W",
        "geog_extent_area_sq_km": null,
        "geog_extent_area_sq_miles": null,
        "geog_extent_length_km": null,
        "geog_extent_length_miles": null,
        "geog_extent_perimeter_km": null,
        "geog_extent_perimeter_miles": null,
        "geog_extent_bbox_md": null,
        "geog_extent_bbox_fria": null,
        "name_it": "Alto Corno",
        "name_abb_it": null,
        "label_it": "Alto Corno",
        "descr_it": "Alto Corno è una vetta prominente nella catena montuosa dei Corni della Tempesta, con un valico e una fortificazione di Cormyr situata sulla sua cima, oltre a una statua di pietra sul Muso di Omgar.",
        "descr_html_it": null,
        "url_it": null,
        "location_it": "Faerûn occidentale → Cormyr → Montagne del Corno della Tempesta",
        "name_alt_it_str": null,
        "topical_tags": "mountain, pass, fortification, statue, peak",
        "related_location_tags": "Storm Horns, High Horn Pass, Snout of Omgar",
        "related_cultures_tags": "",
        "related_factions_tags": "Cormyr"
      },
      "geometry": {
        "type": "MultiPoint",
        "coordinates": [
          [
            -60.80699889616008,
            38.58564498718362
          ]
        ]
      }
    },
    {
      "type": "Feature",
      "properties": {
        "uuid": "70cc3221-b2b4-475c-ad85-cffa4a93f263",
        "layer_id": "srf_civ_important_sites_pt",
        "timeframe": null,
        "feature_class": "Ruins",
        "feature_rank": 5,
        "is_visible": true,
        "is_labeled": true,
        "needs_review": false,
        "review_notes": null,
        "img_url": null,
        "last_edited": "2026-07-13",
        "last_editor": "postgres",
        "name_en": "unnamed",
        "name_ru": null,
        "name_abb_en": null,
        "name_abb_ru": null,
        "label_en": null,
        "label_ru": null,
        "descr_en": null,
        "descr_ru": null,
        "descr_html_en": null,
        "descr_html_ru": null,
        "url_en": null,
        "url_ru": null,
        "source_name": "TSR FRIA 2e",
        "source_url": "https://www.profantasy.com/fratlas/fratlashome.htm",
        "dnd_editions_str": "2e, 3e, 5e",
        "feature_levels_str": null,
        "extra_str": null,
        "location_en": "western Zakhara → Furrowed Mountains",
        "name_alt_en_str": null,
        "location_ru": "западный Захара → Бороздчатые Горы",
        "name_alt_ru_str": null,
        "geog_extent_centroid_md": "08° 23′ 00″ S 022° 24′ 19″ E",
        "geog_extent_centroid_fria": "08° 23′ 00″ S 031° 04′ 34″ W",
        "geog_extent_area_sq_km": null,
        "geog_extent_area_sq_miles": null,
        "geog_extent_length_km": null,
        "geog_extent_length_miles": null,
        "geog_extent_perimeter_km": null,
        "geog_extent_perimeter_miles": null,
        "geog_extent_bbox_md": null,
        "geog_extent_bbox_fria": null,
        "name_it": null,
        "name_abb_it": null,
        "label_it": null,
        "descr_it": null,
        "descr_html_it": null,
        "url_it": null,
        "location_it": "Zakhara occidentale → Montagne Solcate",
        "name_alt_it_str": null,
        "topical_tags": "",
        "related_location_tags": "",
        "related_cultures_tags": "",
        "related_factions_tags": ""
      },
      "geometry": {
        "type": "MultiPoint",
        "coordinates": [
          [
            -31.076205965029864,
            -8.383423582101646
          ]
        ]
      }
    },
    {
      "type": "Feature",
      "properties": {
        "uuid": "727aa07d-265e-499a-9e0d-4fdf3344b1a9",
        "layer_id": "srf_civ_important_sites_pt",
        "timeframe": null,
        "feature_class": "Water Source",
        "feature_rank": 5,
        "is_visible": true,
        "is_labeled": true,
        "needs_review": false,
        "review_notes": "exclude from wiki link auto-ageneration",
        "img_url": null,
        "last_edited": "2026-07-13",
        "last_editor": "postgres",
        "name_en": "T'kon Chi Springs",
        "name_ru": "Источники Т'кон Чи",
        "name_abb_en": null,
        "name_abb_ru": null,
        "label_en": "T'kon Chi Springs",
        "label_ru": "Источники Т'кон Чи",
        "descr_en": null,
        "descr_ru": null,
        "descr_html_en": null,
        "descr_html_ru": null,
        "url_en": null,
        "url_ru": null,
        "source_name": "TSR FRIA 2e",
        "source_url": "https://www.profantasy.com/fratlas/fratlashome.htm",
        "dnd_editions_str": "2e, 3e, 5e",
        "feature_levels_str": null,
        "extra_str": null,
        "location_en": "central Kara-Tur → T'u Lung",
        "name_alt_en_str": null,
        "location_ru": "центральный Кара-Тур → Ту Лунг",
        "name_alt_ru_str": null,
        "geog_extent_centroid_md": "15° 14′ 01″ N 079° 19′ 05″ E",
        "geog_extent_centroid_fria": "15° 14′ 01″ N 025° 50′ 12″ E",
        "geog_extent_area_sq_km": null,
        "geog_extent_area_sq_miles": null,
        "geog_extent_length_km": null,
        "geog_extent_length_miles": null,
        "geog_extent_perimeter_km": null,
        "geog_extent_perimeter_miles": null,
        "geog_extent_bbox_md": null,
        "geog_extent_bbox_fria": null,
        "name_it": "Sorgenti di T'kon Chi",
        "name_abb_it": null,
        "label_it": "Sorgenti di T'kon Chi",
        "descr_it": null,
        "descr_html_it": null,
        "url_it": null,
        "location_it": "Kara-Tur centrale → T'u Lung",
        "name_alt_it_str": null,
        "topical_tags": "",
        "related_location_tags": "",
        "related_cultures_tags": "",
        "related_factions_tags": ""
      },
      "geometry": {
        "type": "MultiPoint",
        "coordinates": [
          [
            25.836692318282594,
            15.233802614662988
          ]
        ]
      }
    },
    {
      "type": "Feature",
      "properties": {
        "uuid": "75028008-4051-40ca-98fd-b6e2d2579196",
        "layer_id": "srf_civ_important_sites_pt",
        "timeframe": null,
        "feature_class": "Fortification",
        "feature_rank": 5,
        "is_visible": true,
        "is_labeled": true,
        "needs_review": false,
        "review_notes": "exclude from wiki link auto-ageneration",
        "img_url": null,
        "last_edited": "2026-07-13",
        "last_editor": "postgres",
        "name_en": "Jorhat Citadel",
        "name_ru": "Цитадель Джорхат",
        "name_abb_en": null,
        "name_abb_ru": null,
        "label_en": "Jorhat Citadel",
        "label_ru": "Цитадель Джорхат",
        "descr_en": null,
        "descr_ru": null,
        "descr_html_en": null,
        "descr_html_ru": null,
        "url_en": null,
        "url_ru": null,
        "source_name": "TSR FRIA 2e",
        "source_url": "https://www.profantasy.com/fratlas/fratlashome.htm",
        "dnd_editions_str": "2e, 3e, 5e",
        "feature_levels_str": null,
        "extra_str": null,
        "location_en": "south-eastern Faerûn → Jorhat Shan",
        "name_alt_en_str": null,
        "location_ru": "юго-восточный Фаэрун → Джорхат Шан",
        "name_alt_ru_str": null,
        "geog_extent_centroid_md": "25° 41′ 31″ N 034° 53′ 38″ E",
        "geog_extent_centroid_fria": "25° 41′ 31″ N 018° 35′ 14″ W",
        "geog_extent_area_sq_km": null,
        "geog_extent_area_sq_miles": null,
        "geog_extent_length_km": null,
        "geog_extent_length_miles": null,
        "geog_extent_perimeter_km": null,
        "geog_extent_perimeter_miles": null,
        "geog_extent_bbox_md": null,
        "geog_extent_bbox_fria": null,
        "name_it": "Cittadella Jorhat",
        "name_abb_it": null,
        "label_it": "Cittadella Jorhat",
        "descr_it": null,
        "descr_html_it": null,
        "url_it": null,
        "location_it": "Faerûn sud-orientale → Jorhat Shan",
        "name_alt_it_str": null,
        "topical_tags": "",
        "related_location_tags": "",
        "related_cultures_tags": "",
        "related_factions_tags": ""
      },
      "geometry": {
        "type": "MultiPoint",
        "coordinates": [
          [
            -18.587466627171793,
            25.69209612666862
          ]
        ]
      }
    },
    {
      "type": "Feature",
      "properties": {
        "uuid": "75407742-e7a2-44b2-8d53-ddf3bc4900ac",
        "layer_id": "srf_civ_important_sites_pt",
        "timeframe": null,
        "feature_class": "Fortification",
        "feature_rank": 5,
        "is_visible": true,
        "is_labeled": true,
        "needs_review": false,
        "review_notes": null,
        "img_url": null,
        "last_edited": "2026-07-13",
        "last_editor": "postgres",
        "name_en": "unnamed",
        "name_ru": null,
        "name_abb_en": null,
        "name_abb_ru": null,
        "label_en": null,
        "label_ru": null,
        "descr_en": null,
        "descr_ru": null,
        "descr_html_en": null,
        "descr_html_ru": null,
        "url_en": null,
        "url_ru": null,
        "source_name": "TSR FRIA 2e",
        "source_url": "https://www.profantasy.com/fratlas/fratlashome.htm",
        "dnd_editions_str": "2e, 3e, 5e",
        "feature_levels_str": null,
        "extra_str": null,
        "location_en": "eastern Crowded Sea",
        "name_alt_en_str": null,
        "location_ru": "восточный Тесное море",
        "name_alt_ru_str": null,
        "geog_extent_centroid_md": "22° 09′ 19″ S 036° 11′ 17″ E",
        "geog_extent_centroid_fria": "22° 09′ 19″ S 017° 17′ 35″ W",
        "geog_extent_area_sq_km": null,
        "geog_extent_area_sq_miles": null,
        "geog_extent_length_km": null,
        "geog_extent_length_miles": null,
        "geog_extent_perimeter_km": null,
        "geog_extent_perimeter_miles": null,
        "geog_extent_bbox_md": null,
        "geog_extent_bbox_fria": null,
        "name_it": null,
        "name_abb_it": null,
        "label_it": null,
        "descr_it": null,
        "descr_html_it": null,
        "url_it": null,
        "location_it": "Mare Affollato orientale",
        "name_alt_it_str": null,
        "topical_tags": "",
        "related_location_tags": "",
        "related_cultures_tags": "",
        "related_factions_tags": ""
      },
      "geometry": {
        "type": "MultiPoint",
        "coordinates": [
          [
            -17.29325386624688,
            -22.155365513029846
          ]
        ]
      }
    },
    {
      "type": "Feature",
      "properties": {
        "uuid": "fd4d3ec8-b4b6-43e9-9ff3-e9523bc7cf32",
        "layer_id": "srf_civ_important_sites_pt",
        "timeframe": null,
        "feature_class": "Ruins",
        "feature_rank": 5,
        "is_visible": true,
        "is_labeled": true,
        "needs_review": false,
        "review_notes": null,
        "img_url": null,
        "last_edited": "2026-07-14",
        "last_editor": "postgres",
        "name_en": "Blaskaltar",
        "name_ru": "Бласкалтар",
        "name_abb_en": null,
        "name_abb_ru": null,
        "label_en": "Blaskaltar",
        "label_ru": "Бласкалтар",
        "descr_en": "A long-ruined settlement in the Shaar region of south Faerûn. It once held the First Shrine of the Queen of Air, the earliest known temple to Akadi, which by the 14th century DR had been reduced to a mound. Despite the ruin, the site remained a pilgrimage destination for Akadi's faithful, who gathered there annually on Midsummer.",
        "descr_ru": "Давно разрушенное поселение в области Шаар на юге Фаэруна. Некогда здесь находилось Первое Святилище Королевы Воздуха, древнейший известный храм Акади, который к XIV веку по ЛД превратился в холм. Несмотря на разрушение, место оставалось местом паломничества для верующих Акади, собиравшихся там ежегодно в день Летнего Солнцестояния.",
        "descr_html_en": null,
        "descr_html_ru": null,
        "url_en": "https://forgottenrealms.fandom.com/wiki/Blaskaltar",
        "url_ru": null,
        "source_name": "TSR FRIA 2e",
        "source_url": "https://www.profantasy.com/fratlas/fratlashome.htm",
        "dnd_editions_str": "2e, 3e, 5e",
        "feature_levels_str": null,
        "extra_str": "topical_tags: [\"ruined\", \"settlement\", \"pilgrimage\", \"shrine\", \"annual_festival\"] | related_factions_tags: [\"Church of Akadi\"] | related_location_tags: [\"Shaar\", \"Faerûn\"]",
        "location_en": "southern Faerûn → The Shaar",
        "name_alt_en_str": null,
        "location_ru": "южный Фаэрун → Шаар",
        "name_alt_ru_str": null,
        "geog_extent_centroid_md": "19° 00′ 41″ N 000° 23′ 03″ E",
        "geog_extent_centroid_fria": "19° 00′ 41″ N 053° 05′ 49″ W",
        "geog_extent_area_sq_km": null,
        "geog_extent_area_sq_miles": null,
        "geog_extent_length_km": null,
        "geog_extent_length_miles": null,
        "geog_extent_perimeter_km": null,
        "geog_extent_perimeter_miles": null,
        "geog_extent_bbox_md": null,
        "geog_extent_bbox_fria": null,
        "name_it": "Blaskaltar",
        "name_abb_it": null,
        "label_it": "Blaskaltar",
        "descr_it": "Blaskaltar è un insediamento in rovina da lungo tempo nella regione dello Shaar nel sud di Faerûn. Un tempo ospitava il Primo Santuario della Regina dell'Aria, il più antico tempio conosciuto di Akadi, che entro il XIV secolo DR era stato ridotto a un tumulo. Nonostante la rovina, il sito rimase una meta di pellegrinaggio per i fedeli di Akadi, che vi si radunavano annualmente a Mezza Estate.",
        "descr_html_it": null,
        "url_it": null,
        "location_it": "Faerûn meridionale → Lo Shaar",
        "name_alt_it_str": null,
        "topical_tags": "ruined, settlement, pilgrimage, shrine, annual_festival",
        "related_location_tags": "Shaar, Faerûn",
        "related_cultures_tags": "",
        "related_factions_tags": "Church of Akadi"
      },
      "geometry": {
        "type": "MultiPoint",
        "coordinates": [
          [
            -53.0971053530276,
            19.011421751051508
          ]
        ]
      }
    },
    {
      "type": "Feature",
      "properties": {
        "uuid": "75e7cbb3-dc1f-46a6-85ef-f783104f0e6b",
        "layer_id": "srf_civ_important_sites_pt",
        "timeframe": null,
        "feature_class": "Fortification",
        "feature_rank": 5,
        "is_visible": true,
        "is_labeled": true,
        "needs_review": false,
        "review_notes": null,
        "img_url": null,
        "last_edited": "2026-07-13",
        "last_editor": "postgres",
        "name_en": "unnamed",
        "name_ru": null,
        "name_abb_en": null,
        "name_abb_ru": null,
        "label_en": null,
        "label_ru": null,
        "descr_en": null,
        "descr_ru": null,
        "descr_html_en": null,
        "descr_html_ru": null,
        "url_en": null,
        "url_ru": null,
        "source_name": "TSR FRIA 2e",
        "source_url": "https://www.profantasy.com/fratlas/fratlashome.htm",
        "dnd_editions_str": "2e, 3e, 5e",
        "feature_levels_str": null,
        "extra_str": null,
        "location_en": "western Zakhara → unnamed",
        "name_alt_en_str": null,
        "location_ru": "западный Захара → unnamed",
        "name_alt_ru_str": null,
        "geog_extent_centroid_md": "06° 41′ 45″ S 020° 58′ 45″ E",
        "geog_extent_centroid_fria": "06° 41′ 45″ S 032° 30′ 07″ W",
        "geog_extent_area_sq_km": null,
        "geog_extent_area_sq_miles": null,
        "geog_extent_length_km": null,
        "geog_extent_length_miles": null,
        "geog_extent_perimeter_km": null,
        "geog_extent_perimeter_miles": null,
        "geog_extent_bbox_md": null,
        "geog_extent_bbox_fria": null,
        "name_it": null,
        "name_abb_it": null,
        "label_it": null,
        "descr_it": null,
        "descr_html_it": null,
        "url_it": null,
        "location_it": "Zakhara occidentale → unnamed",
        "name_alt_it_str": null,
        "topical_tags": "",
        "related_location_tags": "",
        "related_cultures_tags": "",
        "related_factions_tags": ""
      },
      "geometry": {
        "type": "MultiPoint",
        "coordinates": [
          [
            -32.502188244648664,
            -6.695959276849242
          ]
        ]
      }
    },
    {
      "type": "Feature",
      "properties": {
        "uuid": "772bbd8b-7546-453a-8e42-1b8339bd53fe",
        "layer_id": "srf_civ_important_sites_pt",
        "timeframe": null,
        "feature_class": "Other",
        "feature_rank": 5,
        "is_visible": true,
        "is_labeled": true,
        "needs_review": false,
        "review_notes": "exclude from wiki link auto-ageneration",
        "img_url": null,
        "last_edited": "2026-07-13",
        "last_editor": "postgres",
        "name_en": "Kiysym",
        "name_ru": "Кийсым",
        "name_abb_en": null,
        "name_abb_ru": null,
        "label_en": "Kiysym",
        "label_ru": "Кийсым",
        "descr_en": null,
        "descr_ru": null,
        "descr_html_en": null,
        "descr_html_ru": null,
        "url_en": null,
        "url_ru": null,
        "source_name": "TSR FRIA 2e",
        "source_url": "https://www.profantasy.com/fratlas/fratlashome.htm",
        "dnd_editions_str": "2e, 3e, 5e",
        "feature_levels_str": null,
        "extra_str": null,
        "location_en": "north-western Kara-Tur → unnamed",
        "name_alt_en_str": null,
        "location_ru": "северо-западный Кара-Тур → unnamed",
        "name_alt_ru_str": null,
        "geog_extent_centroid_md": "47° 35′ 21″ N 065° 41′ 13″ E",
        "geog_extent_centroid_fria": "47° 35′ 21″ N 012° 12′ 20″ E",
        "geog_extent_area_sq_km": null,
        "geog_extent_area_sq_miles": null,
        "geog_extent_length_km": null,
        "geog_extent_length_miles": null,
        "geog_extent_perimeter_km": null,
        "geog_extent_perimeter_miles": null,
        "geog_extent_bbox_md": null,
        "geog_extent_bbox_fria": null,
        "name_it": "Kiysym",
        "name_abb_it": null,
        "label_it": "Kiysym",
        "descr_it": null,
        "descr_html_it": null,
        "url_it": null,
        "location_it": "Kara-Tur nord-occidentale → unnamed",
        "name_alt_it_str": null,
        "topical_tags": "",
        "related_location_tags": "",
        "related_cultures_tags": "",
        "related_factions_tags": ""
      },
      "geometry": {
        "type": "MultiPoint",
        "coordinates": [
          [
            12.205674003088774,
            47.589226748450216
          ]
        ]
      }
    },
    {
      "type": "Feature",
      "properties": {
        "uuid": "77ecf97d-42a1-4061-a024-a4321fbe11d5",
        "layer_id": "srf_civ_important_sites_pt",
        "timeframe": null,
        "feature_class": "Battlefield",
        "feature_rank": 5,
        "is_visible": true,
        "is_labeled": true,
        "needs_review": false,
        "review_notes": null,
        "img_url": null,
        "last_edited": "2026-07-13",
        "last_editor": "postgres",
        "name_en": "unnamed",
        "name_ru": null,
        "name_abb_en": null,
        "name_abb_ru": null,
        "label_en": null,
        "label_ru": null,
        "descr_en": null,
        "descr_ru": null,
        "descr_html_en": null,
        "descr_html_ru": null,
        "url_en": null,
        "url_ru": null,
        "source_name": "TSR FRIA 2e",
        "source_url": "https://www.profantasy.com/fratlas/fratlashome.htm",
        "dnd_editions_str": "2e, 3e, 5e",
        "feature_levels_str": null,
        "extra_str": null,
        "location_en": "central Zakhara → Haunted Lands",
        "name_alt_en_str": null,
        "location_ru": "центральный Захара → Проклятые Земли",
        "name_alt_ru_str": null,
        "geog_extent_centroid_md": "12° 39′ 41″ S 029° 37′ 23″ E",
        "geog_extent_centroid_fria": "12° 39′ 41″ S 023° 51′ 29″ W",
        "geog_extent_area_sq_km": null,
        "geog_extent_area_sq_miles": null,
        "geog_extent_length_km": null,
        "geog_extent_length_miles": null,
        "geog_extent_perimeter_km": null,
        "geog_extent_perimeter_miles": null,
        "geog_extent_bbox_md": null,
        "geog_extent_bbox_fria": null,
        "name_it": null,
        "name_abb_it": null,
        "label_it": null,
        "descr_it": null,
        "descr_html_it": null,
        "url_it": null,
        "location_it": "Zakhara centrale → Terre Maledette",
        "name_alt_it_str": null,
        "topical_tags": "",
        "related_location_tags": "",
        "related_cultures_tags": "",
        "related_factions_tags": ""
      },
      "geometry": {
        "type": "MultiPoint",
        "coordinates": [
          [
            -23.85832812760874,
            -12.661590846084477
          ]
        ]
      }
    },
    {
      "type": "Feature",
      "properties": {
        "uuid": "781706c0-99ca-495e-af14-27598b49cde0",
        "layer_id": "srf_civ_important_sites_pt",
        "timeframe": null,
        "feature_class": "Ruins",
        "feature_rank": 5,
        "is_visible": true,
        "is_labeled": true,
        "needs_review": false,
        "review_notes": null,
        "img_url": null,
        "last_edited": "2026-07-13",
        "last_editor": "postgres",
        "name_en": "unnamed",
        "name_ru": null,
        "name_abb_en": null,
        "name_abb_ru": null,
        "label_en": null,
        "label_ru": null,
        "descr_en": null,
        "descr_ru": null,
        "descr_html_en": null,
        "descr_html_ru": null,
        "url_en": null,
        "url_ru": null,
        "source_name": "TSR FRIA 2e",
        "source_url": "https://www.profantasy.com/fratlas/fratlashome.htm",
        "dnd_editions_str": "2e, 3e, 5e",
        "feature_levels_str": null,
        "extra_str": null,
        "location_en": "south-eastern Zakhara → unnamed",
        "name_alt_en_str": null,
        "location_ru": "юго-восточный Захара → unnamed",
        "name_alt_ru_str": null,
        "geog_extent_centroid_md": "17° 48′ 47″ S 034° 27′ 50″ E",
        "geog_extent_centroid_fria": "17° 48′ 47″ S 019° 01′ 02″ W",
        "geog_extent_area_sq_km": null,
        "geog_extent_area_sq_miles": null,
        "geog_extent_length_km": null,
        "geog_extent_length_miles": null,
        "geog_extent_perimeter_km": null,
        "geog_extent_perimeter_miles": null,
        "geog_extent_bbox_md": null,
        "geog_extent_bbox_fria": null,
        "name_it": null,
        "name_abb_it": null,
        "label_it": null,
        "descr_it": null,
        "descr_html_it": null,
        "url_it": null,
        "location_it": "Zakhara sud-orientale → unnamed",
        "name_alt_it_str": null,
        "topical_tags": "",
        "related_location_tags": "",
        "related_cultures_tags": "",
        "related_factions_tags": ""
      },
      "geometry": {
        "type": "MultiPoint",
        "coordinates": [
          [
            -19.017368333369678,
            -17.813098923940327
          ]
        ]
      }
    },
    {
      "type": "Feature",
      "properties": {
        "uuid": "a39ee1ba-594f-4d56-b276-3f2ec4172bc3",
        "layer_id": "srf_civ_important_sites_pt",
        "timeframe": null,
        "feature_class": "Other",
        "feature_rank": 5,
        "is_visible": true,
        "is_labeled": true,
        "needs_review": false,
        "review_notes": "exclude from wiki link auto-ageneration",
        "img_url": null,
        "last_edited": "2026-07-13",
        "last_editor": "postgres",
        "name_en": "Bandit City",
        "name_ru": "Город Бандитов",
        "name_abb_en": null,
        "name_abb_ru": null,
        "label_en": "Bandit City",
        "label_ru": "Город Бандитов",
        "descr_en": null,
        "descr_ru": null,
        "descr_html_en": null,
        "descr_html_ru": null,
        "url_en": null,
        "url_ru": null,
        "source_name": "TSR FRIA 2e",
        "source_url": "https://www.profantasy.com/fratlas/fratlashome.htm",
        "dnd_editions_str": "2e, 3e, 5e",
        "feature_levels_str": null,
        "extra_str": null,
        "location_en": "southern Faerûn",
        "name_alt_en_str": null,
        "location_ru": "южный Фаэрун",
        "name_alt_ru_str": null,
        "geog_extent_centroid_md": "22° 35′ 54″ N 011° 03′ 17″ E",
        "geog_extent_centroid_fria": "22° 35′ 54″ N 042° 25′ 36″ W",
        "geog_extent_area_sq_km": null,
        "geog_extent_area_sq_miles": null,
        "geog_extent_length_km": null,
        "geog_extent_length_miles": null,
        "geog_extent_perimeter_km": null,
        "geog_extent_perimeter_miles": null,
        "geog_extent_bbox_md": null,
        "geog_extent_bbox_fria": null,
        "name_it": "Città dei Banditi",
        "name_abb_it": null,
        "label_it": "Città dei Banditi",
        "descr_it": null,
        "descr_html_it": null,
        "url_it": null,
        "location_it": "Faerûn meridionale",
        "name_alt_it_str": null,
        "topical_tags": "",
        "related_location_tags": "",
        "related_cultures_tags": "",
        "related_factions_tags": ""
      },
      "geometry": {
        "type": "MultiPoint",
        "coordinates": [
          [
            -42.42674376917576,
            22.59857927929035
          ]
        ]
      }
    },
    {
      "type": "Feature",
      "properties": {
        "uuid": "7a126772-965a-424b-bde4-99564fb94c2a",
        "layer_id": "srf_civ_important_sites_pt",
        "timeframe": null,
        "feature_class": "Water Source",
        "feature_rank": 5,
        "is_visible": true,
        "is_labeled": true,
        "needs_review": false,
        "review_notes": "exclude from wiki link auto-ageneration",
        "img_url": null,
        "last_edited": "2026-07-13",
        "last_editor": "postgres",
        "name_en": "Hot Springs",
        "name_ru": "Горячие Источники",
        "name_abb_en": null,
        "name_abb_ru": null,
        "label_en": "Hot Springs",
        "label_ru": "Горячие Источники",
        "descr_en": null,
        "descr_ru": null,
        "descr_html_en": null,
        "descr_html_ru": null,
        "url_en": null,
        "url_ru": null,
        "source_name": "TSR FRIA 2e",
        "source_url": "https://www.profantasy.com/fratlas/fratlashome.htm",
        "dnd_editions_str": "2e, 3e, 5e",
        "feature_levels_str": null,
        "extra_str": null,
        "location_en": "central Faerûn → Vaasa",
        "name_alt_en_str": null,
        "location_ru": "центральный Фаэрун → Вааса",
        "name_alt_ru_str": null,
        "geog_extent_centroid_md": "45° 16′ 34″ N 004° 21′ 19″ E",
        "geog_extent_centroid_fria": "45° 16′ 34″ N 049° 07′ 34″ W",
        "geog_extent_area_sq_km": null,
        "geog_extent_area_sq_miles": null,
        "geog_extent_length_km": null,
        "geog_extent_length_miles": null,
        "geog_extent_perimeter_km": null,
        "geog_extent_perimeter_miles": null,
        "geog_extent_bbox_md": null,
        "geog_extent_bbox_fria": null,
        "name_it": "Sorgenti Termali",
        "name_abb_it": null,
        "label_it": "Sorgenti Termali",
        "descr_it": null,
        "descr_html_it": null,
        "url_it": null,
        "location_it": "Faerûn centrale → Vaasa",
        "name_alt_it_str": null,
        "topical_tags": "",
        "related_location_tags": "",
        "related_cultures_tags": "",
        "related_factions_tags": ""
      },
      "geometry": {
        "type": "MultiPoint",
        "coordinates": [
          [
            -49.12622246729294,
            45.276242653017526
          ]
        ]
      }
    },
    {
      "type": "Feature",
      "properties": {
        "uuid": "7da7cc08-c9e1-41dd-aeb5-03c8668ee081",
        "layer_id": "srf_civ_important_sites_pt",
        "timeframe": null,
        "feature_class": "Other",
        "feature_rank": 5,
        "is_visible": true,
        "is_labeled": true,
        "needs_review": false,
        "review_notes": null,
        "img_url": null,
        "last_edited": "2026-07-14",
        "last_editor": "postgres",
        "name_en": "Castle Spulzeer",
        "name_ru": "Замок Спулзир",
        "name_abb_en": null,
        "name_abb_ru": null,
        "label_en": "Castle Spulzeer",
        "label_ru": "Замок Спулзир",
        "descr_en": "A castle originally built for the Spellseer family in eastern Amn, later becoming a Tethyrian holding. It was known for hosting carnivals and later gambling enterprises, before being transported to the Demiplane of Dread in 1367 DR.",
        "descr_ru": "Замок, первоначально построенный для семьи Спеллсир в восточном Амне, позже ставший владением Тетира. Был известен проведением карнавалов, а затем азартных игр, прежде чем был перенесён в Полуостров Ужаса в 1367 году по ЛД.",
        "descr_html_en": null,
        "descr_html_ru": null,
        "url_en": "https://forgottenrealms.fandom.com/wiki/Castle_Spulzeer",
        "url_ru": null,
        "source_name": "TSR FRIA 2e",
        "source_url": "https://www.profantasy.com/fratlas/fratlashome.htm",
        "dnd_editions_str": "2e, 3e, 5e",
        "feature_levels_str": null,
        "extra_str": "topical_tags: [\"castle\", \"fortification\", \"haunted\", \"portal\", \"demiplane\", \"gambling\", \"necromancy\"] | related_cultures_tags: [\"Spellseer family\", \"Spulzeer family\"] | related_factions_tags: [\"Twisted Rune\"] | related_location_tags: [\"Amn\", \"Tethir Road\", \"Riatavin\", \"Purchase Lands\", \"Spulzeer Vale\", \"Tethyr\", \"Iltkazar Range\", \"Kuldin Peaks\"]",
        "location_en": "western Faerûn → Wealdath",
        "name_alt_en_str": "Spellseer Castle",
        "location_ru": "западный Фаэрун → Велдат",
        "name_alt_ru_str": "Замок Чарозорца",
        "geog_extent_centroid_md": "29° 48′ 03″ N 011° 51′ 28″ W",
        "geog_extent_centroid_fria": "29° 48′ 03″ N 065° 20′ 21″ W",
        "geog_extent_area_sq_km": null,
        "geog_extent_area_sq_miles": null,
        "geog_extent_length_km": null,
        "geog_extent_length_miles": null,
        "geog_extent_perimeter_km": null,
        "geog_extent_perimeter_miles": null,
        "geog_extent_bbox_md": null,
        "geog_extent_bbox_fria": null,
        "name_it": "Castello Spulzeer",
        "name_abb_it": null,
        "label_it": "Castello Spulzeer",
        "descr_it": "Il Castello Spulzeer è un castello originariamente costruito per la famiglia Spellseer nell'est di Amn, divenuto in seguito un possedimento di Tethyr. Era noto per ospitare carnevali e successivamente imprese di gioco d'azzardo, prima di essere trasportato nel Semipiano del Terrore nel 1367 DR.",
        "descr_html_it": null,
        "url_it": null,
        "location_it": "Faerûn occidentale → Wealdath",
        "name_alt_it_str": "Castello di Spellseer",
        "topical_tags": "castle, fortification, haunted, portal, demiplane, gambling, necromancy",
        "related_location_tags": "Amn, Tethir Road, Riatavin, Purchase Lands, Spulzeer Vale, Tethyr, Iltkazar Range, Kuldin Peaks",
        "related_cultures_tags": "Spellseer family, Spulzeer family",
        "related_factions_tags": "Twisted Rune"
      },
      "geometry": {
        "type": "MultiPoint",
        "coordinates": [
          [
            -65.33942199313562,
            29.80107582415695
          ]
        ]
      }
    },
    {
      "type": "Feature",
      "properties": {
        "uuid": "7e4e78a1-6e89-47ac-b094-1727837f8bab",
        "layer_id": "srf_civ_important_sites_pt",
        "timeframe": null,
        "feature_class": "Fortification",
        "feature_rank": 5,
        "is_visible": true,
        "is_labeled": true,
        "needs_review": false,
        "review_notes": null,
        "img_url": null,
        "last_edited": "2026-07-13",
        "last_editor": "postgres",
        "name_en": "unnamed",
        "name_ru": null,
        "name_abb_en": null,
        "name_abb_ru": null,
        "label_en": null,
        "label_ru": null,
        "descr_en": null,
        "descr_ru": null,
        "descr_html_en": null,
        "descr_html_ru": null,
        "url_en": null,
        "url_ru": null,
        "source_name": "TSR FRIA 2e",
        "source_url": "https://www.profantasy.com/fratlas/fratlashome.htm",
        "dnd_editions_str": "2e, 3e, 5e",
        "feature_levels_str": null,
        "extra_str": null,
        "location_en": "central Zakhara → Spine of the Dog",
        "name_alt_en_str": null,
        "location_ru": "центральный Захара → Spine of the Dog",
        "name_alt_ru_str": null,
        "geog_extent_centroid_md": "13° 04′ 15″ S 024° 57′ 22″ E",
        "geog_extent_centroid_fria": "13° 04′ 15″ S 028° 31′ 30″ W",
        "geog_extent_area_sq_km": null,
        "geog_extent_area_sq_miles": null,
        "geog_extent_length_km": null,
        "geog_extent_length_miles": null,
        "geog_extent_perimeter_km": null,
        "geog_extent_perimeter_miles": null,
        "geog_extent_bbox_md": null,
        "geog_extent_bbox_fria": null,
        "name_it": null,
        "name_abb_it": null,
        "label_it": null,
        "descr_it": null,
        "descr_html_it": null,
        "url_it": null,
        "location_it": "Zakhara centrale → Spine of the Dog",
        "name_alt_it_str": null,
        "topical_tags": "",
        "related_location_tags": "",
        "related_cultures_tags": "",
        "related_factions_tags": ""
      },
      "geometry": {
        "type": "MultiPoint",
        "coordinates": [
          [
            -28.525179224543,
            -13.071058974616038
          ]
        ]
      }
    },
    {
      "type": "Feature",
      "properties": {
        "uuid": "edb7c323-b0ef-4c60-b042-a7a7acf7c1b4",
        "layer_id": "srf_civ_important_sites_pt",
        "timeframe": null,
        "feature_class": "Other",
        "feature_rank": 5,
        "is_visible": true,
        "is_labeled": true,
        "needs_review": false,
        "review_notes": "exclude from wiki link auto-ageneration",
        "img_url": null,
        "last_edited": "2026-07-13",
        "last_editor": "postgres",
        "name_en": "Grunchik",
        "name_ru": "Грунчик",
        "name_abb_en": null,
        "name_abb_ru": null,
        "label_en": "Grunchik",
        "label_ru": "Грунчик",
        "descr_en": null,
        "descr_ru": null,
        "descr_html_en": null,
        "descr_html_ru": null,
        "url_en": null,
        "url_ru": null,
        "source_name": "TSR FRIA 2e",
        "source_url": "https://www.profantasy.com/fratlas/fratlashome.htm",
        "dnd_editions_str": "2e, 3e, 5e",
        "feature_levels_str": null,
        "extra_str": null,
        "location_en": "western Kara-Tur → Koryaz Mountains",
        "name_alt_en_str": null,
        "location_ru": "западный Кара-Тур → Горы Корьяз",
        "name_alt_ru_str": null,
        "geog_extent_centroid_md": "45° 38′ 32″ N 066° 30′ 59″ E",
        "geog_extent_centroid_fria": "45° 38′ 32″ N 013° 02′ 06″ E",
        "geog_extent_area_sq_km": null,
        "geog_extent_area_sq_miles": null,
        "geog_extent_length_km": null,
        "geog_extent_length_miles": null,
        "geog_extent_perimeter_km": null,
        "geog_extent_perimeter_miles": null,
        "geog_extent_bbox_md": null,
        "geog_extent_bbox_fria": null,
        "name_it": "Grunchik",
        "name_abb_it": null,
        "label_it": "Grunchik",
        "descr_it": null,
        "descr_html_it": null,
        "url_it": null,
        "location_it": "Kara-Tur occidentale → Montagne Koryaz",
        "name_alt_it_str": null,
        "topical_tags": "",
        "related_location_tags": "",
        "related_cultures_tags": "",
        "related_factions_tags": ""
      },
      "geometry": {
        "type": "MultiPoint",
        "coordinates": [
          [
            13.035151616865548,
            45.64242970017862
          ]
        ]
      }
    },
    {
      "type": "Feature",
      "properties": {
        "uuid": "7fbad950-2618-4ae5-a785-6752d306cfc2",
        "layer_id": "srf_civ_important_sites_pt",
        "timeframe": null,
        "feature_class": "Ruins",
        "feature_rank": 5,
        "is_visible": true,
        "is_labeled": true,
        "needs_review": false,
        "review_notes": null,
        "img_url": null,
        "last_edited": "2026-07-14",
        "last_editor": "postgres",
        "name_en": "Sokkar",
        "name_ru": "Соккар",
        "name_abb_en": null,
        "name_abb_ru": null,
        "label_en": "Sokkar",
        "label_ru": "Соккар",
        "descr_en": "A ruined necropolis at the base of the Furrowed Mountains in the northern Weeping Desert, once home to humans and jungle giants. It is surrounded by a magical black storm called Al-Amzija and features three main avenues leading to a central plaza with pyramids and tombs.",
        "descr_ru": "Разрушенный некрополь у подножия Гор Борозд в северной Плачущей Пустыне, некогда населённый людьми и джунглевыми великанами. Окружён магической чёрной бурей, называемой Аль-Амзия, и имеет три главных проспекта, ведущих к центральной площади с пирамидами и гробницами.",
        "descr_html_en": null,
        "descr_html_ru": null,
        "url_en": "https://forgottenrealms.fandom.com/wiki/Sokkar",
        "url_ru": null,
        "source_name": "TSR FRIA 2e",
        "source_url": "https://www.profantasy.com/fratlas/fratlashome.htm",
        "dnd_editions_str": "2e, 3e, 5e",
        "feature_levels_str": null,
        "extra_str": "topical_tags: [\"necropolis\", \"ruins\", \"desert\", \"pyramids\", \"undead\", \"storm\", \"tombs\", \"giants\", \"curse\"] | related_cultures_tags: [\"jungle giants\", \"humans\", \"Sokkarans\"] | related_factions_tags: [\"the Undying\"] | related_location_tags: [\"Weeping Desert\", \"Burning Lands\", \"Haunted Lands\", \"Furrowed Mountains\", \"Zakhara\", \"Plaza of Eternity\", \"Great Temple of the Undying\", \"Great Pyramid of Borsippa\"]",
        "location_en": "northern Zakhara → Weeping Desert",
        "name_alt_en_str": "The City of Eternity",
        "location_ru": "северный Захара → Плачущая Пустыня",
        "name_alt_ru_str": "Город Вечности",
        "geog_extent_centroid_md": "03° 45′ 00″ S 029° 33′ 13″ E",
        "geog_extent_centroid_fria": "03° 45′ 00″ S 023° 55′ 39″ W",
        "geog_extent_area_sq_km": null,
        "geog_extent_area_sq_miles": null,
        "geog_extent_length_km": null,
        "geog_extent_length_miles": null,
        "geog_extent_perimeter_km": null,
        "geog_extent_perimeter_miles": null,
        "geog_extent_bbox_md": null,
        "geog_extent_bbox_fria": null,
        "name_it": "Sokkar",
        "name_abb_it": null,
        "label_it": "Sokkar",
        "descr_it": "Una necropoli in rovina alla base dei Monti Solcati nel Deserto Piangente settentrionale, un tempo abitata da umani e giganti della giungla. È circondata da una tempesta nera magica chiamata Al-Amzija e presenta tre viali principali che conducono a una piazza centrale con piramidi e tombe.",
        "descr_html_it": null,
        "url_it": null,
        "location_it": "Zakhara settentrionale → Deserto Piangente",
        "name_alt_it_str": "La Città dell'Eternità",
        "topical_tags": "necropolis, ruins, desert, pyramids, undead, storm, tombs, giants, curse",
        "related_location_tags": "Weeping Desert, Burning Lands, Haunted Lands, Furrowed Mountains, Zakhara, Plaza of Eternity, Great Temple of the Undying, Great Pyramid of Borsippa",
        "related_cultures_tags": "jungle giants, humans, Sokkarans",
        "related_factions_tags": "the Undying"
      },
      "geometry": {
        "type": "MultiPoint",
        "coordinates": [
          [
            -23.92767860342136,
            -3.750212137282364
          ]
        ]
      }
    },
    {
      "type": "Feature",
      "properties": {
        "uuid": "8031c559-9eaa-49df-b2dd-1d73319ce066",
        "layer_id": "srf_civ_important_sites_pt",
        "timeframe": null,
        "feature_class": "Fortification",
        "feature_rank": 5,
        "is_visible": true,
        "is_labeled": true,
        "needs_review": false,
        "review_notes": "exclude from wiki link auto-ageneration",
        "img_url": null,
        "last_edited": "2026-07-13",
        "last_editor": "postgres",
        "name_en": "Nodo'ung Garrison",
        "name_ru": "Гарнизон Нодо'унг",
        "name_abb_en": null,
        "name_abb_ru": null,
        "label_en": "Nodo'ung Garrison",
        "label_ru": "Гарнизон Нодо'унг",
        "descr_en": null,
        "descr_ru": null,
        "descr_html_en": null,
        "descr_html_ru": null,
        "url_en": null,
        "url_ru": null,
        "source_name": "TSR FRIA 2e",
        "source_url": "https://www.profantasy.com/fratlas/fratlashome.htm",
        "dnd_editions_str": "2e, 3e, 5e",
        "feature_levels_str": null,
        "extra_str": null,
        "location_en": "southern Kara-Tur → Malatra",
        "name_alt_en_str": null,
        "location_ru": "южный Кара-Тур → Малатра",
        "name_alt_ru_str": null,
        "geog_extent_centroid_md": "06° 23′ 04″ N 083° 34′ 58″ E",
        "geog_extent_centroid_fria": "06° 23′ 04″ N 030° 06′ 04″ E",
        "geog_extent_area_sq_km": null,
        "geog_extent_area_sq_miles": null,
        "geog_extent_length_km": null,
        "geog_extent_length_miles": null,
        "geog_extent_perimeter_km": null,
        "geog_extent_perimeter_miles": null,
        "geog_extent_bbox_md": null,
        "geog_extent_bbox_fria": null,
        "name_it": "Guarnigione di Nodo'ung",
        "name_abb_it": null,
        "label_it": "Guarnigione di Nodo'ung",
        "descr_it": null,
        "descr_html_it": null,
        "url_it": null,
        "location_it": "Kara-Tur meridionale → Malatra",
        "name_alt_it_str": null,
        "topical_tags": "",
        "related_location_tags": "",
        "related_cultures_tags": "",
        "related_factions_tags": ""
      },
      "geometry": {
        "type": "MultiPoint",
        "coordinates": [
          [
            30.101353167560003,
            6.3845159734723
          ]
        ]
      }
    },
    {
      "type": "Feature",
      "properties": {
        "uuid": "80b32ffb-23bc-4a03-bb59-5f3c62db2e30",
        "layer_id": "srf_civ_important_sites_pt",
        "timeframe": null,
        "feature_class": "Mine",
        "feature_rank": 5,
        "is_visible": true,
        "is_labeled": true,
        "needs_review": false,
        "review_notes": "exclude from wiki link auto-ageneration",
        "img_url": null,
        "last_edited": "2026-07-13",
        "last_editor": "postgres",
        "name_en": "Wai Mines",
        "name_ru": "Рудники Вай",
        "name_abb_en": null,
        "name_abb_ru": null,
        "label_en": "Wai Mines",
        "label_ru": "Рудники Вай",
        "descr_en": null,
        "descr_ru": null,
        "descr_html_en": null,
        "descr_html_ru": null,
        "url_en": null,
        "url_ru": null,
        "source_name": "TSR FRIA 2e",
        "source_url": "https://www.profantasy.com/fratlas/fratlashome.htm",
        "dnd_editions_str": "2e, 3e, 5e",
        "feature_levels_str": null,
        "extra_str": null,
        "location_en": "southern Kara-Tur → T'u Lung",
        "name_alt_en_str": null,
        "location_ru": "южный Кара-Тур → Ту Лунг",
        "name_alt_ru_str": null,
        "geog_extent_centroid_md": "09° 44′ 32″ N 078° 46′ 07″ E",
        "geog_extent_centroid_fria": "09° 44′ 32″ N 025° 17′ 13″ E",
        "geog_extent_area_sq_km": null,
        "geog_extent_area_sq_miles": null,
        "geog_extent_length_km": null,
        "geog_extent_length_miles": null,
        "geog_extent_perimeter_km": null,
        "geog_extent_perimeter_miles": null,
        "geog_extent_bbox_md": null,
        "geog_extent_bbox_fria": null,
        "name_it": "Miniere di Wai",
        "name_abb_it": null,
        "label_it": "Miniere di Wai",
        "descr_it": null,
        "descr_html_it": null,
        "url_it": null,
        "location_it": "Kara-Tur meridionale → T'u Lung",
        "name_alt_it_str": null,
        "topical_tags": "",
        "related_location_tags": "",
        "related_cultures_tags": "",
        "related_factions_tags": ""
      },
      "geometry": {
        "type": "MultiPoint",
        "coordinates": [
          [
            25.28718866694972,
            9.742325655093238
          ]
        ]
      }
    },
    {
      "type": "Feature",
      "properties": {
        "uuid": "80ee7840-0b96-413b-b50c-6538b5ebb964",
        "layer_id": "srf_civ_important_sites_pt",
        "timeframe": null,
        "feature_class": "Tomb",
        "feature_rank": 5,
        "is_visible": true,
        "is_labeled": true,
        "needs_review": false,
        "review_notes": null,
        "img_url": null,
        "last_edited": "2026-07-14",
        "last_editor": "postgres",
        "name_en": "Zanda Tholing",
        "name_ru": "Занда Толинг",
        "name_abb_en": null,
        "name_abb_ru": null,
        "label_en": "Zanda Tholing",
        "label_ru": "Занда Толинг",
        "descr_en": "A ritual site on the Katakoro Plateau, sacred to Khazari royalty and dedicated to the Enlightened One. It features an exposure ground where royal bodies decay, surrounded by commemorative markers forming a forest of steel. A small monastery houses the priests who tend the site.",
        "descr_ru": "Ритуальное место на плато Катакора, священное для хазарской знати и посвящённое Просветлённому. Имеет площадку для выставления, где разлагаются королевские тела, окружённую памятными знаками, образующими стальной лес. Небольшой монастырь содержит жрецов, ухаживающих за этим местом.",
        "descr_html_en": null,
        "descr_html_ru": null,
        "url_en": "https://forgottenrealms.fandom.com/wiki/Zanda_Tholing",
        "url_ru": null,
        "source_name": "TSR FRIA 2e",
        "source_url": "https://www.profantasy.com/fratlas/fratlashome.htm",
        "dnd_editions_str": "2e, 3e, 5e",
        "feature_levels_str": null,
        "extra_str": "topical_tags: [\"ritual site\", \"pilgrimage site\", \"exposure ground\", \"royal burial\", \"monastery\", \"holy site\"] | related_cultures_tags: [\"Khazari\"] | related_factions_tags: [\"priests of the Zanda\"] | related_location_tags: [\"Katakoro Plateau\", \"Hordelands\", \"Khazari\"]",
        "location_en": "western Kara-Tur → Bandit Wastes",
        "name_alt_en_str": "Place of Kings, Resting Place of Kings",
        "location_ru": "западный Кара-Тур → Пустоши Бандитов",
        "name_alt_ru_str": "Место Королей, Место Упокоения Королей",
        "geog_extent_centroid_md": "23° 42′ 07″ N 040° 49′ 02″ E",
        "geog_extent_centroid_fria": "23° 42′ 07″ N 012° 39′ 51″ W",
        "geog_extent_area_sq_km": null,
        "geog_extent_area_sq_miles": null,
        "geog_extent_length_km": null,
        "geog_extent_length_miles": null,
        "geog_extent_perimeter_km": null,
        "geog_extent_perimeter_miles": null,
        "geog_extent_bbox_md": null,
        "geog_extent_bbox_fria": null,
        "name_it": "Zanda Tholing",
        "name_abb_it": null,
        "label_it": "Zanda Tholing",
        "descr_it": "Un sito rituale sull'Altopiano di Katakoro, sacro alla regalità di Khazari e dedicato all'Illuminato. Presenta un terreno di esposizione dove i corpi reali si decompongono, circondato da marcatori commemorativi che formano una foresta d'acciaio. Un piccolo monastero ospita i sacerdoti che si prendono cura del sito.",
        "descr_html_it": null,
        "url_it": null,
        "location_it": "Kara-Tur occidentale → Deserti dei Banditi",
        "name_alt_it_str": "Luogo dei Re, Luogo di Riposo dei Re",
        "topical_tags": "ritual site, pilgrimage site, exposure ground, royal burial, monastery, holy site",
        "related_location_tags": "Katakoro Plateau, Hordelands, Khazari",
        "related_cultures_tags": "Khazari",
        "related_factions_tags": "priests of the Zanda"
      },
      "geometry": {
        "type": "MultiPoint",
        "coordinates": [
          [
            -12.66425049622968,
            23.70210193770092
          ]
        ]
      }
    },
    {
      "type": "Feature",
      "properties": {
        "uuid": "816719d0-7cad-4c95-8f89-439c2bf8465e",
        "layer_id": "srf_civ_important_sites_pt",
        "timeframe": null,
        "feature_class": "Water Source",
        "feature_rank": 5,
        "is_visible": true,
        "is_labeled": true,
        "needs_review": false,
        "review_notes": null,
        "img_url": null,
        "last_edited": "2026-07-14",
        "last_editor": "postgres",
        "name_en": "Jade Gate Spring",
        "name_ru": "Источник Нефритовых Врат",
        "name_abb_en": null,
        "name_abb_ru": null,
        "label_en": "Jade Gate Spring",
        "label_ru": "Источник Нефритовых Врат",
        "descr_en": "A fortified town situated along the Dragonwall, serving as a gateway to oases in the Hordelands. It was a former caravan hub that declined in activity, and was governed by a corrupt magistrate who raised a mercenary force.",
        "descr_ru": "Укреплённый город, расположенный вдоль Драконьей Стены, служащий воротами к оазисам в Землях Орды. Бывший караванный центр, чья активность снизилась, управлялся коррумпированным магистратом, нанявшим наёмную армию.",
        "descr_html_en": null,
        "descr_html_ru": null,
        "url_en": "https://forgottenrealms.fandom.com/wiki/Jade_Gate_Spring",
        "url_ru": null,
        "source_name": "TSR FRIA 2e",
        "source_url": "https://www.profantasy.com/fratlas/fratlashome.htm",
        "dnd_editions_str": "2e, 3e, 5e",
        "feature_levels_str": null,
        "extra_str": "topical_tags: [\"town\", \"fortification\", \"caravan\", \"gateway\", \"frontier\"] | related_cultures_tags: [\"Shou\", \"barbarians\", \"korobokuru\"] | related_factions_tags: [\"mercenary army\"] | related_location_tags: [\"Dragonwall\", \"Hordelands\", \"Kara-Tur\", \"Horseshoe Temple Oasis\", \"Merket Oasis\"]",
        "location_en": "western Kara-Tur → Mai Yuan Province",
        "name_alt_en_str": null,
        "location_ru": "западный Кара-Тур → Провинция Май Юань",
        "name_alt_ru_str": null,
        "geog_extent_centroid_md": "33° 28′ 38″ N 049° 21′ 54″ E",
        "geog_extent_centroid_fria": "33° 28′ 38″ N 004° 06′ 59″ W",
        "geog_extent_area_sq_km": null,
        "geog_extent_area_sq_miles": null,
        "geog_extent_length_km": null,
        "geog_extent_length_miles": null,
        "geog_extent_perimeter_km": null,
        "geog_extent_perimeter_miles": null,
        "geog_extent_bbox_md": null,
        "geog_extent_bbox_fria": null,
        "name_it": "Sorgente della Porta di Giada",
        "name_abb_it": null,
        "label_it": "Sorgente della Porta di Giada",
        "descr_it": "La Sorgente della Porta di Giada è una città fortificata situata lungo il Muro del Drago, che funge da porta per le oasi nelle Terre dell'Orda. Era un ex snodo di carovane la cui attività declinò, ed era governata da un magistrato corrotto che arruolò una forza mercenaria.",
        "descr_html_it": null,
        "url_it": null,
        "location_it": "Kara-Tur occidentale → Provincia di Mai Yuan",
        "name_alt_it_str": null,
        "topical_tags": "town, fortification, caravan, gateway, frontier",
        "related_location_tags": "Dragonwall, Hordelands, Kara-Tur, Horseshoe Temple Oasis, Merket Oasis",
        "related_cultures_tags": "Shou, barbarians, korobokuru",
        "related_factions_tags": "mercenary army"
      },
      "geometry": {
        "type": "MultiPoint",
        "coordinates": [
          [
            -4.116493673569488,
            33.47727397789437
          ]
        ]
      }
    },
    {
      "type": "Feature",
      "properties": {
        "uuid": "819127d3-645d-4608-ae87-78b6b3e08808",
        "layer_id": "srf_civ_important_sites_pt",
        "timeframe": null,
        "feature_class": "Fortification",
        "feature_rank": 5,
        "is_visible": true,
        "is_labeled": true,
        "needs_review": false,
        "review_notes": null,
        "img_url": null,
        "last_edited": "2026-07-13",
        "last_editor": "postgres",
        "name_en": "unnamed",
        "name_ru": null,
        "name_abb_en": null,
        "name_abb_ru": null,
        "label_en": null,
        "label_ru": null,
        "descr_en": null,
        "descr_ru": null,
        "descr_html_en": null,
        "descr_html_ru": null,
        "url_en": null,
        "url_ru": null,
        "source_name": "TSR FRIA 2e",
        "source_url": "https://www.profantasy.com/fratlas/fratlashome.htm",
        "dnd_editions_str": "2e, 3e, 5e",
        "feature_levels_str": null,
        "extra_str": null,
        "location_en": "south-western Zakhara → High Desert",
        "name_alt_en_str": null,
        "location_ru": "юго-западный Захара → Высокая Пустыня",
        "name_alt_ru_str": null,
        "geog_extent_centroid_md": "15° 17′ 50″ S 020° 31′ 48″ E",
        "geog_extent_centroid_fria": "15° 17′ 50″ S 032° 57′ 04″ W",
        "geog_extent_area_sq_km": null,
        "geog_extent_area_sq_miles": null,
        "geog_extent_length_km": null,
        "geog_extent_length_miles": null,
        "geog_extent_perimeter_km": null,
        "geog_extent_perimeter_miles": null,
        "geog_extent_bbox_md": null,
        "geog_extent_bbox_fria": null,
        "name_it": null,
        "name_abb_it": null,
        "label_it": null,
        "descr_it": null,
        "descr_html_it": null,
        "url_it": null,
        "location_it": "Zakhara sud-occidentale → Alto Deserto",
        "name_alt_it_str": null,
        "topical_tags": "",
        "related_location_tags": "",
        "related_cultures_tags": "",
        "related_factions_tags": ""
      },
      "geometry": {
        "type": "MultiPoint",
        "coordinates": [
          [
            -32.95128006647668,
            -15.297432228097977
          ]
        ]
      }
    },
    {
      "type": "Feature",
      "properties": {
        "uuid": "83117b6f-b856-4632-b891-3feab5015274",
        "layer_id": "srf_civ_important_sites_pt",
        "timeframe": null,
        "feature_class": "Ruins",
        "feature_rank": 5,
        "is_visible": true,
        "is_labeled": true,
        "needs_review": false,
        "review_notes": null,
        "img_url": null,
        "last_edited": "2026-07-13",
        "last_editor": "postgres",
        "name_en": "unnamed",
        "name_ru": null,
        "name_abb_en": null,
        "name_abb_ru": null,
        "label_en": null,
        "label_ru": null,
        "descr_en": null,
        "descr_ru": null,
        "descr_html_en": null,
        "descr_html_ru": null,
        "url_en": null,
        "url_ru": null,
        "source_name": "TSR FRIA 2e",
        "source_url": "https://www.profantasy.com/fratlas/fratlashome.htm",
        "dnd_editions_str": "2e, 3e, 5e",
        "feature_levels_str": null,
        "extra_str": null,
        "location_en": "southern Zakhara → unnamed",
        "name_alt_en_str": null,
        "location_ru": "южный Захара → unnamed",
        "name_alt_ru_str": null,
        "geog_extent_centroid_md": "17° 16′ 49″ S 032° 33′ 29″ E",
        "geog_extent_centroid_fria": "17° 16′ 49″ S 020° 55′ 23″ W",
        "geog_extent_area_sq_km": null,
        "geog_extent_area_sq_miles": null,
        "geog_extent_length_km": null,
        "geog_extent_length_miles": null,
        "geog_extent_perimeter_km": null,
        "geog_extent_perimeter_miles": null,
        "geog_extent_bbox_md": null,
        "geog_extent_bbox_fria": null,
        "name_it": null,
        "name_abb_it": null,
        "label_it": null,
        "descr_it": null,
        "descr_html_it": null,
        "url_it": null,
        "location_it": "Zakhara meridionale → unnamed",
        "name_alt_it_str": null,
        "topical_tags": "",
        "related_location_tags": "",
        "related_cultures_tags": "",
        "related_factions_tags": ""
      },
      "geometry": {
        "type": "MultiPoint",
        "coordinates": [
          [
            -20.923290171668313,
            -17.28053186102196
          ]
        ]
      }
    },
    {
      "type": "Feature",
      "properties": {
        "uuid": "833cda30-cd70-4930-ac92-73b2b3480a52",
        "layer_id": "srf_civ_important_sites_pt",
        "timeframe": null,
        "feature_class": "Unclassified",
        "feature_rank": 5,
        "is_visible": true,
        "is_labeled": true,
        "needs_review": false,
        "review_notes": null,
        "img_url": null,
        "last_edited": "2026-07-13",
        "last_editor": "postgres",
        "name_en": "unnamed",
        "name_ru": null,
        "name_abb_en": null,
        "name_abb_ru": null,
        "label_en": null,
        "label_ru": null,
        "descr_en": null,
        "descr_ru": null,
        "descr_html_en": null,
        "descr_html_ru": null,
        "url_en": null,
        "url_ru": null,
        "source_name": "TSR FRIA 2e",
        "source_url": "https://www.profantasy.com/fratlas/fratlashome.htm",
        "dnd_editions_str": "2e, 3e, 5e",
        "feature_levels_str": null,
        "extra_str": null,
        "location_en": "southern Zakhara → unnamed",
        "name_alt_en_str": null,
        "location_ru": "южный Захара → unnamed",
        "name_alt_ru_str": null,
        "geog_extent_centroid_md": "17° 38′ 36″ S 029° 48′ 30″ E",
        "geog_extent_centroid_fria": "17° 38′ 36″ S 023° 40′ 23″ W",
        "geog_extent_area_sq_km": null,
        "geog_extent_area_sq_miles": null,
        "geog_extent_length_km": null,
        "geog_extent_length_miles": null,
        "geog_extent_perimeter_km": null,
        "geog_extent_perimeter_miles": null,
        "geog_extent_bbox_md": null,
        "geog_extent_bbox_fria": null,
        "name_it": null,
        "name_abb_it": null,
        "label_it": null,
        "descr_it": null,
        "descr_html_it": null,
        "url_it": null,
        "location_it": "Zakhara meridionale → unnamed",
        "name_alt_it_str": null,
        "topical_tags": "",
        "related_location_tags": "",
        "related_cultures_tags": "",
        "related_factions_tags": ""
      },
      "geometry": {
        "type": "MultiPoint",
        "coordinates": [
          [
            -23.673135623762143,
            -17.643545073719398
          ]
        ]
      }
    },
    {
      "type": "Feature",
      "properties": {
        "uuid": "840ce1ad-0572-44d6-bf69-16e206c2560a",
        "layer_id": "srf_civ_important_sites_pt",
        "timeframe": null,
        "feature_class": "Ruins",
        "feature_rank": 5,
        "is_visible": true,
        "is_labeled": true,
        "needs_review": false,
        "review_notes": null,
        "img_url": null,
        "last_edited": "2026-07-14",
        "last_editor": "postgres",
        "name_en": "Balanzia",
        "name_ru": "Баланзия",
        "name_abb_en": null,
        "name_abb_ru": null,
        "label_en": "Balanzia",
        "label_ru": "Баланзия",
        "descr_en": "A former major city in T'u Lung, Kara-Tur, located on Zastrasai Bay and the Straits of Va'shung. It was founded in 422 DR and abandoned after a Shou Lung invasion in 1153 DR.",
        "descr_ru": "Бывший крупный город в Ту-Лунге, Кара-Тур, расположенный на заливе Застрасай и проливе Ва-Шунг. Основан в 422 году по ЛД и покинут после вторжения Шоу-Лунга в 1153 году по ЛД.",
        "descr_html_en": null,
        "descr_html_ru": null,
        "url_en": "https://forgottenrealms.fandom.com/wiki/Balanzia",
        "url_ru": null,
        "source_name": "TSR FRIA 2e",
        "source_url": "https://www.profantasy.com/fratlas/fratlashome.htm",
        "dnd_editions_str": "2e, 3e, 5e",
        "feature_levels_str": null,
        "extra_str": "topical_tags: [\"dead_city\", \"ruined_settlement\", \"port_city\", \"sea_wall\", \"towers\"] | related_cultures_tags: [\"Shou\"] | related_location_tags: [\"T'u Lung\", \"Kara-Tur\", \"Zastrasai Bay\", \"Straits of Va'shung\", \"Shou Lung\"]",
        "location_en": "central Kara-Tur → T'u Lung",
        "name_alt_en_str": null,
        "location_ru": "центральный Кара-Тур → Ту Лунг",
        "name_alt_ru_str": null,
        "geog_extent_centroid_md": "15° 41′ 36″ N 080° 29′ 39″ E",
        "geog_extent_centroid_fria": "15° 41′ 36″ N 027° 00′ 46″ E",
        "geog_extent_area_sq_km": null,
        "geog_extent_area_sq_miles": null,
        "geog_extent_length_km": null,
        "geog_extent_length_miles": null,
        "geog_extent_perimeter_km": null,
        "geog_extent_perimeter_miles": null,
        "geog_extent_bbox_md": null,
        "geog_extent_bbox_fria": null,
        "name_it": "Balanzia",
        "name_abb_it": null,
        "label_it": "Balanzia",
        "descr_it": "Balanzia è un'ex grande città in T'u Lung, Kara-Tur, situata sulla Baia di Zastrasai e sullo Stretto di Va'shung. Fu fondata nel 422 DR e abbandonata dopo un'invasione di Shou Lung nel 1153 DR.",
        "descr_html_it": null,
        "url_it": null,
        "location_it": "Kara-Tur centrale → T'u Lung",
        "name_alt_it_str": null,
        "topical_tags": "dead_city, ruined_settlement, port_city, sea_wall, towers",
        "related_location_tags": "T'u Lung, Kara-Tur, Zastrasai Bay, Straits of Va'shung, Shou Lung",
        "related_cultures_tags": "Shou",
        "related_factions_tags": ""
      },
      "geometry": {
        "type": "MultiPoint",
        "coordinates": [
          [
            27.012891158195927,
            15.69357472663388
          ]
        ]
      }
    },
    {
      "type": "Feature",
      "properties": {
        "uuid": "845252e9-2902-4c5b-8945-355d29ca6723",
        "layer_id": "srf_civ_important_sites_pt",
        "timeframe": null,
        "feature_class": "Unclassified",
        "feature_rank": 5,
        "is_visible": true,
        "is_labeled": true,
        "needs_review": false,
        "review_notes": null,
        "img_url": null,
        "last_edited": "2026-07-13",
        "last_editor": "postgres",
        "name_en": "unnamed",
        "name_ru": null,
        "name_abb_en": null,
        "name_abb_ru": null,
        "label_en": null,
        "label_ru": null,
        "descr_en": null,
        "descr_ru": null,
        "descr_html_en": null,
        "descr_html_ru": null,
        "url_en": null,
        "url_ru": null,
        "source_name": "TSR FRIA 2e",
        "source_url": "https://www.profantasy.com/fratlas/fratlashome.htm",
        "dnd_editions_str": "2e, 3e, 5e",
        "feature_levels_str": null,
        "extra_str": null,
        "location_en": "western Kara-Tur → Hungste Province",
        "name_alt_en_str": null,
        "location_ru": "западный Кара-Тур → Провинция Хунгсте",
        "name_alt_ru_str": null,
        "geog_extent_centroid_md": "21° 52′ 40″ N 067° 57′ 52″ E",
        "geog_extent_centroid_fria": "21° 52′ 40″ N 014° 28′ 59″ E",
        "geog_extent_area_sq_km": null,
        "geog_extent_area_sq_miles": null,
        "geog_extent_length_km": null,
        "geog_extent_length_miles": null,
        "geog_extent_perimeter_km": null,
        "geog_extent_perimeter_miles": null,
        "geog_extent_bbox_md": null,
        "geog_extent_bbox_fria": null,
        "name_it": null,
        "name_abb_it": null,
        "label_it": null,
        "descr_it": null,
        "descr_html_it": null,
        "url_it": null,
        "location_it": "Kara-Tur occidentale → Provincia di Hungste",
        "name_alt_it_str": null,
        "topical_tags": "",
        "related_location_tags": "",
        "related_cultures_tags": "",
        "related_factions_tags": ""
      },
      "geometry": {
        "type": "MultiPoint",
        "coordinates": [
          [
            14.483193188241518,
            21.877865452087132
          ]
        ]
      }
    },
    {
      "type": "Feature",
      "properties": {
        "uuid": "846d16ed-21c4-4e5b-87df-dd87717e9e9f",
        "layer_id": "srf_civ_important_sites_pt",
        "timeframe": null,
        "feature_class": "Fortification",
        "feature_rank": 5,
        "is_visible": true,
        "is_labeled": true,
        "needs_review": false,
        "review_notes": null,
        "img_url": null,
        "last_edited": "2026-07-13",
        "last_editor": "postgres",
        "name_en": "unnamed",
        "name_ru": null,
        "name_abb_en": null,
        "name_abb_ru": null,
        "label_en": null,
        "label_ru": null,
        "descr_en": null,
        "descr_ru": null,
        "descr_html_en": null,
        "descr_html_ru": null,
        "url_en": null,
        "url_ru": null,
        "source_name": "TSR FRIA 2e",
        "source_url": "https://www.profantasy.com/fratlas/fratlashome.htm",
        "dnd_editions_str": "2e, 3e, 5e",
        "feature_levels_str": null,
        "extra_str": null,
        "location_en": "southern Zakhara → Mountains of Creation",
        "name_alt_en_str": null,
        "location_ru": "южный Захара → Горы Созидания",
        "name_alt_ru_str": null,
        "geog_extent_centroid_md": "13° 55′ 00″ S 028° 09′ 36″ E",
        "geog_extent_centroid_fria": "13° 55′ 00″ S 025° 19′ 16″ W",
        "geog_extent_area_sq_km": null,
        "geog_extent_area_sq_miles": null,
        "geog_extent_length_km": null,
        "geog_extent_length_miles": null,
        "geog_extent_perimeter_km": null,
        "geog_extent_perimeter_miles": null,
        "geog_extent_bbox_md": null,
        "geog_extent_bbox_fria": null,
        "name_it": null,
        "name_abb_it": null,
        "label_it": null,
        "descr_it": null,
        "descr_html_it": null,
        "url_it": null,
        "location_it": "Zakhara meridionale → Montagne della Creazione",
        "name_alt_it_str": null,
        "topical_tags": "",
        "related_location_tags": "",
        "related_cultures_tags": "",
        "related_factions_tags": ""
      },
      "geometry": {
        "type": "MultiPoint",
        "coordinates": [
          [
            -25.32134890799686,
            -13.91681016088577
          ]
        ]
      }
    },
    {
      "type": "Feature",
      "properties": {
        "uuid": "84ebeeb9-6a66-432f-b2c4-f5e74f6dba19",
        "layer_id": "srf_civ_important_sites_pt",
        "timeframe": null,
        "feature_class": "Other",
        "feature_rank": 5,
        "is_visible": true,
        "is_labeled": true,
        "needs_review": false,
        "review_notes": "exclude from wiki link auto-ageneration",
        "img_url": null,
        "last_edited": "2026-07-13",
        "last_editor": "postgres",
        "name_en": "Siremund's Stand",
        "name_ru": "Стоянка Сиремунда",
        "name_abb_en": null,
        "name_abb_ru": null,
        "label_en": "Siremund's Stand",
        "label_ru": "Стоянка Сиремунда",
        "descr_en": null,
        "descr_ru": null,
        "descr_html_en": null,
        "descr_html_ru": null,
        "url_en": null,
        "url_ru": null,
        "source_name": "TSR FRIA 2e",
        "source_url": "https://www.profantasy.com/fratlas/fratlashome.htm",
        "dnd_editions_str": "2e, 3e, 5e",
        "feature_levels_str": null,
        "extra_str": null,
        "location_en": "eastern Faerûn → Firepeaks",
        "name_alt_en_str": null,
        "location_ru": "восточный Фаэрун → Огненные Вершины",
        "name_alt_ru_str": null,
        "geog_extent_centroid_md": "35° 39′ 57″ N 030° 18′ 54″ E",
        "geog_extent_centroid_fria": "35° 39′ 57″ N 023° 09′ 59″ W",
        "geog_extent_area_sq_km": null,
        "geog_extent_area_sq_miles": null,
        "geog_extent_length_km": null,
        "geog_extent_length_miles": null,
        "geog_extent_perimeter_km": null,
        "geog_extent_perimeter_miles": null,
        "geog_extent_bbox_md": null,
        "geog_extent_bbox_fria": null,
        "name_it": "Baluardo di Siremund",
        "name_abb_it": null,
        "label_it": "Baluardo di Siremund",
        "descr_it": null,
        "descr_html_it": null,
        "url_it": null,
        "location_it": "Faerûn orientale → Picchi di Fuoco",
        "name_alt_it_str": null,
        "topical_tags": "",
        "related_location_tags": "",
        "related_cultures_tags": "",
        "related_factions_tags": ""
      },
      "geometry": {
        "type": "MultiPoint",
        "coordinates": [
          [
            -23.16649694362526,
            35.66592804166489
          ]
        ]
      }
    },
    {
      "type": "Feature",
      "properties": {
        "uuid": "85400a45-b8be-4b7e-8ae1-a34494aa1422",
        "layer_id": "srf_civ_important_sites_pt",
        "timeframe": null,
        "feature_class": "Ruins",
        "feature_rank": 5,
        "is_visible": true,
        "is_labeled": true,
        "needs_review": false,
        "review_notes": "exclude from wiki link auto-ageneration",
        "img_url": null,
        "last_edited": "2026-07-13",
        "last_editor": "postgres",
        "name_en": "Elven Watchtower",
        "name_ru": "Эльфийская Сторожевая Башня",
        "name_abb_en": null,
        "name_abb_ru": null,
        "label_en": "Elven Watchtower",
        "label_ru": "Эльфийская Сторожевая Башня",
        "descr_en": null,
        "descr_ru": null,
        "descr_html_en": null,
        "descr_html_ru": null,
        "url_en": null,
        "url_ru": null,
        "source_name": "TSR FRIA 2e",
        "source_url": "https://www.profantasy.com/fratlas/fratlashome.htm",
        "dnd_editions_str": "2e, 3e, 5e",
        "feature_levels_str": null,
        "extra_str": null,
        "location_en": "central Faerûn → Dalelands",
        "name_alt_en_str": null,
        "location_ru": "центральный Фаэрун → Долины",
        "name_alt_ru_str": null,
        "geog_extent_centroid_md": "42° 34′ 25″ N 000° 48′ 34″ E",
        "geog_extent_centroid_fria": "42° 34′ 25″ N 052° 40′ 18″ W",
        "geog_extent_area_sq_km": null,
        "geog_extent_area_sq_miles": null,
        "geog_extent_length_km": null,
        "geog_extent_length_miles": null,
        "geog_extent_perimeter_km": null,
        "geog_extent_perimeter_miles": null,
        "geog_extent_bbox_md": null,
        "geog_extent_bbox_fria": null,
        "name_it": "Torre di Vedetta Elfica",
        "name_abb_it": null,
        "label_it": "Torre di Vedetta Elfica",
        "descr_it": null,
        "descr_html_it": null,
        "url_it": null,
        "location_it": "Faerûn centrale → Valli",
        "name_alt_it_str": null,
        "topical_tags": "",
        "related_location_tags": "",
        "related_cultures_tags": "",
        "related_factions_tags": ""
      },
      "geometry": {
        "type": "MultiPoint",
        "coordinates": [
          [
            -52.67179340758465,
            42.573865789214686
          ]
        ]
      }
    },
    {
      "type": "Feature",
      "properties": {
        "uuid": "89118f84-5765-44b0-9e18-59138a130d9f",
        "layer_id": "srf_civ_important_sites_pt",
        "timeframe": null,
        "feature_class": "Fortification",
        "feature_rank": 5,
        "is_visible": true,
        "is_labeled": true,
        "needs_review": false,
        "review_notes": null,
        "img_url": null,
        "last_edited": "2026-07-13",
        "last_editor": "postgres",
        "name_en": "unnamed",
        "name_ru": null,
        "name_abb_en": null,
        "name_abb_ru": null,
        "label_en": null,
        "label_ru": null,
        "descr_en": null,
        "descr_ru": null,
        "descr_html_en": null,
        "descr_html_ru": null,
        "url_en": null,
        "url_ru": null,
        "source_name": "TSR FRIA 2e",
        "source_url": "https://www.profantasy.com/fratlas/fratlashome.htm",
        "dnd_editions_str": "2e, 3e, 5e",
        "feature_levels_str": null,
        "extra_str": null,
        "location_en": "central Crowded Sea",
        "name_alt_en_str": null,
        "location_ru": "центральный Тесное море",
        "name_alt_ru_str": null,
        "geog_extent_centroid_md": "24° 44′ 59″ S 025° 55′ 47″ E",
        "geog_extent_centroid_fria": "24° 44′ 59″ S 027° 33′ 06″ W",
        "geog_extent_area_sq_km": null,
        "geog_extent_area_sq_miles": null,
        "geog_extent_length_km": null,
        "geog_extent_length_miles": null,
        "geog_extent_perimeter_km": null,
        "geog_extent_perimeter_miles": null,
        "geog_extent_bbox_md": null,
        "geog_extent_bbox_fria": null,
        "name_it": null,
        "name_abb_it": null,
        "label_it": null,
        "descr_it": null,
        "descr_html_it": null,
        "url_it": null,
        "location_it": "Mare Affollato centrale",
        "name_alt_it_str": null,
        "topical_tags": "",
        "related_location_tags": "",
        "related_cultures_tags": "",
        "related_factions_tags": ""
      },
      "geometry": {
        "type": "MultiPoint",
        "coordinates": [
          [
            -27.551742225702625,
            -24.749916121701297
          ]
        ]
      }
    },
    {
      "type": "Feature",
      "properties": {
        "uuid": "8a1c7b0f-3478-4a1f-868b-8c7c84aaab60",
        "layer_id": "srf_civ_important_sites_pt",
        "timeframe": null,
        "feature_class": "Unclassified",
        "feature_rank": 5,
        "is_visible": true,
        "is_labeled": true,
        "needs_review": false,
        "review_notes": null,
        "img_url": null,
        "last_edited": "2026-07-13",
        "last_editor": "postgres",
        "name_en": "unnamed",
        "name_ru": null,
        "name_abb_en": null,
        "name_abb_ru": null,
        "label_en": null,
        "label_ru": null,
        "descr_en": null,
        "descr_ru": null,
        "descr_html_en": null,
        "descr_html_ru": null,
        "url_en": null,
        "url_ru": null,
        "source_name": "TSR FRIA 2e",
        "source_url": "https://www.profantasy.com/fratlas/fratlashome.htm",
        "dnd_editions_str": "2e, 3e, 5e",
        "feature_levels_str": null,
        "extra_str": null,
        "location_en": "central Zakhara → unnamed",
        "name_alt_en_str": null,
        "location_ru": "центральный Захара → unnamed",
        "name_alt_ru_str": null,
        "geog_extent_centroid_md": "10° 20′ 20″ S 030° 05′ 43″ E",
        "geog_extent_centroid_fria": "10° 20′ 20″ S 023° 23′ 09″ W",
        "geog_extent_area_sq_km": null,
        "geog_extent_area_sq_miles": null,
        "geog_extent_length_km": null,
        "geog_extent_length_miles": null,
        "geog_extent_perimeter_km": null,
        "geog_extent_perimeter_miles": null,
        "geog_extent_bbox_md": null,
        "geog_extent_bbox_fria": null,
        "name_it": null,
        "name_abb_it": null,
        "label_it": null,
        "descr_it": null,
        "descr_html_it": null,
        "url_it": null,
        "location_it": "Zakhara centrale → unnamed",
        "name_alt_it_str": null,
        "topical_tags": "",
        "related_location_tags": "",
        "related_cultures_tags": "",
        "related_factions_tags": ""
      },
      "geometry": {
        "type": "MultiPoint",
        "coordinates": [
          [
            -23.38608724279992,
            -10.339058585029477
          ]
        ]
      }
    },
    {
      "type": "Feature",
      "properties": {
        "uuid": "8aa5e44b-4953-422a-a8a9-a953af3d41de",
        "layer_id": "srf_civ_important_sites_pt",
        "timeframe": null,
        "feature_class": "Fortification",
        "feature_rank": 5,
        "is_visible": true,
        "is_labeled": true,
        "needs_review": false,
        "review_notes": "exclude from wiki link auto-ageneration",
        "img_url": null,
        "last_edited": "2026-07-13",
        "last_editor": "postgres",
        "name_en": "Quenche",
        "name_ru": "Квенч",
        "name_abb_en": null,
        "name_abb_ru": null,
        "label_en": "Quenche",
        "label_ru": "Квенч",
        "descr_en": null,
        "descr_ru": null,
        "descr_html_en": null,
        "descr_html_ru": null,
        "url_en": null,
        "url_ru": null,
        "source_name": "TSR FRIA 2e",
        "source_url": "https://www.profantasy.com/fratlas/fratlashome.htm",
        "dnd_editions_str": "2e, 3e, 5e",
        "feature_levels_str": null,
        "extra_str": null,
        "location_en": "southern Kara-Tur → T'u Lung",
        "name_alt_en_str": null,
        "location_ru": "южный Кара-Тур → Ту Лунг",
        "name_alt_ru_str": null,
        "geog_extent_centroid_md": "06° 25′ 58″ N 076° 01′ 22″ E",
        "geog_extent_centroid_fria": "06° 25′ 58″ N 022° 32′ 29″ E",
        "geog_extent_area_sq_km": null,
        "geog_extent_area_sq_miles": null,
        "geog_extent_length_km": null,
        "geog_extent_length_miles": null,
        "geog_extent_perimeter_km": null,
        "geog_extent_perimeter_miles": null,
        "geog_extent_bbox_md": null,
        "geog_extent_bbox_fria": null,
        "name_it": "Quenche",
        "name_abb_it": null,
        "label_it": "Quenche",
        "descr_it": null,
        "descr_html_it": null,
        "url_it": null,
        "location_it": "Kara-Tur meridionale → T'u Lung",
        "name_alt_it_str": null,
        "topical_tags": "",
        "related_location_tags": "",
        "related_cultures_tags": "",
        "related_factions_tags": ""
      },
      "geometry": {
        "type": "MultiPoint",
        "coordinates": [
          [
            22.54142267046196,
            6.433006548514665
          ]
        ]
      }
    },
    {
      "type": "Feature",
      "properties": {
        "uuid": "8ae9a46b-4685-430a-b57c-6ec32da5b99d",
        "layer_id": "srf_civ_important_sites_pt",
        "timeframe": null,
        "feature_class": "Other",
        "feature_rank": 5,
        "is_visible": true,
        "is_labeled": true,
        "needs_review": false,
        "review_notes": null,
        "img_url": null,
        "last_edited": "2026-07-14",
        "last_editor": "postgres",
        "name_en": "Summer Palace",
        "name_ru": "Летний Дворец",
        "name_abb_en": null,
        "name_abb_ru": null,
        "label_en": "Summer Palace",
        "label_ru": "Летний Дворец",
        "descr_en": "An enchanted palace of alabaster, marble, crystal, and gems that floats on four pyramids above the Lake of Dreams in Evermeet. It serves as a retreat for the queen and her Council of Matrons to deliberate important matters.",
        "descr_ru": "Зачарованный дворец из алебастра, мрамора, хрусталя и самоцветов, парящий на четырёх пирамидах над Озером Грёз в Эвермите. Служит местом отдыха королевы и её Совета Матрон для обсуждения важных дел.",
        "descr_html_en": null,
        "descr_html_ru": null,
        "url_en": "https://forgottenrealms.fandom.com/wiki/Summer_Palace",
        "url_ru": null,
        "source_name": "TSR FRIA 2e",
        "source_url": "https://www.profantasy.com/fratlas/fratlashome.htm",
        "dnd_editions_str": "2e, 3e, 5e",
        "feature_levels_str": null,
        "extra_str": "topical_tags: [\"palace\", \"floating\", \"enchanted\", \"council\", \"queen\"] | related_factions_tags: [\"Council of Matrons\"] | related_location_tags: [\"Lake of Dreams\", \"Evermeet\", \"Moonstone Palace\"]",
        "location_en": "western Trackless Sea",
        "name_alt_en_str": null,
        "location_ru": "западный Бесследное море",
        "name_alt_ru_str": null,
        "geog_extent_centroid_md": "40° 18′ 02″ N 048° 20′ 37″ W",
        "geog_extent_centroid_fria": "40° 18′ 02″ N 101° 49′ 30″ W",
        "geog_extent_area_sq_km": null,
        "geog_extent_area_sq_miles": null,
        "geog_extent_length_km": null,
        "geog_extent_length_miles": null,
        "geog_extent_perimeter_km": null,
        "geog_extent_perimeter_miles": null,
        "geog_extent_bbox_md": null,
        "geog_extent_bbox_fria": null,
        "name_it": "Palazzo Estivo",
        "name_abb_it": null,
        "label_it": "Palazzo Estivo",
        "descr_it": "Un palazzo incantato di alabastro, marmo, cristallo e gemme che galleggia su quattro piramidi sopra il Lago dei Sogni a Evermeet. Serve come ritiro per la regina e il suo Consiglio delle Matrone per deliberare questioni importanti.",
        "descr_html_it": null,
        "url_it": null,
        "location_it": "Mare Senza Tracce occidentale",
        "name_alt_it_str": null,
        "topical_tags": "palace, floating, enchanted, council, queen",
        "related_location_tags": "Lake of Dreams, Evermeet, Moonstone Palace",
        "related_cultures_tags": "",
        "related_factions_tags": "Council of Matrons"
      },
      "geometry": {
        "type": "MultiPoint",
        "coordinates": [
          [
            -101.82520518755244,
            40.30064560083105
          ]
        ]
      }
    },
    {
      "type": "Feature",
      "properties": {
        "uuid": "8c48fd8d-f494-40bb-a224-5f71dd0580b0",
        "layer_id": "srf_civ_important_sites_pt",
        "timeframe": null,
        "feature_class": "Ruins",
        "feature_rank": 5,
        "is_visible": true,
        "is_labeled": true,
        "needs_review": false,
        "review_notes": "exclude from wiki link auto-ageneration",
        "img_url": null,
        "last_edited": "2026-07-13",
        "last_editor": "postgres",
        "name_en": "House of the Black Hand",
        "name_ru": "Дом Чёрной Руки",
        "name_abb_en": null,
        "name_abb_ru": null,
        "label_en": "House of the Black Hand",
        "label_ru": "Дом Чёрной Руки",
        "descr_en": null,
        "descr_ru": null,
        "descr_html_en": null,
        "descr_html_ru": null,
        "url_en": null,
        "url_ru": null,
        "source_name": "TSR FRIA 2e",
        "source_url": "https://www.profantasy.com/fratlas/fratlashome.htm",
        "dnd_editions_str": "2e, 3e, 5e",
        "feature_levels_str": null,
        "extra_str": null,
        "location_en": "northern Sea of Swords → Moonshae Isles",
        "name_alt_en_str": null,
        "location_ru": "северный море Мечей → острова Муншае",
        "name_alt_ru_str": null,
        "geog_extent_centroid_md": "41° 07′ 45″ N 023° 51′ 59″ W",
        "geog_extent_centroid_fria": "41° 07′ 45″ N 077° 20′ 52″ W",
        "geog_extent_area_sq_km": null,
        "geog_extent_area_sq_miles": null,
        "geog_extent_length_km": null,
        "geog_extent_length_miles": null,
        "geog_extent_perimeter_km": null,
        "geog_extent_perimeter_miles": null,
        "geog_extent_bbox_md": null,
        "geog_extent_bbox_fria": null,
        "name_it": "Casa della Mano Nera",
        "name_abb_it": null,
        "label_it": "Casa della Mano Nera",
        "descr_it": null,
        "descr_html_it": null,
        "url_it": null,
        "location_it": "Mare delle Spade settentrionale → Isole Moonshae",
        "name_alt_it_str": null,
        "topical_tags": "",
        "related_location_tags": "",
        "related_cultures_tags": "",
        "related_factions_tags": ""
      },
      "geometry": {
        "type": "MultiPoint",
        "coordinates": [
          [
            -77.34798767282646,
            41.129209955546514
          ]
        ]
      }
    },
    {
      "type": "Feature",
      "properties": {
        "uuid": "8cd27a11-9417-4810-8c0a-47bf8e41a8b5",
        "layer_id": "srf_civ_important_sites_pt",
        "timeframe": null,
        "feature_class": "Tomb",
        "feature_rank": 5,
        "is_visible": true,
        "is_labeled": true,
        "needs_review": false,
        "review_notes": "exclude from wiki link auto-ageneration",
        "img_url": null,
        "last_edited": "2026-07-13",
        "last_editor": "postgres",
        "name_en": "E'say Shrine",
        "name_ru": "Святилище Эсей",
        "name_abb_en": null,
        "name_abb_ru": null,
        "label_en": "E'say Shrine",
        "label_ru": "Святилище Эсей",
        "descr_en": null,
        "descr_ru": null,
        "descr_html_en": null,
        "descr_html_ru": null,
        "url_en": null,
        "url_ru": null,
        "source_name": "TSR FRIA 2e",
        "source_url": "https://www.profantasy.com/fratlas/fratlashome.htm",
        "dnd_editions_str": "2e, 3e, 5e",
        "feature_levels_str": null,
        "extra_str": null,
        "location_en": "southern Kara-Tur → T'u Lung",
        "name_alt_en_str": null,
        "location_ru": "южный Кара-Тур → Ту Лунг",
        "name_alt_ru_str": null,
        "geog_extent_centroid_md": "11° 12′ 25″ N 084° 25′ 53″ E",
        "geog_extent_centroid_fria": "11° 12′ 25″ N 030° 57′ 00″ E",
        "geog_extent_area_sq_km": null,
        "geog_extent_area_sq_miles": null,
        "geog_extent_length_km": null,
        "geog_extent_length_miles": null,
        "geog_extent_perimeter_km": null,
        "geog_extent_perimeter_miles": null,
        "geog_extent_bbox_md": null,
        "geog_extent_bbox_fria": null,
        "name_it": "Santuario di E'say",
        "name_abb_it": null,
        "label_it": "Santuario di E'say",
        "descr_it": null,
        "descr_html_it": null,
        "url_it": null,
        "location_it": "Kara-Tur meridionale → T'u Lung",
        "name_alt_it_str": null,
        "topical_tags": "",
        "related_location_tags": "",
        "related_cultures_tags": "",
        "related_factions_tags": ""
      },
      "geometry": {
        "type": "MultiPoint",
        "coordinates": [
          [
            30.950007177678327,
            11.207013511972116
          ]
        ]
      }
    },
    {
      "type": "Feature",
      "properties": {
        "uuid": "8d11cb8d-2322-4e9a-8011-e605ba8582c9",
        "layer_id": "srf_civ_important_sites_pt",
        "timeframe": null,
        "feature_class": "Monastic Site",
        "feature_rank": 5,
        "is_visible": true,
        "is_labeled": true,
        "needs_review": false,
        "review_notes": "exclude from wiki link auto-ageneration",
        "img_url": null,
        "last_edited": "2026-07-13",
        "last_editor": "postgres",
        "name_en": "Stung Monastery",
        "name_ru": "Монастырь Стунг",
        "name_abb_en": null,
        "name_abb_ru": null,
        "label_en": "Stung Monastery",
        "label_ru": "Монастырь Стунг",
        "descr_en": null,
        "descr_ru": null,
        "descr_html_en": null,
        "descr_html_ru": null,
        "url_en": null,
        "url_ru": null,
        "source_name": "TSR FRIA 2e",
        "source_url": "https://www.profantasy.com/fratlas/fratlashome.htm",
        "dnd_editions_str": "2e, 3e, 5e",
        "feature_levels_str": null,
        "extra_str": null,
        "location_en": "southern Kara-Tur → T'u Lung → Hills of Quai",
        "name_alt_en_str": null,
        "location_ru": "южный Кара-Тур → Ту Лунг → Холмы Куай",
        "name_alt_ru_str": null,
        "geog_extent_centroid_md": "07° 02′ 26″ N 077° 05′ 05″ E",
        "geog_extent_centroid_fria": "07° 02′ 26″ N 023° 36′ 12″ E",
        "geog_extent_area_sq_km": null,
        "geog_extent_area_sq_miles": null,
        "geog_extent_length_km": null,
        "geog_extent_length_miles": null,
        "geog_extent_perimeter_km": null,
        "geog_extent_perimeter_miles": null,
        "geog_extent_bbox_md": null,
        "geog_extent_bbox_fria": null,
        "name_it": "Monastero di Stung",
        "name_abb_it": null,
        "label_it": "Monastero di Stung",
        "descr_it": null,
        "descr_html_it": null,
        "url_it": null,
        "location_it": "Kara-Tur meridionale → T'u Lung → Colline di Quai",
        "name_alt_it_str": null,
        "topical_tags": "",
        "related_location_tags": "",
        "related_cultures_tags": "",
        "related_factions_tags": ""
      },
      "geometry": {
        "type": "MultiPoint",
        "coordinates": [
          [
            23.60347759527429,
            7.040670810582792
          ]
        ]
      }
    },
    {
      "type": "Feature",
      "properties": {
        "uuid": "8e09c2a5-237d-4abe-a0df-9ce7cdd539c5",
        "layer_id": "srf_civ_important_sites_pt",
        "timeframe": null,
        "feature_class": "Fortification",
        "feature_rank": 5,
        "is_visible": true,
        "is_labeled": true,
        "needs_review": false,
        "review_notes": null,
        "img_url": null,
        "last_edited": "2026-07-13",
        "last_editor": "postgres",
        "name_en": "unnamed",
        "name_ru": null,
        "name_abb_en": null,
        "name_abb_ru": null,
        "label_en": null,
        "label_ru": null,
        "descr_en": null,
        "descr_ru": null,
        "descr_html_en": null,
        "descr_html_ru": null,
        "url_en": null,
        "url_ru": null,
        "source_name": "TSR FRIA 2e",
        "source_url": "https://www.profantasy.com/fratlas/fratlashome.htm",
        "dnd_editions_str": "2e, 3e, 5e",
        "feature_levels_str": null,
        "extra_str": null,
        "location_en": "western Zakhara → High Desert",
        "name_alt_en_str": null,
        "location_ru": "западный Захара → Высокая Пустыня",
        "name_alt_ru_str": null,
        "geog_extent_centroid_md": "10° 41′ 23″ S 020° 08′ 12″ E",
        "geog_extent_centroid_fria": "10° 41′ 23″ S 033° 20′ 41″ W",
        "geog_extent_area_sq_km": null,
        "geog_extent_area_sq_miles": null,
        "geog_extent_length_km": null,
        "geog_extent_length_miles": null,
        "geog_extent_perimeter_km": null,
        "geog_extent_perimeter_miles": null,
        "geog_extent_bbox_md": null,
        "geog_extent_bbox_fria": null,
        "name_it": null,
        "name_abb_it": null,
        "label_it": null,
        "descr_it": null,
        "descr_html_it": null,
        "url_it": null,
        "location_it": "Zakhara occidentale → Alto Deserto",
        "name_alt_it_str": null,
        "topical_tags": "",
        "related_location_tags": "",
        "related_cultures_tags": "",
        "related_factions_tags": ""
      },
      "geometry": {
        "type": "MultiPoint",
        "coordinates": [
          [
            -33.344814137150685,
            -10.689913485292601
          ]
        ]
      }
    },
    {
      "type": "Feature",
      "properties": {
        "uuid": "8eda9b7b-c66c-450b-a763-1077544069c2",
        "layer_id": "srf_civ_important_sites_pt",
        "timeframe": null,
        "feature_class": "Fortification",
        "feature_rank": 5,
        "is_visible": true,
        "is_labeled": true,
        "needs_review": false,
        "review_notes": "exclude from wiki link auto-ageneration",
        "img_url": null,
        "last_edited": "2026-07-13",
        "last_editor": "postgres",
        "name_en": "Taihe",
        "name_ru": "Тайхэ",
        "name_abb_en": null,
        "name_abb_ru": null,
        "label_en": "Taihe",
        "label_ru": "Тайхэ",
        "descr_en": null,
        "descr_ru": null,
        "descr_html_en": null,
        "descr_html_ru": null,
        "url_en": null,
        "url_ru": null,
        "source_name": "TSR FRIA 2e",
        "source_url": "https://www.profantasy.com/fratlas/fratlashome.htm",
        "dnd_editions_str": "2e, 3e, 5e",
        "feature_levels_str": null,
        "extra_str": null,
        "location_en": "western Kara-Tur → Hai Yuan Province → unnamed",
        "name_alt_en_str": null,
        "location_ru": "западный Кара-Тур → Провинция Хай Юань → unnamed",
        "name_alt_ru_str": null,
        "geog_extent_centroid_md": "19° 02′ 04″ N 069° 33′ 20″ E",
        "geog_extent_centroid_fria": "19° 02′ 04″ N 016° 04′ 26″ E",
        "geog_extent_area_sq_km": null,
        "geog_extent_area_sq_miles": null,
        "geog_extent_length_km": null,
        "geog_extent_length_miles": null,
        "geog_extent_perimeter_km": null,
        "geog_extent_perimeter_miles": null,
        "geog_extent_bbox_md": null,
        "geog_extent_bbox_fria": null,
        "name_it": "Taihe",
        "name_abb_it": null,
        "label_it": "Taihe",
        "descr_it": null,
        "descr_html_it": null,
        "url_it": null,
        "location_it": "Kara-Tur occidentale → Provincia di Hai Yuan → unnamed",
        "name_alt_it_str": null,
        "topical_tags": "",
        "related_location_tags": "",
        "related_cultures_tags": "",
        "related_factions_tags": ""
      },
      "geometry": {
        "type": "MultiPoint",
        "coordinates": [
          [
            16.074073027557183,
            19.034510967076365
          ]
        ]
      }
    },
    {
      "type": "Feature",
      "properties": {
        "uuid": "8f992dc3-80d2-4ac6-8966-4e183f4c308e",
        "layer_id": "srf_civ_important_sites_pt",
        "timeframe": null,
        "feature_class": "Fortification",
        "feature_rank": 5,
        "is_visible": true,
        "is_labeled": true,
        "needs_review": false,
        "review_notes": null,
        "img_url": null,
        "last_edited": "2026-07-13",
        "last_editor": "postgres",
        "name_en": "unnamed",
        "name_ru": null,
        "name_abb_en": null,
        "name_abb_ru": null,
        "label_en": null,
        "label_ru": null,
        "descr_en": null,
        "descr_ru": null,
        "descr_html_en": null,
        "descr_html_ru": null,
        "url_en": null,
        "url_ru": null,
        "source_name": "TSR FRIA 2e",
        "source_url": "https://www.profantasy.com/fratlas/fratlashome.htm",
        "dnd_editions_str": "2e, 3e, 5e",
        "feature_levels_str": null,
        "extra_str": null,
        "location_en": "central Zakhara → unnamed",
        "name_alt_en_str": null,
        "location_ru": "центральный Захара → unnamed",
        "name_alt_ru_str": null,
        "geog_extent_centroid_md": "11° 45′ 20″ S 028° 15′ 26″ E",
        "geog_extent_centroid_fria": "11° 45′ 20″ S 025° 13′ 26″ W",
        "geog_extent_area_sq_km": null,
        "geog_extent_area_sq_miles": null,
        "geog_extent_length_km": null,
        "geog_extent_length_miles": null,
        "geog_extent_perimeter_km": null,
        "geog_extent_perimeter_miles": null,
        "geog_extent_bbox_md": null,
        "geog_extent_bbox_fria": null,
        "name_it": null,
        "name_abb_it": null,
        "label_it": null,
        "descr_it": null,
        "descr_html_it": null,
        "url_it": null,
        "location_it": "Zakhara centrale → unnamed",
        "name_alt_it_str": null,
        "topical_tags": "",
        "related_location_tags": "",
        "related_cultures_tags": "",
        "related_factions_tags": ""
      },
      "geometry": {
        "type": "MultiPoint",
        "coordinates": [
          [
            -25.224122843477392,
            -11.755749521836321
          ]
        ]
      }
    },
    {
      "type": "Feature",
      "properties": {
        "uuid": "9009cd80-6d8e-44ac-a588-bc89b4028750",
        "layer_id": "srf_civ_important_sites_pt",
        "timeframe": null,
        "feature_class": "Mine",
        "feature_rank": 5,
        "is_visible": true,
        "is_labeled": true,
        "needs_review": false,
        "review_notes": "exclude from wiki link auto-ageneration",
        "img_url": null,
        "last_edited": "2026-07-13",
        "last_editor": "postgres",
        "name_en": "Gold Mine",
        "name_ru": "Золотой Рудник",
        "name_abb_en": null,
        "name_abb_ru": null,
        "label_en": "Gold Mine",
        "label_ru": "Золотой Рудник",
        "descr_en": null,
        "descr_ru": null,
        "descr_html_en": null,
        "descr_html_ru": null,
        "url_en": null,
        "url_ru": null,
        "source_name": "TSR FRIA 2e",
        "source_url": "https://www.profantasy.com/fratlas/fratlashome.htm",
        "dnd_editions_str": "2e, 3e, 5e",
        "feature_levels_str": null,
        "extra_str": null,
        "location_en": "eastern Faerûn → Thay → Thayan Plateau",
        "name_alt_en_str": null,
        "location_ru": "восточный Фаэрун → Тэй → Тэйское Плато",
        "name_alt_ru_str": null,
        "geog_extent_centroid_md": "35° 15′ 38″ N 016° 34′ 42″ E",
        "geog_extent_centroid_fria": "35° 15′ 38″ N 036° 54′ 11″ W",
        "geog_extent_area_sq_km": null,
        "geog_extent_area_sq_miles": null,
        "geog_extent_length_km": null,
        "geog_extent_length_miles": null,
        "geog_extent_perimeter_km": null,
        "geog_extent_perimeter_miles": null,
        "geog_extent_bbox_md": null,
        "geog_extent_bbox_fria": null,
        "name_it": "Miniera d'Oro",
        "name_abb_it": null,
        "label_it": "Miniera d'Oro",
        "descr_it": null,
        "descr_html_it": null,
        "url_it": null,
        "location_it": "Faerûn orientale → Thay → Altipiano di Thay",
        "name_alt_it_str": null,
        "topical_tags": "",
        "related_location_tags": "",
        "related_cultures_tags": "",
        "related_factions_tags": ""
      },
      "geometry": {
        "type": "MultiPoint",
        "coordinates": [
          [
            -36.90307445809948,
            35.260797449347464
          ]
        ]
      }
    },
    {
      "type": "Feature",
      "properties": {
        "uuid": "91cffafa-7f6b-421b-b642-c0d80a376474",
        "layer_id": "srf_civ_important_sites_pt",
        "timeframe": null,
        "feature_class": "Fortification",
        "feature_rank": 5,
        "is_visible": true,
        "is_labeled": true,
        "needs_review": false,
        "review_notes": null,
        "img_url": null,
        "last_edited": "2026-07-14",
        "last_editor": "postgres",
        "name_en": "Tiger's Nest",
        "name_ru": "Тигриное Гнездо",
        "name_abb_en": null,
        "name_abb_ru": null,
        "label_en": "Tiger's Nest",
        "label_ru": "Тигриное Гнездо",
        "descr_en": "A monastery built on the slopes of the A-Ling Shan mountain range, spanning the Jumpa Chasm. It was originally founded during the Imaskari Empire era by monks who opposed the empire's evils, later becoming a secluded refuge for a few surviving monks sustained by faith alone.",
        "descr_ru": "Монастырь, построенный на склонах горного хребта А-Линг-Шан, перекинутый через Ущелье Джампа. Изначально основан в эпоху Имаскарской Империи монахами, противостоявшими её злу, позже стал уединённым убежищем для нескольких выживших монахов, поддерживаемых одной лишь верой.",
        "descr_html_en": null,
        "descr_html_ru": null,
        "url_en": "https://forgottenrealms.fandom.com/wiki/Tiger%27s_Nest",
        "url_ru": null,
        "source_name": "TSR FRIA 2e",
        "source_url": "https://www.profantasy.com/fratlas/fratlashome.htm",
        "dnd_editions_str": "2e, 3e, 5e",
        "feature_levels_str": null,
        "extra_str": "topical_tags: [\"monastery\", \"mountain\", \"chasm\", \"fortress\", \"imaskari\", \"monks\", \"clerics\", \"hidden\"] | related_cultures_tags: [\"Imaskari\"] | related_factions_tags: [\"Raja of Solon\"] | related_location_tags: [\"A-Ling Shan\", \"Hordelands\", \"Imaskar\", \"Jumpa Chasm\", \"Solon\"]",
        "location_en": "western Kara-Tur → Katakoro Shan",
        "name_alt_en_str": "Invisible Tigers",
        "location_ru": "западный Кара-Тур → Катакори Шан",
        "name_alt_ru_str": "Невидимые Тигры",
        "geog_extent_centroid_md": "23° 06′ 58″ N 035° 40′ 35″ E",
        "geog_extent_centroid_fria": "23° 06′ 58″ N 017° 48′ 17″ W",
        "geog_extent_area_sq_km": null,
        "geog_extent_area_sq_miles": null,
        "geog_extent_length_km": null,
        "geog_extent_length_miles": null,
        "geog_extent_perimeter_km": null,
        "geog_extent_perimeter_miles": null,
        "geog_extent_bbox_md": null,
        "geog_extent_bbox_fria": null,
        "name_it": "Nido della Tigre",
        "name_abb_it": null,
        "label_it": "Nido della Tigre",
        "descr_it": "Un monastero costruito sui pendii della catena montuosa A-Ling Shan, che attraversa il Baratro di Jumpa. Fu originariamente fondato durante l'era dell'Impero Imaskari da monaci che si opponevano ai mali dell'impero, diventando in seguito un rifugio appartato per alcuni monaci sopravvissuti, sostenuti solo dalla fede.",
        "descr_html_it": null,
        "url_it": null,
        "location_it": "Kara-Tur occidentale → Katakoro Shan",
        "name_alt_it_str": "Tigri Invisibili",
        "topical_tags": "monastery, mountain, chasm, fortress, imaskari, monks, clerics, hidden",
        "related_location_tags": "A-Ling Shan, Hordelands, Imaskar, Jumpa Chasm, Solon",
        "related_cultures_tags": "Imaskari",
        "related_factions_tags": "Raja of Solon"
      },
      "geometry": {
        "type": "MultiPoint",
        "coordinates": [
          [
            -17.804914979367414,
            23.116261040080413
          ]
        ]
      }
    },
    {
      "type": "Feature",
      "properties": {
        "uuid": "931b874e-dd94-476f-9e67-6bead6c36311",
        "layer_id": "srf_civ_important_sites_pt",
        "timeframe": null,
        "feature_class": "Fortification",
        "feature_rank": 5,
        "is_visible": true,
        "is_labeled": true,
        "needs_review": false,
        "review_notes": "exclude from wiki link auto-ageneration",
        "img_url": null,
        "last_edited": "2026-07-13",
        "last_editor": "postgres",
        "name_en": "Rartu",
        "name_ru": "Рарту",
        "name_abb_en": null,
        "name_abb_ru": null,
        "label_en": "Rartu",
        "label_ru": "Рарту",
        "descr_en": null,
        "descr_ru": null,
        "descr_html_en": null,
        "descr_html_ru": null,
        "url_en": null,
        "url_ru": null,
        "source_name": "TSR FRIA 2e",
        "source_url": "https://www.profantasy.com/fratlas/fratlashome.htm",
        "dnd_editions_str": "2e, 3e, 5e",
        "feature_levels_str": null,
        "extra_str": null,
        "location_en": "north-western Kara-Tur → unnamed",
        "name_alt_en_str": null,
        "location_ru": "северо-западный Кара-Тур → unnamed",
        "name_alt_ru_str": null,
        "geog_extent_centroid_md": "48° 02′ 45″ N 066° 34′ 33″ E",
        "geog_extent_centroid_fria": "48° 02′ 45″ N 013° 05′ 39″ E",
        "geog_extent_area_sq_km": null,
        "geog_extent_area_sq_miles": null,
        "geog_extent_length_km": null,
        "geog_extent_length_miles": null,
        "geog_extent_perimeter_km": null,
        "geog_extent_perimeter_miles": null,
        "geog_extent_bbox_md": null,
        "geog_extent_bbox_fria": null,
        "name_it": "Rartu",
        "name_abb_it": null,
        "label_it": "Rartu",
        "descr_it": null,
        "descr_html_it": null,
        "url_it": null,
        "location_it": "Kara-Tur nord-occidentale → unnamed",
        "name_alt_it_str": null,
        "topical_tags": "",
        "related_location_tags": "",
        "related_cultures_tags": "",
        "related_factions_tags": ""
      },
      "geometry": {
        "type": "MultiPoint",
        "coordinates": [
          [
            13.094400017849605,
            48.046039500999186
          ]
        ]
      }
    },
    {
      "type": "Feature",
      "properties": {
        "uuid": "9496f528-0803-44ee-9ce5-f5572ce35464",
        "layer_id": "srf_civ_important_sites_pt",
        "timeframe": null,
        "feature_class": "Ruins",
        "feature_rank": 5,
        "is_visible": true,
        "is_labeled": true,
        "needs_review": false,
        "review_notes": null,
        "img_url": null,
        "last_edited": "2026-07-14",
        "last_editor": "postgres",
        "name_en": "Monrativi Teshy Mir",
        "name_ru": "Монративи Теши Мир",
        "name_abb_en": null,
        "name_abb_ru": null,
        "label_en": "Monrativi Teshy Mir",
        "label_ru": "Монративи Теши Мир",
        "descr_en": "An ancient territory in western Faerûn that was the foundation of the Calishite Empire and Shoon Imperium. The land is dry, rocky, and sparsely inhabited, dotted with ruins and rumored to hold vast treasures, though expeditions are considered foolhardy due to dangers and defenses. It was later contested between Tethyr and Calimshan.",
        "descr_ru": "Древняя территория в западном Фаэруне, ставшая основой Калишитской Империи и Шунской Империи. Земля сухая, каменистая и редко населена, усеяна руинами, и ходят слухи, что она хранит огромные сокровища, хотя экспедиции считаются безрассудными из-за опасностей и защит. Позже была предметом спора между Тетиром и Калимшаном.",
        "descr_html_en": null,
        "descr_html_ru": null,
        "url_en": "https://forgottenrealms.fandom.com/wiki/Monrativi_Teshy_Mir",
        "url_ru": null,
        "source_name": "TSR FRIA 2e",
        "source_url": "https://www.profantasy.com/fratlas/fratlashome.htm",
        "dnd_editions_str": "2e, 3e, 5e",
        "feature_levels_str": null,
        "extra_str": "topical_tags: [\"territory\", \"ancient\", \"ruins\", \"empire\", \"frontier\", \"contested\", \"inhospitable\", \"treasure\", \"drow\"] | related_cultures_tags: [\"Calishite\"] | related_factions_tags: [\"Calishite Empire\", \"Shoon Imperium\", \"Mulsparkh\"] | related_location_tags: [\"Tethyr\", \"Calimshan\", \"Shoonach\", \"County Monteshi\", \"River Agis\", \"Forest of Mir\", \"Marching Mountains\", \"Duchy Ankaram\"]",
        "location_en": "south-western Faerûn → Calimshan",
        "name_alt_en_str": "Mir, First Kingdom of Mir",
        "location_ru": "юго-западный Фаэрун → Калимшан",
        "name_alt_ru_str": "Мир, Первое Королевство Мира",
        "geog_extent_centroid_md": "25° 50′ 22″ N 013° 36′ 27″ W",
        "geog_extent_centroid_fria": "25° 50′ 22″ N 067° 05′ 21″ W",
        "geog_extent_area_sq_km": null,
        "geog_extent_area_sq_miles": null,
        "geog_extent_length_km": null,
        "geog_extent_length_miles": null,
        "geog_extent_perimeter_km": null,
        "geog_extent_perimeter_miles": null,
        "geog_extent_bbox_md": null,
        "geog_extent_bbox_fria": null,
        "name_it": "Monrativi Teshy Mir",
        "name_abb_it": null,
        "label_it": "Monrativi Teshy Mir",
        "descr_it": "Un antico territorio nella Faerûn occidentale che fu il fondamento dell'Impero Calishita e dell'Impero Shoon. La terra è arida, rocciosa e scarsamente abitata, punteggiata di rovine e si dice che custodisca vasti tesori, sebbene le spedizioni siano considerate avventate a causa dei pericoli e delle difese. Fu in seguito contesa tra Tethyr e Calimshan.",
        "descr_html_it": null,
        "url_it": null,
        "location_it": "Faerûn sud-occidentale → Calimshan",
        "name_alt_it_str": "Mir, Primo Regno di Mir",
        "topical_tags": "territory, ancient, ruins, empire, frontier, contested, inhospitable, treasure, drow",
        "related_location_tags": "Tethyr, Calimshan, Shoonach, County Monteshi, River Agis, Forest of Mir, Marching Mountains, Duchy Ankaram",
        "related_cultures_tags": "Calishite",
        "related_factions_tags": "Calishite Empire, Shoon Imperium, Mulsparkh"
      },
      "geometry": {
        "type": "MultiPoint",
        "coordinates": [
          [
            -67.08923030056727,
            25.83963000384244
          ]
        ]
      }
    },
    {
      "type": "Feature",
      "properties": {
        "uuid": "94fac7f7-6055-401a-94e7-ee979f648817",
        "layer_id": "srf_civ_important_sites_pt",
        "timeframe": null,
        "feature_class": "Ruins",
        "feature_rank": 5,
        "is_visible": true,
        "is_labeled": true,
        "needs_review": false,
        "review_notes": "exclude from wiki link auto-ageneration",
        "img_url": null,
        "last_edited": "2026-07-13",
        "last_editor": "postgres",
        "name_en": "Nikaro Monument",
        "name_ru": "Монумент Никаро",
        "name_abb_en": null,
        "name_abb_ru": null,
        "label_en": "Nikaro Monument",
        "label_ru": "Монумент Никаро",
        "descr_en": null,
        "descr_ru": null,
        "descr_html_en": null,
        "descr_html_ru": null,
        "url_en": null,
        "url_ru": null,
        "source_name": "TSR FRIA 2e",
        "source_url": "https://www.profantasy.com/fratlas/fratlashome.htm",
        "dnd_editions_str": "2e, 3e, 5e",
        "feature_levels_str": null,
        "extra_str": null,
        "location_en": "central Kara-Tur → T'u Lung → unnamed",
        "name_alt_en_str": null,
        "location_ru": "центральный Кара-Тур → Ту Лунг → unnamed",
        "name_alt_ru_str": null,
        "geog_extent_centroid_md": "13° 17′ 07″ N 081° 36′ 36″ E",
        "geog_extent_centroid_fria": "13° 17′ 07″ N 028° 07′ 43″ E",
        "geog_extent_area_sq_km": null,
        "geog_extent_area_sq_miles": null,
        "geog_extent_length_km": null,
        "geog_extent_length_miles": null,
        "geog_extent_perimeter_km": null,
        "geog_extent_perimeter_miles": null,
        "geog_extent_bbox_md": null,
        "geog_extent_bbox_fria": null,
        "name_it": "Monumento Nikaro",
        "name_abb_it": null,
        "label_it": "Monumento Nikaro",
        "descr_it": null,
        "descr_html_it": null,
        "url_it": null,
        "location_it": "Kara-Tur centrale → T'u Lung → unnamed",
        "name_alt_it_str": null,
        "topical_tags": "",
        "related_location_tags": "",
        "related_cultures_tags": "",
        "related_factions_tags": ""
      },
      "geometry": {
        "type": "MultiPoint",
        "coordinates": [
          [
            28.12861168896478,
            13.285551361949405
          ]
        ]
      }
    },
    {
      "type": "Feature",
      "properties": {
        "uuid": "958294e6-1e83-437c-a745-16a7bf6d64c0",
        "layer_id": "srf_civ_important_sites_pt",
        "timeframe": null,
        "feature_class": "Fortification",
        "feature_rank": 5,
        "is_visible": true,
        "is_labeled": true,
        "needs_review": false,
        "review_notes": null,
        "img_url": null,
        "last_edited": "2026-07-13",
        "last_editor": "postgres",
        "name_en": "unnamed",
        "name_ru": null,
        "name_abb_en": null,
        "name_abb_ru": null,
        "label_en": null,
        "label_ru": null,
        "descr_en": null,
        "descr_ru": null,
        "descr_html_en": null,
        "descr_html_ru": null,
        "url_en": null,
        "url_ru": null,
        "source_name": "TSR FRIA 2e",
        "source_url": "https://www.profantasy.com/fratlas/fratlashome.htm",
        "dnd_editions_str": "2e, 3e, 5e",
        "feature_levels_str": null,
        "extra_str": null,
        "location_en": "south-western Zakhara → unnamed",
        "name_alt_en_str": null,
        "location_ru": "юго-западный Захара → unnamed",
        "name_alt_ru_str": null,
        "geog_extent_centroid_md": "16° 18′ 14″ S 021° 55′ 42″ E",
        "geog_extent_centroid_fria": "16° 18′ 14″ S 031° 33′ 11″ W",
        "geog_extent_area_sq_km": null,
        "geog_extent_area_sq_miles": null,
        "geog_extent_length_km": null,
        "geog_extent_length_miles": null,
        "geog_extent_perimeter_km": null,
        "geog_extent_perimeter_miles": null,
        "geog_extent_bbox_md": null,
        "geog_extent_bbox_fria": null,
        "name_it": null,
        "name_abb_it": null,
        "label_it": null,
        "descr_it": null,
        "descr_html_it": null,
        "url_it": null,
        "location_it": "Zakhara sud-occidentale → unnamed",
        "name_alt_it_str": null,
        "topical_tags": "",
        "related_location_tags": "",
        "related_cultures_tags": "",
        "related_factions_tags": ""
      },
      "geometry": {
        "type": "MultiPoint",
        "coordinates": [
          [
            -31.553076662434876,
            -16.304034308308804
          ]
        ]
      }
    },
    {
      "type": "Feature",
      "properties": {
        "uuid": "95a7bde7-30f7-4509-bb3e-18dbfcf9688c",
        "layer_id": "srf_civ_important_sites_pt",
        "timeframe": null,
        "feature_class": "Fortification",
        "feature_rank": 5,
        "is_visible": true,
        "is_labeled": true,
        "needs_review": false,
        "review_notes": null,
        "img_url": null,
        "last_edited": "2026-07-13",
        "last_editor": "postgres",
        "name_en": "unnamed",
        "name_ru": null,
        "name_abb_en": null,
        "name_abb_ru": null,
        "label_en": null,
        "label_ru": null,
        "descr_en": null,
        "descr_ru": null,
        "descr_html_en": null,
        "descr_html_ru": null,
        "url_en": null,
        "url_ru": null,
        "source_name": "TSR FRIA 2e",
        "source_url": "https://www.profantasy.com/fratlas/fratlashome.htm",
        "dnd_editions_str": "2e, 3e, 5e",
        "feature_levels_str": null,
        "extra_str": null,
        "location_en": "western Zakhara → Mountains of the Lizard's Tongue",
        "name_alt_en_str": null,
        "location_ru": "западный Захара → Горы Языка Ящерицы",
        "name_alt_ru_str": null,
        "geog_extent_centroid_md": "09° 12′ 14″ S 019° 08′ 45″ E",
        "geog_extent_centroid_fria": "09° 12′ 14″ S 034° 20′ 08″ W",
        "geog_extent_area_sq_km": null,
        "geog_extent_area_sq_miles": null,
        "geog_extent_length_km": null,
        "geog_extent_length_miles": null,
        "geog_extent_perimeter_km": null,
        "geog_extent_perimeter_miles": null,
        "geog_extent_bbox_md": null,
        "geog_extent_bbox_fria": null,
        "name_it": null,
        "name_abb_it": null,
        "label_it": null,
        "descr_it": null,
        "descr_html_it": null,
        "url_it": null,
        "location_it": "Zakhara occidentale → Montagne della Lingua di Lucertola",
        "name_alt_it_str": null,
        "topical_tags": "",
        "related_location_tags": "",
        "related_cultures_tags": "",
        "related_factions_tags": ""
      },
      "geometry": {
        "type": "MultiPoint",
        "coordinates": [
          [
            -34.335594032729986,
            -9.20412420578645
          ]
        ]
      }
    },
    {
      "type": "Feature",
      "properties": {
        "uuid": "95ac73ff-7860-4cb4-ba44-31afcc4bc494",
        "layer_id": "srf_civ_important_sites_pt",
        "timeframe": null,
        "feature_class": "Fortification",
        "feature_rank": 5,
        "is_visible": true,
        "is_labeled": true,
        "needs_review": false,
        "review_notes": "exclude from wiki link auto-ageneration",
        "img_url": null,
        "last_edited": "2026-07-13",
        "last_editor": "postgres",
        "name_en": "Fortress of the Old Man",
        "name_ru": "Крепость Старика",
        "name_abb_en": null,
        "name_abb_ru": null,
        "label_en": "Fortress of the Old Man",
        "label_ru": "Крепость Старика",
        "descr_en": null,
        "descr_ru": null,
        "descr_html_en": null,
        "descr_html_ru": null,
        "url_en": null,
        "url_ru": null,
        "source_name": "TSR FRIA 2e",
        "source_url": "https://www.profantasy.com/fratlas/fratlashome.htm",
        "dnd_editions_str": "2e, 3e, 5e",
        "feature_levels_str": null,
        "extra_str": null,
        "location_en": "eastern Faerûn → unnamed",
        "name_alt_en_str": null,
        "location_ru": "восточный Фаэрун → unnamed",
        "name_alt_ru_str": null,
        "geog_extent_centroid_md": "32° 58′ 01″ N 032° 19′ 04″ E",
        "geog_extent_centroid_fria": "32° 58′ 01″ N 021° 09′ 48″ W",
        "geog_extent_area_sq_km": null,
        "geog_extent_area_sq_miles": null,
        "geog_extent_length_km": null,
        "geog_extent_length_miles": null,
        "geog_extent_perimeter_km": null,
        "geog_extent_perimeter_miles": null,
        "geog_extent_bbox_md": null,
        "geog_extent_bbox_fria": null,
        "name_it": "Fortezza del Vecchio",
        "name_abb_it": null,
        "label_it": "Fortezza del Vecchio",
        "descr_it": null,
        "descr_html_it": null,
        "url_it": null,
        "location_it": "Faerûn orientale → unnamed",
        "name_alt_it_str": null,
        "topical_tags": "",
        "related_location_tags": "",
        "related_cultures_tags": "",
        "related_factions_tags": ""
      },
      "geometry": {
        "type": "MultiPoint",
        "coordinates": [
          [
            -21.163459252572004,
            32.96704549920482
          ]
        ]
      }
    },
    {
      "type": "Feature",
      "properties": {
        "uuid": "96f6a84c-2b93-4c9f-8f2b-dd0ba2ed90dd",
        "layer_id": "srf_civ_important_sites_pt",
        "timeframe": null,
        "feature_class": "Fortification",
        "feature_rank": 5,
        "is_visible": true,
        "is_labeled": true,
        "needs_review": false,
        "review_notes": null,
        "img_url": null,
        "last_edited": "2026-07-13",
        "last_editor": "postgres",
        "name_en": "unnamed",
        "name_ru": null,
        "name_abb_en": null,
        "name_abb_ru": null,
        "label_en": null,
        "label_ru": null,
        "descr_en": null,
        "descr_ru": null,
        "descr_html_en": null,
        "descr_html_ru": null,
        "url_en": null,
        "url_ru": null,
        "source_name": "TSR FRIA 2e",
        "source_url": "https://www.profantasy.com/fratlas/fratlashome.htm",
        "dnd_editions_str": "2e, 3e, 5e",
        "feature_levels_str": null,
        "extra_str": null,
        "location_en": "southern Zakhara → unnamed",
        "name_alt_en_str": null,
        "location_ru": "южный Захара → unnamed",
        "name_alt_ru_str": null,
        "geog_extent_centroid_md": "17° 27′ 13″ S 030° 15′ 10″ E",
        "geog_extent_centroid_fria": "17° 27′ 13″ S 023° 13′ 43″ W",
        "geog_extent_area_sq_km": null,
        "geog_extent_area_sq_miles": null,
        "geog_extent_length_km": null,
        "geog_extent_length_miles": null,
        "geog_extent_perimeter_km": null,
        "geog_extent_perimeter_miles": null,
        "geog_extent_bbox_md": null,
        "geog_extent_bbox_fria": null,
        "name_it": null,
        "name_abb_it": null,
        "label_it": null,
        "descr_it": null,
        "descr_html_it": null,
        "url_it": null,
        "location_it": "Zakhara meridionale → unnamed",
        "name_alt_it_str": null,
        "topical_tags": "",
        "related_location_tags": "",
        "related_cultures_tags": "",
        "related_factions_tags": ""
      },
      "geometry": {
        "type": "MultiPoint",
        "coordinates": [
          [
            -23.228673614530308,
            -17.453683933477745
          ]
        ]
      }
    },
    {
      "type": "Feature",
      "properties": {
        "uuid": "98cc0141-162f-470e-9e89-7388dc7cd45b",
        "layer_id": "srf_civ_important_sites_pt",
        "timeframe": null,
        "feature_class": "Ruins",
        "feature_rank": 5,
        "is_visible": true,
        "is_labeled": true,
        "needs_review": false,
        "review_notes": "exclude from wiki link auto-ageneration",
        "img_url": null,
        "last_edited": "2026-07-13",
        "last_editor": "postgres",
        "name_en": "Kaji-Men Point",
        "name_ru": "Мыс Каджи-Мен",
        "name_abb_en": null,
        "name_abb_ru": null,
        "label_en": "Kaji-Men Point",
        "label_ru": "Мыс Каджи-Мен",
        "descr_en": null,
        "descr_ru": null,
        "descr_html_en": null,
        "descr_html_ru": null,
        "url_en": null,
        "url_ru": null,
        "source_name": "TSR FRIA 2e",
        "source_url": "https://www.profantasy.com/fratlas/fratlashome.htm",
        "dnd_editions_str": "2e, 3e, 5e",
        "feature_levels_str": null,
        "extra_str": null,
        "location_en": "central Kara-Tur",
        "name_alt_en_str": null,
        "location_ru": "центральный Кара-Тур",
        "name_alt_ru_str": null,
        "geog_extent_centroid_md": "14° 57′ 28″ N 081° 20′ 20″ E",
        "geog_extent_centroid_fria": "14° 57′ 28″ N 027° 51′ 27″ E",
        "geog_extent_area_sq_km": null,
        "geog_extent_area_sq_miles": null,
        "geog_extent_length_km": null,
        "geog_extent_length_miles": null,
        "geog_extent_perimeter_km": null,
        "geog_extent_perimeter_miles": null,
        "geog_extent_bbox_md": null,
        "geog_extent_bbox_fria": null,
        "name_it": "Punta Kaji-Men",
        "name_abb_it": null,
        "label_it": "Punta Kaji-Men",
        "descr_it": null,
        "descr_html_it": null,
        "url_it": null,
        "location_it": "Kara-Tur centrale",
        "name_alt_it_str": null,
        "topical_tags": "",
        "related_location_tags": "",
        "related_cultures_tags": "",
        "related_factions_tags": ""
      },
      "geometry": {
        "type": "MultiPoint",
        "coordinates": [
          [
            27.857502027282635,
            14.957800185622977
          ]
        ]
      }
    },
    {
      "type": "Feature",
      "properties": {
        "uuid": "99233f7d-3e45-4ab0-9f6f-798d7dc3b20c",
        "layer_id": "srf_civ_important_sites_pt",
        "timeframe": null,
        "feature_class": "Ruins",
        "feature_rank": 5,
        "is_visible": true,
        "is_labeled": true,
        "needs_review": false,
        "review_notes": null,
        "img_url": null,
        "last_edited": "2026-07-14",
        "last_editor": "postgres",
        "name_en": "Citadel Rashemar",
        "name_ru": "Цитадель Рашемар",
        "name_abb_en": null,
        "name_abb_ru": null,
        "label_en": "Citadel Rashemar",
        "label_ru": "Цитадель Рашемар",
        "descr_en": "A ruined keep in the Sunrise Mountains of eastern Rashemen, originally a ring-shaped fortress with a central keep and outer wall. After being sacked by the Tuigan Horde, it was never rebuilt and later became a lair for goblinoids and a hag.",
        "descr_ru": "Разрушенная крепость в Горах Восхода в восточном Рашемене, первоначально кольцеобразная крепость с центральным донжоном и внешней стеной. После разграбления Туйганской Ордой так и не была отстроена заново и позже стала логовом гоблиноидов и ведьмы.",
        "descr_html_en": null,
        "descr_html_ru": null,
        "url_en": "https://forgottenrealms.fandom.com/wiki/Citadel_Rashemar",
        "url_ru": null,
        "source_name": "TSR FRIA 2e",
        "source_url": "https://www.profantasy.com/fratlas/fratlashome.htm",
        "dnd_editions_str": "2e, 3e, 5e",
        "feature_levels_str": null,
        "extra_str": "topical_tags: [\"fortress\", \"ruins\", \"keep\", \"mountain\", \"goblinoid\", \"hag\", \"siege\", \"high_country\"] | related_cultures_tags: [\"Rashemaar\", \"Tuigan\"] | related_factions_tags: [\"Wychlaran\", \"Grand Army of the Tuigan\"] | related_location_tags: [\"Sunrise Mountains\", \"Rashemen\", \"Unapproachable East\", \"High Country\", \"Golden Way\"]",
        "location_en": "eastern Faerûn → Rashemen",
        "name_alt_en_str": "Citadel Rashemaar",
        "location_ru": "восточный Фаэрун → Рашемен",
        "name_alt_ru_str": "Цитадель Рашемаар",
        "geog_extent_centroid_md": "39° 28′ 55″ N 020° 20′ 01″ E",
        "geog_extent_centroid_fria": "39° 28′ 55″ N 033° 08′ 51″ W",
        "geog_extent_area_sq_km": null,
        "geog_extent_area_sq_miles": null,
        "geog_extent_length_km": null,
        "geog_extent_length_miles": null,
        "geog_extent_perimeter_km": null,
        "geog_extent_perimeter_miles": null,
        "geog_extent_bbox_md": null,
        "geog_extent_bbox_fria": null,
        "name_it": "Cittadella Rashemar",
        "name_abb_it": null,
        "label_it": "Cittadella Rashemar",
        "descr_it": "La Cittadella Rashemar è un forte in rovina nei Monti del Sol Levante nell'est di Rashemen, originariamente una fortezza a forma di anello con un mastio centrale e una cinta muraria esterna. Dopo essere stata saccheggiata dall'Orda Tuigan, non fu mai ricostruita e divenne in seguito un covo per goblinoidi e una strega.",
        "descr_html_it": null,
        "url_it": null,
        "location_it": "Faerûn orientale → Rashemen",
        "name_alt_it_str": "Cittadella Rashemaar",
        "topical_tags": "fortress, ruins, keep, mountain, goblinoid, hag, siege, high_country",
        "related_location_tags": "Sunrise Mountains, Rashemen, Unapproachable East, High Country, Golden Way",
        "related_cultures_tags": "Rashemaar, Tuigan",
        "related_factions_tags": "Wychlaran, Grand Army of the Tuigan"
      },
      "geometry": {
        "type": "MultiPoint",
        "coordinates": [
          [
            -33.14775110881877,
            39.48194524846038
          ]
        ]
      }
    },
    {
      "type": "Feature",
      "properties": {
        "uuid": "9962fc11-29a3-4e64-83ce-b584fc5a6c8f",
        "layer_id": "srf_civ_important_sites_pt",
        "timeframe": null,
        "feature_class": "Battlefield",
        "feature_rank": 5,
        "is_visible": true,
        "is_labeled": true,
        "needs_review": false,
        "review_notes": null,
        "img_url": null,
        "last_edited": "2026-07-13",
        "last_editor": "postgres",
        "name_en": "unnamed",
        "name_ru": null,
        "name_abb_en": null,
        "name_abb_ru": null,
        "label_en": null,
        "label_ru": null,
        "descr_en": null,
        "descr_ru": null,
        "descr_html_en": null,
        "descr_html_ru": null,
        "url_en": null,
        "url_ru": null,
        "source_name": "TSR FRIA 2e",
        "source_url": "https://www.profantasy.com/fratlas/fratlashome.htm",
        "dnd_editions_str": "2e, 3e, 5e",
        "feature_levels_str": null,
        "extra_str": null,
        "location_en": "western Zakhara → unnamed",
        "name_alt_en_str": null,
        "location_ru": "западный Захара → unnamed",
        "name_alt_ru_str": null,
        "geog_extent_centroid_md": "07° 31′ 33″ S 020° 12′ 38″ E",
        "geog_extent_centroid_fria": "07° 31′ 33″ S 033° 16′ 14″ W",
        "geog_extent_area_sq_km": null,
        "geog_extent_area_sq_miles": null,
        "geog_extent_length_km": null,
        "geog_extent_length_miles": null,
        "geog_extent_perimeter_km": null,
        "geog_extent_perimeter_miles": null,
        "geog_extent_bbox_md": null,
        "geog_extent_bbox_fria": null,
        "name_it": null,
        "name_abb_it": null,
        "label_it": null,
        "descr_it": null,
        "descr_html_it": null,
        "url_it": null,
        "location_it": "Zakhara occidentale → unnamed",
        "name_alt_it_str": null,
        "topical_tags": "",
        "related_location_tags": "",
        "related_cultures_tags": "",
        "related_factions_tags": ""
      },
      "geometry": {
        "type": "MultiPoint",
        "coordinates": [
          [
            -33.27073713561205,
            -7.526072731688721
          ]
        ]
      }
    },
    {
      "type": "Feature",
      "properties": {
        "uuid": "9aa7f259-1c00-42f2-a667-d620c72fde1f",
        "layer_id": "srf_civ_important_sites_pt",
        "timeframe": null,
        "feature_class": "Ruins",
        "feature_rank": 5,
        "is_visible": true,
        "is_labeled": true,
        "needs_review": false,
        "review_notes": null,
        "img_url": null,
        "last_edited": "2026-07-13",
        "last_editor": "postgres",
        "name_en": "unnamed",
        "name_ru": null,
        "name_abb_en": null,
        "name_abb_ru": null,
        "label_en": null,
        "label_ru": null,
        "descr_en": null,
        "descr_ru": null,
        "descr_html_en": null,
        "descr_html_ru": null,
        "url_en": null,
        "url_ru": null,
        "source_name": "TSR FRIA 2e",
        "source_url": "https://www.profantasy.com/fratlas/fratlashome.htm",
        "dnd_editions_str": "2e, 3e, 5e",
        "feature_levels_str": null,
        "extra_str": null,
        "location_en": "south-eastern Zakhara → unnamed",
        "name_alt_en_str": null,
        "location_ru": "юго-восточный Захара → unnamed",
        "name_alt_ru_str": null,
        "geog_extent_centroid_md": "15° 17′ 33″ S 033° 38′ 56″ E",
        "geog_extent_centroid_fria": "15° 17′ 33″ S 019° 49′ 56″ W",
        "geog_extent_area_sq_km": null,
        "geog_extent_area_sq_miles": null,
        "geog_extent_length_km": null,
        "geog_extent_length_miles": null,
        "geog_extent_perimeter_km": null,
        "geog_extent_perimeter_miles": null,
        "geog_extent_bbox_md": null,
        "geog_extent_bbox_fria": null,
        "name_it": null,
        "name_abb_it": null,
        "label_it": null,
        "descr_it": null,
        "descr_html_it": null,
        "url_it": null,
        "location_it": "Zakhara sud-orientale → unnamed",
        "name_alt_it_str": null,
        "topical_tags": "",
        "related_location_tags": "",
        "related_cultures_tags": "",
        "related_factions_tags": ""
      },
      "geometry": {
        "type": "MultiPoint",
        "coordinates": [
          [
            -19.832400698431606,
            -15.292731537593733
          ]
        ]
      }
    },
    {
      "type": "Feature",
      "properties": {
        "uuid": "9b55025c-9f22-42f5-8e58-005f726e653e",
        "layer_id": "srf_civ_important_sites_pt",
        "timeframe": null,
        "feature_class": "Fortification",
        "feature_rank": 5,
        "is_visible": true,
        "is_labeled": true,
        "needs_review": false,
        "review_notes": null,
        "img_url": null,
        "last_edited": "2026-07-13",
        "last_editor": "postgres",
        "name_en": "unnamed",
        "name_ru": null,
        "name_abb_en": null,
        "name_abb_ru": null,
        "label_en": null,
        "label_ru": null,
        "descr_en": null,
        "descr_ru": null,
        "descr_html_en": null,
        "descr_html_ru": null,
        "url_en": null,
        "url_ru": null,
        "source_name": "TSR FRIA 2e",
        "source_url": "https://www.profantasy.com/fratlas/fratlashome.htm",
        "dnd_editions_str": "2e, 3e, 5e",
        "feature_levels_str": null,
        "extra_str": null,
        "location_en": "southern Zakhara → Spine of the Dog",
        "name_alt_en_str": null,
        "location_ru": "южный Захара → Spine of the Dog",
        "name_alt_ru_str": null,
        "geog_extent_centroid_md": "13° 54′ 27″ S 025° 44′ 36″ E",
        "geog_extent_centroid_fria": "13° 54′ 27″ S 027° 44′ 17″ W",
        "geog_extent_area_sq_km": null,
        "geog_extent_area_sq_miles": null,
        "geog_extent_length_km": null,
        "geog_extent_length_miles": null,
        "geog_extent_perimeter_km": null,
        "geog_extent_perimeter_miles": null,
        "geog_extent_bbox_md": null,
        "geog_extent_bbox_fria": null,
        "name_it": null,
        "name_abb_it": null,
        "label_it": null,
        "descr_it": null,
        "descr_html_it": null,
        "url_it": null,
        "location_it": "Zakhara meridionale → Spine of the Dog",
        "name_alt_it_str": null,
        "topical_tags": "",
        "related_location_tags": "",
        "related_cultures_tags": "",
        "related_factions_tags": ""
      },
      "geometry": {
        "type": "MultiPoint",
        "coordinates": [
          [
            -27.738111083194962,
            -13.907719837104725
          ]
        ]
      }
    },
    {
      "type": "Feature",
      "properties": {
        "uuid": "9b83fbdd-6900-413d-afd1-eface8228595",
        "layer_id": "srf_civ_important_sites_pt",
        "timeframe": null,
        "feature_class": "Battlefield",
        "feature_rank": 5,
        "is_visible": true,
        "is_labeled": true,
        "needs_review": false,
        "review_notes": "exclude from wiki link auto-ageneration",
        "img_url": null,
        "last_edited": "2026-07-13",
        "last_editor": "postgres",
        "name_en": "Rout of the Cassidi",
        "name_ru": "Разгром Кассиди",
        "name_abb_en": null,
        "name_abb_ru": null,
        "label_en": "Rout of the Cassidi",
        "label_ru": "Разгром Кассиди",
        "descr_en": null,
        "descr_ru": null,
        "descr_html_en": null,
        "descr_html_ru": null,
        "url_en": null,
        "url_ru": null,
        "source_name": "TSR FRIA 2e",
        "source_url": "https://www.profantasy.com/fratlas/fratlashome.htm",
        "dnd_editions_str": "2e, 3e, 5e",
        "feature_levels_str": null,
        "extra_str": null,
        "location_en": "eastern Faerûn → Mulhorand",
        "name_alt_en_str": null,
        "location_ru": "восточный Фаэрун → Мулхоранд",
        "name_alt_ru_str": null,
        "geog_extent_centroid_md": "32° 55′ 33″ N 024° 52′ 21″ E",
        "geog_extent_centroid_fria": "32° 55′ 33″ N 028° 36′ 32″ W",
        "geog_extent_area_sq_km": null,
        "geog_extent_area_sq_miles": null,
        "geog_extent_length_km": null,
        "geog_extent_length_miles": null,
        "geog_extent_perimeter_km": null,
        "geog_extent_perimeter_miles": null,
        "geog_extent_bbox_md": null,
        "geog_extent_bbox_fria": null,
        "name_it": "Rotta dei Cassidi",
        "name_abb_it": null,
        "label_it": "Rotta dei Cassidi",
        "descr_it": null,
        "descr_html_it": null,
        "url_it": null,
        "location_it": "Faerûn orientale → Mulhorand",
        "name_alt_it_str": null,
        "topical_tags": "",
        "related_location_tags": "",
        "related_cultures_tags": "",
        "related_factions_tags": ""
      },
      "geometry": {
        "type": "MultiPoint",
        "coordinates": [
          [
            -28.60889224869186,
            32.925924346963015
          ]
        ]
      }
    },
    {
      "type": "Feature",
      "properties": {
        "uuid": "9ba3a692-1e79-4884-8530-b037ba6d84a7",
        "layer_id": "srf_civ_important_sites_pt",
        "timeframe": null,
        "feature_class": "Mine",
        "feature_rank": 5,
        "is_visible": true,
        "is_labeled": true,
        "needs_review": false,
        "review_notes": "exclude from wiki link auto-ageneration",
        "img_url": null,
        "last_edited": "2026-07-13",
        "last_editor": "postgres",
        "name_en": "Mines of Tethyamar",
        "name_ru": "Копи Тетиамара",
        "name_abb_en": null,
        "name_abb_ru": null,
        "label_en": "Mines of Tethyamar",
        "label_ru": "Копи Тетиамара",
        "descr_en": null,
        "descr_ru": null,
        "descr_html_en": null,
        "descr_html_ru": null,
        "url_en": null,
        "url_ru": null,
        "source_name": "TSR FRIA 2e",
        "source_url": "https://www.profantasy.com/fratlas/fratlashome.htm",
        "dnd_editions_str": "2e, 3e, 5e",
        "feature_levels_str": null,
        "extra_str": null,
        "location_en": "central Faerûn → The Ride",
        "name_alt_en_str": null,
        "location_ru": "центральный Фаэрун → Верховая Езда",
        "name_alt_ru_str": null,
        "geog_extent_centroid_md": "42° 51′ 58″ N 003° 10′ 45″ W",
        "geog_extent_centroid_fria": "42° 51′ 58″ N 056° 39′ 38″ W",
        "geog_extent_area_sq_km": null,
        "geog_extent_area_sq_miles": null,
        "geog_extent_length_km": null,
        "geog_extent_length_miles": null,
        "geog_extent_perimeter_km": null,
        "geog_extent_perimeter_miles": null,
        "geog_extent_bbox_md": null,
        "geog_extent_bbox_fria": null,
        "name_it": "Miniere di Tethyamar",
        "name_abb_it": null,
        "label_it": "Miniere di Tethyamar",
        "descr_it": null,
        "descr_html_it": null,
        "url_it": null,
        "location_it": "Faerûn centrale → Prateria",
        "name_alt_it_str": null,
        "topical_tags": "",
        "related_location_tags": "",
        "related_cultures_tags": "",
        "related_factions_tags": ""
      },
      "geometry": {
        "type": "MultiPoint",
        "coordinates": [
          [
            -56.66068719517793,
            42.86634226256529
          ]
        ]
      }
    },
    {
      "type": "Feature",
      "properties": {
        "uuid": "9c08d9a0-3178-4247-8808-4949dc0365f2",
        "layer_id": "srf_civ_important_sites_pt",
        "timeframe": null,
        "feature_class": "Mine",
        "feature_rank": 5,
        "is_visible": true,
        "is_labeled": true,
        "needs_review": false,
        "review_notes": null,
        "img_url": null,
        "last_edited": "2026-07-13",
        "last_editor": "postgres",
        "name_en": "unnamed",
        "name_ru": null,
        "name_abb_en": null,
        "name_abb_ru": null,
        "label_en": null,
        "label_ru": null,
        "descr_en": null,
        "descr_ru": null,
        "descr_html_en": null,
        "descr_html_ru": null,
        "url_en": null,
        "url_ru": null,
        "source_name": "TSR FRIA 2e",
        "source_url": "https://www.profantasy.com/fratlas/fratlashome.htm",
        "dnd_editions_str": "2e, 3e, 5e",
        "feature_levels_str": null,
        "extra_str": null,
        "location_en": "western Sea of Swords → Moonshae Isles → Cambro Mountains",
        "name_alt_en_str": null,
        "location_ru": "западный море Мечей → острова Муншае → Камбрийские Горы",
        "name_alt_ru_str": null,
        "geog_extent_centroid_md": "37° 05′ 01″ N 025° 23′ 25″ W",
        "geog_extent_centroid_fria": "37° 05′ 01″ N 078° 52′ 19″ W",
        "geog_extent_area_sq_km": null,
        "geog_extent_area_sq_miles": null,
        "geog_extent_length_km": null,
        "geog_extent_length_miles": null,
        "geog_extent_perimeter_km": null,
        "geog_extent_perimeter_miles": null,
        "geog_extent_bbox_md": null,
        "geog_extent_bbox_fria": null,
        "name_it": null,
        "name_abb_it": null,
        "label_it": null,
        "descr_it": null,
        "descr_html_it": null,
        "url_it": null,
        "location_it": "Mare delle Spade occidentale → Isole Moonshae → Monti Cambro",
        "name_alt_it_str": null,
        "topical_tags": "",
        "related_location_tags": "",
        "related_cultures_tags": "",
        "related_factions_tags": ""
      },
      "geometry": {
        "type": "MultiPoint",
        "coordinates": [
          [
            -78.87199040462377,
            37.083636476934956
          ]
        ]
      }
    },
    {
      "type": "Feature",
      "properties": {
        "uuid": "9c1c3cb9-8a9d-4d05-96ab-f027610f5c4f",
        "layer_id": "srf_civ_important_sites_pt",
        "timeframe": null,
        "feature_class": "Battlefield",
        "feature_rank": 5,
        "is_visible": true,
        "is_labeled": true,
        "needs_review": false,
        "review_notes": "exclude from wiki link auto-ageneration",
        "img_url": null,
        "last_edited": "2026-07-13",
        "last_editor": "postgres",
        "name_en": "Defeat of Masoul Khan",
        "name_ru": "Поражение Масоула Хана",
        "name_abb_en": null,
        "name_abb_ru": null,
        "label_en": "Defeat of Masoul Khan",
        "label_ru": "Поражение Масоула Хана",
        "descr_en": null,
        "descr_ru": null,
        "descr_html_en": null,
        "descr_html_ru": null,
        "url_en": null,
        "url_ru": null,
        "source_name": "TSR FRIA 2e",
        "source_url": "https://www.profantasy.com/fratlas/fratlashome.htm",
        "dnd_editions_str": "2e, 3e, 5e",
        "feature_levels_str": null,
        "extra_str": null,
        "location_en": "eastern Faerûn → unnamed",
        "name_alt_en_str": null,
        "location_ru": "восточный Фаэрун → unnamed",
        "name_alt_ru_str": null,
        "geog_extent_centroid_md": "33° 07′ 08″ N 032° 41′ 50″ E",
        "geog_extent_centroid_fria": "33° 07′ 08″ N 020° 47′ 02″ W",
        "geog_extent_area_sq_km": null,
        "geog_extent_area_sq_miles": null,
        "geog_extent_length_km": null,
        "geog_extent_length_miles": null,
        "geog_extent_perimeter_km": null,
        "geog_extent_perimeter_miles": null,
        "geog_extent_bbox_md": null,
        "geog_extent_bbox_fria": null,
        "name_it": "Sconfitta di Masoul Khan",
        "name_abb_it": null,
        "label_it": "Sconfitta di Masoul Khan",
        "descr_it": null,
        "descr_html_it": null,
        "url_it": null,
        "location_it": "Faerûn orientale → unnamed",
        "name_alt_it_str": null,
        "topical_tags": "",
        "related_location_tags": "",
        "related_cultures_tags": "",
        "related_factions_tags": ""
      },
      "geometry": {
        "type": "MultiPoint",
        "coordinates": [
          [
            -20.784120692800244,
            33.11915957381934
          ]
        ]
      }
    },
    {
      "type": "Feature",
      "properties": {
        "uuid": "9cb3f4cd-9ce0-4a66-b248-27f13ce60b37",
        "layer_id": "srf_civ_important_sites_pt",
        "timeframe": null,
        "feature_class": "Fortification",
        "feature_rank": 5,
        "is_visible": true,
        "is_labeled": true,
        "needs_review": false,
        "review_notes": null,
        "img_url": null,
        "last_edited": "2026-07-13",
        "last_editor": "postgres",
        "name_en": "unnamed",
        "name_ru": null,
        "name_abb_en": null,
        "name_abb_ru": null,
        "label_en": null,
        "label_ru": null,
        "descr_en": null,
        "descr_ru": null,
        "descr_html_en": null,
        "descr_html_ru": null,
        "url_en": null,
        "url_ru": null,
        "source_name": "TSR FRIA 2e",
        "source_url": "https://www.profantasy.com/fratlas/fratlashome.htm",
        "dnd_editions_str": "2e, 3e, 5e",
        "feature_levels_str": null,
        "extra_str": null,
        "location_en": "western Kara-Tur → Koryaz Mountains",
        "name_alt_en_str": null,
        "location_ru": "западный Кара-Тур → Горы Корьяз",
        "name_alt_ru_str": null,
        "geog_extent_centroid_md": "45° 36′ 44″ N 066° 17′ 44″ E",
        "geog_extent_centroid_fria": "45° 36′ 44″ N 012° 48′ 51″ E",
        "geog_extent_area_sq_km": null,
        "geog_extent_area_sq_miles": null,
        "geog_extent_length_km": null,
        "geog_extent_length_miles": null,
        "geog_extent_perimeter_km": null,
        "geog_extent_perimeter_miles": null,
        "geog_extent_bbox_md": null,
        "geog_extent_bbox_fria": null,
        "name_it": null,
        "name_abb_it": null,
        "label_it": null,
        "descr_it": null,
        "descr_html_it": null,
        "url_it": null,
        "location_it": "Kara-Tur occidentale → Montagne Koryaz",
        "name_alt_it_str": null,
        "topical_tags": "",
        "related_location_tags": "",
        "related_cultures_tags": "",
        "related_factions_tags": ""
      },
      "geometry": {
        "type": "MultiPoint",
        "coordinates": [
          [
            12.814316667743162,
            45.61243935398746
          ]
        ]
      }
    },
    {
      "type": "Feature",
      "properties": {
        "uuid": "9d508370-cce2-4993-82fa-20c8578f8d49",
        "layer_id": "srf_civ_important_sites_pt",
        "timeframe": null,
        "feature_class": "Fortification",
        "feature_rank": 5,
        "is_visible": true,
        "is_labeled": true,
        "needs_review": false,
        "review_notes": "exclude from wiki link auto-ageneration",
        "img_url": null,
        "last_edited": "2026-07-13",
        "last_editor": "postgres",
        "name_en": "Hand of the Sky",
        "name_ru": "Рука Неба",
        "name_abb_en": null,
        "name_abb_ru": null,
        "label_en": "Hand of the Sky",
        "label_ru": "Рука Неба",
        "descr_en": null,
        "descr_ru": null,
        "descr_html_en": null,
        "descr_html_ru": null,
        "url_en": null,
        "url_ru": null,
        "source_name": "TSR FRIA 2e",
        "source_url": "https://www.profantasy.com/fratlas/fratlashome.htm",
        "dnd_editions_str": "2e, 3e, 5e",
        "feature_levels_str": null,
        "extra_str": null,
        "location_en": "central Zakhara → unnamed",
        "name_alt_en_str": null,
        "location_ru": "центральный Захара → unnamed",
        "name_alt_ru_str": null,
        "geog_extent_centroid_md": "08° 20′ 32″ S 029° 11′ 16″ E",
        "geog_extent_centroid_fria": "08° 20′ 32″ S 024° 17′ 36″ W",
        "geog_extent_area_sq_km": null,
        "geog_extent_area_sq_miles": null,
        "geog_extent_length_km": null,
        "geog_extent_length_miles": null,
        "geog_extent_perimeter_km": null,
        "geog_extent_perimeter_miles": null,
        "geog_extent_bbox_md": null,
        "geog_extent_bbox_fria": null,
        "name_it": "Mano del Cielo",
        "name_abb_it": null,
        "label_it": "Mano del Cielo",
        "descr_it": null,
        "descr_html_it": null,
        "url_it": null,
        "location_it": "Zakhara centrale → unnamed",
        "name_alt_it_str": null,
        "topical_tags": "",
        "related_location_tags": "",
        "related_cultures_tags": "",
        "related_factions_tags": ""
      },
      "geometry": {
        "type": "MultiPoint",
        "coordinates": [
          [
            -24.29353051164825,
            -8.342383849420731
          ]
        ]
      }
    },
    {
      "type": "Feature",
      "properties": {
        "uuid": "9db0f0cc-fef5-4eb3-bdaf-88fc3d557faa",
        "layer_id": "srf_civ_important_sites_pt",
        "timeframe": null,
        "feature_class": "Mine",
        "feature_rank": 5,
        "is_visible": true,
        "is_labeled": true,
        "needs_review": false,
        "review_notes": null,
        "img_url": null,
        "last_edited": "2026-07-13",
        "last_editor": "postgres",
        "name_en": "unnamed",
        "name_ru": null,
        "name_abb_en": null,
        "name_abb_ru": null,
        "label_en": null,
        "label_ru": null,
        "descr_en": null,
        "descr_ru": null,
        "descr_html_en": null,
        "descr_html_ru": null,
        "url_en": null,
        "url_ru": null,
        "source_name": "TSR FRIA 2e",
        "source_url": "https://www.profantasy.com/fratlas/fratlashome.htm",
        "dnd_editions_str": "2e, 3e, 5e",
        "feature_levels_str": null,
        "extra_str": null,
        "location_en": "central Sea of Swords → Moonshae Isles → Fairheight Range",
        "name_alt_en_str": null,
        "location_ru": "центральный море Мечей → острова Муншае → Хребет Прекрасной Высоты",
        "name_alt_ru_str": null,
        "geog_extent_centroid_md": "40° 25′ 32″ N 024° 15′ 10″ W",
        "geog_extent_centroid_fria": "40° 25′ 32″ N 077° 44′ 03″ W",
        "geog_extent_area_sq_km": null,
        "geog_extent_area_sq_miles": null,
        "geog_extent_length_km": null,
        "geog_extent_length_miles": null,
        "geog_extent_perimeter_km": null,
        "geog_extent_perimeter_miles": null,
        "geog_extent_bbox_md": null,
        "geog_extent_bbox_fria": null,
        "name_it": null,
        "name_abb_it": null,
        "label_it": null,
        "descr_it": null,
        "descr_html_it": null,
        "url_it": null,
        "location_it": "Mare delle Spade centrale → Isole Moonshae → Catena di Fairheight",
        "name_alt_it_str": null,
        "topical_tags": "",
        "related_location_tags": "",
        "related_cultures_tags": "",
        "related_factions_tags": ""
      },
      "geometry": {
        "type": "MultiPoint",
        "coordinates": [
          [
            -77.73429477197286,
            40.42558665678853
          ]
        ]
      }
    },
    {
      "type": "Feature",
      "properties": {
        "uuid": "9e9b973a-a184-4ee9-a586-43e343e41732",
        "layer_id": "srf_civ_important_sites_pt",
        "timeframe": null,
        "feature_class": "Ruins",
        "feature_rank": 5,
        "is_visible": true,
        "is_labeled": true,
        "needs_review": false,
        "review_notes": "exclude from wiki link auto-ageneration",
        "img_url": null,
        "last_edited": "2026-07-13",
        "last_editor": "postgres",
        "name_en": "Darkhorn Castle",
        "name_ru": "Замок Тёмный Рог",
        "name_abb_en": null,
        "name_abb_ru": null,
        "label_en": "Darkhorn Castle",
        "label_ru": "Замок Тёмный Рог",
        "descr_en": null,
        "descr_ru": null,
        "descr_html_en": null,
        "descr_html_ru": null,
        "url_en": null,
        "url_ru": null,
        "source_name": "TSR FRIA 2e",
        "source_url": "https://www.profantasy.com/fratlas/fratlashome.htm",
        "dnd_editions_str": "2e, 3e, 5e",
        "feature_levels_str": null,
        "extra_str": null,
        "location_en": "western Sea of Swords → Moonshae Isles → Cambro Mountains",
        "name_alt_en_str": null,
        "location_ru": "западный море Мечей → острова Муншае → Камбрийские Горы",
        "name_alt_ru_str": null,
        "geog_extent_centroid_md": "37° 19′ 38″ N 025° 32′ 16″ W",
        "geog_extent_centroid_fria": "37° 19′ 38″ N 079° 01′ 09″ W",
        "geog_extent_area_sq_km": null,
        "geog_extent_area_sq_miles": null,
        "geog_extent_length_km": null,
        "geog_extent_length_miles": null,
        "geog_extent_perimeter_km": null,
        "geog_extent_perimeter_miles": null,
        "geog_extent_bbox_md": null,
        "geog_extent_bbox_fria": null,
        "name_it": "Castello del Corno Oscuro",
        "name_abb_it": null,
        "label_it": "Castello del Corno Oscuro",
        "descr_it": null,
        "descr_html_it": null,
        "url_it": null,
        "location_it": "Mare delle Spade occidentale → Isole Moonshae → Monti Cambro",
        "name_alt_it_str": null,
        "topical_tags": "",
        "related_location_tags": "",
        "related_cultures_tags": "",
        "related_factions_tags": ""
      },
      "geometry": {
        "type": "MultiPoint",
        "coordinates": [
          [
            -79.01942033463223,
            37.327377317146926
          ]
        ]
      }
    },
    {
      "type": "Feature",
      "properties": {
        "uuid": "9eb38fce-4ea0-4399-90ed-1bcfcbdde454",
        "layer_id": "srf_civ_important_sites_pt",
        "timeframe": null,
        "feature_class": "Ruins",
        "feature_rank": 5,
        "is_visible": true,
        "is_labeled": true,
        "needs_review": false,
        "review_notes": null,
        "img_url": null,
        "last_edited": "2026-07-13",
        "last_editor": "postgres",
        "name_en": "unnamed",
        "name_ru": null,
        "name_abb_en": null,
        "name_abb_ru": null,
        "label_en": null,
        "label_ru": null,
        "descr_en": null,
        "descr_ru": null,
        "descr_html_en": null,
        "descr_html_ru": null,
        "url_en": null,
        "url_ru": null,
        "source_name": "TSR FRIA 2e",
        "source_url": "https://www.profantasy.com/fratlas/fratlashome.htm",
        "dnd_editions_str": "2e, 3e, 5e",
        "feature_levels_str": null,
        "extra_str": null,
        "location_en": "western Zakhara → High Desert",
        "name_alt_en_str": null,
        "location_ru": "западный Захара → Высокая Пустыня",
        "name_alt_ru_str": null,
        "geog_extent_centroid_md": "12° 01′ 27″ S 021° 37′ 55″ E",
        "geog_extent_centroid_fria": "12° 01′ 27″ S 031° 50′ 57″ W",
        "geog_extent_area_sq_km": null,
        "geog_extent_area_sq_miles": null,
        "geog_extent_length_km": null,
        "geog_extent_length_miles": null,
        "geog_extent_perimeter_km": null,
        "geog_extent_perimeter_miles": null,
        "geog_extent_bbox_md": null,
        "geog_extent_bbox_fria": null,
        "name_it": null,
        "name_abb_it": null,
        "label_it": null,
        "descr_it": null,
        "descr_html_it": null,
        "url_it": null,
        "location_it": "Zakhara occidentale → Alto Deserto",
        "name_alt_it_str": null,
        "topical_tags": "",
        "related_location_tags": "",
        "related_cultures_tags": "",
        "related_factions_tags": ""
      },
      "geometry": {
        "type": "MultiPoint",
        "coordinates": [
          [
            -31.84938466858943,
            -12.024376695730881
          ]
        ]
      }
    },
    {
      "type": "Feature",
      "properties": {
        "uuid": "9f06dd99-47dd-4a30-bfc5-b82efa27be6d",
        "layer_id": "srf_civ_important_sites_pt",
        "timeframe": null,
        "feature_class": "Fortification",
        "feature_rank": 5,
        "is_visible": true,
        "is_labeled": true,
        "needs_review": false,
        "review_notes": null,
        "img_url": null,
        "last_edited": "2026-07-14",
        "last_editor": "postgres",
        "name_en": "Citadel",
        "name_ru": "Цитадель",
        "name_abb_en": null,
        "name_abb_ru": null,
        "label_en": "Citadel",
        "label_ru": "Цитадель",
        "descr_en": "A fortress atop the highest peak of the Thaymount in Thay, serving as the seat of Szass Tam's power. It contains a palace, extensive dungeons, and arcane wards, and is connected to the Red Wizards' dread rings. Its lowest depths feature ancient sarrukh relics and the Paths of the Doomed.",
        "descr_ru": "Крепость на вершине высочайшего пика Тэймаунта в Тэе, служащая резиденцией власти Саза Тама. Содержит дворец, обширные подземелья и магические защиты, а также соединена с кольцами ужаса Красных Волшебников. В её нижних глубинах находятся древние реликвии саррухов и Пути Обречённых.",
        "descr_html_en": null,
        "descr_html_ru": null,
        "url_en": "https://forgottenrealms.fandom.com/wiki/Citadel",
        "url_ru": null,
        "source_name": "TSR FRIA 2e",
        "source_url": "https://www.profantasy.com/fratlas/fratlashome.htm",
        "dnd_editions_str": "2e, 3e, 5e",
        "feature_levels_str": null,
        "extra_str": "topical_tags: [\"fortress\", \"dungeon\", \"arcane\", \"necromancy\", \"thaymount\", \"redwizards\", \"undead\", \"creatorraces\"] | related_cultures_tags: [\"sarrukh\", \"lizardfolk\", \"drow\"] | related_factions_tags: [\"Red Wizards\", \"Thayan elite\", \"Zulkirs\"] | related_location_tags: [\"Thaymount\", \"Thay\", \"Faerûn\", \"Undermountain\", \"Surmarsh\"]",
        "location_en": "eastern Faerûn → Thay → Thayan Plateau",
        "name_alt_en_str": null,
        "location_ru": "восточный Фаэрун → Тэй → Тэйское Плато",
        "name_alt_ru_str": null,
        "geog_extent_centroid_md": "35° 52′ 38″ N 015° 59′ 07″ E",
        "geog_extent_centroid_fria": "35° 52′ 38″ N 037° 29′ 45″ W",
        "geog_extent_area_sq_km": null,
        "geog_extent_area_sq_miles": null,
        "geog_extent_length_km": null,
        "geog_extent_length_miles": null,
        "geog_extent_perimeter_km": null,
        "geog_extent_perimeter_miles": null,
        "geog_extent_bbox_md": null,
        "geog_extent_bbox_fria": null,
        "name_it": "Cittadella",
        "name_abb_it": null,
        "label_it": "Cittadella",
        "descr_it": "La Cittadella è una fortezza sulla vetta più alta del Thaymount in Thay, che funge da sede del potere di Szass Tam. Contiene un palazzo, estese segrete e barriere arcane, ed è collegata agli anelli del terrore dei Maghi Rossi. Le sue profondità più basse presentano antichi reperti sarrukh e i Sentieri dei Dannati.",
        "descr_html_it": null,
        "url_it": null,
        "location_it": "Faerûn orientale → Thay → Altipiano di Thay",
        "name_alt_it_str": null,
        "topical_tags": "fortress, dungeon, arcane, necromancy, thaymount, redwizards, undead, creatorraces",
        "related_location_tags": "Thaymount, Thay, Faerûn, Undermountain, Surmarsh",
        "related_cultures_tags": "sarrukh, lizardfolk, drow",
        "related_factions_tags": "Red Wizards, Thayan elite, Zulkirs"
      },
      "geometry": {
        "type": "MultiPoint",
        "coordinates": [
          [
            -37.49602025009118,
            35.877229958357496
          ]
        ]
      }
    },
    {
      "type": "Feature",
      "properties": {
        "uuid": "9f0d1635-df1d-48fd-b175-5e24d783ee9a",
        "layer_id": "srf_civ_important_sites_pt",
        "timeframe": null,
        "feature_class": "Fortification",
        "feature_rank": 5,
        "is_visible": true,
        "is_labeled": true,
        "needs_review": false,
        "review_notes": "exclude from wiki link auto-ageneration",
        "img_url": null,
        "last_edited": "2026-07-13",
        "last_editor": "postgres",
        "name_en": "Orc Fort",
        "name_ru": "Орочья Крепость",
        "name_abb_en": null,
        "name_abb_ru": null,
        "label_en": "Orc Fort",
        "label_ru": "Орочья Крепость",
        "descr_en": null,
        "descr_ru": null,
        "descr_html_en": null,
        "descr_html_ru": null,
        "url_en": null,
        "url_ru": null,
        "source_name": "TSR FRIA 2e",
        "source_url": "https://www.profantasy.com/fratlas/fratlashome.htm",
        "dnd_editions_str": "2e, 3e, 5e",
        "feature_levels_str": null,
        "extra_str": null,
        "location_en": "central Faerûn → Moonsea → unnamed",
        "name_alt_en_str": null,
        "location_ru": "центральный Фаэрун → Лунное Море → unnamed",
        "name_alt_ru_str": null,
        "geog_extent_centroid_md": "43° 21′ 38″ N 001° 29′ 59″ E",
        "geog_extent_centroid_fria": "43° 21′ 38″ N 051° 58′ 53″ W",
        "geog_extent_area_sq_km": null,
        "geog_extent_area_sq_miles": null,
        "geog_extent_length_km": null,
        "geog_extent_length_miles": null,
        "geog_extent_perimeter_km": null,
        "geog_extent_perimeter_miles": null,
        "geog_extent_bbox_md": null,
        "geog_extent_bbox_fria": null,
        "name_it": "Forte Orco",
        "name_abb_it": null,
        "label_it": "Forte Orco",
        "descr_it": null,
        "descr_html_it": null,
        "url_it": null,
        "location_it": "Faerûn centrale → Mare della Luna → unnamed",
        "name_alt_it_str": null,
        "topical_tags": "",
        "related_location_tags": "",
        "related_cultures_tags": "",
        "related_factions_tags": ""
      },
      "geometry": {
        "type": "MultiPoint",
        "coordinates": [
          [
            -51.981654925393116,
            43.360742575535134
          ]
        ]
      }
    },
    {
      "type": "Feature",
      "properties": {
        "uuid": "9f1486ae-04b2-433c-9b1d-dc5ae7179ec9",
        "layer_id": "srf_civ_important_sites_pt",
        "timeframe": null,
        "feature_class": "Ruins",
        "feature_rank": 5,
        "is_visible": true,
        "is_labeled": true,
        "needs_review": false,
        "review_notes": "exclude from wiki link auto-ageneration",
        "img_url": null,
        "last_edited": "2026-07-13",
        "last_editor": "postgres",
        "name_en": "Doors of Shajar",
        "name_ru": "Врата Шаджар",
        "name_abb_en": null,
        "name_abb_ru": null,
        "label_en": "Doors of Shajar",
        "label_ru": "Врата Шаджар",
        "descr_en": null,
        "descr_ru": null,
        "descr_html_en": null,
        "descr_html_ru": null,
        "url_en": null,
        "url_ru": null,
        "source_name": "TSR FRIA 2e",
        "source_url": "https://www.profantasy.com/fratlas/fratlashome.htm",
        "dnd_editions_str": "2e, 3e, 5e",
        "feature_levels_str": null,
        "extra_str": null,
        "location_en": "southern Zakhara",
        "name_alt_en_str": null,
        "location_ru": "южный Захара",
        "name_alt_ru_str": null,
        "geog_extent_centroid_md": "19° 34′ 17″ S 032° 52′ 25″ E",
        "geog_extent_centroid_fria": "19° 34′ 17″ S 020° 36′ 27″ W",
        "geog_extent_area_sq_km": null,
        "geog_extent_area_sq_miles": null,
        "geog_extent_length_km": null,
        "geog_extent_length_miles": null,
        "geog_extent_perimeter_km": null,
        "geog_extent_perimeter_miles": null,
        "geog_extent_bbox_md": null,
        "geog_extent_bbox_fria": null,
        "name_it": "Porte di Shajar",
        "name_abb_it": null,
        "label_it": "Porte di Shajar",
        "descr_it": null,
        "descr_html_it": null,
        "url_it": null,
        "location_it": "Zakhara meridionale",
        "name_alt_it_str": null,
        "topical_tags": "",
        "related_location_tags": "",
        "related_cultures_tags": "",
        "related_factions_tags": ""
      },
      "geometry": {
        "type": "MultiPoint",
        "coordinates": [
          [
            -20.607726358528957,
            -19.571613315396746
          ]
        ]
      }
    },
    {
      "type": "Feature",
      "properties": {
        "uuid": "9f34e406-843d-4868-8592-67fa7f2e3150",
        "layer_id": "srf_civ_important_sites_pt",
        "timeframe": null,
        "feature_class": "Battlefield",
        "feature_rank": 5,
        "is_visible": true,
        "is_labeled": true,
        "needs_review": false,
        "review_notes": null,
        "img_url": null,
        "last_edited": "2026-07-13",
        "last_editor": "postgres",
        "name_en": "unnamed",
        "name_ru": null,
        "name_abb_en": null,
        "name_abb_ru": null,
        "label_en": null,
        "label_ru": null,
        "descr_en": null,
        "descr_ru": null,
        "descr_html_en": null,
        "descr_html_ru": null,
        "url_en": null,
        "url_ru": null,
        "source_name": "TSR FRIA 2e",
        "source_url": "https://www.profantasy.com/fratlas/fratlashome.htm",
        "dnd_editions_str": "2e, 3e, 5e",
        "feature_levels_str": null,
        "extra_str": null,
        "location_en": "south-western Zakhara → unnamed",
        "name_alt_en_str": null,
        "location_ru": "юго-западный Захара → unnamed",
        "name_alt_ru_str": null,
        "geog_extent_centroid_md": "19° 42′ 31″ S 019° 04′ 01″ E",
        "geog_extent_centroid_fria": "19° 42′ 31″ S 034° 24′ 51″ W",
        "geog_extent_area_sq_km": null,
        "geog_extent_area_sq_miles": null,
        "geog_extent_length_km": null,
        "geog_extent_length_miles": null,
        "geog_extent_perimeter_km": null,
        "geog_extent_perimeter_miles": null,
        "geog_extent_bbox_md": null,
        "geog_extent_bbox_fria": null,
        "name_it": null,
        "name_abb_it": null,
        "label_it": null,
        "descr_it": null,
        "descr_html_it": null,
        "url_it": null,
        "location_it": "Zakhara sud-occidentale → unnamed",
        "name_alt_it_str": null,
        "topical_tags": "",
        "related_location_tags": "",
        "related_cultures_tags": "",
        "related_factions_tags": ""
      },
      "geometry": {
        "type": "MultiPoint",
        "coordinates": [
          [
            -34.41430084686482,
            -19.708736254178863
          ]
        ]
      }
    },
    {
      "type": "Feature",
      "properties": {
        "uuid": "9fdd52fc-31bd-43b3-a861-a4632c860ea2",
        "layer_id": "srf_civ_important_sites_pt",
        "timeframe": null,
        "feature_class": "Ruins",
        "feature_rank": 5,
        "is_visible": true,
        "is_labeled": true,
        "needs_review": false,
        "review_notes": null,
        "img_url": null,
        "last_edited": "2026-07-13",
        "last_editor": "postgres",
        "name_en": "unnamed",
        "name_ru": null,
        "name_abb_en": null,
        "name_abb_ru": null,
        "label_en": null,
        "label_ru": null,
        "descr_en": null,
        "descr_ru": null,
        "descr_html_en": null,
        "descr_html_ru": null,
        "url_en": null,
        "url_ru": null,
        "source_name": "TSR FRIA 2e",
        "source_url": "https://www.profantasy.com/fratlas/fratlashome.htm",
        "dnd_editions_str": "2e, 3e, 5e",
        "feature_levels_str": null,
        "extra_str": null,
        "location_en": "eastern Crowded Sea → unnamed",
        "name_alt_en_str": null,
        "location_ru": "восточный Тесное море → unnamed",
        "name_alt_ru_str": null,
        "geog_extent_centroid_md": "20° 12′ 32″ S 039° 36′ 15″ E",
        "geog_extent_centroid_fria": "20° 12′ 32″ S 013° 52′ 37″ W",
        "geog_extent_area_sq_km": null,
        "geog_extent_area_sq_miles": null,
        "geog_extent_length_km": null,
        "geog_extent_length_miles": null,
        "geog_extent_perimeter_km": null,
        "geog_extent_perimeter_miles": null,
        "geog_extent_bbox_md": null,
        "geog_extent_bbox_fria": null,
        "name_it": null,
        "name_abb_it": null,
        "label_it": null,
        "descr_it": null,
        "descr_html_it": null,
        "url_it": null,
        "location_it": "Mare Affollato orientale → unnamed",
        "name_alt_it_str": null,
        "topical_tags": "",
        "related_location_tags": "",
        "related_cultures_tags": "",
        "related_factions_tags": ""
      },
      "geometry": {
        "type": "MultiPoint",
        "coordinates": [
          [
            -13.877091562607408,
            -20.209098463918995
          ]
        ]
      }
    },
    {
      "type": "Feature",
      "properties": {
        "uuid": "9fdedf2f-72c2-4db2-b168-40198b7f0963",
        "layer_id": "srf_civ_important_sites_pt",
        "timeframe": null,
        "feature_class": "Ruins",
        "feature_rank": 5,
        "is_visible": true,
        "is_labeled": true,
        "needs_review": false,
        "review_notes": "exclude from wiki link auto-ageneration",
        "img_url": null,
        "last_edited": "2026-07-13",
        "last_editor": "postgres",
        "name_en": "Sampak",
        "name_ru": "Сампак",
        "name_abb_en": null,
        "name_abb_ru": null,
        "label_en": "Sampak",
        "label_ru": "Сампак",
        "descr_en": null,
        "descr_ru": null,
        "descr_html_en": null,
        "descr_html_ru": null,
        "url_en": null,
        "url_ru": null,
        "source_name": "TSR FRIA 2e",
        "source_url": "https://www.profantasy.com/fratlas/fratlashome.htm",
        "dnd_editions_str": "2e, 3e, 5e",
        "feature_levels_str": null,
        "extra_str": null,
        "location_en": "south-western Kara-Tur",
        "name_alt_en_str": null,
        "location_ru": "юго-западный Кара-Тур",
        "name_alt_ru_str": null,
        "geog_extent_centroid_md": "03° 19′ 27″ S 048° 27′ 10″ E",
        "geog_extent_centroid_fria": "03° 19′ 27″ S 005° 01′ 42″ W",
        "geog_extent_area_sq_km": null,
        "geog_extent_area_sq_miles": null,
        "geog_extent_length_km": null,
        "geog_extent_length_miles": null,
        "geog_extent_perimeter_km": null,
        "geog_extent_perimeter_miles": null,
        "geog_extent_bbox_md": null,
        "geog_extent_bbox_fria": null,
        "name_it": "Sampak",
        "name_abb_it": null,
        "label_it": "Sampak",
        "descr_it": null,
        "descr_html_it": null,
        "url_it": null,
        "location_it": "Kara-Tur sud-occidentale",
        "name_alt_it_str": null,
        "topical_tags": "",
        "related_location_tags": "",
        "related_cultures_tags": "",
        "related_factions_tags": ""
      },
      "geometry": {
        "type": "MultiPoint",
        "coordinates": [
          [
            -5.028607093538893,
            -3.324370931712851
          ]
        ]
      }
    },
    {
      "type": "Feature",
      "properties": {
        "uuid": "9fdfdc99-cf62-4b9e-b9d6-e4a6d37cbccc",
        "layer_id": "srf_civ_important_sites_pt",
        "timeframe": null,
        "feature_class": "Ruins",
        "feature_rank": 5,
        "is_visible": true,
        "is_labeled": true,
        "needs_review": false,
        "review_notes": "exclude from wiki link auto-ageneration",
        "img_url": null,
        "last_edited": "2026-07-13",
        "last_editor": "postgres",
        "name_en": "Ruins of Castle Perilous",
        "name_ru": "Руины Опасного Замка",
        "name_abb_en": null,
        "name_abb_ru": null,
        "label_en": "Ruins of Castle Perilous",
        "label_ru": "Руины Опасного Замка",
        "descr_en": null,
        "descr_ru": null,
        "descr_html_en": null,
        "descr_html_ru": null,
        "url_en": null,
        "url_ru": null,
        "source_name": "TSR FRIA 2e",
        "source_url": "https://www.profantasy.com/fratlas/fratlashome.htm",
        "dnd_editions_str": "2e, 3e, 5e",
        "feature_levels_str": null,
        "extra_str": null,
        "location_en": "central Faerûn → Vaasa",
        "name_alt_en_str": null,
        "location_ru": "центральный Фаэрун → Вааса",
        "name_alt_ru_str": null,
        "geog_extent_centroid_md": "45° 18′ 39″ N 005° 56′ 19″ E",
        "geog_extent_centroid_fria": "45° 18′ 39″ N 047° 32′ 33″ W",
        "geog_extent_area_sq_km": null,
        "geog_extent_area_sq_miles": null,
        "geog_extent_length_km": null,
        "geog_extent_length_miles": null,
        "geog_extent_perimeter_km": null,
        "geog_extent_perimeter_miles": null,
        "geog_extent_bbox_md": null,
        "geog_extent_bbox_fria": null,
        "name_it": "Rovine del Castello Pericoloso",
        "name_abb_it": null,
        "label_it": "Rovine del Castello Pericoloso",
        "descr_it": null,
        "descr_html_it": null,
        "url_it": null,
        "location_it": "Faerûn centrale → Vaasa",
        "name_alt_it_str": null,
        "topical_tags": "",
        "related_location_tags": "",
        "related_cultures_tags": "",
        "related_factions_tags": ""
      },
      "geometry": {
        "type": "MultiPoint",
        "coordinates": [
          [
            -47.54265754914707,
            45.31103073006308
          ]
        ]
      }
    },
    {
      "type": "Feature",
      "properties": {
        "uuid": "a04b8281-a28d-4e83-81e6-8f7a3e3639a0",
        "layer_id": "srf_civ_important_sites_pt",
        "timeframe": null,
        "feature_class": "Ruins",
        "feature_rank": 5,
        "is_visible": true,
        "is_labeled": true,
        "needs_review": false,
        "review_notes": null,
        "img_url": null,
        "last_edited": "2026-07-13",
        "last_editor": "postgres",
        "name_en": "unnamed",
        "name_ru": null,
        "name_abb_en": null,
        "name_abb_ru": null,
        "label_en": null,
        "label_ru": null,
        "descr_en": null,
        "descr_ru": null,
        "descr_html_en": null,
        "descr_html_ru": null,
        "url_en": null,
        "url_ru": null,
        "source_name": "TSR FRIA 2e",
        "source_url": "https://www.profantasy.com/fratlas/fratlashome.htm",
        "dnd_editions_str": "2e, 3e, 5e",
        "feature_levels_str": null,
        "extra_str": null,
        "location_en": "northern Crowded Sea → unnamed",
        "name_alt_en_str": null,
        "location_ru": "северный Тесное море → unnamed",
        "name_alt_ru_str": null,
        "geog_extent_centroid_md": "18° 05′ 10″ S 027° 22′ 56″ E",
        "geog_extent_centroid_fria": "18° 05′ 10″ S 026° 05′ 56″ W",
        "geog_extent_area_sq_km": null,
        "geog_extent_area_sq_miles": null,
        "geog_extent_length_km": null,
        "geog_extent_length_miles": null,
        "geog_extent_perimeter_km": null,
        "geog_extent_perimeter_miles": null,
        "geog_extent_bbox_md": null,
        "geog_extent_bbox_fria": null,
        "name_it": null,
        "name_abb_it": null,
        "label_it": null,
        "descr_it": null,
        "descr_html_it": null,
        "url_it": null,
        "location_it": "Mare Affollato settentrionale → unnamed",
        "name_alt_it_str": null,
        "topical_tags": "",
        "related_location_tags": "",
        "related_cultures_tags": "",
        "related_factions_tags": ""
      },
      "geometry": {
        "type": "MultiPoint",
        "coordinates": [
          [
            -26.099157424152573,
            -18.08626669330189
          ]
        ]
      }
    },
    {
      "type": "Feature",
      "properties": {
        "uuid": "a0ce266d-0b75-45fd-b961-1720acaab11a",
        "layer_id": "srf_civ_important_sites_pt",
        "timeframe": null,
        "feature_class": "Other",
        "feature_rank": 5,
        "is_visible": true,
        "is_labeled": true,
        "needs_review": false,
        "review_notes": "exclude from wiki link auto-ageneration",
        "img_url": null,
        "last_edited": "2026-07-13",
        "last_editor": "postgres",
        "name_en": "Gold Mine",
        "name_ru": "Золотой Рудник",
        "name_abb_en": null,
        "name_abb_ru": null,
        "label_en": "Gold Mine",
        "label_ru": "Золотой Рудник",
        "descr_en": null,
        "descr_ru": null,
        "descr_html_en": null,
        "descr_html_ru": null,
        "url_en": null,
        "url_ru": null,
        "source_name": "TSR FRIA 2e",
        "source_url": "https://www.profantasy.com/fratlas/fratlashome.htm",
        "dnd_editions_str": "2e, 3e, 5e",
        "feature_levels_str": null,
        "extra_str": null,
        "location_en": "eastern Faerûn → Thay → Thayan Plateau",
        "name_alt_en_str": null,
        "location_ru": "восточный Фаэрун → Тэй → Тэйское Плато",
        "name_alt_ru_str": null,
        "geog_extent_centroid_md": "34° 50′ 07″ N 016° 33′ 00″ E",
        "geog_extent_centroid_fria": "34° 50′ 07″ N 036° 55′ 52″ W",
        "geog_extent_area_sq_km": null,
        "geog_extent_area_sq_miles": null,
        "geog_extent_length_km": null,
        "geog_extent_length_miles": null,
        "geog_extent_perimeter_km": null,
        "geog_extent_perimeter_miles": null,
        "geog_extent_bbox_md": null,
        "geog_extent_bbox_fria": null,
        "name_it": "Miniera d'Oro",
        "name_abb_it": null,
        "label_it": "Miniera d'Oro",
        "descr_it": null,
        "descr_html_it": null,
        "url_it": null,
        "location_it": "Faerûn orientale → Thay → Altipiano di Thay",
        "name_alt_it_str": null,
        "topical_tags": "",
        "related_location_tags": "",
        "related_cultures_tags": "",
        "related_factions_tags": ""
      },
      "geometry": {
        "type": "MultiPoint",
        "coordinates": [
          [
            -36.93130997200385,
            34.835332154896996
          ]
        ]
      }
    },
    {
      "type": "Feature",
      "properties": {
        "uuid": "a0eee1a4-c370-45d5-82e9-0bc9b2416b51",
        "layer_id": "srf_civ_important_sites_pt",
        "timeframe": null,
        "feature_class": "Ruins",
        "feature_rank": 5,
        "is_visible": true,
        "is_labeled": true,
        "needs_review": false,
        "review_notes": "exclude from wiki link auto-ageneration",
        "img_url": null,
        "last_edited": "2026-07-13",
        "last_editor": "postgres",
        "name_en": "Qi Dao",
        "name_ru": "Ци Дао",
        "name_abb_en": null,
        "name_abb_ru": null,
        "label_en": "Qi Dao",
        "label_ru": "Ци Дао",
        "descr_en": null,
        "descr_ru": null,
        "descr_html_en": null,
        "descr_html_ru": null,
        "url_en": null,
        "url_ru": null,
        "source_name": "TSR FRIA 2e",
        "source_url": "https://www.profantasy.com/fratlas/fratlashome.htm",
        "dnd_editions_str": "2e, 3e, 5e",
        "feature_levels_str": null,
        "extra_str": null,
        "location_en": "southern Kara-Tur → T'u Lung",
        "name_alt_en_str": null,
        "location_ru": "южный Кара-Тур → Ту Лунг",
        "name_alt_ru_str": null,
        "geog_extent_centroid_md": "13° 05′ 19″ N 085° 22′ 35″ E",
        "geog_extent_centroid_fria": "13° 05′ 19″ N 031° 53′ 41″ E",
        "geog_extent_area_sq_km": null,
        "geog_extent_area_sq_miles": null,
        "geog_extent_length_km": null,
        "geog_extent_length_miles": null,
        "geog_extent_perimeter_km": null,
        "geog_extent_perimeter_miles": null,
        "geog_extent_bbox_md": null,
        "geog_extent_bbox_fria": null,
        "name_it": "Qi Dao",
        "name_abb_it": null,
        "label_it": "Qi Dao",
        "descr_it": null,
        "descr_html_it": null,
        "url_it": null,
        "location_it": "Kara-Tur meridionale → T'u Lung",
        "name_alt_it_str": null,
        "topical_tags": "",
        "related_location_tags": "",
        "related_cultures_tags": "",
        "related_factions_tags": ""
      },
      "geometry": {
        "type": "MultiPoint",
        "coordinates": [
          [
            31.894950527410664,
            13.088868759985822
          ]
        ]
      }
    },
    {
      "type": "Feature",
      "properties": {
        "uuid": "a1f52df8-d1fb-4ba9-80c6-beaf4d26e5e7",
        "layer_id": "srf_civ_important_sites_pt",
        "timeframe": null,
        "feature_class": "Ruins",
        "feature_rank": 5,
        "is_visible": true,
        "is_labeled": true,
        "needs_review": false,
        "review_notes": null,
        "img_url": null,
        "last_edited": "2026-07-13",
        "last_editor": "postgres",
        "name_en": "unnamed",
        "name_ru": null,
        "name_abb_en": null,
        "name_abb_ru": null,
        "label_en": null,
        "label_ru": null,
        "descr_en": null,
        "descr_ru": null,
        "descr_html_en": null,
        "descr_html_ru": null,
        "url_en": null,
        "url_ru": null,
        "source_name": "TSR FRIA 2e",
        "source_url": "https://www.profantasy.com/fratlas/fratlashome.htm",
        "dnd_editions_str": "2e, 3e, 5e",
        "feature_levels_str": null,
        "extra_str": null,
        "location_en": "northern Zakhara → Weeping Desert",
        "name_alt_en_str": null,
        "location_ru": "северный Захара → Плачущая Пустыня",
        "name_alt_ru_str": null,
        "geog_extent_centroid_md": "03° 45′ 29″ S 030° 23′ 54″ E",
        "geog_extent_centroid_fria": "03° 45′ 29″ S 023° 04′ 58″ W",
        "geog_extent_area_sq_km": null,
        "geog_extent_area_sq_miles": null,
        "geog_extent_length_km": null,
        "geog_extent_length_miles": null,
        "geog_extent_perimeter_km": null,
        "geog_extent_perimeter_miles": null,
        "geog_extent_bbox_md": null,
        "geog_extent_bbox_fria": null,
        "name_it": null,
        "name_abb_it": null,
        "label_it": null,
        "descr_it": null,
        "descr_html_it": null,
        "url_it": null,
        "location_it": "Zakhara settentrionale → Deserto Piangente",
        "name_alt_it_str": null,
        "topical_tags": "",
        "related_location_tags": "",
        "related_cultures_tags": "",
        "related_factions_tags": ""
      },
      "geometry": {
        "type": "MultiPoint",
        "coordinates": [
          [
            -23.08291702308452,
            -3.758293923536784
          ]
        ]
      }
    },
    {
      "type": "Feature",
      "properties": {
        "uuid": "a245591c-b8df-4230-ac2d-4418d8bfe9b4",
        "layer_id": "srf_civ_important_sites_pt",
        "timeframe": null,
        "feature_class": "Ruins",
        "feature_rank": 5,
        "is_visible": true,
        "is_labeled": true,
        "needs_review": false,
        "review_notes": "exclude from wiki link auto-ageneration",
        "img_url": null,
        "last_edited": "2026-07-13",
        "last_editor": "postgres",
        "name_en": "Elven Ruins",
        "name_ru": "Эльфийские Руины",
        "name_abb_en": null,
        "name_abb_ru": null,
        "label_en": "Elven Ruins",
        "label_ru": "Эльфийские Руины",
        "descr_en": null,
        "descr_ru": null,
        "descr_html_en": null,
        "descr_html_ru": null,
        "url_en": null,
        "url_ru": null,
        "source_name": "TSR FRIA 2e",
        "source_url": "https://www.profantasy.com/fratlas/fratlashome.htm",
        "dnd_editions_str": "2e, 3e, 5e",
        "feature_levels_str": null,
        "extra_str": null,
        "location_en": "central Faerûn → Dalelands → Cormanthor",
        "name_alt_en_str": null,
        "location_ru": "центральный Фаэрун → Долины → Кормантор",
        "name_alt_ru_str": null,
        "geog_extent_centroid_md": "41° 51′ 35″ N 001° 31′ 28″ E",
        "geog_extent_centroid_fria": "41° 51′ 35″ N 051° 57′ 24″ W",
        "geog_extent_area_sq_km": null,
        "geog_extent_area_sq_miles": null,
        "geog_extent_length_km": null,
        "geog_extent_length_miles": null,
        "geog_extent_perimeter_km": null,
        "geog_extent_perimeter_miles": null,
        "geog_extent_bbox_md": null,
        "geog_extent_bbox_fria": null,
        "name_it": "Rovine Elfiche",
        "name_abb_it": null,
        "label_it": "Rovine Elfiche",
        "descr_it": null,
        "descr_html_it": null,
        "url_it": null,
        "location_it": "Faerûn centrale → Valli → Cormanthor",
        "name_alt_it_str": null,
        "topical_tags": "",
        "related_location_tags": "",
        "related_cultures_tags": "",
        "related_factions_tags": ""
      },
      "geometry": {
        "type": "MultiPoint",
        "coordinates": [
          [
            -51.95685590894277,
            41.859745519061654
          ]
        ]
      }
    },
    {
      "type": "Feature",
      "properties": {
        "uuid": "a382ef01-9664-4c48-8352-4607cc7fba7d",
        "layer_id": "srf_civ_important_sites_pt",
        "timeframe": null,
        "feature_class": "Battlefield",
        "feature_rank": 5,
        "is_visible": true,
        "is_labeled": true,
        "needs_review": false,
        "review_notes": "exclude from wiki link auto-ageneration",
        "img_url": null,
        "last_edited": "2026-07-13",
        "last_editor": "postgres",
        "name_en": "Battle of Smokehole",
        "name_ru": "Битва у Дымовой Дыры",
        "name_abb_en": null,
        "name_abb_ru": null,
        "label_en": "Battle of Smokehole",
        "label_ru": "Битва у Дымовой Дыры",
        "descr_en": null,
        "descr_ru": null,
        "descr_html_en": null,
        "descr_html_ru": null,
        "url_en": null,
        "url_ru": null,
        "source_name": "TSR FRIA 2e",
        "source_url": "https://www.profantasy.com/fratlas/fratlashome.htm",
        "dnd_editions_str": "2e, 3e, 5e",
        "feature_levels_str": null,
        "extra_str": null,
        "location_en": "eastern Faerûn → Firepeaks",
        "name_alt_en_str": null,
        "location_ru": "восточный Фаэрун → Огненные Вершины",
        "name_alt_ru_str": null,
        "geog_extent_centroid_md": "35° 27′ 15″ N 030° 35′ 50″ E",
        "geog_extent_centroid_fria": "35° 27′ 15″ N 022° 53′ 02″ W",
        "geog_extent_area_sq_km": null,
        "geog_extent_area_sq_miles": null,
        "geog_extent_length_km": null,
        "geog_extent_length_miles": null,
        "geog_extent_perimeter_km": null,
        "geog_extent_perimeter_miles": null,
        "geog_extent_bbox_md": null,
        "geog_extent_bbox_fria": null,
        "name_it": "Battaglia di Fumaiolo",
        "name_abb_it": null,
        "label_it": "Battaglia di Fumaiolo",
        "descr_it": null,
        "descr_html_it": null,
        "url_it": null,
        "location_it": "Faerûn orientale → Picchi di Fuoco",
        "name_alt_it_str": null,
        "topical_tags": "",
        "related_location_tags": "",
        "related_cultures_tags": "",
        "related_factions_tags": ""
      },
      "geometry": {
        "type": "MultiPoint",
        "coordinates": [
          [
            -22.884141804581596,
            35.454204958827276
          ]
        ]
      }
    },
    {
      "type": "Feature",
      "properties": {
        "uuid": "a47f553d-1f73-4710-9610-e06cc8611899",
        "layer_id": "srf_civ_important_sites_pt",
        "timeframe": null,
        "feature_class": "Ruins",
        "feature_rank": 5,
        "is_visible": true,
        "is_labeled": true,
        "needs_review": false,
        "review_notes": "exclude from wiki link auto-ageneration",
        "img_url": null,
        "last_edited": "2026-07-13",
        "last_editor": "postgres",
        "name_en": "Ruins of Ordlin",
        "name_ru": "Руины Ордлина",
        "name_abb_en": null,
        "name_abb_ru": null,
        "label_en": "Ruins of Ordlin",
        "label_ru": "Руины Ордлина",
        "descr_en": null,
        "descr_ru": null,
        "descr_html_en": null,
        "descr_html_ru": null,
        "url_en": null,
        "url_ru": null,
        "source_name": "TSR FRIA 2e",
        "source_url": "https://www.profantasy.com/fratlas/fratlashome.htm",
        "dnd_editions_str": "2e, 3e, 5e",
        "feature_levels_str": null,
        "extra_str": null,
        "location_en": "central Faerûn → Shadovar → Anauroch",
        "name_alt_en_str": null,
        "location_ru": "центральный Фаэрун → Шадовар → Anauroch",
        "name_alt_ru_str": null,
        "geog_extent_centroid_md": "41° 03′ 30″ N 006° 10′ 04″ W",
        "geog_extent_centroid_fria": "41° 03′ 30″ N 059° 38′ 58″ W",
        "geog_extent_area_sq_km": null,
        "geog_extent_area_sq_miles": null,
        "geog_extent_length_km": null,
        "geog_extent_length_miles": null,
        "geog_extent_perimeter_km": null,
        "geog_extent_perimeter_miles": null,
        "geog_extent_bbox_md": null,
        "geog_extent_bbox_fria": null,
        "name_it": "Rovine di Ordlin",
        "name_abb_it": null,
        "label_it": "Rovine di Ordlin",
        "descr_it": null,
        "descr_html_it": null,
        "url_it": null,
        "location_it": "Faerûn centrale → Shadovar → Anauroch",
        "name_alt_it_str": null,
        "topical_tags": "",
        "related_location_tags": "",
        "related_cultures_tags": "",
        "related_factions_tags": ""
      },
      "geometry": {
        "type": "MultiPoint",
        "coordinates": [
          [
            -59.64945825651335,
            41.058372117607504
          ]
        ]
      }
    },
    {
      "type": "Feature",
      "properties": {
        "uuid": "a4828d64-c60a-4953-8b8b-40c0ce49c28b",
        "layer_id": "srf_civ_important_sites_pt",
        "timeframe": null,
        "feature_class": "Ruins",
        "feature_rank": 5,
        "is_visible": true,
        "is_labeled": true,
        "needs_review": false,
        "review_notes": null,
        "img_url": null,
        "last_edited": "2026-07-14",
        "last_editor": "postgres",
        "name_en": "Sulasspryn",
        "name_ru": "Сулассприн",
        "name_abb_en": null,
        "name_abb_ru": null,
        "label_en": "Sulasspryn",
        "label_ru": "Сулассприн",
        "descr_en": "A ruined city on the north coast of the Moonsea that collapsed into a sinkhole in 1307 DR due to plots by drow of House Mizzrym and a beholder. It was originally a stronghold founded by half-elven adventurer Sulass Drowsbane and later grew into a major seaport. After its fall, the ruins became a base for drow raiders and were infested with spiders.",
        "descr_ru": "Разрушенный город на северном побережье Лунного Моря, обрушившийся в карстовую воронку в 1307 году по ЛД из-за заговоров дроу из Дома Миззрим и наблюдателя. Изначально был крепостью, основанной полуэльфийским искателем приключений Сулассом Дроубейном, и позже вырос в крупный морской порт. После падения руины стали базой для рейдеров дроу и были наводнены пауками.",
        "descr_html_en": null,
        "descr_html_ru": null,
        "url_en": "https://forgottenrealms.fandom.com/wiki/Sulasspryn",
        "url_ru": null,
        "source_name": "TSR FRIA 2e",
        "source_url": "https://www.profantasy.com/fratlas/fratlashome.htm",
        "dnd_editions_str": "2e, 3e, 5e",
        "feature_levels_str": null,
        "extra_str": "topical_tags: [\"ruined city\", \"seaport\", \"sinkhole\", \"drow plot\", \"beholder plot\", \"moonsea\", \"underdark connection\", \"spider infestation\"] | related_cultures_tags: [\"Human\", \"Drow\", \"Duergar\"] | related_factions_tags: [\"House Mizzrym\", \"Zhentarim\", \"Cult of the Dragon\"] | related_location_tags: [\"Moonsea\", \"Galena Mountains\", \"Thar\", \"Vaasa\", \"Phlan\", \"Hillsfar\", \"Hulburg\", \"Mulmaster\"]",
        "location_en": "central Faerûn → Damara → West Galena Mountains",
        "name_alt_en_str": null,
        "location_ru": "центральный Фаэрун → Дамара → Западные Галенские Горы",
        "name_alt_ru_str": null,
        "geog_extent_centroid_md": "43° 04′ 51″ N 003° 51′ 08″ E",
        "geog_extent_centroid_fria": "43° 04′ 51″ N 049° 37′ 44″ W",
        "geog_extent_area_sq_km": null,
        "geog_extent_area_sq_miles": null,
        "geog_extent_length_km": null,
        "geog_extent_length_miles": null,
        "geog_extent_perimeter_km": null,
        "geog_extent_perimeter_miles": null,
        "geog_extent_bbox_md": null,
        "geog_extent_bbox_fria": null,
        "name_it": "Sulasspryn",
        "name_abb_it": null,
        "label_it": "Sulasspryn",
        "descr_it": "Una città in rovina sulla costa settentrionale del Mare della Luna che crollò in un inghiottitoio nel 1307 DR a causa di complotti dei drow di Casa Mizzrym e di un beholder. Era originariamente una roccaforte fondata dal mezzoelfo avventuriero Sulass Mietitore di Drow e in seguito crebbe fino a diventare un importante porto marittimo. Dopo la sua caduta, le rovine divennero una base per predoni drow e furono infestate da ragni.",
        "descr_html_it": null,
        "url_it": null,
        "location_it": "Faerûn centrale → Damara → Monti Galena Occidentali",
        "name_alt_it_str": null,
        "topical_tags": "ruined city, seaport, sinkhole, drow plot, beholder plot, moonsea, underdark connection, spider infestation",
        "related_location_tags": "Moonsea, Galena Mountains, Thar, Vaasa, Phlan, Hillsfar, Hulburg, Mulmaster",
        "related_cultures_tags": "Human, Drow, Duergar",
        "related_factions_tags": "House Mizzrym, Zhentarim, Cult of the Dragon"
      },
      "geometry": {
        "type": "MultiPoint",
        "coordinates": [
          [
            -49.629075059938266,
            43.08097949307531
          ]
        ]
      }
    },
    {
      "type": "Feature",
      "properties": {
        "uuid": "a4865a37-f9c3-4570-8da5-9c1f7b437150",
        "layer_id": "srf_civ_important_sites_pt",
        "timeframe": null,
        "feature_class": "Ruins",
        "feature_rank": 5,
        "is_visible": true,
        "is_labeled": true,
        "needs_review": false,
        "review_notes": null,
        "img_url": null,
        "last_edited": "2026-07-13",
        "last_editor": "postgres",
        "name_en": "unnamed",
        "name_ru": null,
        "name_abb_en": null,
        "name_abb_ru": null,
        "label_en": null,
        "label_ru": null,
        "descr_en": null,
        "descr_ru": null,
        "descr_html_en": null,
        "descr_html_ru": null,
        "url_en": null,
        "url_ru": null,
        "source_name": "TSR FRIA 2e",
        "source_url": "https://www.profantasy.com/fratlas/fratlashome.htm",
        "dnd_editions_str": "2e, 3e, 5e",
        "feature_levels_str": null,
        "extra_str": null,
        "location_en": "south-eastern Zakhara",
        "name_alt_en_str": null,
        "location_ru": "юго-восточный Захара",
        "name_alt_ru_str": null,
        "geog_extent_centroid_md": "17° 09′ 28″ S 033° 58′ 30″ E",
        "geog_extent_centroid_fria": "17° 09′ 28″ S 019° 30′ 22″ W",
        "geog_extent_area_sq_km": null,
        "geog_extent_area_sq_miles": null,
        "geog_extent_length_km": null,
        "geog_extent_length_miles": null,
        "geog_extent_perimeter_km": null,
        "geog_extent_perimeter_miles": null,
        "geog_extent_bbox_md": null,
        "geog_extent_bbox_fria": null,
        "name_it": null,
        "name_abb_it": null,
        "label_it": null,
        "descr_it": null,
        "descr_html_it": null,
        "url_it": null,
        "location_it": "Zakhara sud-orientale",
        "name_alt_it_str": null,
        "topical_tags": "",
        "related_location_tags": "",
        "related_cultures_tags": "",
        "related_factions_tags": ""
      },
      "geometry": {
        "type": "MultiPoint",
        "coordinates": [
          [
            -19.50638775240683,
            -17.158024095294966
          ]
        ]
      }
    },
    {
      "type": "Feature",
      "properties": {
        "uuid": "a61065bf-68db-4d34-876a-3be38bd15511",
        "layer_id": "srf_civ_important_sites_pt",
        "timeframe": null,
        "feature_class": "Battlefield",
        "feature_rank": 5,
        "is_visible": true,
        "is_labeled": true,
        "needs_review": false,
        "review_notes": null,
        "img_url": null,
        "last_edited": "2026-07-13",
        "last_editor": "postgres",
        "name_en": "unnamed",
        "name_ru": null,
        "name_abb_en": null,
        "name_abb_ru": null,
        "label_en": null,
        "label_ru": null,
        "descr_en": null,
        "descr_ru": null,
        "descr_html_en": null,
        "descr_html_ru": null,
        "url_en": null,
        "url_ru": null,
        "source_name": "TSR FRIA 2e",
        "source_url": "https://www.profantasy.com/fratlas/fratlashome.htm",
        "dnd_editions_str": "2e, 3e, 5e",
        "feature_levels_str": null,
        "extra_str": null,
        "location_en": "western Zakhara → unnamed",
        "name_alt_en_str": null,
        "location_ru": "западный Захара → unnamed",
        "name_alt_ru_str": null,
        "geog_extent_centroid_md": "08° 20′ 48″ S 018° 49′ 18″ E",
        "geog_extent_centroid_fria": "08° 20′ 48″ S 034° 39′ 34″ W",
        "geog_extent_area_sq_km": null,
        "geog_extent_area_sq_miles": null,
        "geog_extent_length_km": null,
        "geog_extent_length_miles": null,
        "geog_extent_perimeter_km": null,
        "geog_extent_perimeter_miles": null,
        "geog_extent_bbox_md": null,
        "geog_extent_bbox_fria": null,
        "name_it": null,
        "name_abb_it": null,
        "label_it": null,
        "descr_it": null,
        "descr_html_it": null,
        "url_it": null,
        "location_it": "Zakhara occidentale → unnamed",
        "name_alt_it_str": null,
        "topical_tags": "",
        "related_location_tags": "",
        "related_cultures_tags": "",
        "related_factions_tags": ""
      },
      "geometry": {
        "type": "MultiPoint",
        "coordinates": [
          [
            -34.65968091446153,
            -8.346943839723766
          ]
        ]
      }
    },
    {
      "type": "Feature",
      "properties": {
        "uuid": "a657f6ed-3f33-4011-942e-14d9bd98095a",
        "layer_id": "srf_civ_important_sites_pt",
        "timeframe": null,
        "feature_class": "Other",
        "feature_rank": 5,
        "is_visible": true,
        "is_labeled": true,
        "needs_review": false,
        "review_notes": "exclude from wiki link auto-ageneration",
        "img_url": null,
        "last_edited": "2026-07-13",
        "last_editor": "postgres",
        "name_en": "Karoah",
        "name_ru": "Кароа",
        "name_abb_en": null,
        "name_abb_ru": null,
        "label_en": "Karoah",
        "label_ru": "Кароа",
        "descr_en": null,
        "descr_ru": null,
        "descr_html_en": null,
        "descr_html_ru": null,
        "url_en": null,
        "url_ru": null,
        "source_name": "TSR FRIA 2e",
        "source_url": "https://www.profantasy.com/fratlas/fratlashome.htm",
        "dnd_editions_str": "2e, 3e, 5e",
        "feature_levels_str": null,
        "extra_str": null,
        "location_en": "north-western Kara-Tur → unnamed",
        "name_alt_en_str": null,
        "location_ru": "северо-западный Кара-Тур → unnamed",
        "name_alt_ru_str": null,
        "geog_extent_centroid_md": "47° 06′ 33″ N 067° 33′ 41″ E",
        "geog_extent_centroid_fria": "47° 06′ 33″ N 014° 04′ 48″ E",
        "geog_extent_area_sq_km": null,
        "geog_extent_area_sq_miles": null,
        "geog_extent_length_km": null,
        "geog_extent_length_miles": null,
        "geog_extent_perimeter_km": null,
        "geog_extent_perimeter_miles": null,
        "geog_extent_bbox_md": null,
        "geog_extent_bbox_fria": null,
        "name_it": "Karoah",
        "name_abb_it": null,
        "label_it": "Karoah",
        "descr_it": null,
        "descr_html_it": null,
        "url_it": null,
        "location_it": "Kara-Tur nord-occidentale → unnamed",
        "name_alt_it_str": null,
        "topical_tags": "",
        "related_location_tags": "",
        "related_cultures_tags": "",
        "related_factions_tags": ""
      },
      "geometry": {
        "type": "MultiPoint",
        "coordinates": [
          [
            14.080077961493437,
            47.10925426568222
          ]
        ]
      }
    },
    {
      "type": "Feature",
      "properties": {
        "uuid": "a6b0a4c6-e901-444b-ae8e-b7ab59ca6fb5",
        "layer_id": "srf_civ_important_sites_pt",
        "timeframe": null,
        "feature_class": "Fortification",
        "feature_rank": 5,
        "is_visible": true,
        "is_labeled": true,
        "needs_review": false,
        "review_notes": null,
        "img_url": null,
        "last_edited": "2026-07-14",
        "last_editor": "postgres",
        "name_en": "Haunted Halls",
        "name_ru": "Проклятые Чертоги",
        "name_abb_en": null,
        "name_abb_ru": null,
        "label_en": "Haunted Halls",
        "label_ru": "Проклятые Чертоги",
        "descr_en": "A former bandit stronghold built by dwarves in the Starwater Gorge of Cormyr, later infested with monsters and undead due to violent deaths.",
        "descr_ru": "Бывшее логово бандитов, построенное дварфами в Ущелье Звёздной Воды в Кормире, позже заражённое монстрами и нежитью из-за насильственных смертей.",
        "descr_html_en": null,
        "descr_html_ru": null,
        "url_en": "https://forgottenrealms.fandom.com/wiki/Haunted_Halls",
        "url_ru": null,
        "source_name": "TSR FRIA 2e",
        "source_url": "https://www.profantasy.com/fratlas/fratlashome.htm",
        "dnd_editions_str": "2e, 3e, 5e",
        "feature_levels_str": null,
        "extra_str": "topical_tags: [\"bandit_hold\", \"dwarven-built\", \"undead\", \"adventuring_site\", \"haunted\"] | related_cultures_tags: [\"dwarves\"] | related_factions_tags: [\"Knights of Myth Drannor\"] | related_location_tags: [\"Starwater Gorge\", \"Cormyr\", \"Esparin\"]",
        "location_en": "central Faerûn → Cormyr",
        "name_alt_en_str": null,
        "location_ru": "центральный Фаэрун → Кормир",
        "name_alt_ru_str": null,
        "geog_extent_centroid_md": "38° 26′ 39″ N 006° 17′ 52″ W",
        "geog_extent_centroid_fria": "38° 26′ 39″ N 059° 46′ 45″ W",
        "geog_extent_area_sq_km": null,
        "geog_extent_area_sq_miles": null,
        "geog_extent_length_km": null,
        "geog_extent_length_miles": null,
        "geog_extent_perimeter_km": null,
        "geog_extent_perimeter_miles": null,
        "geog_extent_bbox_md": null,
        "geog_extent_bbox_fria": null,
        "name_it": "Sale Infestate",
        "name_abb_it": null,
        "label_it": "Sale Infestate",
        "descr_it": "Le Sale Infestate sono un'ex roccaforte di briganti costruita dai nani nella Gola di Starwater in Cormyr, in seguito infestata da mostri e non morti a causa di morti violente.",
        "descr_html_it": null,
        "url_it": null,
        "location_it": "Faerûn centrale → Cormyr",
        "name_alt_it_str": null,
        "topical_tags": "bandit_hold, dwarven-built, undead, adventuring_site, haunted",
        "related_location_tags": "Starwater Gorge, Cormyr, Esparin",
        "related_cultures_tags": "dwarves",
        "related_factions_tags": "Knights of Myth Drannor"
      },
      "geometry": {
        "type": "MultiPoint",
        "coordinates": [
          [
            -59.77932084904992,
            38.44443395170058
          ]
        ]
      }
    },
    {
      "type": "Feature",
      "properties": {
        "uuid": "a8c3c466-7c55-4fe8-8521-897e60100110",
        "layer_id": "srf_civ_important_sites_pt",
        "timeframe": null,
        "feature_class": "Unclassified",
        "feature_rank": 5,
        "is_visible": true,
        "is_labeled": true,
        "needs_review": false,
        "review_notes": null,
        "img_url": null,
        "last_edited": "2026-07-13",
        "last_editor": "postgres",
        "name_en": "unnamed",
        "name_ru": null,
        "name_abb_en": null,
        "name_abb_ru": null,
        "label_en": null,
        "label_ru": null,
        "descr_en": null,
        "descr_ru": null,
        "descr_html_en": null,
        "descr_html_ru": null,
        "url_en": null,
        "url_ru": null,
        "source_name": "TSR FRIA 2e",
        "source_url": "https://www.profantasy.com/fratlas/fratlashome.htm",
        "dnd_editions_str": "2e, 3e, 5e",
        "feature_levels_str": null,
        "extra_str": null,
        "location_en": "southern Zakhara → unnamed",
        "name_alt_en_str": null,
        "location_ru": "южный Захара → unnamed",
        "name_alt_ru_str": null,
        "geog_extent_centroid_md": "17° 36′ 59″ S 028° 32′ 23″ E",
        "geog_extent_centroid_fria": "17° 36′ 59″ S 024° 56′ 30″ W",
        "geog_extent_area_sq_km": null,
        "geog_extent_area_sq_miles": null,
        "geog_extent_length_km": null,
        "geog_extent_length_miles": null,
        "geog_extent_perimeter_km": null,
        "geog_extent_perimeter_miles": null,
        "geog_extent_bbox_md": null,
        "geog_extent_bbox_fria": null,
        "name_it": null,
        "name_abb_it": null,
        "label_it": null,
        "descr_it": null,
        "descr_html_it": null,
        "url_it": null,
        "location_it": "Zakhara meridionale → unnamed",
        "name_alt_it_str": null,
        "topical_tags": "",
        "related_location_tags": "",
        "related_cultures_tags": "",
        "related_factions_tags": ""
      },
      "geometry": {
        "type": "MultiPoint",
        "coordinates": [
          [
            -24.941704275111338,
            -17.616426478543087
          ]
        ]
      }
    },
    {
      "type": "Feature",
      "properties": {
        "uuid": "ab046533-3c08-4022-aeb3-43172f9e9880",
        "layer_id": "srf_civ_important_sites_pt",
        "timeframe": null,
        "feature_class": "Fortification",
        "feature_rank": 5,
        "is_visible": true,
        "is_labeled": true,
        "needs_review": false,
        "review_notes": null,
        "img_url": null,
        "last_edited": "2026-07-13",
        "last_editor": "postgres",
        "name_en": "unnamed",
        "name_ru": null,
        "name_abb_en": null,
        "name_abb_ru": null,
        "label_en": null,
        "label_ru": null,
        "descr_en": null,
        "descr_ru": null,
        "descr_html_en": null,
        "descr_html_ru": null,
        "url_en": null,
        "url_ru": null,
        "source_name": "TSR FRIA 2e",
        "source_url": "https://www.profantasy.com/fratlas/fratlashome.htm",
        "dnd_editions_str": "2e, 3e, 5e",
        "feature_levels_str": null,
        "extra_str": null,
        "location_en": "western Zakhara → Furrowed Mountains",
        "name_alt_en_str": null,
        "location_ru": "западный Захара → Бороздчатые Горы",
        "name_alt_ru_str": null,
        "geog_extent_centroid_md": "07° 15′ 08″ S 021° 14′ 18″ E",
        "geog_extent_centroid_fria": "07° 15′ 08″ S 032° 14′ 34″ W",
        "geog_extent_area_sq_km": null,
        "geog_extent_area_sq_miles": null,
        "geog_extent_length_km": null,
        "geog_extent_length_miles": null,
        "geog_extent_perimeter_km": null,
        "geog_extent_perimeter_miles": null,
        "geog_extent_bbox_md": null,
        "geog_extent_bbox_fria": null,
        "name_it": null,
        "name_abb_it": null,
        "label_it": null,
        "descr_it": null,
        "descr_html_it": null,
        "url_it": null,
        "location_it": "Zakhara occidentale → Montagne Solcate",
        "name_alt_it_str": null,
        "topical_tags": "",
        "related_location_tags": "",
        "related_cultures_tags": "",
        "related_factions_tags": ""
      },
      "geometry": {
        "type": "MultiPoint",
        "coordinates": [
          [
            -32.24291873926342,
            -7.252420570413856
          ]
        ]
      }
    },
    {
      "type": "Feature",
      "properties": {
        "uuid": "ab1bf880-758d-4bc4-ac91-186f3ccb0eb2",
        "layer_id": "srf_civ_important_sites_pt",
        "timeframe": null,
        "feature_class": "Fortification",
        "feature_rank": 5,
        "is_visible": true,
        "is_labeled": true,
        "needs_review": false,
        "review_notes": "exclude from wiki link auto-ageneration",
        "img_url": null,
        "last_edited": "2026-07-13",
        "last_editor": "postgres",
        "name_en": "Dar al Kalif",
        "name_ru": "Дар аль Калиф",
        "name_abb_en": null,
        "name_abb_ru": null,
        "label_en": "Dar al Kalif",
        "label_ru": "Дар аль Калиф",
        "descr_en": null,
        "descr_ru": null,
        "descr_html_en": null,
        "descr_html_ru": null,
        "url_en": null,
        "url_ru": null,
        "source_name": "TSR FRIA 2e",
        "source_url": "https://www.profantasy.com/fratlas/fratlashome.htm",
        "dnd_editions_str": "2e, 3e, 5e",
        "feature_levels_str": null,
        "extra_str": null,
        "location_en": "eastern Faerûn → Mulhorand",
        "name_alt_en_str": null,
        "location_ru": "восточный Фаэрун → Мулхоранд",
        "name_alt_ru_str": null,
        "geog_extent_centroid_md": "29° 24′ 33″ N 030° 43′ 27″ E",
        "geog_extent_centroid_fria": "29° 24′ 33″ N 022° 45′ 25″ W",
        "geog_extent_area_sq_km": null,
        "geog_extent_area_sq_miles": null,
        "geog_extent_length_km": null,
        "geog_extent_length_miles": null,
        "geog_extent_perimeter_km": null,
        "geog_extent_perimeter_miles": null,
        "geog_extent_bbox_md": null,
        "geog_extent_bbox_fria": null,
        "name_it": "Dar al Kalif",
        "name_abb_it": null,
        "label_it": "Dar al Kalif",
        "descr_it": null,
        "descr_html_it": null,
        "url_it": null,
        "location_it": "Faerûn orientale → Mulhorand",
        "name_alt_it_str": null,
        "topical_tags": "",
        "related_location_tags": "",
        "related_cultures_tags": "",
        "related_factions_tags": ""
      },
      "geometry": {
        "type": "MultiPoint",
        "coordinates": [
          [
            -22.757081992011937,
            29.409242259544058
          ]
        ]
      }
    },
    {
      "type": "Feature",
      "properties": {
        "uuid": "ab6ec021-aaf4-4c3d-b6b5-0445a75aedac",
        "layer_id": "srf_civ_important_sites_pt",
        "timeframe": null,
        "feature_class": "Fortification",
        "feature_rank": 5,
        "is_visible": true,
        "is_labeled": true,
        "needs_review": false,
        "review_notes": null,
        "img_url": null,
        "last_edited": "2026-07-13",
        "last_editor": "postgres",
        "name_en": "unnamed",
        "name_ru": null,
        "name_abb_en": null,
        "name_abb_ru": null,
        "label_en": null,
        "label_ru": null,
        "descr_en": null,
        "descr_ru": null,
        "descr_html_en": null,
        "descr_html_ru": null,
        "url_en": null,
        "url_ru": null,
        "source_name": "TSR FRIA 2e",
        "source_url": "https://www.profantasy.com/fratlas/fratlashome.htm",
        "dnd_editions_str": "2e, 3e, 5e",
        "feature_levels_str": null,
        "extra_str": null,
        "location_en": "western Zakhara",
        "name_alt_en_str": null,
        "location_ru": "западный Захара",
        "name_alt_ru_str": null,
        "geog_extent_centroid_md": "08° 43′ 47″ S 023° 19′ 52″ E",
        "geog_extent_centroid_fria": "08° 43′ 47″ S 030° 09′ 00″ W",
        "geog_extent_area_sq_km": null,
        "geog_extent_area_sq_miles": null,
        "geog_extent_length_km": null,
        "geog_extent_length_miles": null,
        "geog_extent_perimeter_km": null,
        "geog_extent_perimeter_miles": null,
        "geog_extent_bbox_md": null,
        "geog_extent_bbox_fria": null,
        "name_it": null,
        "name_abb_it": null,
        "label_it": null,
        "descr_it": null,
        "descr_html_it": null,
        "url_it": null,
        "location_it": "Zakhara occidentale",
        "name_alt_it_str": null,
        "topical_tags": "",
        "related_location_tags": "",
        "related_cultures_tags": "",
        "related_factions_tags": ""
      },
      "geometry": {
        "type": "MultiPoint",
        "coordinates": [
          [
            -30.15024344579689,
            -8.729964430370341
          ]
        ]
      }
    },
    {
      "type": "Feature",
      "properties": {
        "uuid": "ac41b0ba-20dc-4a20-8f86-8071528d97b2",
        "layer_id": "srf_civ_important_sites_pt",
        "timeframe": null,
        "feature_class": "Ruins",
        "feature_rank": 5,
        "is_visible": true,
        "is_labeled": true,
        "needs_review": false,
        "review_notes": "exclude from wiki link auto-ageneration",
        "img_url": null,
        "last_edited": "2026-07-13",
        "last_editor": "postgres",
        "name_en": "Dyogo",
        "name_ru": "Дього",
        "name_abb_en": null,
        "name_abb_ru": null,
        "label_en": "Dyogo",
        "label_ru": "Дього",
        "descr_en": null,
        "descr_ru": null,
        "descr_html_en": null,
        "descr_html_ru": null,
        "url_en": null,
        "url_ru": null,
        "source_name": "TSR FRIA 2e",
        "source_url": "https://www.profantasy.com/fratlas/fratlashome.htm",
        "dnd_editions_str": "2e, 3e, 5e",
        "feature_levels_str": null,
        "extra_str": null,
        "location_en": "northern Celestial Sea → Ikuyu Mountains",
        "name_alt_en_str": null,
        "location_ru": "северный Небесное море → Горы Икуйю",
        "name_alt_ru_str": null,
        "geog_extent_centroid_md": "32° 28′ 19″ N 085° 23′ 53″ E",
        "geog_extent_centroid_fria": "32° 28′ 19″ N 031° 54′ 59″ E",
        "geog_extent_area_sq_km": null,
        "geog_extent_area_sq_miles": null,
        "geog_extent_length_km": null,
        "geog_extent_length_miles": null,
        "geog_extent_perimeter_km": null,
        "geog_extent_perimeter_miles": null,
        "geog_extent_bbox_md": null,
        "geog_extent_bbox_fria": null,
        "name_it": "Dyogo",
        "name_abb_it": null,
        "label_it": "Dyogo",
        "descr_it": null,
        "descr_html_it": null,
        "url_it": null,
        "location_it": "Mare Celeste settentrionale → Montagne Ikuyu",
        "name_alt_it_str": null,
        "topical_tags": "",
        "related_location_tags": "",
        "related_cultures_tags": "",
        "related_factions_tags": ""
      },
      "geometry": {
        "type": "MultiPoint",
        "coordinates": [
          [
            31.91662547474589,
            32.472219778226574
          ]
        ]
      }
    },
    {
      "type": "Feature",
      "properties": {
        "uuid": "ac59f822-a89b-4684-9feb-80d08ee6827a",
        "layer_id": "srf_civ_important_sites_pt",
        "timeframe": null,
        "feature_class": "Other",
        "feature_rank": 3,
        "is_visible": true,
        "is_labeled": true,
        "needs_review": false,
        "review_notes": "exclude from wiki link auto-ageneration",
        "img_url": null,
        "last_edited": "2026-07-13",
        "last_editor": "postgres",
        "name_en": "Elvas's Lighthouse",
        "name_ru": "Маяк Эльваса",
        "name_abb_en": null,
        "name_abb_ru": null,
        "label_en": "Elvas's Lighthouse",
        "label_ru": "Маяк Эльваса",
        "descr_en": null,
        "descr_ru": null,
        "descr_html_en": null,
        "descr_html_ru": null,
        "url_en": null,
        "url_ru": null,
        "source_name": "TSR FRIA 2e",
        "source_url": "https://www.profantasy.com/fratlas/fratlashome.htm",
        "dnd_editions_str": "2e, 3e, 5e",
        "feature_levels_str": null,
        "extra_str": null,
        "location_en": "central Faerûn → Dalelands",
        "name_alt_en_str": null,
        "location_ru": "центральный Фаэрун → Долины",
        "name_alt_ru_str": null,
        "geog_extent_centroid_md": "42° 14′ 20″ N 001° 40′ 04″ E",
        "geog_extent_centroid_fria": "42° 14′ 20″ N 051° 48′ 48″ W",
        "geog_extent_area_sq_km": null,
        "geog_extent_area_sq_miles": null,
        "geog_extent_length_km": null,
        "geog_extent_length_miles": null,
        "geog_extent_perimeter_km": null,
        "geog_extent_perimeter_miles": null,
        "geog_extent_bbox_md": null,
        "geog_extent_bbox_fria": null,
        "name_it": "Faro di Elvas",
        "name_abb_it": null,
        "label_it": "Faro di Elvas",
        "descr_it": null,
        "descr_html_it": null,
        "url_it": null,
        "location_it": "Faerûn centrale → Valli",
        "name_alt_it_str": null,
        "topical_tags": "",
        "related_location_tags": "",
        "related_cultures_tags": "",
        "related_factions_tags": ""
      },
      "geometry": {
        "type": "MultiPoint",
        "coordinates": [
          [
            -51.81350549677851,
            42.23892237089703
          ]
        ]
      }
    },
    {
      "type": "Feature",
      "properties": {
        "uuid": "adfa85b4-ea29-4def-84da-871b525f26de",
        "layer_id": "srf_civ_important_sites_pt",
        "timeframe": null,
        "feature_class": "Fortification",
        "feature_rank": 5,
        "is_visible": true,
        "is_labeled": true,
        "needs_review": false,
        "review_notes": null,
        "img_url": null,
        "last_edited": "2026-07-13",
        "last_editor": "postgres",
        "name_en": "unnamed",
        "name_ru": null,
        "name_abb_en": null,
        "name_abb_ru": null,
        "label_en": null,
        "label_ru": null,
        "descr_en": null,
        "descr_ru": null,
        "descr_html_en": null,
        "descr_html_ru": null,
        "url_en": null,
        "url_ru": null,
        "source_name": "TSR FRIA 2e",
        "source_url": "https://www.profantasy.com/fratlas/fratlashome.htm",
        "dnd_editions_str": "2e, 3e, 5e",
        "feature_levels_str": null,
        "extra_str": null,
        "location_en": "south-western Zakhara → unnamed",
        "name_alt_en_str": null,
        "location_ru": "юго-западный Захара → unnamed",
        "name_alt_ru_str": null,
        "geog_extent_centroid_md": "18° 17′ 38″ S 021° 41′ 48″ E",
        "geog_extent_centroid_fria": "18° 17′ 38″ S 031° 47′ 04″ W",
        "geog_extent_area_sq_km": null,
        "geog_extent_area_sq_miles": null,
        "geog_extent_length_km": null,
        "geog_extent_length_miles": null,
        "geog_extent_perimeter_km": null,
        "geog_extent_perimeter_miles": null,
        "geog_extent_bbox_md": null,
        "geog_extent_bbox_fria": null,
        "name_it": null,
        "name_abb_it": null,
        "label_it": null,
        "descr_it": null,
        "descr_html_it": null,
        "url_it": null,
        "location_it": "Zakhara sud-occidentale → unnamed",
        "name_alt_it_str": null,
        "topical_tags": "",
        "related_location_tags": "",
        "related_cultures_tags": "",
        "related_factions_tags": ""
      },
      "geometry": {
        "type": "MultiPoint",
        "coordinates": [
          [
            -31.784567292243118,
            -18.293930090173546
          ]
        ]
      }
    },
    {
      "type": "Feature",
      "properties": {
        "uuid": "ae07669a-4038-4dfd-9628-dc6d0570e93c",
        "layer_id": "srf_civ_important_sites_pt",
        "timeframe": null,
        "feature_class": "Battlefield",
        "feature_rank": 5,
        "is_visible": true,
        "is_labeled": true,
        "needs_review": false,
        "review_notes": "exclude from wiki link auto-ageneration",
        "img_url": null,
        "last_edited": "2026-07-13",
        "last_editor": "postgres",
        "name_en": "2nd Mulhorand War",
        "name_ru": "Вторая Мулхорандская Война",
        "name_abb_en": null,
        "name_abb_ru": null,
        "label_en": "2nd Mulhorand War",
        "label_ru": "Вторая Мулхорандская Война",
        "descr_en": null,
        "descr_ru": null,
        "descr_html_en": null,
        "descr_html_ru": null,
        "url_en": null,
        "url_ru": null,
        "source_name": "TSR FRIA 2e",
        "source_url": "https://www.profantasy.com/fratlas/fratlashome.htm",
        "dnd_editions_str": "2e, 3e, 5e",
        "feature_levels_str": null,
        "extra_str": null,
        "location_en": "eastern Faerûn → Mulhorand",
        "name_alt_en_str": null,
        "location_ru": "восточный Фаэрун → Мулхоранд",
        "name_alt_ru_str": null,
        "geog_extent_centroid_md": "30° 34′ 13″ N 027° 48′ 07″ E",
        "geog_extent_centroid_fria": "30° 34′ 13″ N 025° 40′ 46″ W",
        "geog_extent_area_sq_km": null,
        "geog_extent_area_sq_miles": null,
        "geog_extent_length_km": null,
        "geog_extent_length_miles": null,
        "geog_extent_perimeter_km": null,
        "geog_extent_perimeter_miles": null,
        "geog_extent_bbox_md": null,
        "geog_extent_bbox_fria": null,
        "name_it": "Seconda Guerra di Mulhorand",
        "name_abb_it": null,
        "label_it": "Seconda Guerra di Mulhorand",
        "descr_it": null,
        "descr_html_it": null,
        "url_it": null,
        "location_it": "Faerûn orientale → Mulhorand",
        "name_alt_it_str": null,
        "topical_tags": "",
        "related_location_tags": "",
        "related_cultures_tags": "",
        "related_factions_tags": ""
      },
      "geometry": {
        "type": "MultiPoint",
        "coordinates": [
          [
            -25.67945768111385,
            30.57029404395858
          ]
        ]
      }
    },
    {
      "type": "Feature",
      "properties": {
        "uuid": "af0d05fb-c6cd-4418-bd5f-4d0f22804f2e",
        "layer_id": "srf_civ_important_sites_pt",
        "timeframe": null,
        "feature_class": "Ruins",
        "feature_rank": 5,
        "is_visible": true,
        "is_labeled": true,
        "needs_review": false,
        "review_notes": "exclude from wiki link auto-ageneration",
        "img_url": null,
        "last_edited": "2026-07-13",
        "last_editor": "postgres",
        "name_en": "Ruins of Chonis' Temple",
        "name_ru": "Руины Храма Хониса",
        "name_abb_en": null,
        "name_abb_ru": null,
        "label_en": "Ruins of Chonis' Temple",
        "label_ru": "Руины Храма Хониса",
        "descr_en": null,
        "descr_ru": null,
        "descr_html_en": null,
        "descr_html_ru": null,
        "url_en": null,
        "url_ru": null,
        "source_name": "TSR FRIA 2e",
        "source_url": "https://www.profantasy.com/fratlas/fratlashome.htm",
        "dnd_editions_str": "2e, 3e, 5e",
        "feature_levels_str": null,
        "extra_str": null,
        "location_en": "western Faerûn → Cormyr → Storm Horn Mountains",
        "name_alt_en_str": null,
        "location_ru": "западный Фаэрун → Кормир → Горы Штормовых Рогов",
        "name_alt_ru_str": null,
        "geog_extent_centroid_md": "38° 13′ 27″ N 007° 53′ 08″ W",
        "geog_extent_centroid_fria": "38° 13′ 27″ N 061° 22′ 01″ W",
        "geog_extent_area_sq_km": null,
        "geog_extent_area_sq_miles": null,
        "geog_extent_length_km": null,
        "geog_extent_length_miles": null,
        "geog_extent_perimeter_km": null,
        "geog_extent_perimeter_miles": null,
        "geog_extent_bbox_md": null,
        "geog_extent_bbox_fria": null,
        "name_it": "Rovine del Tempio di Chonis",
        "name_abb_it": null,
        "label_it": "Rovine del Tempio di Chonis",
        "descr_it": null,
        "descr_html_it": null,
        "url_it": null,
        "location_it": "Faerûn occidentale → Cormyr → Montagne del Corno della Tempesta",
        "name_alt_it_str": null,
        "topical_tags": "",
        "related_location_tags": "",
        "related_cultures_tags": "",
        "related_factions_tags": ""
      },
      "geometry": {
        "type": "MultiPoint",
        "coordinates": [
          [
            -61.367064727346516,
            38.22435215723435
          ]
        ]
      }
    },
    {
      "type": "Feature",
      "properties": {
        "uuid": "b0428a5b-9205-4bd7-80ba-b56700514ee2",
        "layer_id": "srf_civ_important_sites_pt",
        "timeframe": null,
        "feature_class": "Ruins",
        "feature_rank": 5,
        "is_visible": true,
        "is_labeled": true,
        "needs_review": false,
        "review_notes": null,
        "img_url": null,
        "last_edited": "2026-07-13",
        "last_editor": "postgres",
        "name_en": "unnamed",
        "name_ru": null,
        "name_abb_en": null,
        "name_abb_ru": null,
        "label_en": null,
        "label_ru": null,
        "descr_en": null,
        "descr_ru": null,
        "descr_html_en": null,
        "descr_html_ru": null,
        "url_en": null,
        "url_ru": null,
        "source_name": "TSR FRIA 2e",
        "source_url": "https://www.profantasy.com/fratlas/fratlashome.htm",
        "dnd_editions_str": "2e, 3e, 5e",
        "feature_levels_str": null,
        "extra_str": null,
        "location_en": "eastern Zakhara → unnamed",
        "name_alt_en_str": null,
        "location_ru": "восточный Захара → unnamed",
        "name_alt_ru_str": null,
        "geog_extent_centroid_md": "13° 45′ 15″ S 040° 20′ 18″ E",
        "geog_extent_centroid_fria": "13° 45′ 15″ S 013° 08′ 34″ W",
        "geog_extent_area_sq_km": null,
        "geog_extent_area_sq_miles": null,
        "geog_extent_length_km": null,
        "geog_extent_length_miles": null,
        "geog_extent_perimeter_km": null,
        "geog_extent_perimeter_miles": null,
        "geog_extent_bbox_md": null,
        "geog_extent_bbox_fria": null,
        "name_it": null,
        "name_abb_it": null,
        "label_it": null,
        "descr_it": null,
        "descr_html_it": null,
        "url_it": null,
        "location_it": "Zakhara orientale → unnamed",
        "name_alt_it_str": null,
        "topical_tags": "",
        "related_location_tags": "",
        "related_cultures_tags": "",
        "related_factions_tags": ""
      },
      "geometry": {
        "type": "MultiPoint",
        "coordinates": [
          [
            -13.143039977407414,
            -13.754421615804374
          ]
        ]
      }
    },
    {
      "type": "Feature",
      "properties": {
        "uuid": "b09ba655-01df-4ef6-8d5c-38eea8bb11c7",
        "layer_id": "srf_civ_important_sites_pt",
        "timeframe": null,
        "feature_class": "Fortification",
        "feature_rank": 5,
        "is_visible": true,
        "is_labeled": true,
        "needs_review": false,
        "review_notes": null,
        "img_url": null,
        "last_edited": "2026-07-13",
        "last_editor": "postgres",
        "name_en": "unnamed",
        "name_ru": null,
        "name_abb_en": null,
        "name_abb_ru": null,
        "label_en": null,
        "label_ru": null,
        "descr_en": null,
        "descr_ru": null,
        "descr_html_en": null,
        "descr_html_ru": null,
        "url_en": null,
        "url_ru": null,
        "source_name": "TSR FRIA 2e",
        "source_url": "https://www.profantasy.com/fratlas/fratlashome.htm",
        "dnd_editions_str": "2e, 3e, 5e",
        "feature_levels_str": null,
        "extra_str": null,
        "location_en": "central Zakhara → Spine of the Dog",
        "name_alt_en_str": null,
        "location_ru": "центральный Захара → Spine of the Dog",
        "name_alt_ru_str": null,
        "geog_extent_centroid_md": "11° 40′ 25″ S 025° 13′ 46″ E",
        "geog_extent_centroid_fria": "11° 40′ 25″ S 028° 15′ 07″ W",
        "geog_extent_area_sq_km": null,
        "geog_extent_area_sq_miles": null,
        "geog_extent_length_km": null,
        "geog_extent_length_miles": null,
        "geog_extent_perimeter_km": null,
        "geog_extent_perimeter_miles": null,
        "geog_extent_bbox_md": null,
        "geog_extent_bbox_fria": null,
        "name_it": null,
        "name_abb_it": null,
        "label_it": null,
        "descr_it": null,
        "descr_html_it": null,
        "url_it": null,
        "location_it": "Zakhara centrale → Spine of the Dog",
        "name_alt_it_str": null,
        "topical_tags": "",
        "related_location_tags": "",
        "related_cultures_tags": "",
        "related_factions_tags": ""
      },
      "geometry": {
        "type": "MultiPoint",
        "coordinates": [
          [
            -28.252020281369262,
            -11.673785987039462
          ]
        ]
      }
    },
    {
      "type": "Feature",
      "properties": {
        "uuid": "b11368f9-7a72-43f5-87bd-d10470b0554f",
        "layer_id": "srf_civ_important_sites_pt",
        "timeframe": null,
        "feature_class": "Ruins",
        "feature_rank": 5,
        "is_visible": true,
        "is_labeled": true,
        "needs_review": false,
        "review_notes": null,
        "img_url": null,
        "last_edited": "2026-07-13",
        "last_editor": "postgres",
        "name_en": "unnamed",
        "name_ru": null,
        "name_abb_en": null,
        "name_abb_ru": null,
        "label_en": null,
        "label_ru": null,
        "descr_en": null,
        "descr_ru": null,
        "descr_html_en": null,
        "descr_html_ru": null,
        "url_en": null,
        "url_ru": null,
        "source_name": "TSR FRIA 2e",
        "source_url": "https://www.profantasy.com/fratlas/fratlashome.htm",
        "dnd_editions_str": "2e, 3e, 5e",
        "feature_levels_str": null,
        "extra_str": null,
        "location_en": "eastern Crowded Sea → unnamed",
        "name_alt_en_str": null,
        "location_ru": "восточный Тесное море → unnamed",
        "name_alt_ru_str": null,
        "geog_extent_centroid_md": "20° 23′ 14″ S 040° 02′ 50″ E",
        "geog_extent_centroid_fria": "20° 23′ 14″ S 013° 26′ 02″ W",
        "geog_extent_area_sq_km": null,
        "geog_extent_area_sq_miles": null,
        "geog_extent_length_km": null,
        "geog_extent_length_miles": null,
        "geog_extent_perimeter_km": null,
        "geog_extent_perimeter_miles": null,
        "geog_extent_bbox_md": null,
        "geog_extent_bbox_fria": null,
        "name_it": null,
        "name_abb_it": null,
        "label_it": null,
        "descr_it": null,
        "descr_html_it": null,
        "url_it": null,
        "location_it": "Mare Affollato orientale → unnamed",
        "name_alt_it_str": null,
        "topical_tags": "",
        "related_location_tags": "",
        "related_cultures_tags": "",
        "related_factions_tags": ""
      },
      "geometry": {
        "type": "MultiPoint",
        "coordinates": [
          [
            -13.434048328266059,
            -20.387454783233803
          ]
        ]
      }
    },
    {
      "type": "Feature",
      "properties": {
        "uuid": "b1659a66-dfe7-4145-ade1-60ab213a0e9c",
        "layer_id": "srf_civ_important_sites_pt",
        "timeframe": null,
        "feature_class": "Fortification",
        "feature_rank": 5,
        "is_visible": true,
        "is_labeled": true,
        "needs_review": false,
        "review_notes": null,
        "img_url": null,
        "last_edited": "2026-07-13",
        "last_editor": "postgres",
        "name_en": "unnamed",
        "name_ru": null,
        "name_abb_en": null,
        "name_abb_ru": null,
        "label_en": null,
        "label_ru": null,
        "descr_en": null,
        "descr_ru": null,
        "descr_html_en": null,
        "descr_html_ru": null,
        "url_en": null,
        "url_ru": null,
        "source_name": "TSR FRIA 2e",
        "source_url": "https://www.profantasy.com/fratlas/fratlashome.htm",
        "dnd_editions_str": "2e, 3e, 5e",
        "feature_levels_str": null,
        "extra_str": null,
        "location_en": "western Kara-Tur → Koryaz Mountains",
        "name_alt_en_str": null,
        "location_ru": "западный Кара-Тур → Горы Корьяз",
        "name_alt_ru_str": null,
        "geog_extent_centroid_md": "45° 58′ 33″ N 065° 25′ 23″ E",
        "geog_extent_centroid_fria": "45° 58′ 33″ N 011° 56′ 30″ E",
        "geog_extent_area_sq_km": null,
        "geog_extent_area_sq_miles": null,
        "geog_extent_length_km": null,
        "geog_extent_length_miles": null,
        "geog_extent_perimeter_km": null,
        "geog_extent_perimeter_miles": null,
        "geog_extent_bbox_md": null,
        "geog_extent_bbox_fria": null,
        "name_it": null,
        "name_abb_it": null,
        "label_it": null,
        "descr_it": null,
        "descr_html_it": null,
        "url_it": null,
        "location_it": "Kara-Tur occidentale → Montagne Koryaz",
        "name_alt_it_str": null,
        "topical_tags": "",
        "related_location_tags": "",
        "related_cultures_tags": "",
        "related_factions_tags": ""
      },
      "geometry": {
        "type": "MultiPoint",
        "coordinates": [
          [
            11.941749307796162,
            45.97598278269567
          ]
        ]
      }
    },
    {
      "type": "Feature",
      "properties": {
        "uuid": "b2069268-4ff7-4f63-8e1c-5f2cbe29c814",
        "layer_id": "srf_civ_important_sites_pt",
        "timeframe": null,
        "feature_class": "Ruins",
        "feature_rank": 5,
        "is_visible": true,
        "is_labeled": true,
        "needs_review": false,
        "review_notes": null,
        "img_url": null,
        "last_edited": "2026-07-14",
        "last_editor": "postgres",
        "name_en": "Frozen Flindyke",
        "name_ru": "Замёрзшая Флиндайка",
        "name_abb_en": null,
        "name_abb_ru": null,
        "label_en": "Frozen Flindyke",
        "label_ru": "Замёрзшая Флиндайка",
        "descr_en": "A ruined settlement in the Tortured Land, built around a stone giant citadel on the northern side of the River Pelauvir. The site is eternally encased in ice and was inhabited by gnolls and flinds as of the late 15th century DR.",
        "descr_ru": "Разрушенное поселение в Истерзанной Земле, построенное вокруг цитадели каменных великанов на северном берегу Реки Пелаувир. Место вечно сковано льдом и было населено гноллами и флиндами в конце XV века по ЛД.",
        "descr_html_en": null,
        "descr_html_ru": null,
        "url_en": "https://forgottenrealms.fandom.com/wiki/Frozen_Flindyke",
        "url_ru": null,
        "source_name": "TSR FRIA 2e",
        "source_url": "https://www.profantasy.com/fratlas/fratlashome.htm",
        "dnd_editions_str": "2e, 3e, 5e",
        "feature_levels_str": null,
        "extra_str": "topical_tags: [\"ruins\", \"settlement\", \"ice\", \"bridge\", \"river\", \"canyon\", \"citadel\", \"gnolls\", \"flinds\", \"stonegiants\"] | related_cultures_tags: [\"gnolls\", \"flinds\", \"stonegiants\"] | related_location_tags: [\"Tortured Land\", \"Moonsea North\", \"River Pelauvir\", \"Maram's Span\", \"Mount Ghaethlauntar\", \"Remorhaz Run\", \"Way of the Powrie\", \"Ilinvur\"]",
        "location_en": "central Faerûn → The Ride",
        "name_alt_en_str": null,
        "location_ru": "центральный Фаэрун → Верховая Езда",
        "name_alt_ru_str": null,
        "geog_extent_centroid_md": "47° 00′ 54″ N 001° 02′ 36″ E",
        "geog_extent_centroid_fria": "47° 00′ 54″ N 052° 26′ 16″ W",
        "geog_extent_area_sq_km": null,
        "geog_extent_area_sq_miles": null,
        "geog_extent_length_km": null,
        "geog_extent_length_miles": null,
        "geog_extent_perimeter_km": null,
        "geog_extent_perimeter_miles": null,
        "geog_extent_bbox_md": null,
        "geog_extent_bbox_fria": null,
        "name_it": "Frozen Flindyke",
        "name_abb_it": null,
        "label_it": "Frozen Flindyke",
        "descr_it": "Frozen Flindyke è un insediamento in rovina nella Terra Torturata, costruito attorno a una cittadella di giganti di pietra sul lato settentrionale del Fiume Pelauvir. Il sito è eternamente ricoperto di ghiaccio ed era abitato da gnoll e flind alla fine del XV secolo DR.",
        "descr_html_it": null,
        "url_it": null,
        "location_it": "Faerûn centrale → Prateria",
        "name_alt_it_str": null,
        "topical_tags": "ruins, settlement, ice, bridge, river, canyon, citadel, gnolls, flinds, stonegiants",
        "related_location_tags": "Tortured Land, Moonsea North, River Pelauvir, Maram's Span, Mount Ghaethlauntar, Remorhaz Run, Way of the Powrie, Ilinvur",
        "related_cultures_tags": "gnolls, flinds, stonegiants",
        "related_factions_tags": ""
      },
      "geometry": {
        "type": "MultiPoint",
        "coordinates": [
          [
            -52.437907082809886,
            47.015129199458215
          ]
        ]
      }
    },
    {
      "type": "Feature",
      "properties": {
        "uuid": "b2518e56-3a2d-47e5-8703-dae6a30b1e7e",
        "layer_id": "srf_civ_important_sites_pt",
        "timeframe": null,
        "feature_class": "Ruins",
        "feature_rank": 5,
        "is_visible": true,
        "is_labeled": true,
        "needs_review": false,
        "review_notes": null,
        "img_url": null,
        "last_edited": "2026-07-14",
        "last_editor": "postgres",
        "name_en": "Lhesper",
        "name_ru": "Лхеспер",
        "name_abb_en": null,
        "name_abb_ru": null,
        "label_en": "Lhesper",
        "label_ru": "Лхеспер",
        "descr_en": "A settlement on the shore of Lake Lhespen in western Shaar, founded by refugees from Lapaliiya. It was conquered and later regained independence multiple times before being destroyed by gnolls. Yuan-ti later occupied the area, and the Coiled Cabal searched there for artifacts.",
        "descr_ru": "Поселение на берегу Озера Лхеспен в западном Шааре, основанное беженцами из Лапалийи. Было завоёвано и вновь обретало независимость несколько раз, прежде чем было уничтожено гноллами. Позже эту область заняли юань-ти, и Свёрнутый Кабал искал там артефакты.",
        "descr_html_en": null,
        "descr_html_ru": null,
        "url_en": "https://forgottenrealms.fandom.com/wiki/Lhesper",
        "url_ru": null,
        "source_name": "TSR FRIA 2e",
        "source_url": "https://www.profantasy.com/fratlas/fratlashome.htm",
        "dnd_editions_str": "2e, 3e, 5e",
        "feature_levels_str": null,
        "extra_str": "topical_tags: [\"ruined\", \"town\", \"lake\", \"shaar\", \"lapaliiya\", \"gnolls\", \"yuan-ti\", \"coiled-cabal\"] | related_cultures_tags: [\"Yuan-ti\", \"Lapaliyan\"] | related_factions_tags: [\"Coiled Cabal\", \"Shoon Empire\"] | related_location_tags: [\"Lake Lhespen\", \"Western Shaar\", \"Shaar\", \"Lapaliiya\"]",
        "location_en": "southern Faerûn → The Shaar",
        "name_alt_en_str": null,
        "location_ru": "южный Фаэрун → Шаар",
        "name_alt_ru_str": null,
        "geog_extent_centroid_md": "19° 34′ 07″ N 001° 30′ 18″ E",
        "geog_extent_centroid_fria": "19° 34′ 07″ N 051° 58′ 34″ W",
        "geog_extent_area_sq_km": null,
        "geog_extent_area_sq_miles": null,
        "geog_extent_length_km": null,
        "geog_extent_length_miles": null,
        "geog_extent_perimeter_km": null,
        "geog_extent_perimeter_miles": null,
        "geog_extent_bbox_md": null,
        "geog_extent_bbox_fria": null,
        "name_it": "Lhesper",
        "name_abb_it": null,
        "label_it": "Lhesper",
        "descr_it": "Un insediamento sulla riva del Lago Lhespen nello Shaar occidentale, fondato da profughi di Lapaliiya. Fu conquistato e riconquistò l'indipendenza più volte prima di essere distrutto dai gnoll. Gli yuan-ti occuparono in seguito l'area, e la Congrega Avvolta vi cercò manufatti.",
        "descr_html_it": null,
        "url_it": null,
        "location_it": "Faerûn meridionale → Lo Shaar",
        "name_alt_it_str": null,
        "topical_tags": "ruined, town, lake, shaar, lapaliiya, gnolls, yuan-ti, coiled-cabal",
        "related_location_tags": "Lake Lhespen, Western Shaar, Shaar, Lapaliiya",
        "related_cultures_tags": "Yuan-ti, Lapaliyan",
        "related_factions_tags": "Coiled Cabal, Shoon Empire"
      },
      "geometry": {
        "type": "MultiPoint",
        "coordinates": [
          [
            -51.97622405660003,
            19.568709439013475
          ]
        ]
      }
    },
    {
      "type": "Feature",
      "properties": {
        "uuid": "b3b265d1-29dd-495f-8fd3-b15ce076aed9",
        "layer_id": "srf_civ_important_sites_pt",
        "timeframe": null,
        "feature_class": "Fortification",
        "feature_rank": 5,
        "is_visible": true,
        "is_labeled": true,
        "needs_review": false,
        "review_notes": "exclude from wiki link auto-ageneration",
        "img_url": null,
        "last_edited": "2026-07-13",
        "last_editor": "postgres",
        "name_en": "We'peng Garrison",
        "name_ru": "Гарнизон Вэ'пэн",
        "name_abb_en": null,
        "name_abb_ru": null,
        "label_en": "We'peng Garrison",
        "label_ru": "Гарнизон Вэ'пэн",
        "descr_en": null,
        "descr_ru": null,
        "descr_html_en": null,
        "descr_html_ru": null,
        "url_en": null,
        "url_ru": null,
        "source_name": "TSR FRIA 2e",
        "source_url": "https://www.profantasy.com/fratlas/fratlashome.htm",
        "dnd_editions_str": "2e, 3e, 5e",
        "feature_levels_str": null,
        "extra_str": null,
        "location_en": "southern Kara-Tur → T'u Lung → unnamed",
        "name_alt_en_str": null,
        "location_ru": "южный Кара-Тур → Ту Лунг → unnamed",
        "name_alt_ru_str": null,
        "geog_extent_centroid_md": "09° 23′ 39″ N 083° 58′ 53″ E",
        "geog_extent_centroid_fria": "09° 23′ 39″ N 030° 29′ 59″ E",
        "geog_extent_area_sq_km": null,
        "geog_extent_area_sq_miles": null,
        "geog_extent_length_km": null,
        "geog_extent_length_miles": null,
        "geog_extent_perimeter_km": null,
        "geog_extent_perimeter_miles": null,
        "geog_extent_bbox_md": null,
        "geog_extent_bbox_fria": null,
        "name_it": "Guarnigione di We'peng",
        "name_abb_it": null,
        "label_it": "Guarnigione di We'peng",
        "descr_it": null,
        "descr_html_it": null,
        "url_it": null,
        "location_it": "Kara-Tur meridionale → T'u Lung → unnamed",
        "name_alt_it_str": null,
        "topical_tags": "",
        "related_location_tags": "",
        "related_cultures_tags": "",
        "related_factions_tags": ""
      },
      "geometry": {
        "type": "MultiPoint",
        "coordinates": [
          [
            30.49991859274677,
            9.394317826875414
          ]
        ]
      }
    },
    {
      "type": "Feature",
      "properties": {
        "uuid": "b4bdc7d0-144b-4620-9778-851a9b598d24",
        "layer_id": "srf_civ_important_sites_pt",
        "timeframe": null,
        "feature_class": "Fortification",
        "feature_rank": 5,
        "is_visible": true,
        "is_labeled": true,
        "needs_review": false,
        "review_notes": null,
        "img_url": null,
        "last_edited": "2026-07-13",
        "last_editor": "postgres",
        "name_en": "unnamed",
        "name_ru": null,
        "name_abb_en": null,
        "name_abb_ru": null,
        "label_en": null,
        "label_ru": null,
        "descr_en": null,
        "descr_ru": null,
        "descr_html_en": null,
        "descr_html_ru": null,
        "url_en": null,
        "url_ru": null,
        "source_name": "TSR FRIA 2e",
        "source_url": "https://www.profantasy.com/fratlas/fratlashome.htm",
        "dnd_editions_str": "2e, 3e, 5e",
        "feature_levels_str": null,
        "extra_str": null,
        "location_en": "north-western Kara-Tur → unnamed",
        "name_alt_en_str": null,
        "location_ru": "северо-западный Кара-Тур → unnamed",
        "name_alt_ru_str": null,
        "geog_extent_centroid_md": "47° 27′ 17″ N 066° 54′ 35″ E",
        "geog_extent_centroid_fria": "47° 27′ 17″ N 013° 25′ 42″ E",
        "geog_extent_area_sq_km": null,
        "geog_extent_area_sq_miles": null,
        "geog_extent_length_km": null,
        "geog_extent_length_miles": null,
        "geog_extent_perimeter_km": null,
        "geog_extent_perimeter_miles": null,
        "geog_extent_bbox_md": null,
        "geog_extent_bbox_fria": null,
        "name_it": null,
        "name_abb_it": null,
        "label_it": null,
        "descr_it": null,
        "descr_html_it": null,
        "url_it": null,
        "location_it": "Kara-Tur nord-occidentale → unnamed",
        "name_alt_it_str": null,
        "topical_tags": "",
        "related_location_tags": "",
        "related_cultures_tags": "",
        "related_factions_tags": ""
      },
      "geometry": {
        "type": "MultiPoint",
        "coordinates": [
          [
            13.428345550668826,
            47.45472753553559
          ]
        ]
      }
    },
    {
      "type": "Feature",
      "properties": {
        "uuid": "b7228234-3512-49cb-b10b-80e68dfe7a05",
        "layer_id": "srf_civ_important_sites_pt",
        "timeframe": null,
        "feature_class": "Ruins",
        "feature_rank": 5,
        "is_visible": true,
        "is_labeled": true,
        "needs_review": false,
        "review_notes": null,
        "img_url": null,
        "last_edited": "2026-07-14",
        "last_editor": "postgres",
        "name_en": "Hulburg",
        "name_ru": "Хулбург",
        "name_abb_en": null,
        "name_abb_ru": null,
        "label_en": "Hulburg",
        "label_ru": "Хулбург",
        "descr_en": "A small city on the northeastern shore of the Moonsea, rebuilt on the foundations of its ruined past. It has a natural harbor between two headlands and is bisected by the Winterspear River. The city is governed by a harmach and has a pragmatic populace.",
        "descr_ru": "Небольшой город на северо-восточном берегу Лунного Моря, отстроенный на фундаментах своего разрушенного прошлого. Имеет естественную гавань между двумя мысами и разделён Рекой Винтерспир. Городом управляет хармах, население отличается прагматизмом.",
        "descr_html_en": null,
        "descr_html_ru": null,
        "url_en": "https://forgottenrealms.fandom.com/wiki/Hulburg",
        "url_ru": null,
        "source_name": "TSR FRIA 2e",
        "source_url": "https://www.profantasy.com/fratlas/fratlashome.htm",
        "dnd_editions_str": "2e, 3e, 5e",
        "feature_levels_str": null,
        "extra_str": "topical_tags: [\"city\", \"port\", \"moonsea\", \"timber\", \"silver\", \"iron\", \"council\", \"harbor\", \"ruins\"] | related_cultures_tags: [\"Hulmaster\"] | related_factions_tags: [\"Shieldsworn\", \"Council Watch\", \"Merchant Council\", \"Red Plumes\", \"Blood Skull orcs\", \"Warlock Knights of Vaasa\"] | related_location_tags: [\"Moonsea\", \"Thar\", \"Thentia\", \"Vaasa\", \"Galena Mountains\", \"Keldon Head\", \"Easthead\", \"Winterspear River\"]",
        "location_en": "central Faerûn → Moonsea",
        "name_alt_en_str": "Old Hulburg",
        "location_ru": "центральный Фаэрун → Лунное Море",
        "name_alt_ru_str": "Старый Халбург",
        "geog_extent_centroid_md": "42° 53′ 22″ N 003° 14′ 24″ E",
        "geog_extent_centroid_fria": "42° 53′ 22″ N 050° 14′ 29″ W",
        "geog_extent_area_sq_km": null,
        "geog_extent_area_sq_miles": null,
        "geog_extent_length_km": null,
        "geog_extent_length_miles": null,
        "geog_extent_perimeter_km": null,
        "geog_extent_perimeter_miles": null,
        "geog_extent_bbox_md": null,
        "geog_extent_bbox_fria": null,
        "name_it": "Hulburg",
        "name_abb_it": null,
        "label_it": "Hulburg",
        "descr_it": "Hulburg è una piccola città sulla costa nord-orientale del Mare della Luna, ricostruita sulle fondamenta del suo passato in rovina. Ha un porto naturale tra due promontori ed è divisa in due dal Fiume Winterspear. La città è governata da un harmach e ha una popolazione pragmatica.",
        "descr_html_it": null,
        "url_it": null,
        "location_it": "Faerûn centrale → Mare della Luna",
        "name_alt_it_str": "Vecchia Hulburg",
        "topical_tags": "city, port, moonsea, timber, silver, iron, council, harbor, ruins",
        "related_location_tags": "Moonsea, Thar, Thentia, Vaasa, Galena Mountains, Keldon Head, Easthead, Winterspear River",
        "related_cultures_tags": "Hulmaster",
        "related_factions_tags": "Shieldsworn, Council Watch, Merchant Council, Red Plumes, Blood Skull orcs, Warlock Knights of Vaasa"
      },
      "geometry": {
        "type": "MultiPoint",
        "coordinates": [
          [
            -50.241489795450036,
            42.88955289736984
          ]
        ]
      }
    },
    {
      "type": "Feature",
      "properties": {
        "uuid": "b87530c5-d04f-4835-be6e-c3ef3009369f",
        "layer_id": "srf_civ_important_sites_pt",
        "timeframe": null,
        "feature_class": "Unclassified",
        "feature_rank": 5,
        "is_visible": true,
        "is_labeled": true,
        "needs_review": false,
        "review_notes": null,
        "img_url": null,
        "last_edited": "2026-07-13",
        "last_editor": "postgres",
        "name_en": "unnamed",
        "name_ru": null,
        "name_abb_en": null,
        "name_abb_ru": null,
        "label_en": null,
        "label_ru": null,
        "descr_en": null,
        "descr_ru": null,
        "descr_html_en": null,
        "descr_html_ru": null,
        "url_en": null,
        "url_ru": null,
        "source_name": "TSR FRIA 2e",
        "source_url": "https://www.profantasy.com/fratlas/fratlashome.htm",
        "dnd_editions_str": "2e, 3e, 5e",
        "feature_levels_str": null,
        "extra_str": null,
        "location_en": "southern Zakhara → unnamed",
        "name_alt_en_str": null,
        "location_ru": "южный Захара → unnamed",
        "name_alt_ru_str": null,
        "geog_extent_centroid_md": "14° 18′ 27″ S 029° 26′ 50″ E",
        "geog_extent_centroid_fria": "14° 18′ 27″ S 024° 02′ 03″ W",
        "geog_extent_area_sq_km": null,
        "geog_extent_area_sq_miles": null,
        "geog_extent_length_km": null,
        "geog_extent_length_miles": null,
        "geog_extent_perimeter_km": null,
        "geog_extent_perimeter_miles": null,
        "geog_extent_bbox_md": null,
        "geog_extent_bbox_fria": null,
        "name_it": null,
        "name_abb_it": null,
        "label_it": null,
        "descr_it": null,
        "descr_html_it": null,
        "url_it": null,
        "location_it": "Zakhara meridionale → unnamed",
        "name_alt_it_str": null,
        "topical_tags": "",
        "related_location_tags": "",
        "related_cultures_tags": "",
        "related_factions_tags": ""
      },
      "geometry": {
        "type": "MultiPoint",
        "coordinates": [
          [
            -24.034261006263012,
            -14.307609738079634
          ]
        ]
      }
    },
    {
      "type": "Feature",
      "properties": {
        "uuid": "b8e8973d-7279-43a4-be24-884a435e2c24",
        "layer_id": "srf_civ_important_sites_pt",
        "timeframe": null,
        "feature_class": "Fortification",
        "feature_rank": 5,
        "is_visible": true,
        "is_labeled": true,
        "needs_review": false,
        "review_notes": "exclude from wiki link auto-ageneration",
        "img_url": null,
        "last_edited": "2026-07-13",
        "last_editor": "postgres",
        "name_en": "Blackthorne Manor",
        "name_ru": "Поместье Чёрного Терна",
        "name_abb_en": null,
        "name_abb_ru": null,
        "label_en": "Blackthorne Manor",
        "label_ru": "Поместье Чёрного Терна",
        "descr_en": null,
        "descr_ru": null,
        "descr_html_en": null,
        "descr_html_ru": null,
        "url_en": null,
        "url_ru": null,
        "source_name": "TSR FRIA 2e",
        "source_url": "https://www.profantasy.com/fratlas/fratlashome.htm",
        "dnd_editions_str": "2e, 3e, 5e",
        "feature_levels_str": null,
        "extra_str": null,
        "location_en": "western Faerûn → Wealdath",
        "name_alt_en_str": null,
        "location_ru": "западный Фаэрун → Велдат",
        "name_alt_ru_str": null,
        "geog_extent_centroid_md": "31° 12′ 37″ N 020° 13′ 57″ W",
        "geog_extent_centroid_fria": "31° 12′ 37″ N 073° 42′ 50″ W",
        "geog_extent_area_sq_km": null,
        "geog_extent_area_sq_miles": null,
        "geog_extent_length_km": null,
        "geog_extent_length_miles": null,
        "geog_extent_perimeter_km": null,
        "geog_extent_perimeter_miles": null,
        "geog_extent_bbox_md": null,
        "geog_extent_bbox_fria": null,
        "name_it": "Maniero di Blackthorne",
        "name_abb_it": null,
        "label_it": "Maniero di Blackthorne",
        "descr_it": null,
        "descr_html_it": null,
        "url_it": null,
        "location_it": "Faerûn occidentale → Wealdath",
        "name_alt_it_str": null,
        "topical_tags": "",
        "related_location_tags": "",
        "related_cultures_tags": "",
        "related_factions_tags": ""
      },
      "geometry": {
        "type": "MultiPoint",
        "coordinates": [
          [
            -73.7140820782888,
            31.21054417243033
          ]
        ]
      }
    },
    {
      "type": "Feature",
      "properties": {
        "uuid": "ba959f42-71e2-4ae0-b22d-ae145f2c5319",
        "layer_id": "srf_civ_important_sites_pt",
        "timeframe": null,
        "feature_class": "Ruins",
        "feature_rank": 5,
        "is_visible": true,
        "is_labeled": true,
        "needs_review": false,
        "review_notes": null,
        "img_url": null,
        "last_edited": "2026-07-14",
        "last_editor": "postgres",
        "name_en": "Castle Tethyr",
        "name_ru": "Замок Тетир",
        "name_abb_en": null,
        "name_abb_ru": null,
        "label_en": "Castle Tethyr",
        "label_ru": "Замок Тетир",
        "descr_en": "A ruined castle in the Purple Marches region of Tethyr, once the seat of the royal family. It was destroyed by fire during a siege in 1347 DR, and its ruins are now haunted by undead.",
        "descr_ru": "Разрушенный замок в области Пурпурные Марки в Тетире, некогда резиденция королевской семьи. Был уничтожен пожаром во время осады в 1347 году по ЛД, и его руины теперь населены нежитью.",
        "descr_html_en": "<!DOCTYPE HTML PUBLIC \"-//W3C//DTD HTML 4.0//EN\" \"http://www.w3.org/TR/REC-html40/strict.dtd\">\n<html><head><meta name=\"qrichtext\" content=\"1\" /><style type=\"text/css\">\np, li { white-space: pre-wrap; }\n</style></head><body style=\" font-family:'MS Shell Dlg 2'; font-size:10pt; font-weight:400; font-style:normal;\">\n<p style=\" margin-top:0px; margin-bottom:0px; margin-left:0px; margin-right:0px; -qt-block-indent:0; text-indent:0px;\">()</p></body></html>",
        "descr_html_ru": "<!DOCTYPE HTML PUBLIC \"-//W3C//DTD HTML 4.0//EN\" \"http://www.w3.org/TR/REC-html40/strict.dtd\">\n<html><head><meta name=\"qrichtext\" content=\"1\" /><style type=\"text/css\">\np, li { white-space: pre-wrap; }\n</style></head><body style=\" font-family:'MS Shell Dlg 2'; font-size:10pt; font-weight:400; font-style:normal;\">\n<p style=\" margin-top:0px; margin-bottom:0px; margin-left:0px; margin-right:0px; -qt-block-indent:0; text-indent:0px;\">()</p></body></html>",
        "url_en": "https://forgottenrealms.fandom.com/wiki/Castle_Tethyr",
        "url_ru": null,
        "source_name": "TSR FRIA 2e",
        "source_url": "https://www.profantasy.com/fratlas/fratlashome.htm",
        "dnd_editions_str": "2e, 3e, 5e",
        "feature_levels_str": null,
        "extra_str": "topical_tags: [\"castle\", \"ruins\", \"haunted\", \"undead\", \"siege\", \"royal\", \"fire\"] | related_cultures_tags: [\"Tethyrian\"] | related_factions_tags: [\"Church of Beshaba\", \"Company of Eight\"] | related_location_tags: [\"Bardshyr\", \"Purple Marches\", \"Tethyr\", \"Trade Way\", \"Ithal Road\", \"Tethammar\"]",
        "location_en": "western Faerûn → Tethyr",
        "name_alt_en_str": "Tethyruins",
        "location_ru": "западный Фаэрун → Тетир",
        "name_alt_ru_str": "Тетирские Руины",
        "geog_extent_centroid_md": "27° 39′ 05″ N 015° 25′ 04″ W",
        "geog_extent_centroid_fria": "27° 39′ 05″ N 068° 53′ 57″ W",
        "geog_extent_area_sq_km": null,
        "geog_extent_area_sq_miles": null,
        "geog_extent_length_km": null,
        "geog_extent_length_miles": null,
        "geog_extent_perimeter_km": null,
        "geog_extent_perimeter_miles": null,
        "geog_extent_bbox_md": null,
        "geog_extent_bbox_fria": null,
        "name_it": "Castello Tethyr",
        "name_abb_it": null,
        "label_it": "Castello Tethyr",
        "descr_it": "Il Castello Tethyr è un castello in rovina nella regione delle Marche Purpuree di Tethyr, un tempo sede della famiglia reale. Fu distrutto da un incendio durante un assedio nel 1347 DR, e le sue rovine sono ora infestate da non morti.",
        "descr_html_it": null,
        "url_it": null,
        "location_it": "Faerûn occidentale → Tethyr",
        "name_alt_it_str": "Rovine di Tethyr",
        "topical_tags": "castle, ruins, haunted, undead, siege, royal, fire",
        "related_location_tags": "Bardshyr, Purple Marches, Tethyr, Trade Way, Ithal Road, Tethammar",
        "related_cultures_tags": "Tethyrian",
        "related_factions_tags": "Church of Beshaba, Company of Eight"
      },
      "geometry": {
        "type": "MultiPoint",
        "coordinates": [
          [
            -68.89933142999503,
            27.651518571672355
          ]
        ]
      }
    },
    {
      "type": "Feature",
      "properties": {
        "uuid": "bc60a6c7-5ac2-4a84-abd0-6d1805375e8f",
        "layer_id": "srf_civ_important_sites_pt",
        "timeframe": null,
        "feature_class": "Ruins",
        "feature_rank": 5,
        "is_visible": true,
        "is_labeled": true,
        "needs_review": false,
        "review_notes": null,
        "img_url": null,
        "last_edited": "2026-07-14",
        "last_editor": "postgres",
        "name_en": "Delhumide",
        "name_ru": "Дельхумид",
        "name_abb_en": null,
        "name_abb_ru": null,
        "label_en": "Delhumide",
        "label_ru": "Дельхумид",
        "descr_en": "A ruined city in northeastern Thay, once a major Mulhorandi colonial stronghold, later destroyed by the Red Wizards and left cursed with demonic activity.",
        "descr_ru": "Разрушенный город на северо-востоке Тэя, некогда крупный мулхорандский колониальный оплот, позже уничтоженный Красными Волшебниками и оставленный проклятым демонической активностью.",
        "descr_html_en": null,
        "descr_html_ru": null,
        "url_en": "https://forgottenrealms.fandom.com/wiki/Delhumide",
        "url_ru": null,
        "source_name": "TSR FRIA 2e",
        "source_url": "https://www.profantasy.com/fratlas/fratlashome.htm",
        "dnd_editions_str": "2e, 3e, 5e",
        "feature_levels_str": null,
        "extra_str": "topical_tags: [\"city\", \"ruins\", \"cursed\", \"demonic\"] | related_cultures_tags: [\"Mulhorandi\"] | related_factions_tags: [\"Red Wizards\"] | related_location_tags: [\"Thay\", \"Mulhorand\"]",
        "location_en": "eastern Faerûn → Thay → Thayan Plateau",
        "name_alt_en_str": null,
        "location_ru": "восточный Фаэрун → Тэй → Тэйское Плато",
        "name_alt_ru_str": null,
        "geog_extent_centroid_md": "36° 11′ 36″ N 018° 01′ 06″ E",
        "geog_extent_centroid_fria": "36° 11′ 36″ N 035° 27′ 47″ W",
        "geog_extent_area_sq_km": null,
        "geog_extent_area_sq_miles": null,
        "geog_extent_length_km": null,
        "geog_extent_length_miles": null,
        "geog_extent_perimeter_km": null,
        "geog_extent_perimeter_miles": null,
        "geog_extent_bbox_md": null,
        "geog_extent_bbox_fria": null,
        "name_it": "Delhumide",
        "name_abb_it": null,
        "label_it": "Delhumide",
        "descr_it": "Delhumide è una città in rovina nel nord-est di Thay, un tempo una grande roccaforte coloniale di Mulhorand, poi distrutta dai Maghi Rossi e lasciata maledetta da attività demoniache.",
        "descr_html_it": null,
        "url_it": null,
        "location_it": "Faerûn orientale → Thay → Altipiano di Thay",
        "name_alt_it_str": null,
        "topical_tags": "city, ruins, cursed, demonic",
        "related_location_tags": "Thay, Mulhorand",
        "related_cultures_tags": "Mulhorandi",
        "related_factions_tags": "Red Wizards"
      },
      "geometry": {
        "type": "MultiPoint",
        "coordinates": [
          [
            -35.463063248976795,
            36.19339031942889
          ]
        ]
      }
    },
    {
      "type": "Feature",
      "properties": {
        "uuid": "bca52529-218f-4cd8-adae-5204fa4f6ef7",
        "layer_id": "srf_civ_important_sites_pt",
        "timeframe": null,
        "feature_class": "Other",
        "feature_rank": 5,
        "is_visible": true,
        "is_labeled": true,
        "needs_review": false,
        "review_notes": "exclude from wiki link auto-ageneration",
        "img_url": null,
        "last_edited": "2026-07-13",
        "last_editor": "postgres",
        "name_en": "Anping",
        "name_ru": "Аньпин",
        "name_abb_en": null,
        "name_abb_ru": null,
        "label_en": "Anping",
        "label_ru": "Аньпин",
        "descr_en": null,
        "descr_ru": null,
        "descr_html_en": null,
        "descr_html_ru": null,
        "url_en": null,
        "url_ru": null,
        "source_name": "TSR FRIA 2e",
        "source_url": "https://www.profantasy.com/fratlas/fratlashome.htm",
        "dnd_editions_str": "2e, 3e, 5e",
        "feature_levels_str": null,
        "extra_str": null,
        "location_en": "southern Kara-Tur → T'u Lung",
        "name_alt_en_str": null,
        "location_ru": "южный Кара-Тур → Ту Лунг",
        "name_alt_ru_str": null,
        "geog_extent_centroid_md": "12° 19′ 57″ N 080° 46′ 18″ E",
        "geog_extent_centroid_fria": "12° 19′ 57″ N 027° 17′ 24″ E",
        "geog_extent_area_sq_km": null,
        "geog_extent_area_sq_miles": null,
        "geog_extent_length_km": null,
        "geog_extent_length_miles": null,
        "geog_extent_perimeter_km": null,
        "geog_extent_perimeter_miles": null,
        "geog_extent_bbox_md": null,
        "geog_extent_bbox_fria": null,
        "name_it": "Anping",
        "name_abb_it": null,
        "label_it": "Anping",
        "descr_it": null,
        "descr_html_it": null,
        "url_it": null,
        "location_it": "Kara-Tur meridionale → T'u Lung",
        "name_alt_it_str": null,
        "topical_tags": "",
        "related_location_tags": "",
        "related_cultures_tags": "",
        "related_factions_tags": ""
      },
      "geometry": {
        "type": "MultiPoint",
        "coordinates": [
          [
            27.290257196686134,
            12.332564100180248
          ]
        ]
      }
    },
    {
      "type": "Feature",
      "properties": {
        "uuid": "bcf66622-d19a-444c-9aae-861746cad3bb",
        "layer_id": "srf_civ_important_sites_pt",
        "timeframe": null,
        "feature_class": "Fortification",
        "feature_rank": 5,
        "is_visible": true,
        "is_labeled": true,
        "needs_review": false,
        "review_notes": null,
        "img_url": null,
        "last_edited": "2026-07-13",
        "last_editor": "postgres",
        "name_en": "unnamed",
        "name_ru": null,
        "name_abb_en": null,
        "name_abb_ru": null,
        "label_en": null,
        "label_ru": null,
        "descr_en": null,
        "descr_ru": null,
        "descr_html_en": null,
        "descr_html_ru": null,
        "url_en": null,
        "url_ru": null,
        "source_name": "TSR FRIA 2e",
        "source_url": "https://www.profantasy.com/fratlas/fratlashome.htm",
        "dnd_editions_str": "2e, 3e, 5e",
        "feature_levels_str": null,
        "extra_str": null,
        "location_en": "north-western Kara-Tur → unnamed",
        "name_alt_en_str": null,
        "location_ru": "северо-западный Кара-Тур → unnamed",
        "name_alt_ru_str": null,
        "geog_extent_centroid_md": "46° 13′ 08″ N 067° 25′ 36″ E",
        "geog_extent_centroid_fria": "46° 13′ 08″ N 013° 56′ 43″ E",
        "geog_extent_area_sq_km": null,
        "geog_extent_area_sq_miles": null,
        "geog_extent_length_km": null,
        "geog_extent_length_miles": null,
        "geog_extent_perimeter_km": null,
        "geog_extent_perimeter_miles": null,
        "geog_extent_bbox_md": null,
        "geog_extent_bbox_fria": null,
        "name_it": null,
        "name_abb_it": null,
        "label_it": null,
        "descr_it": null,
        "descr_html_it": null,
        "url_it": null,
        "location_it": "Kara-Tur nord-occidentale → unnamed",
        "name_alt_it_str": null,
        "topical_tags": "",
        "related_location_tags": "",
        "related_cultures_tags": "",
        "related_factions_tags": ""
      },
      "geometry": {
        "type": "MultiPoint",
        "coordinates": [
          [
            13.945422504711493,
            46.21901351194764
          ]
        ]
      }
    },
    {
      "type": "Feature",
      "properties": {
        "uuid": "be50d44a-ab31-4537-9f5c-68a79f516c79",
        "layer_id": "srf_civ_important_sites_pt",
        "timeframe": null,
        "feature_class": "Fortification",
        "feature_rank": 5,
        "is_visible": true,
        "is_labeled": true,
        "needs_review": false,
        "review_notes": "exclude from wiki link auto-ageneration",
        "img_url": null,
        "last_edited": "2026-07-13",
        "last_editor": "postgres",
        "name_en": "Palace of Balinalkai",
        "name_ru": "Дворец Балиналкая",
        "name_abb_en": null,
        "name_abb_ru": null,
        "label_en": "Palace of Balinalkai",
        "label_ru": "Дворец Балиналкая",
        "descr_en": null,
        "descr_ru": null,
        "descr_html_en": null,
        "descr_html_ru": null,
        "url_en": null,
        "url_ru": null,
        "source_name": "TSR FRIA 2e",
        "source_url": "https://www.profantasy.com/fratlas/fratlashome.htm",
        "dnd_editions_str": "2e, 3e, 5e",
        "feature_levels_str": null,
        "extra_str": null,
        "location_en": "north-western Kara-Tur → Ama Basin",
        "name_alt_en_str": null,
        "location_ru": "северо-западный Кара-Тур → Котловина Ама",
        "name_alt_ru_str": null,
        "geog_extent_centroid_md": "49° 39′ 51″ N 070° 39′ 50″ E",
        "geog_extent_centroid_fria": "49° 39′ 51″ N 017° 10′ 57″ E",
        "geog_extent_area_sq_km": null,
        "geog_extent_area_sq_miles": null,
        "geog_extent_length_km": null,
        "geog_extent_length_miles": null,
        "geog_extent_perimeter_km": null,
        "geog_extent_perimeter_miles": null,
        "geog_extent_bbox_md": null,
        "geog_extent_bbox_fria": null,
        "name_it": "Palazzo di Balinalkai",
        "name_abb_it": null,
        "label_it": "Palazzo di Balinalkai",
        "descr_it": null,
        "descr_html_it": null,
        "url_it": null,
        "location_it": "Kara-Tur nord-occidentale → Bacino di Ama",
        "name_alt_it_str": null,
        "topical_tags": "",
        "related_location_tags": "",
        "related_cultures_tags": "",
        "related_factions_tags": ""
      },
      "geometry": {
        "type": "MultiPoint",
        "coordinates": [
          [
            17.182539685749433,
            49.66440236325793
          ]
        ]
      }
    },
    {
      "type": "Feature",
      "properties": {
        "uuid": "be5dd472-c7fd-4f02-8e01-90589020f32d",
        "layer_id": "srf_civ_important_sites_pt",
        "timeframe": null,
        "feature_class": "Fortification",
        "feature_rank": 5,
        "is_visible": true,
        "is_labeled": true,
        "needs_review": false,
        "review_notes": null,
        "img_url": null,
        "last_edited": "2026-07-13",
        "last_editor": "postgres",
        "name_en": "unnamed",
        "name_ru": null,
        "name_abb_en": null,
        "name_abb_ru": null,
        "label_en": null,
        "label_ru": null,
        "descr_en": null,
        "descr_ru": null,
        "descr_html_en": null,
        "descr_html_ru": null,
        "url_en": null,
        "url_ru": null,
        "source_name": "TSR FRIA 2e",
        "source_url": "https://www.profantasy.com/fratlas/fratlashome.htm",
        "dnd_editions_str": "2e, 3e, 5e",
        "feature_levels_str": null,
        "extra_str": null,
        "location_en": "western Crowded Sea → unnamed",
        "name_alt_en_str": null,
        "location_ru": "западный Тесное море → unnamed",
        "name_alt_ru_str": null,
        "geog_extent_centroid_md": "24° 38′ 35″ S 018° 15′ 02″ E",
        "geog_extent_centroid_fria": "24° 38′ 35″ S 035° 13′ 50″ W",
        "geog_extent_area_sq_km": null,
        "geog_extent_area_sq_miles": null,
        "geog_extent_length_km": null,
        "geog_extent_length_miles": null,
        "geog_extent_perimeter_km": null,
        "geog_extent_perimeter_miles": null,
        "geog_extent_bbox_md": null,
        "geog_extent_bbox_fria": null,
        "name_it": null,
        "name_abb_it": null,
        "label_it": null,
        "descr_it": null,
        "descr_html_it": null,
        "url_it": null,
        "location_it": "Mare Affollato occidentale → unnamed",
        "name_alt_it_str": null,
        "topical_tags": "",
        "related_location_tags": "",
        "related_cultures_tags": "",
        "related_factions_tags": ""
      },
      "geometry": {
        "type": "MultiPoint",
        "coordinates": [
          [
            -35.230674198391775,
            -24.643056400437512
          ]
        ]
      }
    },
    {
      "type": "Feature",
      "properties": {
        "uuid": "bf5b393f-9d67-4ff4-9bac-6391de2f0dfe",
        "layer_id": "srf_civ_important_sites_pt",
        "timeframe": null,
        "feature_class": "Fortification",
        "feature_rank": 5,
        "is_visible": true,
        "is_labeled": true,
        "needs_review": false,
        "review_notes": null,
        "img_url": null,
        "last_edited": "2026-07-13",
        "last_editor": "postgres",
        "name_en": "unnamed",
        "name_ru": null,
        "name_abb_en": null,
        "name_abb_ru": null,
        "label_en": null,
        "label_ru": null,
        "descr_en": null,
        "descr_ru": null,
        "descr_html_en": null,
        "descr_html_ru": null,
        "url_en": null,
        "url_ru": null,
        "source_name": "TSR FRIA 2e",
        "source_url": "https://www.profantasy.com/fratlas/fratlashome.htm",
        "dnd_editions_str": "2e, 3e, 5e",
        "feature_levels_str": null,
        "extra_str": null,
        "location_en": "western Zakhara → High Desert",
        "name_alt_en_str": null,
        "location_ru": "западный Захара → Высокая Пустыня",
        "name_alt_ru_str": null,
        "geog_extent_centroid_md": "12° 12′ 56″ S 022° 04′ 02″ E",
        "geog_extent_centroid_fria": "12° 12′ 56″ S 031° 24′ 51″ W",
        "geog_extent_area_sq_km": null,
        "geog_extent_area_sq_miles": null,
        "geog_extent_length_km": null,
        "geog_extent_length_miles": null,
        "geog_extent_perimeter_km": null,
        "geog_extent_perimeter_miles": null,
        "geog_extent_bbox_md": null,
        "geog_extent_bbox_fria": null,
        "name_it": null,
        "name_abb_it": null,
        "label_it": null,
        "descr_it": null,
        "descr_html_it": null,
        "url_it": null,
        "location_it": "Zakhara occidentale → Alto Deserto",
        "name_alt_it_str": null,
        "topical_tags": "",
        "related_location_tags": "",
        "related_cultures_tags": "",
        "related_factions_tags": ""
      },
      "geometry": {
        "type": "MultiPoint",
        "coordinates": [
          [
            -31.414182284549923,
            -12.215572512207848
          ]
        ]
      }
    },
    {
      "type": "Feature",
      "properties": {
        "uuid": "c07f621b-172f-42b2-b52b-171d7b386949",
        "layer_id": "srf_civ_important_sites_pt",
        "timeframe": null,
        "feature_class": "Fortification",
        "feature_rank": 5,
        "is_visible": true,
        "is_labeled": true,
        "needs_review": false,
        "review_notes": "exclude from wiki link auto-ageneration",
        "img_url": null,
        "last_edited": "2026-07-13",
        "last_editor": "postgres",
        "name_en": "Westphal",
        "name_ru": "Вестфаль",
        "name_abb_en": null,
        "name_abb_ru": null,
        "label_en": "Westphal",
        "label_ru": "Вестфаль",
        "descr_en": null,
        "descr_ru": null,
        "descr_html_en": null,
        "descr_html_ru": null,
        "url_en": null,
        "url_ru": null,
        "source_name": "TSR FRIA 2e",
        "source_url": "https://www.profantasy.com/fratlas/fratlashome.htm",
        "dnd_editions_str": "2e, 3e, 5e",
        "feature_levels_str": null,
        "extra_str": null,
        "location_en": "central Sea of Swords → Moonshae Isles → unnamed",
        "name_alt_en_str": null,
        "location_ru": "центральный море Мечей → острова Муншае → unnamed",
        "name_alt_ru_str": null,
        "geog_extent_centroid_md": "36° 40′ 43″ N 024° 12′ 29″ W",
        "geog_extent_centroid_fria": "36° 40′ 43″ N 077° 41′ 22″ W",
        "geog_extent_area_sq_km": null,
        "geog_extent_area_sq_miles": null,
        "geog_extent_length_km": null,
        "geog_extent_length_miles": null,
        "geog_extent_perimeter_km": null,
        "geog_extent_perimeter_miles": null,
        "geog_extent_bbox_md": null,
        "geog_extent_bbox_fria": null,
        "name_it": "Westphal",
        "name_abb_it": null,
        "label_it": "Westphal",
        "descr_it": null,
        "descr_html_it": null,
        "url_it": null,
        "location_it": "Mare delle Spade centrale → Isole Moonshae → unnamed",
        "name_alt_it_str": null,
        "topical_tags": "",
        "related_location_tags": "",
        "related_cultures_tags": "",
        "related_factions_tags": ""
      },
      "geometry": {
        "type": "MultiPoint",
        "coordinates": [
          [
            -77.68972087591754,
            36.678725669535574
          ]
        ]
      }
    },
    {
      "type": "Feature",
      "properties": {
        "uuid": "c18ac6dd-c0f5-42bb-b3f8-cb75e3e4518a",
        "layer_id": "srf_civ_important_sites_pt",
        "timeframe": null,
        "feature_class": "Ruins",
        "feature_rank": 5,
        "is_visible": true,
        "is_labeled": true,
        "needs_review": false,
        "review_notes": "exclude from wiki link auto-ageneration",
        "img_url": null,
        "last_edited": "2026-07-13",
        "last_editor": "postgres",
        "name_en": "Kuo Meilan",
        "name_ru": "Куо Мэйлан",
        "name_abb_en": null,
        "name_abb_ru": null,
        "label_en": "Kuo Meilan",
        "label_ru": "Куо Мэйлан",
        "descr_en": null,
        "descr_ru": null,
        "descr_html_en": null,
        "descr_html_ru": null,
        "url_en": null,
        "url_ru": null,
        "source_name": "TSR FRIA 2e",
        "source_url": "https://www.profantasy.com/fratlas/fratlashome.htm",
        "dnd_editions_str": "2e, 3e, 5e",
        "feature_levels_str": null,
        "extra_str": null,
        "location_en": "western Kara-Tur → Chukei Province",
        "name_alt_en_str": null,
        "location_ru": "западный Кара-Тур → Провинция Чукеи",
        "name_alt_ru_str": null,
        "geog_extent_centroid_md": "38° 24′ 46″ N 057° 54′ 51″ E",
        "geog_extent_centroid_fria": "38° 24′ 46″ N 004° 25′ 58″ E",
        "geog_extent_area_sq_km": null,
        "geog_extent_area_sq_miles": null,
        "geog_extent_length_km": null,
        "geog_extent_length_miles": null,
        "geog_extent_perimeter_km": null,
        "geog_extent_perimeter_miles": null,
        "geog_extent_bbox_md": null,
        "geog_extent_bbox_fria": null,
        "name_it": "Kuo Meilan",
        "name_abb_it": null,
        "label_it": "Kuo Meilan",
        "descr_it": null,
        "descr_html_it": null,
        "url_it": null,
        "location_it": "Kara-Tur occidentale → Provincia di Chukei",
        "name_alt_it_str": null,
        "topical_tags": "",
        "related_location_tags": "",
        "related_cultures_tags": "",
        "related_factions_tags": ""
      },
      "geometry": {
        "type": "MultiPoint",
        "coordinates": [
          [
            4.432794738177728,
            38.41293096269306
          ]
        ]
      }
    },
    {
      "type": "Feature",
      "properties": {
        "uuid": "ba14e64c-a75b-426e-862c-03a85fa5e4d6",
        "layer_id": "srf_civ_important_sites_pt",
        "timeframe": null,
        "feature_class": "Ruins",
        "feature_rank": 5,
        "is_visible": true,
        "is_labeled": true,
        "needs_review": false,
        "review_notes": null,
        "img_url": null,
        "last_edited": "2026-07-13",
        "last_editor": "postgres",
        "name_en": "unnamed",
        "name_ru": null,
        "name_abb_en": null,
        "name_abb_ru": null,
        "label_en": null,
        "label_ru": null,
        "descr_en": null,
        "descr_ru": null,
        "descr_html_en": null,
        "descr_html_ru": null,
        "url_en": null,
        "url_ru": null,
        "source_name": "TSR FRIA 2e",
        "source_url": "https://www.profantasy.com/fratlas/fratlashome.htm",
        "dnd_editions_str": "2e, 3e, 5e",
        "feature_levels_str": null,
        "extra_str": null,
        "location_en": "northern Zakhara → Furrowed Mountains",
        "name_alt_en_str": null,
        "location_ru": "северный Захара → Бороздчатые Горы",
        "name_alt_ru_str": null,
        "geog_extent_centroid_md": "04° 41′ 22″ S 025° 19′ 48″ E",
        "geog_extent_centroid_fria": "04° 41′ 22″ S 028° 09′ 05″ W",
        "geog_extent_area_sq_km": null,
        "geog_extent_area_sq_miles": null,
        "geog_extent_length_km": null,
        "geog_extent_length_miles": null,
        "geog_extent_perimeter_km": null,
        "geog_extent_perimeter_miles": null,
        "geog_extent_bbox_md": null,
        "geog_extent_bbox_fria": null,
        "name_it": null,
        "name_abb_it": null,
        "label_it": null,
        "descr_it": null,
        "descr_html_it": null,
        "url_it": null,
        "location_it": "Zakhara settentrionale → Montagne Solcate",
        "name_alt_it_str": null,
        "topical_tags": "",
        "related_location_tags": "",
        "related_cultures_tags": "",
        "related_factions_tags": ""
      },
      "geometry": {
        "type": "MultiPoint",
        "coordinates": [
          [
            -28.15148650510558,
            -4.689707292434203
          ]
        ]
      }
    },
    {
      "type": "Feature",
      "properties": {
        "uuid": "c261554b-378b-47f4-ab3f-f58246db9f23",
        "layer_id": "srf_civ_important_sites_pt",
        "timeframe": null,
        "feature_class": "Fortification",
        "feature_rank": 5,
        "is_visible": true,
        "is_labeled": true,
        "needs_review": false,
        "review_notes": null,
        "img_url": null,
        "last_edited": "2026-07-14",
        "last_editor": "postgres",
        "name_en": "Punakha Dzong",
        "name_ru": "Дзонг Пунакха",
        "name_abb_en": null,
        "name_abb_ru": null,
        "label_en": "Punakha Dzong",
        "label_ru": "Дзонг Пунакха",
        "descr_en": "A fortress and monastery perched atop a tall rock column on the Katakoro Plateau, with sheer cliffs protecting three sides and the fourth abutting a mountain. It was built before the Kao invasions and frequently changed hands. In the 14th century DR, it was inhabited by Cyric worshipers who used hospitality as a pretense to spread their faith and imprison lone travelers.",
        "descr_ru": "Крепость и монастырь, расположенные на вершине высокой скальной колонны на Катакорском Плато, с отвесными скалами, защищающими три стороны, и четвёртой, примыкающей к горе. Был построен до вторжений Као и часто переходил из рук в руки. В XIV веке по ЛД был населён поклонниками Сирика, которые использовали гостеприимство как предлог для распространения своей веры и заточения одиноких путешественников.",
        "descr_html_en": null,
        "descr_html_ru": null,
        "url_en": "https://forgottenrealms.fandom.com/wiki/Punakha_Dzong",
        "url_ru": null,
        "source_name": "TSR FRIA 2e",
        "source_url": "https://www.profantasy.com/fratlas/fratlashome.htm",
        "dnd_editions_str": "2e, 3e, 5e",
        "feature_levels_str": null,
        "extra_str": "topical_tags: [\"fortress\", \"monastery\", \"rock_column\", \"cliff\", \"mountain\", \"plateau\"] | related_factions_tags: [\"followers of Cyric\"] | related_location_tags: [\"Katakoro Plateau\", \"Hordelands\"]",
        "location_en": "western Kara-Tur → Bandit Wastes → Growing Mountains",
        "name_alt_en_str": null,
        "location_ru": "западный Кара-Тур → Пустоши Бандитов → Растущие Горы",
        "name_alt_ru_str": null,
        "geog_extent_centroid_md": "24° 55′ 47″ N 040° 30′ 19″ E",
        "geog_extent_centroid_fria": "24° 55′ 47″ N 012° 58′ 33″ W",
        "geog_extent_area_sq_km": null,
        "geog_extent_area_sq_miles": null,
        "geog_extent_length_km": null,
        "geog_extent_length_miles": null,
        "geog_extent_perimeter_km": null,
        "geog_extent_perimeter_miles": null,
        "geog_extent_bbox_md": null,
        "geog_extent_bbox_fria": null,
        "name_it": "Punakha Dzong",
        "name_abb_it": null,
        "label_it": "Punakha Dzong",
        "descr_it": "Una fortezza e monastero arroccato su un'alta colonna di roccia sull'Altipiano Katakoro, con scogliere a picco che proteggono tre lati e il quarto che confina con una montagna. Fu costruito prima delle invasioni Kao e cambiò spesso proprietario. Nel XIV secolo DR, era abitato da seguaci di Cyric che usavano l'ospitalità come pretesto per diffondere la loro fede e imprigionare viaggiatori solitari.",
        "descr_html_it": null,
        "url_it": null,
        "location_it": "Kara-Tur occidentale → Deserti dei Banditi → Montagne Crescenti",
        "name_alt_it_str": null,
        "topical_tags": "fortress, monastery, rock_column, cliff, mountain, plateau",
        "related_location_tags": "Katakoro Plateau, Hordelands",
        "related_cultures_tags": "",
        "related_factions_tags": "followers of Cyric"
      },
      "geometry": {
        "type": "MultiPoint",
        "coordinates": [
          [
            -12.975998713647686,
            24.929888567525012
          ]
        ]
      }
    },
    {
      "type": "Feature",
      "properties": {
        "uuid": "c3d23efe-8441-46b3-a810-e785df0b8cbf",
        "layer_id": "srf_civ_important_sites_pt",
        "timeframe": null,
        "feature_class": "Fortification",
        "feature_rank": 4,
        "is_visible": true,
        "is_labeled": true,
        "needs_review": false,
        "review_notes": null,
        "img_url": null,
        "last_edited": "2026-07-22",
        "last_editor": "postgres",
        "name_en": "Mythral Hall",
        "name_ru": null,
        "name_abb_en": "",
        "name_abb_ru": null,
        "label_en": "Mythral Hall",
        "label_ru": null,
        "descr_en": "",
        "descr_ru": null,
        "descr_html_en": null,
        "descr_html_ru": null,
        "url_en": "",
        "url_ru": null,
        "source_name": "TSR FRIA 2e",
        "source_url": "https://www.profantasy.com/fratlas/fratlashome.htm",
        "dnd_editions_str": "2e, 3e, 5e",
        "feature_levels_str": null,
        "extra_str": null,
        "location_en": "north-western Faerûn → Spine of the World",
        "name_alt_en_str": null,
        "location_ru": "северо-западный Фаэрун → Хребет Мира",
        "name_alt_ru_str": null,
        "geog_extent_centroid_md": "51° 36′ 44″ N 016° 31′ 43″ W",
        "geog_extent_centroid_fria": "51° 36′ 44″ N 070° 00′ 37″ W",
        "geog_extent_area_sq_km": null,
        "geog_extent_area_sq_miles": null,
        "geog_extent_length_km": null,
        "geog_extent_length_miles": null,
        "geog_extent_perimeter_km": null,
        "geog_extent_perimeter_miles": null,
        "geog_extent_bbox_md": null,
        "geog_extent_bbox_fria": null,
        "name_it": null,
        "name_abb_it": null,
        "label_it": "Mythral Hall",
        "descr_it": null,
        "descr_html_it": null,
        "url_it": null,
        "location_it": "Faerûn nord-occidentale → Dorso del Mondo",
        "name_alt_it_str": null,
        "topical_tags": "",
        "related_location_tags": "",
        "related_cultures_tags": "",
        "related_factions_tags": ""
      },
      "geometry": {
        "type": "MultiPoint",
        "coordinates": [
          [
            -70.01034886633087,
            51.61228714604972
          ]
        ]
      }
    },
    {
      "type": "Feature",
      "properties": {
        "uuid": "c4a75648-052c-42a1-ac9d-d85a0e9b5517",
        "layer_id": "srf_civ_important_sites_pt",
        "timeframe": null,
        "feature_class": "Other",
        "feature_rank": 5,
        "is_visible": true,
        "is_labeled": true,
        "needs_review": false,
        "review_notes": "exclude from wiki link auto-ageneration",
        "img_url": null,
        "last_edited": "2026-07-13",
        "last_editor": "postgres",
        "name_en": "Kizun",
        "name_ru": "Кизун",
        "name_abb_en": null,
        "name_abb_ru": null,
        "label_en": "Kizun",
        "label_ru": "Кизун",
        "descr_en": null,
        "descr_ru": null,
        "descr_html_en": null,
        "descr_html_ru": null,
        "url_en": null,
        "url_ru": null,
        "source_name": "TSR FRIA 2e",
        "source_url": "https://www.profantasy.com/fratlas/fratlashome.htm",
        "dnd_editions_str": "2e, 3e, 5e",
        "feature_levels_str": null,
        "extra_str": null,
        "location_en": "western Kara-Tur → Koryaz Mountains",
        "name_alt_en_str": null,
        "location_ru": "западный Кара-Тур → Горы Корьяз",
        "name_alt_ru_str": null,
        "geog_extent_centroid_md": "45° 42′ 08″ N 067° 45′ 39″ E",
        "geog_extent_centroid_fria": "45° 42′ 08″ N 014° 16′ 45″ E",
        "geog_extent_area_sq_km": null,
        "geog_extent_area_sq_miles": null,
        "geog_extent_length_km": null,
        "geog_extent_length_miles": null,
        "geog_extent_perimeter_km": null,
        "geog_extent_perimeter_miles": null,
        "geog_extent_bbox_md": null,
        "geog_extent_bbox_fria": null,
        "name_it": "Kizun",
        "name_abb_it": null,
        "label_it": "Kizun",
        "descr_it": null,
        "descr_html_it": null,
        "url_it": null,
        "location_it": "Kara-Tur occidentale → Montagne Koryaz",
        "name_alt_it_str": null,
        "topical_tags": "",
        "related_location_tags": "",
        "related_cultures_tags": "",
        "related_factions_tags": ""
      },
      "geometry": {
        "type": "MultiPoint",
        "coordinates": [
          [
            14.279368037530714,
            45.70238257527182
          ]
        ]
      }
    },
    {
      "type": "Feature",
      "properties": {
        "uuid": "c4d7c8be-7836-44cc-b7c8-ef645a97a238",
        "layer_id": "srf_civ_important_sites_pt",
        "timeframe": null,
        "feature_class": "Fortification",
        "feature_rank": 5,
        "is_visible": true,
        "is_labeled": true,
        "needs_review": false,
        "review_notes": null,
        "img_url": null,
        "last_edited": "2026-07-13",
        "last_editor": "postgres",
        "name_en": "unnamed",
        "name_ru": null,
        "name_abb_en": null,
        "name_abb_ru": null,
        "label_en": null,
        "label_ru": null,
        "descr_en": null,
        "descr_ru": null,
        "descr_html_en": null,
        "descr_html_ru": null,
        "url_en": null,
        "url_ru": null,
        "source_name": "TSR FRIA 2e",
        "source_url": "https://www.profantasy.com/fratlas/fratlashome.htm",
        "dnd_editions_str": "2e, 3e, 5e",
        "feature_levels_str": null,
        "extra_str": null,
        "location_en": "western Zakhara → unnamed",
        "name_alt_en_str": null,
        "location_ru": "западный Захара → unnamed",
        "name_alt_ru_str": null,
        "geog_extent_centroid_md": "10° 05′ 18″ S 021° 00′ 25″ E",
        "geog_extent_centroid_fria": "10° 05′ 18″ S 032° 28′ 27″ W",
        "geog_extent_area_sq_km": null,
        "geog_extent_area_sq_miles": null,
        "geog_extent_length_km": null,
        "geog_extent_length_miles": null,
        "geog_extent_perimeter_km": null,
        "geog_extent_perimeter_miles": null,
        "geog_extent_bbox_md": null,
        "geog_extent_bbox_fria": null,
        "name_it": null,
        "name_abb_it": null,
        "label_it": null,
        "descr_it": null,
        "descr_html_it": null,
        "url_it": null,
        "location_it": "Zakhara occidentale → unnamed",
        "name_alt_it_str": null,
        "topical_tags": "",
        "related_location_tags": "",
        "related_cultures_tags": "",
        "related_factions_tags": ""
      },
      "geometry": {
        "type": "MultiPoint",
        "coordinates": [
          [
            -32.47440936907168,
            -10.08841382497309
          ]
        ]
      }
    },
    {
      "type": "Feature",
      "properties": {
        "uuid": "c4e5b518-619c-44df-ad25-169fa1fb9c88",
        "layer_id": "srf_civ_important_sites_pt",
        "timeframe": null,
        "feature_class": "Tomb",
        "feature_rank": 5,
        "is_visible": true,
        "is_labeled": true,
        "needs_review": false,
        "review_notes": "exclude from wiki link auto-ageneration",
        "img_url": null,
        "last_edited": "2026-07-13",
        "last_editor": "postgres",
        "name_en": "Tomb of the Great Conqueror",
        "name_ru": "Гробница Великого Завоевателя",
        "name_abb_en": null,
        "name_abb_ru": null,
        "label_en": "Tomb of the Great Conqueror",
        "label_ru": "Гробница Великого Завоевателя",
        "descr_en": null,
        "descr_ru": null,
        "descr_html_en": null,
        "descr_html_ru": null,
        "url_en": null,
        "url_ru": null,
        "source_name": "TSR FRIA 2e",
        "source_url": "https://www.profantasy.com/fratlas/fratlashome.htm",
        "dnd_editions_str": "2e, 3e, 5e",
        "feature_levels_str": null,
        "extra_str": null,
        "location_en": "eastern Faerûn → Mulhorand",
        "name_alt_en_str": null,
        "location_ru": "восточный Фаэрун → Мулхоранд",
        "name_alt_ru_str": null,
        "geog_extent_centroid_md": "32° 37′ 33″ N 025° 02′ 31″ E",
        "geog_extent_centroid_fria": "32° 37′ 33″ N 028° 26′ 22″ W",
        "geog_extent_area_sq_km": null,
        "geog_extent_area_sq_miles": null,
        "geog_extent_length_km": null,
        "geog_extent_length_miles": null,
        "geog_extent_perimeter_km": null,
        "geog_extent_perimeter_miles": null,
        "geog_extent_bbox_md": null,
        "geog_extent_bbox_fria": null,
        "name_it": "Tomba del Grande Conquistatore",
        "name_abb_it": null,
        "label_it": "Tomba del Grande Conquistatore",
        "descr_it": null,
        "descr_html_it": null,
        "url_it": null,
        "location_it": "Faerûn orientale → Mulhorand",
        "name_alt_it_str": null,
        "topical_tags": "",
        "related_location_tags": "",
        "related_cultures_tags": "",
        "related_factions_tags": ""
      },
      "geometry": {
        "type": "MultiPoint",
        "coordinates": [
          [
            -28.43947916526566,
            32.62591538089373
          ]
        ]
      }
    },
    {
      "type": "Feature",
      "properties": {
        "uuid": "c565749b-3b09-49d6-a8f5-2e660b6e9a15",
        "layer_id": "srf_civ_important_sites_pt",
        "timeframe": null,
        "feature_class": "Inn",
        "feature_rank": 5,
        "is_visible": true,
        "is_labeled": true,
        "needs_review": false,
        "review_notes": "exclude from wiki link auto-ageneration",
        "img_url": null,
        "last_edited": "2026-07-13",
        "last_editor": "postgres",
        "name_en": "Roosting Griffon Inn",
        "name_ru": "Гостиница «Гнездо Грифона»",
        "name_abb_en": null,
        "name_abb_ru": null,
        "label_en": "Roosting Griffon Inn",
        "label_ru": "Гостиница «Гнездо Грифона»",
        "descr_en": null,
        "descr_ru": null,
        "descr_html_en": null,
        "descr_html_ru": null,
        "url_en": null,
        "url_ru": null,
        "source_name": "TSR FRIA 2e",
        "source_url": "https://www.profantasy.com/fratlas/fratlashome.htm",
        "dnd_editions_str": "2e, 3e, 5e",
        "feature_levels_str": null,
        "extra_str": null,
        "location_en": "western Faerûn → Waterdeep",
        "name_alt_en_str": null,
        "location_ru": "западный Фаэрун → Глубоководье",
        "name_alt_ru_str": null,
        "geog_extent_centroid_md": "44° 39′ 10″ N 019° 27′ 30″ W",
        "geog_extent_centroid_fria": "44° 39′ 10″ N 072° 56′ 23″ W",
        "geog_extent_area_sq_km": null,
        "geog_extent_area_sq_miles": null,
        "geog_extent_length_km": null,
        "geog_extent_length_miles": null,
        "geog_extent_perimeter_km": null,
        "geog_extent_perimeter_miles": null,
        "geog_extent_bbox_md": null,
        "geog_extent_bbox_fria": null,
        "name_it": "Locanda del Grifone Appollaiato",
        "name_abb_it": null,
        "label_it": "Locanda del Grifone Appollaiato",
        "descr_it": null,
        "descr_html_it": null,
        "url_it": null,
        "location_it": "Faerûn occidentale → Waterdeep",
        "name_alt_it_str": null,
        "topical_tags": "",
        "related_location_tags": "",
        "related_cultures_tags": "",
        "related_factions_tags": ""
      },
      "geometry": {
        "type": "MultiPoint",
        "coordinates": [
          [
            -72.93996577676047,
            44.65289624518352
          ]
        ]
      }
    },
    {
      "type": "Feature",
      "properties": {
        "uuid": "c5cd2a9f-5231-48c5-9419-077d39542568",
        "layer_id": "srf_civ_important_sites_pt",
        "timeframe": null,
        "feature_class": "Unclassified",
        "feature_rank": 5,
        "is_visible": true,
        "is_labeled": true,
        "needs_review": false,
        "review_notes": null,
        "img_url": null,
        "last_edited": "2026-07-13",
        "last_editor": "postgres",
        "name_en": "unnamed",
        "name_ru": null,
        "name_abb_en": null,
        "name_abb_ru": null,
        "label_en": null,
        "label_ru": null,
        "descr_en": null,
        "descr_ru": null,
        "descr_html_en": null,
        "descr_html_ru": null,
        "url_en": null,
        "url_ru": null,
        "source_name": "TSR FRIA 2e",
        "source_url": "https://www.profantasy.com/fratlas/fratlashome.htm",
        "dnd_editions_str": "2e, 3e, 5e",
        "feature_levels_str": null,
        "extra_str": null,
        "location_en": "northern Crowded Sea → unnamed",
        "name_alt_en_str": null,
        "location_ru": "северный Тесное море → unnamed",
        "name_alt_ru_str": null,
        "geog_extent_centroid_md": "18° 14′ 23″ S 027° 26′ 16″ E",
        "geog_extent_centroid_fria": "18° 14′ 23″ S 026° 02′ 36″ W",
        "geog_extent_area_sq_km": null,
        "geog_extent_area_sq_miles": null,
        "geog_extent_length_km": null,
        "geog_extent_length_miles": null,
        "geog_extent_perimeter_km": null,
        "geog_extent_perimeter_miles": null,
        "geog_extent_bbox_md": null,
        "geog_extent_bbox_fria": null,
        "name_it": null,
        "name_abb_it": null,
        "label_it": null,
        "descr_it": null,
        "descr_html_it": null,
        "url_it": null,
        "location_it": "Mare Affollato settentrionale → unnamed",
        "name_alt_it_str": null,
        "topical_tags": "",
        "related_location_tags": "",
        "related_cultures_tags": "",
        "related_factions_tags": ""
      },
      "geometry": {
        "type": "MultiPoint",
        "coordinates": [
          [
            -26.04359967299859,
            -18.239766200487562
          ]
        ]
      }
    },
    {
      "type": "Feature",
      "properties": {
        "uuid": "c5934341-0b7a-4d9b-adb2-2a2d7a9db5e2",
        "layer_id": "srf_civ_important_sites_pt",
        "timeframe": null,
        "feature_class": "Fortification",
        "feature_rank": 4,
        "is_visible": true,
        "is_labeled": true,
        "needs_review": false,
        "review_notes": null,
        "img_url": null,
        "last_edited": "2026-07-22",
        "last_editor": "postgres",
        "name_en": "The Lonely Tower",
        "name_ru": null,
        "name_abb_en": "",
        "name_abb_ru": null,
        "label_en": "The Lonely Tower",
        "label_ru": null,
        "descr_en": "",
        "descr_ru": null,
        "descr_html_en": null,
        "descr_html_ru": null,
        "url_en": "",
        "url_ru": null,
        "source_name": "TSR FRIA 2e",
        "source_url": "https://www.profantasy.com/fratlas/fratlashome.htm",
        "dnd_editions_str": "2e, 3e, 5e",
        "feature_levels_str": null,
        "extra_str": null,
        "location_en": "north-western Faerûn",
        "name_alt_en_str": null,
        "location_ru": "северо-западный Фаэрун",
        "name_alt_ru_str": null,
        "geog_extent_centroid_md": "53° 16′ 53″ N 014° 28′ 59″ W",
        "geog_extent_centroid_fria": "53° 16′ 53″ N 067° 57′ 53″ W",
        "geog_extent_area_sq_km": null,
        "geog_extent_area_sq_miles": null,
        "geog_extent_length_km": null,
        "geog_extent_length_miles": null,
        "geog_extent_perimeter_km": null,
        "geog_extent_perimeter_miles": null,
        "geog_extent_bbox_md": null,
        "geog_extent_bbox_fria": null,
        "name_it": null,
        "name_abb_it": null,
        "label_it": "The Lonely Tower",
        "descr_it": null,
        "descr_html_it": null,
        "url_it": null,
        "location_it": "Faerûn nord-occidentale",
        "name_alt_it_str": null,
        "topical_tags": "",
        "related_location_tags": "",
        "related_cultures_tags": "",
        "related_factions_tags": ""
      },
      "geometry": {
        "type": "MultiPoint",
        "coordinates": [
          [
            -67.96477881810239,
            53.28147385584433
          ]
        ]
      }
    },
    {
      "type": "Feature",
      "properties": {
        "uuid": "c66625be-6a54-4df4-9f9b-98d0a6acdc01",
        "layer_id": "srf_civ_important_sites_pt",
        "timeframe": null,
        "feature_class": "Ruins",
        "feature_rank": 5,
        "is_visible": true,
        "is_labeled": true,
        "needs_review": false,
        "review_notes": "exclude from wiki link auto-ageneration",
        "img_url": null,
        "last_edited": "2026-07-13",
        "last_editor": "postgres",
        "name_en": "Kuo Meilan",
        "name_ru": "Куо Мэйлан",
        "name_abb_en": null,
        "name_abb_ru": null,
        "label_en": "Kuo Meilan",
        "label_ru": "Куо Мэйлан",
        "descr_en": null,
        "descr_ru": null,
        "descr_html_en": null,
        "descr_html_ru": null,
        "url_en": null,
        "url_ru": null,
        "source_name": "TSR FRIA 2e",
        "source_url": "https://www.profantasy.com/fratlas/fratlashome.htm",
        "dnd_editions_str": "2e, 3e, 5e",
        "feature_levels_str": null,
        "extra_str": null,
        "location_en": "western Kara-Tur → Chukei Province",
        "name_alt_en_str": null,
        "location_ru": "западный Кара-Тур → Провинция Чукеи",
        "name_alt_ru_str": null,
        "geog_extent_centroid_md": "40° 23′ 51″ N 053° 29′ 26″ E",
        "geog_extent_centroid_fria": "40° 23′ 51″ N 000° 00′ 33″ E",
        "geog_extent_area_sq_km": null,
        "geog_extent_area_sq_miles": null,
        "geog_extent_length_km": null,
        "geog_extent_length_miles": null,
        "geog_extent_perimeter_km": null,
        "geog_extent_perimeter_miles": null,
        "geog_extent_bbox_md": null,
        "geog_extent_bbox_fria": null,
        "name_it": "Kuo Meilan",
        "name_abb_it": null,
        "label_it": "Kuo Meilan",
        "descr_it": null,
        "descr_html_it": null,
        "url_it": null,
        "location_it": "Kara-Tur occidentale → Provincia di Chukei",
        "name_alt_it_str": null,
        "topical_tags": "",
        "related_location_tags": "",
        "related_cultures_tags": "",
        "related_factions_tags": ""
      },
      "geometry": {
        "type": "MultiPoint",
        "coordinates": [
          [
            0.009252213207396,
            40.397531165092765
          ]
        ]
      }
    },
    {
      "type": "Feature",
      "properties": {
        "uuid": "c78ab461-2fb0-4c13-8b76-37592938a148",
        "layer_id": "srf_civ_important_sites_pt",
        "timeframe": null,
        "feature_class": "Mine",
        "feature_rank": 5,
        "is_visible": true,
        "is_labeled": true,
        "needs_review": false,
        "review_notes": "exclude from wiki link auto-ageneration",
        "img_url": null,
        "last_edited": "2026-07-13",
        "last_editor": "postgres",
        "name_en": "Gold Mine",
        "name_ru": "Золотой Рудник",
        "name_abb_en": null,
        "name_abb_ru": null,
        "label_en": "Gold Mine",
        "label_ru": "Золотой Рудник",
        "descr_en": null,
        "descr_ru": null,
        "descr_html_en": null,
        "descr_html_ru": null,
        "url_en": null,
        "url_ru": null,
        "source_name": "TSR FRIA 2e",
        "source_url": "https://www.profantasy.com/fratlas/fratlashome.htm",
        "dnd_editions_str": "2e, 3e, 5e",
        "feature_levels_str": null,
        "extra_str": null,
        "location_en": "eastern Faerûn → Thay → Thayan Plateau",
        "name_alt_en_str": null,
        "location_ru": "восточный Фаэрун → Тэй → Тэйское Плато",
        "name_alt_ru_str": null,
        "geog_extent_centroid_md": "35° 16′ 01″ N 016° 24′ 32″ E",
        "geog_extent_centroid_fria": "35° 16′ 01″ N 037° 04′ 20″ W",
        "geog_extent_area_sq_km": null,
        "geog_extent_area_sq_miles": null,
        "geog_extent_length_km": null,
        "geog_extent_length_miles": null,
        "geog_extent_perimeter_km": null,
        "geog_extent_perimeter_miles": null,
        "geog_extent_bbox_md": null,
        "geog_extent_bbox_fria": null,
        "name_it": "Miniera d'Oro",
        "name_abb_it": null,
        "label_it": "Miniera d'Oro",
        "descr_it": null,
        "descr_html_it": null,
        "url_it": null,
        "location_it": "Faerûn orientale → Thay → Altipiano di Thay",
        "name_alt_it_str": null,
        "topical_tags": "",
        "related_location_tags": "",
        "related_cultures_tags": "",
        "related_factions_tags": ""
      },
      "geometry": {
        "type": "MultiPoint",
        "coordinates": [
          [
            -37.07248754152568,
            35.267041836510614
          ]
        ]
      }
    },
    {
      "type": "Feature",
      "properties": {
        "uuid": "fdf6ad8c-a9ce-414b-9867-47fdad7fe9d5",
        "layer_id": "srf_civ_important_sites_pt",
        "timeframe": null,
        "feature_class": "Unclassified",
        "feature_rank": 5,
        "is_visible": true,
        "is_labeled": true,
        "needs_review": false,
        "review_notes": null,
        "img_url": null,
        "last_edited": "2026-07-13",
        "last_editor": "postgres",
        "name_en": "unnamed",
        "name_ru": null,
        "name_abb_en": null,
        "name_abb_ru": null,
        "label_en": null,
        "label_ru": null,
        "descr_en": null,
        "descr_ru": null,
        "descr_html_en": null,
        "descr_html_ru": null,
        "url_en": null,
        "url_ru": null,
        "source_name": "TSR FRIA 2e",
        "source_url": "https://www.profantasy.com/fratlas/fratlashome.htm",
        "dnd_editions_str": "2e, 3e, 5e",
        "feature_levels_str": null,
        "extra_str": null,
        "location_en": "south-western Zakhara → unnamed",
        "name_alt_en_str": null,
        "location_ru": "юго-западный Захара → unnamed",
        "name_alt_ru_str": null,
        "geog_extent_centroid_md": "16° 58′ 27″ S 022° 30′ 42″ E",
        "geog_extent_centroid_fria": "16° 58′ 27″ S 030° 58′ 10″ W",
        "geog_extent_area_sq_km": null,
        "geog_extent_area_sq_miles": null,
        "geog_extent_length_km": null,
        "geog_extent_length_miles": null,
        "geog_extent_perimeter_km": null,
        "geog_extent_perimeter_miles": null,
        "geog_extent_bbox_md": null,
        "geog_extent_bbox_fria": null,
        "name_it": null,
        "name_abb_it": null,
        "label_it": null,
        "descr_it": null,
        "descr_html_it": null,
        "url_it": null,
        "location_it": "Zakhara sud-occidentale → unnamed",
        "name_alt_it_str": null,
        "topical_tags": "",
        "related_location_tags": "",
        "related_cultures_tags": "",
        "related_factions_tags": ""
      },
      "geometry": {
        "type": "MultiPoint",
        "coordinates": [
          [
            -30.96972027531809,
            -16.974199381656558
          ]
        ]
      }
    },
    {
      "type": "Feature",
      "properties": {
        "uuid": "f793244b-2aa6-4c4e-a445-824f0e931002",
        "layer_id": "srf_civ_important_sites_pt",
        "timeframe": null,
        "feature_class": "Fortification",
        "feature_rank": 5,
        "is_visible": true,
        "is_labeled": true,
        "needs_review": false,
        "review_notes": null,
        "img_url": null,
        "last_edited": "2026-07-14",
        "last_editor": "postgres",
        "name_en": "Forgotten Keep",
        "name_ru": "Забытая Крепость",
        "name_abb_en": null,
        "name_abb_ru": null,
        "label_en": "Forgotten Keep",
        "label_ru": "Забытая Крепость",
        "descr_en": "A ruined keep in the Helmlands region of the Southern Stonelands, northeast of Eveningstar. Its remaining structure consists of round walls and a lookout tower shell built over a subterranean gate and a natural cavern with a spring. By the 14th century DR it was abandoned and used as a lair by beasts and monsters.",
        "descr_ru": "Разрушенная крепость в области Земли Хельма в Южных Каменных Землях, к северо-востоку от Вечерней Звезды. Сохранившаяся структура состоит из круглых стен и оболочки сторожевой башни, построенных над подземными воротами и естественной пещерой с источником. К XIV веку по ЛД была заброшена и использовалась как логово зверями и монстрами.",
        "descr_html_en": null,
        "descr_html_ru": null,
        "url_en": "https://forgottenrealms.fandom.com/wiki/Forgotten_Keep",
        "url_ru": null,
        "source_name": "TSR FRIA 2e",
        "source_url": "https://www.profantasy.com/fratlas/fratlashome.htm",
        "dnd_editions_str": "2e, 3e, 5e",
        "feature_levels_str": null,
        "extra_str": "topical_tags: [\"ruins\", \"keep\", \"gate\", \"cavern\", \"spring\", \"lair\", \"invasion\"] | related_factions_tags: [\"Shadovar\", \"Thultanthar\", \"War Wizards\", \"Lady Marsheena's army\"] | related_location_tags: [\"Helmlands\", \"Southern Stonelands\", \"Cormyr\", \"Eveningstar\", \"Starwater River\", \"Redspring\", \"Castle Crag\", \"High Horn\"]",
        "location_en": "central Faerûn → Cormyr",
        "name_alt_en_str": null,
        "location_ru": "центральный Фаэрун → Кормир",
        "name_alt_ru_str": null,
        "geog_extent_centroid_md": "38° 41′ 56″ N 006° 02′ 19″ W",
        "geog_extent_centroid_fria": "38° 41′ 56″ N 059° 31′ 12″ W",
        "geog_extent_area_sq_km": null,
        "geog_extent_area_sq_miles": null,
        "geog_extent_length_km": null,
        "geog_extent_length_miles": null,
        "geog_extent_perimeter_km": null,
        "geog_extent_perimeter_miles": null,
        "geog_extent_bbox_md": null,
        "geog_extent_bbox_fria": null,
        "name_it": "Fortezza Dimenticata",
        "name_abb_it": null,
        "label_it": "Fortezza Dimenticata",
        "descr_it": "La Fortezza Dimenticata è un forte in rovina nella regione delle Terre di Helm nelle Terre Pietrose Meridionali, a nord-est di Eveningstar. La sua struttura rimanente consiste in mura rotonde e un guscio di torre di vedetta costruito sopra una porta sotterranea e una caverna naturale con una sorgente. Entro il XIV secolo DR era abbandonato e usato come covo da bestie e mostri.",
        "descr_html_it": null,
        "url_it": null,
        "location_it": "Faerûn centrale → Cormyr",
        "name_alt_it_str": null,
        "topical_tags": "ruins, keep, gate, cavern, spring, lair, invasion",
        "related_location_tags": "Helmlands, Southern Stonelands, Cormyr, Eveningstar, Starwater River, Redspring, Castle Crag, High Horn",
        "related_cultures_tags": "",
        "related_factions_tags": "Shadovar, Thultanthar, War Wizards, Lady Marsheena's army"
      },
      "geometry": {
        "type": "MultiPoint",
        "coordinates": [
          [
            -59.52013007793783,
            38.69907727012579
          ]
        ]
      }
    },
    {
      "type": "Feature",
      "properties": {
        "uuid": "c8e9199c-a10b-4758-b038-6d6aaaa0cb08",
        "layer_id": "srf_civ_important_sites_pt",
        "timeframe": null,
        "feature_class": "Fortification",
        "feature_rank": 5,
        "is_visible": true,
        "is_labeled": true,
        "needs_review": false,
        "review_notes": null,
        "img_url": null,
        "last_edited": "2026-07-13",
        "last_editor": "postgres",
        "name_en": "unnamed",
        "name_ru": null,
        "name_abb_en": null,
        "name_abb_ru": null,
        "label_en": null,
        "label_ru": null,
        "descr_en": null,
        "descr_ru": null,
        "descr_html_en": null,
        "descr_html_ru": null,
        "url_en": null,
        "url_ru": null,
        "source_name": "TSR FRIA 2e",
        "source_url": "https://www.profantasy.com/fratlas/fratlashome.htm",
        "dnd_editions_str": "2e, 3e, 5e",
        "feature_levels_str": null,
        "extra_str": null,
        "location_en": "south-western Zakhara → unnamed",
        "name_alt_en_str": null,
        "location_ru": "юго-западный Захара → unnamed",
        "name_alt_ru_str": null,
        "geog_extent_centroid_md": "18° 44′ 42″ S 023° 44′ 35″ E",
        "geog_extent_centroid_fria": "18° 44′ 42″ S 029° 44′ 17″ W",
        "geog_extent_area_sq_km": null,
        "geog_extent_area_sq_miles": null,
        "geog_extent_length_km": null,
        "geog_extent_length_miles": null,
        "geog_extent_perimeter_km": null,
        "geog_extent_perimeter_miles": null,
        "geog_extent_bbox_md": null,
        "geog_extent_bbox_fria": null,
        "name_it": null,
        "name_abb_it": null,
        "label_it": null,
        "descr_it": null,
        "descr_html_it": null,
        "url_it": null,
        "location_it": "Zakhara sud-occidentale → unnamed",
        "name_alt_it_str": null,
        "topical_tags": "",
        "related_location_tags": "",
        "related_cultures_tags": "",
        "related_factions_tags": ""
      },
      "geometry": {
        "type": "MultiPoint",
        "coordinates": [
          [
            -29.738190124738214,
            -18.745036161137183
          ]
        ]
      }
    },
    {
      "type": "Feature",
      "properties": {
        "uuid": "f7a25031-18d7-4971-ad5c-5975fdd16691",
        "layer_id": "srf_civ_important_sites_pt",
        "timeframe": null,
        "feature_class": "Battlefield",
        "feature_rank": 5,
        "is_visible": true,
        "is_labeled": true,
        "needs_review": false,
        "review_notes": "exclude from wiki link auto-ageneration",
        "img_url": null,
        "last_edited": "2026-07-13",
        "last_editor": "postgres",
        "name_en": "Three Dead Camels",
        "name_ru": "Три Мёртвых Верблюда",
        "name_abb_en": null,
        "name_abb_ru": null,
        "label_en": "Three Dead Camels",
        "label_ru": "Три Мёртвых Верблюда",
        "descr_en": null,
        "descr_ru": null,
        "descr_html_en": null,
        "descr_html_ru": null,
        "url_en": null,
        "url_ru": null,
        "source_name": "TSR FRIA 2e",
        "source_url": "https://www.profantasy.com/fratlas/fratlashome.htm",
        "dnd_editions_str": "2e, 3e, 5e",
        "feature_levels_str": null,
        "extra_str": null,
        "location_en": "central Faerûn → Anauroch",
        "name_alt_en_str": null,
        "location_ru": "центральный Фаэрун → Anauroch",
        "name_alt_ru_str": null,
        "geog_extent_centroid_md": "40° 07′ 49″ N 005° 32′ 56″ W",
        "geog_extent_centroid_fria": "40° 07′ 49″ N 059° 01′ 50″ W",
        "geog_extent_area_sq_km": null,
        "geog_extent_area_sq_miles": null,
        "geog_extent_length_km": null,
        "geog_extent_length_miles": null,
        "geog_extent_perimeter_km": null,
        "geog_extent_perimeter_miles": null,
        "geog_extent_bbox_md": null,
        "geog_extent_bbox_fria": null,
        "name_it": "Tre Cammelli Morti",
        "name_abb_it": null,
        "label_it": "Tre Cammelli Morti",
        "descr_it": null,
        "descr_html_it": null,
        "url_it": null,
        "location_it": "Faerûn centrale → Anauroch",
        "name_alt_it_str": null,
        "topical_tags": "",
        "related_location_tags": "",
        "related_cultures_tags": "",
        "related_factions_tags": ""
      },
      "geometry": {
        "type": "MultiPoint",
        "coordinates": [
          [
            -59.03060688961078,
            40.1305488439375
          ]
        ]
      }
    },
    {
      "type": "Feature",
      "properties": {
        "uuid": "cac1e5dc-16e3-4657-a70a-eb66307a2986",
        "layer_id": "srf_civ_important_sites_pt",
        "timeframe": null,
        "feature_class": "Battlefield",
        "feature_rank": 5,
        "is_visible": true,
        "is_labeled": true,
        "needs_review": false,
        "review_notes": null,
        "img_url": null,
        "last_edited": "2026-07-13",
        "last_editor": "postgres",
        "name_en": "unnamed",
        "name_ru": null,
        "name_abb_en": null,
        "name_abb_ru": null,
        "label_en": null,
        "label_ru": null,
        "descr_en": null,
        "descr_ru": null,
        "descr_html_en": null,
        "descr_html_ru": null,
        "url_en": null,
        "url_ru": null,
        "source_name": "TSR FRIA 2e",
        "source_url": "https://www.profantasy.com/fratlas/fratlashome.htm",
        "dnd_editions_str": "2e, 3e, 5e",
        "feature_levels_str": null,
        "extra_str": null,
        "location_en": "northern Zakhara → unnamed",
        "name_alt_en_str": null,
        "location_ru": "северный Захара → unnamed",
        "name_alt_ru_str": null,
        "geog_extent_centroid_md": "03° 30′ 49″ S 024° 15′ 34″ E",
        "geog_extent_centroid_fria": "03° 30′ 49″ S 029° 13′ 18″ W",
        "geog_extent_area_sq_km": null,
        "geog_extent_area_sq_miles": null,
        "geog_extent_length_km": null,
        "geog_extent_length_miles": null,
        "geog_extent_perimeter_km": null,
        "geog_extent_perimeter_miles": null,
        "geog_extent_bbox_md": null,
        "geog_extent_bbox_fria": null,
        "name_it": null,
        "name_abb_it": null,
        "label_it": null,
        "descr_it": null,
        "descr_html_it": null,
        "url_it": null,
        "location_it": "Zakhara settentrionale → unnamed",
        "name_alt_it_str": null,
        "topical_tags": "",
        "related_location_tags": "",
        "related_cultures_tags": "",
        "related_factions_tags": ""
      },
      "geometry": {
        "type": "MultiPoint",
        "coordinates": [
          [
            -29.221791225823615,
            -3.51381928454645
          ]
        ]
      }
    },
    {
      "type": "Feature",
      "properties": {
        "uuid": "cac77cfa-e1b0-49c4-a609-ff49cc6fbcb6",
        "layer_id": "srf_civ_important_sites_pt",
        "timeframe": null,
        "feature_class": "Fortification",
        "feature_rank": 5,
        "is_visible": true,
        "is_labeled": true,
        "needs_review": false,
        "review_notes": null,
        "img_url": null,
        "last_edited": "2026-07-13",
        "last_editor": "postgres",
        "name_en": "unnamed",
        "name_ru": null,
        "name_abb_en": null,
        "name_abb_ru": null,
        "label_en": null,
        "label_ru": null,
        "descr_en": null,
        "descr_ru": null,
        "descr_html_en": null,
        "descr_html_ru": null,
        "url_en": null,
        "url_ru": null,
        "source_name": "TSR FRIA 2e",
        "source_url": "https://www.profantasy.com/fratlas/fratlashome.htm",
        "dnd_editions_str": "2e, 3e, 5e",
        "feature_levels_str": null,
        "extra_str": null,
        "location_en": "central Zakhara → unnamed",
        "name_alt_en_str": null,
        "location_ru": "центральный Захара → unnamed",
        "name_alt_ru_str": null,
        "geog_extent_centroid_md": "08° 58′ 17″ S 029° 34′ 36″ E",
        "geog_extent_centroid_fria": "08° 58′ 17″ S 023° 54′ 16″ W",
        "geog_extent_area_sq_km": null,
        "geog_extent_area_sq_miles": null,
        "geog_extent_length_km": null,
        "geog_extent_length_miles": null,
        "geog_extent_perimeter_km": null,
        "geog_extent_perimeter_miles": null,
        "geog_extent_bbox_md": null,
        "geog_extent_bbox_fria": null,
        "name_it": null,
        "name_abb_it": null,
        "label_it": null,
        "descr_it": null,
        "descr_html_it": null,
        "url_it": null,
        "location_it": "Zakhara centrale → unnamed",
        "name_alt_it_str": null,
        "topical_tags": "",
        "related_location_tags": "",
        "related_cultures_tags": "",
        "related_factions_tags": ""
      },
      "geometry": {
        "type": "MultiPoint",
        "coordinates": [
          [
            -23.904626253570395,
            -8.971611861997772
          ]
        ]
      }
    },
    {
      "type": "Feature",
      "properties": {
        "uuid": "cb04c279-1b1a-4ddb-90fd-45bd26df5adc",
        "layer_id": "srf_civ_important_sites_pt",
        "timeframe": null,
        "feature_class": "Ruins",
        "feature_rank": 5,
        "is_visible": true,
        "is_labeled": true,
        "needs_review": false,
        "review_notes": null,
        "img_url": null,
        "last_edited": "2026-07-13",
        "last_editor": "postgres",
        "name_en": "unnamed",
        "name_ru": null,
        "name_abb_en": null,
        "name_abb_ru": null,
        "label_en": null,
        "label_ru": null,
        "descr_en": null,
        "descr_ru": null,
        "descr_html_en": null,
        "descr_html_ru": null,
        "url_en": null,
        "url_ru": null,
        "source_name": "TSR FRIA 2e",
        "source_url": "https://www.profantasy.com/fratlas/fratlashome.htm",
        "dnd_editions_str": "2e, 3e, 5e",
        "feature_levels_str": null,
        "extra_str": null,
        "location_en": "eastern Zakhara → Wall of the Wailing Elephant",
        "name_alt_en_str": null,
        "location_ru": "восточный Захара → Стена Плачущего Слона",
        "name_alt_ru_str": null,
        "geog_extent_centroid_md": "13° 25′ 22″ S 034° 41′ 40″ E",
        "geog_extent_centroid_fria": "13° 25′ 22″ S 018° 47′ 13″ W",
        "geog_extent_area_sq_km": null,
        "geog_extent_area_sq_miles": null,
        "geog_extent_length_km": null,
        "geog_extent_length_miles": null,
        "geog_extent_perimeter_km": null,
        "geog_extent_perimeter_miles": null,
        "geog_extent_bbox_md": null,
        "geog_extent_bbox_fria": null,
        "name_it": null,
        "name_abb_it": null,
        "label_it": null,
        "descr_it": null,
        "descr_html_it": null,
        "url_it": null,
        "location_it": "Zakhara orientale → Muro dell'Elefante Piangente",
        "name_alt_it_str": null,
        "topical_tags": "",
        "related_location_tags": "",
        "related_cultures_tags": "",
        "related_factions_tags": ""
      },
      "geometry": {
        "type": "MultiPoint",
        "coordinates": [
          [
            -18.78696495324642,
            -13.422976829296067
          ]
        ]
      }
    },
    {
      "type": "Feature",
      "properties": {
        "uuid": "cb9dc95b-9fdb-4e86-b997-326c9d1833d0",
        "layer_id": "srf_civ_important_sites_pt",
        "timeframe": null,
        "feature_class": "Fortification",
        "feature_rank": 5,
        "is_visible": true,
        "is_labeled": true,
        "needs_review": false,
        "review_notes": null,
        "img_url": null,
        "last_edited": "2026-07-13",
        "last_editor": "postgres",
        "name_en": "unnamed",
        "name_ru": null,
        "name_abb_en": null,
        "name_abb_ru": null,
        "label_en": null,
        "label_ru": null,
        "descr_en": null,
        "descr_ru": null,
        "descr_html_en": null,
        "descr_html_ru": null,
        "url_en": null,
        "url_ru": null,
        "source_name": "TSR FRIA 2e",
        "source_url": "https://www.profantasy.com/fratlas/fratlashome.htm",
        "dnd_editions_str": "2e, 3e, 5e",
        "feature_levels_str": null,
        "extra_str": null,
        "location_en": "north-western Kara-Tur → unnamed",
        "name_alt_en_str": null,
        "location_ru": "северо-западный Кара-Тур → unnamed",
        "name_alt_ru_str": null,
        "geog_extent_centroid_md": "46° 46′ 15″ N 066° 05′ 08″ E",
        "geog_extent_centroid_fria": "46° 46′ 15″ N 012° 36′ 15″ E",
        "geog_extent_area_sq_km": null,
        "geog_extent_area_sq_miles": null,
        "geog_extent_length_km": null,
        "geog_extent_length_miles": null,
        "geog_extent_perimeter_km": null,
        "geog_extent_perimeter_miles": null,
        "geog_extent_bbox_md": null,
        "geog_extent_bbox_fria": null,
        "name_it": null,
        "name_abb_it": null,
        "label_it": null,
        "descr_it": null,
        "descr_html_it": null,
        "url_it": null,
        "location_it": "Kara-Tur nord-occidentale → unnamed",
        "name_alt_it_str": null,
        "topical_tags": "",
        "related_location_tags": "",
        "related_cultures_tags": "",
        "related_factions_tags": ""
      },
      "geometry": {
        "type": "MultiPoint",
        "coordinates": [
          [
            12.604254155163328,
            46.77105636986682
          ]
        ]
      }
    },
    {
      "type": "Feature",
      "properties": {
        "uuid": "cc256724-2746-47fc-b316-510da223efb1",
        "layer_id": "srf_civ_important_sites_pt",
        "timeframe": null,
        "feature_class": "Fortification",
        "feature_rank": 5,
        "is_visible": true,
        "is_labeled": true,
        "needs_review": false,
        "review_notes": null,
        "img_url": null,
        "last_edited": "2026-07-13",
        "last_editor": "postgres",
        "name_en": "unnamed",
        "name_ru": null,
        "name_abb_en": null,
        "name_abb_ru": null,
        "label_en": null,
        "label_ru": null,
        "descr_en": null,
        "descr_ru": null,
        "descr_html_en": null,
        "descr_html_ru": null,
        "url_en": null,
        "url_ru": null,
        "source_name": "TSR FRIA 2e",
        "source_url": "https://www.profantasy.com/fratlas/fratlashome.htm",
        "dnd_editions_str": "2e, 3e, 5e",
        "feature_levels_str": null,
        "extra_str": null,
        "location_en": "north-western Kara-Tur → unnamed",
        "name_alt_en_str": null,
        "location_ru": "северо-западный Кара-Тур → unnamed",
        "name_alt_ru_str": null,
        "geog_extent_centroid_md": "47° 45′ 10″ N 067° 05′ 15″ E",
        "geog_extent_centroid_fria": "47° 45′ 10″ N 013° 36′ 21″ E",
        "geog_extent_area_sq_km": null,
        "geog_extent_area_sq_miles": null,
        "geog_extent_length_km": null,
        "geog_extent_length_miles": null,
        "geog_extent_perimeter_km": null,
        "geog_extent_perimeter_miles": null,
        "geog_extent_bbox_md": null,
        "geog_extent_bbox_fria": null,
        "name_it": null,
        "name_abb_it": null,
        "label_it": null,
        "descr_it": null,
        "descr_html_it": null,
        "url_it": null,
        "location_it": "Kara-Tur nord-occidentale → unnamed",
        "name_alt_it_str": null,
        "topical_tags": "",
        "related_location_tags": "",
        "related_cultures_tags": "",
        "related_factions_tags": ""
      },
      "geometry": {
        "type": "MultiPoint",
        "coordinates": [
          [
            13.606090753620993,
            47.75290768307368
          ]
        ]
      }
    },
    {
      "type": "Feature",
      "properties": {
        "uuid": "cc84ce43-6e1f-4b90-9b2d-f89df5c971b4",
        "layer_id": "srf_civ_important_sites_pt",
        "timeframe": null,
        "feature_class": "Fortification",
        "feature_rank": 5,
        "is_visible": true,
        "is_labeled": true,
        "needs_review": false,
        "review_notes": null,
        "img_url": null,
        "last_edited": "2026-07-14",
        "last_editor": "postgres",
        "name_en": "Winterkeep",
        "name_ru": "Зимняя Крепость",
        "name_abb_en": null,
        "name_abb_ru": null,
        "label_en": "Winterkeep",
        "label_ru": "Зимняя Крепость",
        "descr_en": "A ruined noble estate and former royal retreat on the southern tip of the Yal Tengri, with intact subterranean chambers.",
        "descr_ru": "Разрушенное дворянское поместье и бывшая королевская резиденция на южной оконечности Ял-Тенгри, с нетронутыми подземными камерами.",
        "descr_html_en": null,
        "descr_html_ru": null,
        "url_en": "https://forgottenrealms.fandom.com/wiki/Winterkeep",
        "url_ru": null,
        "source_name": "TSR FRIA 2e",
        "source_url": "https://www.profantasy.com/fratlas/fratlashome.htm",
        "dnd_editions_str": "2e, 3e, 5e",
        "feature_levels_str": null,
        "extra_str": "topical_tags: [\"ruin\", \"subterranean\", \"estate\", \"retreat\", \"winter\"] | related_cultures_tags: [\"Vil Adanrath\", \"Raumathar\"] | related_location_tags: [\"Hordelands\", \"northeast Faerûn\", \"Yal Tengri\", \"Glittering Spires\", \"Golden Way\"]",
        "location_en": "eastern Faerûn → Endless Waste",
        "name_alt_en_str": "Iket Sotha",
        "location_ru": "восточный Фаэрун → Бескрайняя Пустошь",
        "name_alt_ru_str": "Икет Сота",
        "geog_extent_centroid_md": "40° 55′ 35″ N 029° 58′ 34″ E",
        "geog_extent_centroid_fria": "40° 55′ 35″ N 023° 30′ 19″ W",
        "geog_extent_area_sq_km": null,
        "geog_extent_area_sq_miles": null,
        "geog_extent_length_km": null,
        "geog_extent_length_miles": null,
        "geog_extent_perimeter_km": null,
        "geog_extent_perimeter_miles": null,
        "geog_extent_bbox_md": null,
        "geog_extent_bbox_fria": null,
        "name_it": "Rocca d'Inverno",
        "name_abb_it": null,
        "label_it": "Rocca d'Inverno",
        "descr_it": "Una tenuta nobiliare in rovina e ex ritiro reale sulla punta meridionale dello Yal Tengri, con camere sotterranee intatte.",
        "descr_html_it": null,
        "url_it": null,
        "location_it": "Faerûn orientale → Desolazione Infinita",
        "name_alt_it_str": "Iket Sotha",
        "topical_tags": "ruin, subterranean, estate, retreat, winter",
        "related_location_tags": "Hordelands, northeast Faerûn, Yal Tengri, Glittering Spires, Golden Way",
        "related_cultures_tags": "Vil Adanrath, Raumathar",
        "related_factions_tags": ""
      },
      "geometry": {
        "type": "MultiPoint",
        "coordinates": [
          [
            -23.50532311047766,
            40.92648446246735
          ]
        ]
      }
    },
    {
      "type": "Feature",
      "properties": {
        "uuid": "cd3b4ec1-08fb-4fc9-8dc0-e0aa356a2986",
        "layer_id": "srf_civ_important_sites_pt",
        "timeframe": null,
        "feature_class": "Fortification",
        "feature_rank": 5,
        "is_visible": true,
        "is_labeled": true,
        "needs_review": false,
        "review_notes": "exclude from wiki link auto-ageneration",
        "img_url": null,
        "last_edited": "2026-07-13",
        "last_editor": "postgres",
        "name_en": "Wenxiang Garrison",
        "name_ru": "Гарнизон Вэньсян",
        "name_abb_en": null,
        "name_abb_ru": null,
        "label_en": "Wenxiang Garrison",
        "label_ru": "Гарнизон Вэньсян",
        "descr_en": null,
        "descr_ru": null,
        "descr_html_en": null,
        "descr_html_ru": null,
        "url_en": null,
        "url_ru": null,
        "source_name": "TSR FRIA 2e",
        "source_url": "https://www.profantasy.com/fratlas/fratlashome.htm",
        "dnd_editions_str": "2e, 3e, 5e",
        "feature_levels_str": null,
        "extra_str": null,
        "location_en": "south-western Kara-Tur → Chu Yuan Province",
        "name_alt_en_str": null,
        "location_ru": "юго-западный Кара-Тур → Провинция Чу Юань",
        "name_alt_ru_str": null,
        "geog_extent_centroid_md": "05° 59′ 18″ N 062° 28′ 59″ E",
        "geog_extent_centroid_fria": "05° 59′ 18″ N 009° 00′ 05″ E",
        "geog_extent_area_sq_km": null,
        "geog_extent_area_sq_miles": null,
        "geog_extent_length_km": null,
        "geog_extent_length_miles": null,
        "geog_extent_perimeter_km": null,
        "geog_extent_perimeter_miles": null,
        "geog_extent_bbox_md": null,
        "geog_extent_bbox_fria": null,
        "name_it": "Guarnigione di Wenxiang",
        "name_abb_it": null,
        "label_it": "Guarnigione di Wenxiang",
        "descr_it": null,
        "descr_html_it": null,
        "url_it": null,
        "location_it": "Kara-Tur sud-occidentale → Provincia di Chu Yuan",
        "name_alt_it_str": null,
        "topical_tags": "",
        "related_location_tags": "",
        "related_cultures_tags": "",
        "related_factions_tags": ""
      },
      "geometry": {
        "type": "MultiPoint",
        "coordinates": [
          [
            9.001597100143675,
            5.988426775973539
          ]
        ]
      }
    },
    {
      "type": "Feature",
      "properties": {
        "uuid": "cdf10f98-244b-44a3-a909-81e33b215da9",
        "layer_id": "srf_civ_important_sites_pt",
        "timeframe": null,
        "feature_class": "Ruins",
        "feature_rank": 5,
        "is_visible": true,
        "is_labeled": true,
        "needs_review": false,
        "review_notes": "exclude from wiki link auto-ageneration",
        "img_url": null,
        "last_edited": "2026-07-13",
        "last_editor": "postgres",
        "name_en": "Big Cave",
        "name_ru": "Большая Пещера",
        "name_abb_en": null,
        "name_abb_ru": null,
        "label_en": "Big Cave",
        "label_ru": "Большая Пещера",
        "descr_en": null,
        "descr_ru": null,
        "descr_html_en": null,
        "descr_html_ru": null,
        "url_en": null,
        "url_ru": null,
        "source_name": "TSR FRIA 2e",
        "source_url": "https://www.profantasy.com/fratlas/fratlashome.htm",
        "dnd_editions_str": "2e, 3e, 5e",
        "feature_levels_str": null,
        "extra_str": null,
        "location_en": "western Sea of Swords → Moonshae Isles",
        "name_alt_en_str": null,
        "location_ru": "западный море Мечей → острова Муншае",
        "name_alt_ru_str": null,
        "geog_extent_centroid_md": "36° 54′ 10″ N 025° 40′ 36″ W",
        "geog_extent_centroid_fria": "36° 54′ 10″ N 079° 09′ 29″ W",
        "geog_extent_area_sq_km": null,
        "geog_extent_area_sq_miles": null,
        "geog_extent_length_km": null,
        "geog_extent_length_miles": null,
        "geog_extent_perimeter_km": null,
        "geog_extent_perimeter_miles": null,
        "geog_extent_bbox_md": null,
        "geog_extent_bbox_fria": null,
        "name_it": "Grotta Grande",
        "name_abb_it": null,
        "label_it": "Grotta Grande",
        "descr_it": null,
        "descr_html_it": null,
        "url_it": null,
        "location_it": "Mare delle Spade occidentale → Isole Moonshae",
        "name_alt_it_str": null,
        "topical_tags": "",
        "related_location_tags": "",
        "related_cultures_tags": "",
        "related_factions_tags": ""
      },
      "geometry": {
        "type": "MultiPoint",
        "coordinates": [
          [
            -79.15830103854545,
            36.903052469698665
          ]
        ]
      }
    },
    {
      "type": "Feature",
      "properties": {
        "uuid": "ceb88bf0-d22a-46a6-afdb-ead045496cdd",
        "layer_id": "srf_civ_important_sites_pt",
        "timeframe": null,
        "feature_class": "Fortification",
        "feature_rank": 5,
        "is_visible": true,
        "is_labeled": true,
        "needs_review": false,
        "review_notes": "exclude from wiki link auto-ageneration",
        "img_url": null,
        "last_edited": "2026-07-13",
        "last_editor": "postgres",
        "name_en": "Pit of the Laughing Efreeti",
        "name_ru": "Яма Смеющегося Ифрита",
        "name_abb_en": null,
        "name_abb_ru": null,
        "label_en": "Pit of the Laughing Efreeti",
        "label_ru": "Яма Смеющегося Ифрита",
        "descr_en": null,
        "descr_ru": null,
        "descr_html_en": null,
        "descr_html_ru": null,
        "url_en": null,
        "url_ru": null,
        "source_name": "TSR FRIA 2e",
        "source_url": "https://www.profantasy.com/fratlas/fratlashome.htm",
        "dnd_editions_str": "2e, 3e, 5e",
        "feature_levels_str": null,
        "extra_str": null,
        "location_en": "central Zakhara → unnamed",
        "name_alt_en_str": null,
        "location_ru": "центральный Захара → unnamed",
        "name_alt_ru_str": null,
        "geog_extent_centroid_md": "08° 53′ 22″ S 028° 22′ 56″ E",
        "geog_extent_centroid_fria": "08° 53′ 22″ S 025° 05′ 56″ W",
        "geog_extent_area_sq_km": null,
        "geog_extent_area_sq_miles": null,
        "geog_extent_length_km": null,
        "geog_extent_length_miles": null,
        "geog_extent_perimeter_km": null,
        "geog_extent_perimeter_miles": null,
        "geog_extent_bbox_md": null,
        "geog_extent_bbox_fria": null,
        "name_it": "Fossa dell'Efreeti Ridente",
        "name_abb_it": null,
        "label_it": "Fossa dell'Efreeti Ridente",
        "descr_it": null,
        "descr_html_it": null,
        "url_it": null,
        "location_it": "Zakhara centrale → unnamed",
        "name_alt_it_str": null,
        "topical_tags": "",
        "related_location_tags": "",
        "related_cultures_tags": "",
        "related_factions_tags": ""
      },
      "geometry": {
        "type": "MultiPoint",
        "coordinates": [
          [
            -25.09911790338095,
            -8.889544795014874
          ]
        ]
      }
    },
    {
      "type": "Feature",
      "properties": {
        "uuid": "cf2ef4b1-fdfd-40ab-b7cf-4d6e33109d92",
        "layer_id": "srf_civ_important_sites_pt",
        "timeframe": null,
        "feature_class": "Unclassified",
        "feature_rank": 5,
        "is_visible": true,
        "is_labeled": true,
        "needs_review": false,
        "review_notes": null,
        "img_url": null,
        "last_edited": "2026-07-13",
        "last_editor": "postgres",
        "name_en": "unnamed",
        "name_ru": null,
        "name_abb_en": null,
        "name_abb_ru": null,
        "label_en": null,
        "label_ru": null,
        "descr_en": null,
        "descr_ru": null,
        "descr_html_en": null,
        "descr_html_ru": null,
        "url_en": null,
        "url_ru": null,
        "source_name": "TSR FRIA 2e",
        "source_url": "https://www.profantasy.com/fratlas/fratlashome.htm",
        "dnd_editions_str": "2e, 3e, 5e",
        "feature_levels_str": null,
        "extra_str": null,
        "location_en": "western Kara-Tur → Hai Yuan Province",
        "name_alt_en_str": null,
        "location_ru": "западный Кара-Тур → Провинция Хай Юань",
        "name_alt_ru_str": null,
        "geog_extent_centroid_md": "17° 38′ 32″ N 070° 23′ 50″ E",
        "geog_extent_centroid_fria": "17° 38′ 32″ N 016° 54′ 57″ E",
        "geog_extent_area_sq_km": null,
        "geog_extent_area_sq_miles": null,
        "geog_extent_length_km": null,
        "geog_extent_length_miles": null,
        "geog_extent_perimeter_km": null,
        "geog_extent_perimeter_miles": null,
        "geog_extent_bbox_md": null,
        "geog_extent_bbox_fria": null,
        "name_it": null,
        "name_abb_it": null,
        "label_it": null,
        "descr_it": null,
        "descr_html_it": null,
        "url_it": null,
        "location_it": "Kara-Tur occidentale → Provincia di Hai Yuan",
        "name_alt_it_str": null,
        "topical_tags": "",
        "related_location_tags": "",
        "related_cultures_tags": "",
        "related_factions_tags": ""
      },
      "geometry": {
        "type": "MultiPoint",
        "coordinates": [
          [
            16.9159285633949,
            17.642288774246417
          ]
        ]
      }
    },
    {
      "type": "Feature",
      "properties": {
        "uuid": "cfa3f35c-96b9-4707-8e8c-9e2eb5475162",
        "layer_id": "srf_civ_important_sites_pt",
        "timeframe": null,
        "feature_class": "Unclassified",
        "feature_rank": 5,
        "is_visible": true,
        "is_labeled": true,
        "needs_review": false,
        "review_notes": null,
        "img_url": null,
        "last_edited": "2026-07-13",
        "last_editor": "postgres",
        "name_en": "unnamed",
        "name_ru": null,
        "name_abb_en": null,
        "name_abb_ru": null,
        "label_en": null,
        "label_ru": null,
        "descr_en": null,
        "descr_ru": null,
        "descr_html_en": null,
        "descr_html_ru": null,
        "url_en": null,
        "url_ru": null,
        "source_name": "TSR FRIA 2e",
        "source_url": "https://www.profantasy.com/fratlas/fratlashome.htm",
        "dnd_editions_str": "2e, 3e, 5e",
        "feature_levels_str": null,
        "extra_str": null,
        "location_en": "central Zakhara → unnamed",
        "name_alt_en_str": null,
        "location_ru": "центральный Захара → unnamed",
        "name_alt_ru_str": null,
        "geog_extent_centroid_md": "13° 12′ 59″ S 028° 55′ 43″ E",
        "geog_extent_centroid_fria": "13° 12′ 59″ S 024° 33′ 10″ W",
        "geog_extent_area_sq_km": null,
        "geog_extent_area_sq_miles": null,
        "geog_extent_length_km": null,
        "geog_extent_length_miles": null,
        "geog_extent_perimeter_km": null,
        "geog_extent_perimeter_miles": null,
        "geog_extent_bbox_md": null,
        "geog_extent_bbox_fria": null,
        "name_it": null,
        "name_abb_it": null,
        "label_it": null,
        "descr_it": null,
        "descr_html_it": null,
        "url_it": null,
        "location_it": "Zakhara centrale → unnamed",
        "name_alt_it_str": null,
        "topical_tags": "",
        "related_location_tags": "",
        "related_cultures_tags": "",
        "related_factions_tags": ""
      },
      "geometry": {
        "type": "MultiPoint",
        "coordinates": [
          [
            -24.552800017033483,
            -13.216612742418574
          ]
        ]
      }
    },
    {
      "type": "Feature",
      "properties": {
        "uuid": "d04b8b1a-6e23-40e7-96b1-959f71dc8dfb",
        "layer_id": "srf_civ_important_sites_pt",
        "timeframe": null,
        "feature_class": "Ruins",
        "feature_rank": 5,
        "is_visible": true,
        "is_labeled": true,
        "needs_review": false,
        "review_notes": null,
        "img_url": null,
        "last_edited": "2026-07-22",
        "last_editor": "postgres",
        "name_en": "Ascore",
        "name_ru": null,
        "name_abb_en": "",
        "name_abb_ru": null,
        "label_en": "Ascore",
        "label_ru": null,
        "descr_en": "",
        "descr_ru": null,
        "descr_html_en": null,
        "descr_html_ru": null,
        "url_en": "",
        "url_ru": null,
        "source_name": "TSR FRIA 2e",
        "source_url": "https://www.profantasy.com/fratlas/fratlashome.htm",
        "dnd_editions_str": "2e, 3e, 5e",
        "feature_levels_str": null,
        "extra_str": null,
        "location_en": "north-western Faerûn",
        "name_alt_en_str": null,
        "location_ru": "северо-западный Фаэрун",
        "name_alt_ru_str": null,
        "geog_extent_centroid_md": "51° 01′ 57″ N 010° 38′ 59″ W",
        "geog_extent_centroid_fria": "51° 01′ 57″ N 064° 07′ 52″ W",
        "geog_extent_area_sq_km": null,
        "geog_extent_area_sq_miles": null,
        "geog_extent_length_km": null,
        "geog_extent_length_miles": null,
        "geog_extent_perimeter_km": null,
        "geog_extent_perimeter_miles": null,
        "geog_extent_bbox_md": null,
        "geog_extent_bbox_fria": null,
        "name_it": null,
        "name_abb_it": null,
        "label_it": "Ascore",
        "descr_it": null,
        "descr_html_it": null,
        "url_it": null,
        "location_it": "Faerûn nord-occidentale",
        "name_alt_it_str": null,
        "topical_tags": "",
        "related_location_tags": "",
        "related_cultures_tags": "",
        "related_factions_tags": ""
      },
      "geometry": {
        "type": "MultiPoint",
        "coordinates": [
          [
            -64.13126851947065,
            51.032722427812665
          ]
        ]
      }
    },
    {
      "type": "Feature",
      "properties": {
        "uuid": "d19400c9-1853-4213-892d-6b8690fd825d",
        "layer_id": "srf_civ_important_sites_pt",
        "timeframe": null,
        "feature_class": "Fortification",
        "feature_rank": 5,
        "is_visible": true,
        "is_labeled": true,
        "needs_review": false,
        "review_notes": "exclude from wiki link auto-ageneration",
        "img_url": null,
        "last_edited": "2026-07-13",
        "last_editor": "postgres",
        "name_en": "Szass Tam's Keep",
        "name_ru": "Крепость Сасса Тама",
        "name_abb_en": null,
        "name_abb_ru": null,
        "label_en": "Szass Tam's Keep",
        "label_ru": "Крепость Сасса Тама",
        "descr_en": null,
        "descr_ru": null,
        "descr_html_en": null,
        "descr_html_ru": null,
        "url_en": null,
        "url_ru": null,
        "source_name": "TSR FRIA 2e",
        "source_url": "https://www.profantasy.com/fratlas/fratlashome.htm",
        "dnd_editions_str": "2e, 3e, 5e",
        "feature_levels_str": null,
        "extra_str": null,
        "location_en": "eastern Faerûn → Thay → Thayan Plateau",
        "name_alt_en_str": null,
        "location_ru": "восточный Фаэрун → Тэй → Тэйское Плато",
        "name_alt_ru_str": null,
        "geog_extent_centroid_md": "34° 24′ 06″ N 016° 15′ 13″ E",
        "geog_extent_centroid_fria": "34° 24′ 06″ N 037° 13′ 40″ W",
        "geog_extent_area_sq_km": null,
        "geog_extent_area_sq_miles": null,
        "geog_extent_length_km": null,
        "geog_extent_length_miles": null,
        "geog_extent_perimeter_km": null,
        "geog_extent_perimeter_miles": null,
        "geog_extent_bbox_md": null,
        "geog_extent_bbox_fria": null,
        "name_it": "Rocca di Szass Tam",
        "name_abb_it": null,
        "label_it": "Rocca di Szass Tam",
        "descr_it": null,
        "descr_html_it": null,
        "url_it": null,
        "location_it": "Faerûn orientale → Thay → Altipiano di Thay",
        "name_alt_it_str": null,
        "topical_tags": "",
        "related_location_tags": "",
        "related_cultures_tags": "",
        "related_factions_tags": ""
      },
      "geometry": {
        "type": "MultiPoint",
        "coordinates": [
          [
            -37.22778286799969,
            34.40191303739028
          ]
        ]
      }
    },
    {
      "type": "Feature",
      "properties": {
        "uuid": "d1da7240-6db9-4f34-ad07-bcbda3704fa4",
        "layer_id": "srf_civ_important_sites_pt",
        "timeframe": null,
        "feature_class": "Fortification",
        "feature_rank": 5,
        "is_visible": true,
        "is_labeled": true,
        "needs_review": false,
        "review_notes": null,
        "img_url": null,
        "last_edited": "2026-07-13",
        "last_editor": "postgres",
        "name_en": "unnamed",
        "name_ru": null,
        "name_abb_en": null,
        "name_abb_ru": null,
        "label_en": null,
        "label_ru": null,
        "descr_en": null,
        "descr_ru": null,
        "descr_html_en": null,
        "descr_html_ru": null,
        "url_en": null,
        "url_ru": null,
        "source_name": "TSR FRIA 2e",
        "source_url": "https://www.profantasy.com/fratlas/fratlashome.htm",
        "dnd_editions_str": "2e, 3e, 5e",
        "feature_levels_str": null,
        "extra_str": null,
        "location_en": "south-western Zakhara → High Desert",
        "name_alt_en_str": null,
        "location_ru": "юго-западный Захара → Высокая Пустыня",
        "name_alt_ru_str": null,
        "geog_extent_centroid_md": "15° 05′ 19″ S 018° 30′ 41″ E",
        "geog_extent_centroid_fria": "15° 05′ 19″ S 034° 58′ 11″ W",
        "geog_extent_area_sq_km": null,
        "geog_extent_area_sq_miles": null,
        "geog_extent_length_km": null,
        "geog_extent_length_miles": null,
        "geog_extent_perimeter_km": null,
        "geog_extent_perimeter_miles": null,
        "geog_extent_bbox_md": null,
        "geog_extent_bbox_fria": null,
        "name_it": null,
        "name_abb_it": null,
        "label_it": null,
        "descr_it": null,
        "descr_html_it": null,
        "url_it": null,
        "location_it": "Zakhara sud-occidentale → Alto Deserto",
        "name_alt_it_str": null,
        "topical_tags": "",
        "related_location_tags": "",
        "related_cultures_tags": "",
        "related_factions_tags": ""
      },
      "geometry": {
        "type": "MultiPoint",
        "coordinates": [
          [
            -34.96987835840459,
            -15.088674498139103
          ]
        ]
      }
    },
    {
      "type": "Feature",
      "properties": {
        "uuid": "d1f336f4-377f-4511-b1f7-e293a62bf47a",
        "layer_id": "srf_civ_important_sites_pt",
        "timeframe": null,
        "feature_class": "Unclassified",
        "feature_rank": 5,
        "is_visible": true,
        "is_labeled": true,
        "needs_review": false,
        "review_notes": null,
        "img_url": null,
        "last_edited": "2026-07-13",
        "last_editor": "postgres",
        "name_en": "unnamed",
        "name_ru": null,
        "name_abb_en": null,
        "name_abb_ru": null,
        "label_en": null,
        "label_ru": null,
        "descr_en": null,
        "descr_ru": null,
        "descr_html_en": null,
        "descr_html_ru": null,
        "url_en": null,
        "url_ru": null,
        "source_name": "TSR FRIA 2e",
        "source_url": "https://www.profantasy.com/fratlas/fratlashome.htm",
        "dnd_editions_str": "2e, 3e, 5e",
        "feature_levels_str": null,
        "extra_str": null,
        "location_en": "southern Zakhara → unnamed",
        "name_alt_en_str": null,
        "location_ru": "южный Захара → unnamed",
        "name_alt_ru_str": null,
        "geog_extent_centroid_md": "16° 22′ 35″ S 029° 50′ 10″ E",
        "geog_extent_centroid_fria": "16° 22′ 35″ S 023° 38′ 43″ W",
        "geog_extent_area_sq_km": null,
        "geog_extent_area_sq_miles": null,
        "geog_extent_length_km": null,
        "geog_extent_length_miles": null,
        "geog_extent_perimeter_km": null,
        "geog_extent_perimeter_miles": null,
        "geog_extent_bbox_md": null,
        "geog_extent_bbox_fria": null,
        "name_it": null,
        "name_abb_it": null,
        "label_it": null,
        "descr_it": null,
        "descr_html_it": null,
        "url_it": null,
        "location_it": "Zakhara meridionale → unnamed",
        "name_alt_it_str": null,
        "topical_tags": "",
        "related_location_tags": "",
        "related_cultures_tags": "",
        "related_factions_tags": ""
      },
      "geometry": {
        "type": "MultiPoint",
        "coordinates": [
          [
            -23.645356748185158,
            -16.37652150588872
          ]
        ]
      }
    },
    {
      "type": "Feature",
      "properties": {
        "uuid": "d2640e03-56b8-4738-8f70-577c17d39241",
        "layer_id": "srf_civ_important_sites_pt",
        "timeframe": null,
        "feature_class": "Farm",
        "feature_rank": 5,
        "is_visible": true,
        "is_labeled": true,
        "needs_review": false,
        "review_notes": "exclude from wiki link auto-ageneration",
        "img_url": null,
        "last_edited": "2026-07-13",
        "last_editor": "postgres",
        "name_en": "Macoley Farm",
        "name_ru": "Ферма Маколея",
        "name_abb_en": null,
        "name_abb_ru": null,
        "label_en": "Macoley Farm",
        "label_ru": "Ферма Маколея",
        "descr_en": null,
        "descr_ru": null,
        "descr_html_en": null,
        "descr_html_ru": null,
        "url_en": null,
        "url_ru": null,
        "source_name": "TSR FRIA 2e",
        "source_url": "https://www.profantasy.com/fratlas/fratlashome.htm",
        "dnd_editions_str": "2e, 3e, 5e",
        "feature_levels_str": null,
        "extra_str": null,
        "location_en": "central Faerûn → Aglarond",
        "name_alt_en_str": null,
        "location_ru": "центральный Фаэрун → Агларонд",
        "name_alt_ru_str": null,
        "geog_extent_centroid_md": "34° 36′ 56″ N 009° 52′ 20″ E",
        "geog_extent_centroid_fria": "34° 36′ 56″ N 043° 36′ 32″ W",
        "geog_extent_area_sq_km": null,
        "geog_extent_area_sq_miles": null,
        "geog_extent_length_km": null,
        "geog_extent_length_miles": null,
        "geog_extent_perimeter_km": null,
        "geog_extent_perimeter_miles": null,
        "geog_extent_bbox_md": null,
        "geog_extent_bbox_fria": null,
        "name_it": "Fattoria Macoley",
        "name_abb_it": null,
        "label_it": "Fattoria Macoley",
        "descr_it": null,
        "descr_html_it": null,
        "url_it": null,
        "location_it": "Faerûn centrale → Aglarond",
        "name_alt_it_str": null,
        "topical_tags": "",
        "related_location_tags": "",
        "related_cultures_tags": "",
        "related_factions_tags": ""
      },
      "geometry": {
        "type": "MultiPoint",
        "coordinates": [
          [
            -43.609009010386494,
            34.615694579759584
          ]
        ]
      }
    },
    {
      "type": "Feature",
      "properties": {
        "uuid": "d2c89969-e5ed-4025-a618-c0d01515379e",
        "layer_id": "srf_civ_important_sites_pt",
        "timeframe": null,
        "feature_class": "Mine",
        "feature_rank": 5,
        "is_visible": true,
        "is_labeled": true,
        "needs_review": false,
        "review_notes": "exclude from wiki link auto-ageneration",
        "img_url": null,
        "last_edited": "2026-07-13",
        "last_editor": "postgres",
        "name_en": "Go S'tena Quarries",
        "name_ru": "Каменоломни Го С'тена",
        "name_abb_en": null,
        "name_abb_ru": null,
        "label_en": "Go S'tena Quarries",
        "label_ru": "Каменоломни Го С'тена",
        "descr_en": null,
        "descr_ru": null,
        "descr_html_en": null,
        "descr_html_ru": null,
        "url_en": null,
        "url_ru": null,
        "source_name": "TSR FRIA 2e",
        "source_url": "https://www.profantasy.com/fratlas/fratlashome.htm",
        "dnd_editions_str": "2e, 3e, 5e",
        "feature_levels_str": null,
        "extra_str": null,
        "location_en": "central Kara-Tur → T'u Lung → Hills of Esang Yi",
        "name_alt_en_str": null,
        "location_ru": "центральный Кара-Тур → Ту Лунг → Холмы Эсанг Йи",
        "name_alt_ru_str": null,
        "geog_extent_centroid_md": "13° 44′ 46″ N 081° 58′ 00″ E",
        "geog_extent_centroid_fria": "13° 44′ 46″ N 028° 29′ 06″ E",
        "geog_extent_area_sq_km": null,
        "geog_extent_area_sq_miles": null,
        "geog_extent_length_km": null,
        "geog_extent_length_miles": null,
        "geog_extent_perimeter_km": null,
        "geog_extent_perimeter_miles": null,
        "geog_extent_bbox_md": null,
        "geog_extent_bbox_fria": null,
        "name_it": "Cave di Go S'tena",
        "name_abb_it": null,
        "label_it": "Cave di Go S'tena",
        "descr_it": null,
        "descr_html_it": null,
        "url_it": null,
        "location_it": "Kara-Tur centrale → T'u Lung → Colline di Esang Yi",
        "name_alt_it_str": null,
        "topical_tags": "",
        "related_location_tags": "",
        "related_cultures_tags": "",
        "related_factions_tags": ""
      },
      "geometry": {
        "type": "MultiPoint",
        "coordinates": [
          [
            28.48522516702361,
            13.746383782273753
          ]
        ]
      }
    },
    {
      "type": "Feature",
      "properties": {
        "uuid": "d328a98a-c896-4125-898f-d778008f900e",
        "layer_id": "srf_civ_important_sites_pt",
        "timeframe": null,
        "feature_class": "Fortification",
        "feature_rank": 5,
        "is_visible": true,
        "is_labeled": true,
        "needs_review": false,
        "review_notes": null,
        "img_url": null,
        "last_edited": "2026-07-13",
        "last_editor": "postgres",
        "name_en": "unnamed",
        "name_ru": null,
        "name_abb_en": null,
        "name_abb_ru": null,
        "label_en": null,
        "label_ru": null,
        "descr_en": null,
        "descr_ru": null,
        "descr_html_en": null,
        "descr_html_ru": null,
        "url_en": null,
        "url_ru": null,
        "source_name": "TSR FRIA 2e",
        "source_url": "https://www.profantasy.com/fratlas/fratlashome.htm",
        "dnd_editions_str": "2e, 3e, 5e",
        "feature_levels_str": null,
        "extra_str": null,
        "location_en": "western Zakhara → High Desert",
        "name_alt_en_str": null,
        "location_ru": "западный Захара → Высокая Пустыня",
        "name_alt_ru_str": null,
        "geog_extent_centroid_md": "11° 00′ 31″ S 020° 58′ 12″ E",
        "geog_extent_centroid_fria": "11° 00′ 31″ S 032° 30′ 41″ W",
        "geog_extent_area_sq_km": null,
        "geog_extent_area_sq_miles": null,
        "geog_extent_length_km": null,
        "geog_extent_length_miles": null,
        "geog_extent_perimeter_km": null,
        "geog_extent_perimeter_miles": null,
        "geog_extent_bbox_md": null,
        "geog_extent_bbox_fria": null,
        "name_it": null,
        "name_abb_it": null,
        "label_it": null,
        "descr_it": null,
        "descr_html_it": null,
        "url_it": null,
        "location_it": "Zakhara occidentale → Alto Deserto",
        "name_alt_it_str": null,
        "topical_tags": "",
        "related_location_tags": "",
        "related_cultures_tags": "",
        "related_factions_tags": ""
      },
      "geometry": {
        "type": "MultiPoint",
        "coordinates": [
          [
            -32.511447869841,
            -11.008819870176241
          ]
        ]
      }
    },
    {
      "type": "Feature",
      "properties": {
        "uuid": "d4f37b0d-9deb-41c0-9c28-67624e88ffe0",
        "layer_id": "srf_civ_important_sites_pt",
        "timeframe": null,
        "feature_class": "Ruins",
        "feature_rank": 5,
        "is_visible": true,
        "is_labeled": true,
        "needs_review": false,
        "review_notes": null,
        "img_url": null,
        "last_edited": "2026-07-13",
        "last_editor": "postgres",
        "name_en": "unnamed",
        "name_ru": null,
        "name_abb_en": null,
        "name_abb_ru": null,
        "label_en": null,
        "label_ru": null,
        "descr_en": null,
        "descr_ru": null,
        "descr_html_en": null,
        "descr_html_ru": null,
        "url_en": null,
        "url_ru": null,
        "source_name": "TSR FRIA 2e",
        "source_url": "https://www.profantasy.com/fratlas/fratlashome.htm",
        "dnd_editions_str": "2e, 3e, 5e",
        "feature_levels_str": null,
        "extra_str": null,
        "location_en": "eastern Crowded Sea → unnamed",
        "name_alt_en_str": null,
        "location_ru": "восточный Тесное море → unnamed",
        "name_alt_ru_str": null,
        "geog_extent_centroid_md": "20° 35′ 09″ S 039° 39′ 31″ E",
        "geog_extent_centroid_fria": "20° 35′ 09″ S 013° 49′ 21″ W",
        "geog_extent_area_sq_km": null,
        "geog_extent_area_sq_miles": null,
        "geog_extent_length_km": null,
        "geog_extent_length_miles": null,
        "geog_extent_perimeter_km": null,
        "geog_extent_perimeter_miles": null,
        "geog_extent_bbox_md": null,
        "geog_extent_bbox_fria": null,
        "name_it": null,
        "name_abb_it": null,
        "label_it": null,
        "descr_it": null,
        "descr_html_it": null,
        "url_it": null,
        "location_it": "Mare Affollato orientale → unnamed",
        "name_alt_it_str": null,
        "topical_tags": "",
        "related_location_tags": "",
        "related_cultures_tags": "",
        "related_factions_tags": ""
      },
      "geometry": {
        "type": "MultiPoint",
        "coordinates": [
          [
            -13.82275607160328,
            -20.58596769327581
          ]
        ]
      }
    },
    {
      "type": "Feature",
      "properties": {
        "uuid": "d5f5abbf-77ef-444d-a74f-8a82a72c63c3",
        "layer_id": "srf_civ_important_sites_pt",
        "timeframe": null,
        "feature_class": "Tomb",
        "feature_rank": 5,
        "is_visible": true,
        "is_labeled": true,
        "needs_review": false,
        "review_notes": "exclude from wiki link auto-ageneration",
        "img_url": null,
        "last_edited": "2026-07-13",
        "last_editor": "postgres",
        "name_en": "Tomb of Faraz Khan",
        "name_ru": "Гробница Фараза Хана",
        "name_abb_en": null,
        "name_abb_ru": null,
        "label_en": "Tomb of Faraz Khan",
        "label_ru": "Гробница Фараза Хана",
        "descr_en": null,
        "descr_ru": null,
        "descr_html_en": null,
        "descr_html_ru": null,
        "url_en": null,
        "url_ru": null,
        "source_name": "TSR FRIA 2e",
        "source_url": "https://www.profantasy.com/fratlas/fratlashome.htm",
        "dnd_editions_str": "2e, 3e, 5e",
        "feature_levels_str": null,
        "extra_str": null,
        "location_en": "eastern Faerûn → Mulhorand → Spiderhaunt Peaks",
        "name_alt_en_str": null,
        "location_ru": "восточный Фаэрун → Мулхоранд → Паучьи Вершины",
        "name_alt_ru_str": null,
        "geog_extent_centroid_md": "32° 47′ 54″ N 026° 34′ 25″ E",
        "geog_extent_centroid_fria": "32° 47′ 54″ N 026° 54′ 27″ W",
        "geog_extent_area_sq_km": null,
        "geog_extent_area_sq_miles": null,
        "geog_extent_length_km": null,
        "geog_extent_length_miles": null,
        "geog_extent_perimeter_km": null,
        "geog_extent_perimeter_miles": null,
        "geog_extent_bbox_md": null,
        "geog_extent_bbox_fria": null,
        "name_it": "Tomba di Faraz Khan",
        "name_abb_it": null,
        "label_it": "Tomba di Faraz Khan",
        "descr_it": null,
        "descr_html_it": null,
        "url_it": null,
        "location_it": "Faerûn orientale → Mulhorand → Picchi di Spiderhaunt",
        "name_alt_it_str": null,
        "topical_tags": "",
        "related_location_tags": "",
        "related_cultures_tags": "",
        "related_factions_tags": ""
      },
      "geometry": {
        "type": "MultiPoint",
        "coordinates": [
          [
            -26.90770253595379,
            32.798352951697915
          ]
        ]
      }
    },
    {
      "type": "Feature",
      "properties": {
        "uuid": "d8705e6b-b66c-4cc5-96d6-d4a701354f6a",
        "layer_id": "srf_civ_important_sites_pt",
        "timeframe": null,
        "feature_class": "Fortification",
        "feature_rank": 5,
        "is_visible": true,
        "is_labeled": true,
        "needs_review": false,
        "review_notes": null,
        "img_url": null,
        "last_edited": "2026-07-14",
        "last_editor": "postgres",
        "name_en": "Sekras",
        "name_ru": "Секрас",
        "name_abb_en": null,
        "name_abb_ru": null,
        "label_en": "Sekras",
        "label_ru": "Секрас",
        "descr_en": "A ruined settlement on the Blue Sword River near the Mulhorand border, once a center of worship for Sebek and a site of ancient weapon innovation.",
        "descr_ru": "Разрушенное поселение на Реке Синий Меч вблизи границы Мулхоранда, некогда центр поклонения Себеку и место древних оружейных инноваций.",
        "descr_html_en": null,
        "descr_html_ru": null,
        "url_en": "https://forgottenrealms.fandom.com/wiki/Sekras",
        "url_ru": null,
        "source_name": "TSR FRIA 2e",
        "source_url": "https://www.profantasy.com/fratlas/fratlashome.htm",
        "dnd_editions_str": "2e, 3e, 5e",
        "feature_levels_str": null,
        "extra_str": "topical_tags: [\"ruins\", \"river\", \"weapon_innovation\", \"werecrocodiles\", \"salt_filter\"] | related_cultures_tags: [\"Mulhorandi\"] | related_factions_tags: [\"priests of Thoth\", \"paladins of Osiris\", \"Brotherhood of Those Who Smile in the Face of Death\"] | related_location_tags: [\"Unther\", \"Old Empires\", \"Blue Sword River\", \"Mulhorand\", \"Azulduth\"]",
        "location_en": "southern Faerûn → Unther",
        "name_alt_en_str": null,
        "location_ru": "южный Фаэрун → Унтер",
        "name_alt_ru_str": null,
        "geog_extent_centroid_md": "24° 39′ 25″ N 015° 42′ 25″ E",
        "geog_extent_centroid_fria": "24° 39′ 25″ N 037° 46′ 27″ W",
        "geog_extent_area_sq_km": null,
        "geog_extent_area_sq_miles": null,
        "geog_extent_length_km": null,
        "geog_extent_length_miles": null,
        "geog_extent_perimeter_km": null,
        "geog_extent_perimeter_miles": null,
        "geog_extent_bbox_md": null,
        "geog_extent_bbox_fria": null,
        "name_it": "Sekras",
        "name_abb_it": null,
        "label_it": "Sekras",
        "descr_it": "Un insediamento in rovina sul Fiume della Spada Blu vicino al confine con Mulhorand, un tempo centro di culto di Sebek e sito di innovazione di armi antiche.",
        "descr_html_it": null,
        "url_it": null,
        "location_it": "Faerûn meridionale → Unther",
        "name_alt_it_str": null,
        "topical_tags": "ruins, river, weapon_innovation, werecrocodiles, salt_filter",
        "related_location_tags": "Unther, Old Empires, Blue Sword River, Mulhorand, Azulduth",
        "related_cultures_tags": "Mulhorandi",
        "related_factions_tags": "priests of Thoth, paladins of Osiris, Brotherhood of Those Who Smile in the Face of Death"
      },
      "geometry": {
        "type": "MultiPoint",
        "coordinates": [
          [
            -37.774323149452435,
            24.657080482188682
          ]
        ]
      }
    },
    {
      "type": "Feature",
      "properties": {
        "uuid": "d9c0496f-8dd7-43d5-bcff-b5021e4baf28",
        "layer_id": "srf_civ_important_sites_pt",
        "timeframe": null,
        "feature_class": "Fortification",
        "feature_rank": 5,
        "is_visible": true,
        "is_labeled": true,
        "needs_review": false,
        "review_notes": "exclude from wiki link auto-ageneration",
        "img_url": null,
        "last_edited": "2026-07-13",
        "last_editor": "postgres",
        "name_en": "Teishaban",
        "name_ru": "Тейшабан",
        "name_abb_en": null,
        "name_abb_ru": null,
        "label_en": "Teishaban",
        "label_ru": "Тейшабан",
        "descr_en": null,
        "descr_ru": null,
        "descr_html_en": null,
        "descr_html_ru": null,
        "url_en": null,
        "url_ru": null,
        "source_name": "TSR FRIA 2e",
        "source_url": "https://www.profantasy.com/fratlas/fratlashome.htm",
        "dnd_editions_str": "2e, 3e, 5e",
        "feature_levels_str": null,
        "extra_str": null,
        "location_en": "north-western Kara-Tur → Koryaz Mountains",
        "name_alt_en_str": null,
        "location_ru": "северо-западный Кара-Тур → Горы Корьяз",
        "name_alt_ru_str": null,
        "geog_extent_centroid_md": "46° 36′ 36″ N 064° 36′ 55″ E",
        "geog_extent_centroid_fria": "46° 36′ 36″ N 011° 08′ 01″ E",
        "geog_extent_area_sq_km": null,
        "geog_extent_area_sq_miles": null,
        "geog_extent_length_km": null,
        "geog_extent_length_miles": null,
        "geog_extent_perimeter_km": null,
        "geog_extent_perimeter_miles": null,
        "geog_extent_bbox_md": null,
        "geog_extent_bbox_fria": null,
        "name_it": "Teishaban",
        "name_abb_it": null,
        "label_it": "Teishaban",
        "descr_it": null,
        "descr_html_it": null,
        "url_it": null,
        "location_it": "Kara-Tur nord-occidentale → Montagne Koryaz",
        "name_alt_it_str": null,
        "topical_tags": "",
        "related_location_tags": "",
        "related_cultures_tags": "",
        "related_factions_tags": ""
      },
      "geometry": {
        "type": "MultiPoint",
        "coordinates": [
          [
            11.133816567104496,
            46.610008858862635
          ]
        ]
      }
    },
    {
      "type": "Feature",
      "properties": {
        "uuid": "da41aebb-c94b-441b-b8d8-a7729e129b5e",
        "layer_id": "srf_civ_important_sites_pt",
        "timeframe": null,
        "feature_class": "Fortification",
        "feature_rank": 5,
        "is_visible": true,
        "is_labeled": true,
        "needs_review": false,
        "review_notes": null,
        "img_url": null,
        "last_edited": "2026-07-14",
        "last_editor": "postgres",
        "name_en": "Sumbrar",
        "name_ru": "Сумбрар",
        "name_abb_en": null,
        "name_abb_ru": null,
        "label_en": "Sumbrar",
        "label_ru": "Сумбрар",
        "descr_en": "A rocky island east of Evermeet, serving as the headquarters for the elven military and navy. It features magical fortresses, tunnels, sea caves, and harbors for ships and aerial forces, including spelljammers. The island was devastated when Evermeet was pulled into the Feywild during the Spellplague.",
        "descr_ru": "Скалистый остров к востоку от Эвермита, служащий штаб-квартирой эльфийской армии и флота. На нём расположены магические крепости, туннели, морские пещеры и гавани для кораблей и воздушных сил, включая заклинательные корабли. Остров был опустошён, когда Эвермит был втянут в Фейвлад во время Чаропламени.",
        "descr_html_en": null,
        "descr_html_ru": null,
        "url_en": "https://forgottenrealms.fandom.com/wiki/Sumbrar",
        "url_ru": null,
        "source_name": "TSR FRIA 2e",
        "source_url": "https://www.profantasy.com/fratlas/fratlashome.htm",
        "dnd_editions_str": "2e, 3e, 5e",
        "feature_levels_str": null,
        "extra_str": "topical_tags: [\"island\", \"military\", \"fortress\", \"navy\", \"tunnels\", \"spelljammer\", \"dragons\", \"elven\"] | related_cultures_tags: [\"Elf\"] | related_factions_tags: [\"Ruathimaer\"] | related_location_tags: [\"Evermeet\", \"Trackless Sea\", \"Realmspace\", \"Feywild\"]",
        "location_en": "central Trackless Sea",
        "name_alt_en_str": null,
        "location_ru": "центральный Бесследное море",
        "name_alt_ru_str": null,
        "geog_extent_centroid_md": "39° 17′ 30″ N 045° 10′ 45″ W",
        "geog_extent_centroid_fria": "39° 17′ 30″ N 098° 39′ 38″ W",
        "geog_extent_area_sq_km": null,
        "geog_extent_area_sq_miles": null,
        "geog_extent_length_km": null,
        "geog_extent_length_miles": null,
        "geog_extent_perimeter_km": null,
        "geog_extent_perimeter_miles": null,
        "geog_extent_bbox_md": null,
        "geog_extent_bbox_fria": null,
        "name_it": "Sumbrar",
        "name_abb_it": null,
        "label_it": "Sumbrar",
        "descr_it": "Un'isola rocciosa a est di Evermeet, che funge da quartier generale per l'esercito e la marina elfici. Presenta fortezze magiche, tunnel, grotte marine e porti per navi e forze aeree, inclusi gli spelljammer. L'isola fu devastata quando Evermeet fu trascinata nel Feywild durante la Spellplague.",
        "descr_html_it": null,
        "url_it": null,
        "location_it": "Mare Senza Tracce centrale",
        "name_alt_it_str": null,
        "topical_tags": "island, military, fortress, navy, tunnels, spelljammer, dragons, elven",
        "related_location_tags": "Evermeet, Trackless Sea, Realmspace, Feywild",
        "related_cultures_tags": "Elf",
        "related_factions_tags": "Ruathimaer"
      },
      "geometry": {
        "type": "MultiPoint",
        "coordinates": [
          [
            -98.66077065734622,
            39.29168740743777
          ]
        ]
      }
    },
    {
      "type": "Feature",
      "properties": {
        "uuid": "dae46e7e-4a6f-4d46-919a-d0b29fec48b9",
        "layer_id": "srf_civ_important_sites_pt",
        "timeframe": null,
        "feature_class": "Fortification",
        "feature_rank": 5,
        "is_visible": true,
        "is_labeled": true,
        "needs_review": false,
        "review_notes": null,
        "img_url": null,
        "last_edited": "2026-07-13",
        "last_editor": "postgres",
        "name_en": "unnamed",
        "name_ru": null,
        "name_abb_en": null,
        "name_abb_ru": null,
        "label_en": null,
        "label_ru": null,
        "descr_en": null,
        "descr_ru": null,
        "descr_html_en": null,
        "descr_html_ru": null,
        "url_en": null,
        "url_ru": null,
        "source_name": "TSR FRIA 2e",
        "source_url": "https://www.profantasy.com/fratlas/fratlashome.htm",
        "dnd_editions_str": "2e, 3e, 5e",
        "feature_levels_str": null,
        "extra_str": null,
        "location_en": "north-western Kara-Tur → unnamed",
        "name_alt_en_str": null,
        "location_ru": "северо-западный Кара-Тур → unnamed",
        "name_alt_ru_str": null,
        "geog_extent_centroid_md": "47° 40′ 08″ N 066° 43′ 36″ E",
        "geog_extent_centroid_fria": "47° 40′ 08″ N 013° 14′ 42″ E",
        "geog_extent_area_sq_km": null,
        "geog_extent_area_sq_miles": null,
        "geog_extent_length_km": null,
        "geog_extent_length_miles": null,
        "geog_extent_perimeter_km": null,
        "geog_extent_perimeter_miles": null,
        "geog_extent_bbox_md": null,
        "geog_extent_bbox_fria": null,
        "name_it": null,
        "name_abb_it": null,
        "label_it": null,
        "descr_it": null,
        "descr_html_it": null,
        "url_it": null,
        "location_it": "Kara-Tur nord-occidentale → unnamed",
        "name_alt_it_str": null,
        "topical_tags": "",
        "related_location_tags": "",
        "related_cultures_tags": "",
        "related_factions_tags": ""
      },
      "geometry": {
        "type": "MultiPoint",
        "coordinates": [
          [
            13.245214129445381,
            47.669001554193834
          ]
        ]
      }
    },
    {
      "type": "Feature",
      "properties": {
        "uuid": "dc094f46-69fd-4f97-b0b2-ec11e932ef74",
        "layer_id": "srf_civ_important_sites_pt",
        "timeframe": null,
        "feature_class": "Fortification",
        "feature_rank": 5,
        "is_visible": true,
        "is_labeled": true,
        "needs_review": false,
        "review_notes": "exclude from wiki link auto-ageneration",
        "img_url": null,
        "last_edited": "2026-07-13",
        "last_editor": "postgres",
        "name_en": "Wafang Garrison",
        "name_ru": "Гарнизон Вафанг",
        "name_abb_en": null,
        "name_abb_ru": null,
        "label_en": "Wafang Garrison",
        "label_ru": "Гарнизон Вафанг",
        "descr_en": null,
        "descr_ru": null,
        "descr_html_en": null,
        "descr_html_ru": null,
        "url_en": null,
        "url_ru": null,
        "source_name": "TSR FRIA 2e",
        "source_url": "https://www.profantasy.com/fratlas/fratlashome.htm",
        "dnd_editions_str": "2e, 3e, 5e",
        "feature_levels_str": null,
        "extra_str": null,
        "location_en": "south-western Kara-Tur → T'u Lung",
        "name_alt_en_str": null,
        "location_ru": "юго-западный Кара-Тур → Ту Лунг",
        "name_alt_ru_str": null,
        "geog_extent_centroid_md": "05° 41′ 51″ N 067° 58′ 29″ E",
        "geog_extent_centroid_fria": "05° 41′ 51″ N 014° 29′ 36″ E",
        "geog_extent_area_sq_km": null,
        "geog_extent_area_sq_miles": null,
        "geog_extent_length_km": null,
        "geog_extent_length_miles": null,
        "geog_extent_perimeter_km": null,
        "geog_extent_perimeter_miles": null,
        "geog_extent_bbox_md": null,
        "geog_extent_bbox_fria": null,
        "name_it": "Guarnigione di Wafang",
        "name_abb_it": null,
        "label_it": "Guarnigione di Wafang",
        "descr_it": null,
        "descr_html_it": null,
        "url_it": null,
        "location_it": "Kara-Tur sud-occidentale → T'u Lung",
        "name_alt_it_str": null,
        "topical_tags": "",
        "related_location_tags": "",
        "related_cultures_tags": "",
        "related_factions_tags": ""
      },
      "geometry": {
        "type": "MultiPoint",
        "coordinates": [
          [
            14.493495076751369,
            5.697504746347512
          ]
        ]
      }
    },
    {
      "type": "Feature",
      "properties": {
        "uuid": "dc369504-eada-4a5b-a90a-df2ec62c04c3",
        "layer_id": "srf_civ_important_sites_pt",
        "timeframe": null,
        "feature_class": "Fortification",
        "feature_rank": 5,
        "is_visible": true,
        "is_labeled": true,
        "needs_review": false,
        "review_notes": "exclude from wiki link auto-ageneration",
        "img_url": null,
        "last_edited": "2026-07-13",
        "last_editor": "postgres",
        "name_en": "Sea Tower",
        "name_ru": "Морская Башня",
        "name_abb_en": null,
        "name_abb_ru": null,
        "label_en": "Sea Tower",
        "label_ru": "Морская Башня",
        "descr_en": null,
        "descr_ru": null,
        "descr_html_en": null,
        "descr_html_ru": null,
        "url_en": null,
        "url_ru": null,
        "source_name": "TSR FRIA 2e",
        "source_url": "https://www.profantasy.com/fratlas/fratlashome.htm",
        "dnd_editions_str": "2e, 3e, 5e",
        "feature_levels_str": null,
        "extra_str": null,
        "location_en": "southern Sea of Swords → Nelanther Isles",
        "name_alt_en_str": null,
        "location_ru": "южный море Мечей → острова Нелантер",
        "name_alt_ru_str": null,
        "geog_extent_centroid_md": "31° 57′ 59″ N 020° 58′ 33″ W",
        "geog_extent_centroid_fria": "31° 57′ 59″ N 074° 27′ 27″ W",
        "geog_extent_area_sq_km": null,
        "geog_extent_area_sq_miles": null,
        "geog_extent_length_km": null,
        "geog_extent_length_miles": null,
        "geog_extent_perimeter_km": null,
        "geog_extent_perimeter_miles": null,
        "geog_extent_bbox_md": null,
        "geog_extent_bbox_fria": null,
        "name_it": "Torre del Mare",
        "name_abb_it": null,
        "label_it": "Torre del Mare",
        "descr_it": null,
        "descr_html_it": null,
        "url_it": null,
        "location_it": "Mare delle Spade meridionale → Isole Nelanther",
        "name_alt_it_str": null,
        "topical_tags": "",
        "related_location_tags": "",
        "related_cultures_tags": "",
        "related_factions_tags": ""
      },
      "geometry": {
        "type": "MultiPoint",
        "coordinates": [
          [
            -74.45752303820683,
            31.966526257606475
          ]
        ]
      }
    },
    {
      "type": "Feature",
      "properties": {
        "uuid": "dcc14332-67c9-4468-8bfa-972f0d2f69ae",
        "layer_id": "srf_civ_important_sites_pt",
        "timeframe": null,
        "feature_class": "Fortification",
        "feature_rank": 5,
        "is_visible": true,
        "is_labeled": true,
        "needs_review": false,
        "review_notes": null,
        "img_url": null,
        "last_edited": "2026-07-14",
        "last_editor": "postgres",
        "name_en": "Moray",
        "name_ru": "Морей",
        "name_abb_en": null,
        "name_abb_ru": null,
        "label_en": "Moray",
        "label_ru": "Морей",
        "descr_en": "The westernmost settled island of the Ffolk in the southern Moonshae Isles, known for its wild terrain and lycanthrope presence. It features the Trollclaw Range, Orcskull Mountains, Breasal Marsh, and the Shannyth River. By the late 15th century DR, the island was largely controlled by the Black Blood tribe of lycanthropes, with human settlements under constant threat.",
        "descr_ru": "Самый западный заселённый остров Ффолков в южных островах Муншае, известный своей дикой местностью и присутствием ликантропов. На нём находятся Гряда Тролльего Когтя, Горы Оркского Черепа, Бресальское Болото и Река Шаннит. К концу XV века по ЛД остров в основном контролировался племенём Чёрная Кровь ликантропов, а человеческие поселения находились под постоянной угрозой.",
        "descr_html_en": null,
        "descr_html_ru": null,
        "url_en": "https://forgottenrealms.fandom.com/wiki/Moray",
        "url_ru": null,
        "source_name": "TSR FRIA 2e",
        "source_url": "https://www.profantasy.com/fratlas/fratlashome.htm",
        "dnd_editions_str": "2e, 3e, 5e",
        "feature_levels_str": null,
        "extra_str": "topical_tags: [\"island\", \"lycanthrope\", \"moonshae\", \"wilderness\", \"marsh\", \"mountain\", \"river\", \"forest\", \"settlement\", \"conflict\"] | related_cultures_tags: [\"Ffolk\", \"Northlander\", \"lycanthropes\", \"orcs\", \"ogres\", \"giants\", \"halflings\", \"lizardfolk\"] | related_factions_tags: [\"Black Blood tribe\", \"House Kendrick\", \"Amn\", \"Storm Maiden\"] | related_location_tags: [\"Moonshae Isles\", \"Trackless Sea\", \"Norland\", \"Gwynneth\", \"Flamsterd\", \"Alaron\", \"Caer Moray\", \"Kork\"]",
        "location_en": "western Sea of Swords → Moonshae Isles → unnamed",
        "name_alt_en_str": null,
        "location_ru": "западный море Мечей → острова Муншае → unnamed",
        "name_alt_ru_str": null,
        "geog_extent_centroid_md": "38° 13′ 50″ N 027° 52′ 44″ W",
        "geog_extent_centroid_fria": "38° 13′ 50″ N 081° 21′ 38″ W",
        "geog_extent_area_sq_km": null,
        "geog_extent_area_sq_miles": null,
        "geog_extent_length_km": null,
        "geog_extent_length_miles": null,
        "geog_extent_perimeter_km": null,
        "geog_extent_perimeter_miles": null,
        "geog_extent_bbox_md": null,
        "geog_extent_bbox_fria": null,
        "name_it": "Moray",
        "name_abb_it": null,
        "label_it": "Moray",
        "descr_it": "L'isola abitata più occidentale dei Ffolk nelle Isole Moonshae meridionali, nota per il suo terreno selvaggio e la presenza di licantropi. Presenta la Catena degli Artigli dei Troll, i Monti Orcskull, l'Acquitrino di Breasal e il Fiume Shannyth. Verso la fine del XV secolo DR, l'isola era in gran parte controllata dalla tribù del Sangue Nero dei licantropi, con insediamenti umani sotto costante minaccia.",
        "descr_html_it": null,
        "url_it": null,
        "location_it": "Mare delle Spade occidentale → Isole Moonshae → unnamed",
        "name_alt_it_str": null,
        "topical_tags": "island, lycanthrope, moonshae, wilderness, marsh, mountain, river, forest, settlement, conflict",
        "related_location_tags": "Moonshae Isles, Trackless Sea, Norland, Gwynneth, Flamsterd, Alaron, Caer Moray, Kork",
        "related_cultures_tags": "Ffolk, Northlander, lycanthropes, orcs, ogres, giants, halflings, lizardfolk",
        "related_factions_tags": "Black Blood tribe, House Kendrick, Amn, Storm Maiden"
      },
      "geometry": {
        "type": "MultiPoint",
        "coordinates": [
          [
            -81.36061116077761,
            38.2308174749319
          ]
        ]
      }
    },
    {
      "type": "Feature",
      "properties": {
        "uuid": "dd2d43c5-57d1-49e6-97be-32dd577cc8bf",
        "layer_id": "srf_civ_important_sites_pt",
        "timeframe": null,
        "feature_class": "Fortification",
        "feature_rank": 5,
        "is_visible": true,
        "is_labeled": true,
        "needs_review": false,
        "review_notes": null,
        "img_url": null,
        "last_edited": "2026-07-13",
        "last_editor": "postgres",
        "name_en": "unnamed",
        "name_ru": null,
        "name_abb_en": null,
        "name_abb_ru": null,
        "label_en": null,
        "label_ru": null,
        "descr_en": null,
        "descr_ru": null,
        "descr_html_en": null,
        "descr_html_ru": null,
        "url_en": null,
        "url_ru": null,
        "source_name": "TSR FRIA 2e",
        "source_url": "https://www.profantasy.com/fratlas/fratlashome.htm",
        "dnd_editions_str": "2e, 3e, 5e",
        "feature_levels_str": null,
        "extra_str": null,
        "location_en": "south-western Zakhara → unnamed",
        "name_alt_en_str": null,
        "location_ru": "юго-западный Захара → unnamed",
        "name_alt_ru_str": null,
        "geog_extent_centroid_md": "19° 51′ 09″ S 018° 47′ 55″ E",
        "geog_extent_centroid_fria": "19° 51′ 09″ S 034° 40′ 58″ W",
        "geog_extent_area_sq_km": null,
        "geog_extent_area_sq_miles": null,
        "geog_extent_length_km": null,
        "geog_extent_length_miles": null,
        "geog_extent_perimeter_km": null,
        "geog_extent_perimeter_miles": null,
        "geog_extent_bbox_md": null,
        "geog_extent_bbox_fria": null,
        "name_it": null,
        "name_abb_it": null,
        "label_it": null,
        "descr_it": null,
        "descr_html_it": null,
        "url_it": null,
        "location_it": "Zakhara sud-occidentale → unnamed",
        "name_alt_it_str": null,
        "topical_tags": "",
        "related_location_tags": "",
        "related_cultures_tags": "",
        "related_factions_tags": ""
      },
      "geometry": {
        "type": "MultiPoint",
        "coordinates": [
          [
            -34.68282997744239,
            -19.85263181931443
          ]
        ]
      }
    },
    {
      "type": "Feature",
      "properties": {
        "uuid": "ddc95f47-69dc-4c4e-bbf9-52b84abbd7d5",
        "layer_id": "srf_civ_important_sites_pt",
        "timeframe": null,
        "feature_class": "Fortification",
        "feature_rank": 5,
        "is_visible": true,
        "is_labeled": true,
        "needs_review": false,
        "review_notes": null,
        "img_url": null,
        "last_edited": "2026-07-13",
        "last_editor": "postgres",
        "name_en": "unnamed",
        "name_ru": null,
        "name_abb_en": null,
        "name_abb_ru": null,
        "label_en": null,
        "label_ru": null,
        "descr_en": null,
        "descr_ru": null,
        "descr_html_en": null,
        "descr_html_ru": null,
        "url_en": null,
        "url_ru": null,
        "source_name": "TSR FRIA 2e",
        "source_url": "https://www.profantasy.com/fratlas/fratlashome.htm",
        "dnd_editions_str": "2e, 3e, 5e",
        "feature_levels_str": null,
        "extra_str": null,
        "location_en": "southern Kara-Tur → T'u Lung → unnamed",
        "name_alt_en_str": null,
        "location_ru": "южный Кара-Тур → Ту Лунг → unnamed",
        "name_alt_ru_str": null,
        "geog_extent_centroid_md": "12° 50′ 19″ N 078° 17′ 31″ E",
        "geog_extent_centroid_fria": "12° 50′ 19″ N 024° 48′ 38″ E",
        "geog_extent_area_sq_km": null,
        "geog_extent_area_sq_miles": null,
        "geog_extent_length_km": null,
        "geog_extent_length_miles": null,
        "geog_extent_perimeter_km": null,
        "geog_extent_perimeter_miles": null,
        "geog_extent_bbox_md": null,
        "geog_extent_bbox_fria": null,
        "name_it": null,
        "name_abb_it": null,
        "label_it": null,
        "descr_it": null,
        "descr_html_it": null,
        "url_it": null,
        "location_it": "Kara-Tur meridionale → T'u Lung → unnamed",
        "name_alt_it_str": null,
        "topical_tags": "",
        "related_location_tags": "",
        "related_cultures_tags": "",
        "related_factions_tags": ""
      },
      "geometry": {
        "type": "MultiPoint",
        "coordinates": [
          [
            24.810646521762454,
            12.838868787557844
          ]
        ]
      }
    },
    {
      "type": "Feature",
      "properties": {
        "uuid": "dddd48e6-e36d-4691-8cd1-77c6f21dac5e",
        "layer_id": "srf_civ_important_sites_pt",
        "timeframe": null,
        "feature_class": "Ruins",
        "feature_rank": 5,
        "is_visible": true,
        "is_labeled": true,
        "needs_review": false,
        "review_notes": "exclude from wiki link auto-ageneration",
        "img_url": null,
        "last_edited": "2026-07-13",
        "last_editor": "postgres",
        "name_en": "Rauder Ruins",
        "name_ru": "Развалины Раудера",
        "name_abb_en": null,
        "name_abb_ru": null,
        "label_en": "Rauder Ruins",
        "label_ru": "Развалины Раудера",
        "descr_en": null,
        "descr_ru": null,
        "descr_html_en": null,
        "descr_html_ru": null,
        "url_en": null,
        "url_ru": null,
        "source_name": "TSR FRIA 2e",
        "source_url": "https://www.profantasy.com/fratlas/fratlashome.htm",
        "dnd_editions_str": "2e, 3e, 5e",
        "feature_levels_str": null,
        "extra_str": null,
        "location_en": "south-eastern Faerûn → Raurinshield Mountains",
        "name_alt_en_str": null,
        "location_ru": "юго-восточный Фаэрун → Горы Рауриншилд",
        "name_alt_ru_str": null,
        "geog_extent_centroid_md": "24° 52′ 30″ N 027° 53′ 28″ E",
        "geog_extent_centroid_fria": "24° 52′ 30″ N 025° 35′ 25″ W",
        "geog_extent_area_sq_km": null,
        "geog_extent_area_sq_miles": null,
        "geog_extent_length_km": null,
        "geog_extent_length_miles": null,
        "geog_extent_perimeter_km": null,
        "geog_extent_perimeter_miles": null,
        "geog_extent_bbox_md": null,
        "geog_extent_bbox_fria": null,
        "name_it": "Rovine di Rauder",
        "name_abb_it": null,
        "label_it": "Rovine di Rauder",
        "descr_it": null,
        "descr_html_it": null,
        "url_it": null,
        "location_it": "Faerûn sud-orientale → Montagne dello Scudo di Raurin",
        "name_alt_it_str": null,
        "topical_tags": "",
        "related_location_tags": "",
        "related_cultures_tags": "",
        "related_factions_tags": ""
      },
      "geometry": {
        "type": "MultiPoint",
        "coordinates": [
          [
            -25.590319969111437,
            24.875218115642284
          ]
        ]
      }
    },
    {
      "type": "Feature",
      "properties": {
        "uuid": "de012dc7-bf9a-48aa-98ee-db7317c7f1b4",
        "layer_id": "srf_civ_important_sites_pt",
        "timeframe": null,
        "feature_class": "Fortification",
        "feature_rank": 5,
        "is_visible": true,
        "is_labeled": true,
        "needs_review": false,
        "review_notes": null,
        "img_url": null,
        "last_edited": "2026-07-13",
        "last_editor": "postgres",
        "name_en": "unnamed",
        "name_ru": null,
        "name_abb_en": null,
        "name_abb_ru": null,
        "label_en": null,
        "label_ru": null,
        "descr_en": null,
        "descr_ru": null,
        "descr_html_en": null,
        "descr_html_ru": null,
        "url_en": null,
        "url_ru": null,
        "source_name": "TSR FRIA 2e",
        "source_url": "https://www.profantasy.com/fratlas/fratlashome.htm",
        "dnd_editions_str": "2e, 3e, 5e",
        "feature_levels_str": null,
        "extra_str": null,
        "location_en": "north-western Kara-Tur → unnamed",
        "name_alt_en_str": null,
        "location_ru": "северо-западный Кара-Тур → unnamed",
        "name_alt_ru_str": null,
        "geog_extent_centroid_md": "46° 54′ 08″ N 067° 19′ 28″ E",
        "geog_extent_centroid_fria": "46° 54′ 08″ N 013° 50′ 35″ E",
        "geog_extent_area_sq_km": null,
        "geog_extent_area_sq_miles": null,
        "geog_extent_length_km": null,
        "geog_extent_length_miles": null,
        "geog_extent_perimeter_km": null,
        "geog_extent_perimeter_miles": null,
        "geog_extent_bbox_md": null,
        "geog_extent_bbox_fria": null,
        "name_it": null,
        "name_abb_it": null,
        "label_it": null,
        "descr_it": null,
        "descr_html_it": null,
        "url_it": null,
        "location_it": "Kara-Tur nord-occidentale → unnamed",
        "name_alt_it_str": null,
        "topical_tags": "",
        "related_location_tags": "",
        "related_cultures_tags": "",
        "related_factions_tags": ""
      },
      "geometry": {
        "type": "MultiPoint",
        "coordinates": [
          [
            13.843084357557215,
            46.902244130146514
          ]
        ]
      }
    },
    {
      "type": "Feature",
      "properties": {
        "uuid": "df4c5046-ee11-4535-afdd-adb7437ae79f",
        "layer_id": "srf_civ_important_sites_pt",
        "timeframe": null,
        "feature_class": "Other",
        "feature_rank": 5,
        "is_visible": true,
        "is_labeled": true,
        "needs_review": false,
        "review_notes": null,
        "img_url": null,
        "last_edited": "2026-07-14",
        "last_editor": "postgres",
        "name_en": "Underwater Realm of the Wizard",
        "name_ru": "Подводное Царство Волшебника",
        "name_abb_en": null,
        "name_abb_ru": null,
        "label_en": "Underwater Realm of the Wizard",
        "label_ru": "Подводное Царство Волшебника",
        "descr_en": "A sunken peninsula on the island of Flamsterd in the Moonshae Isles, created when a wizard's tower and the surrounding land were submerged beneath the Trackless Sea.",
        "descr_ru": "Затонувший полуостров на острове Фламстерд на островах Муншае, образовавшийся, когда башня волшебника и окружающая земля погрузились под Бесследное Море.",
        "descr_html_en": null,
        "descr_html_ru": null,
        "url_en": "https://forgottenrealms.fandom.com/wiki/Underwater_Realm_of_the_Wizard",
        "url_ru": null,
        "source_name": "TSR FRIA 2e",
        "source_url": "https://www.profantasy.com/fratlas/fratlashome.htm",
        "dnd_editions_str": "2e, 3e, 5e",
        "feature_levels_str": null,
        "extra_str": "topical_tags: [\"peninsula\", \"sunken\", \"magical\", \"submerged\", \"wasteland\"] | related_location_tags: [\"Flamsterd\", \"Moonshae Isles\", \"Trackless Sea\"]",
        "location_en": "eastern Trackless Sea",
        "name_alt_en_str": null,
        "location_ru": "восточный Бесследное море",
        "name_alt_ru_str": null,
        "geog_extent_centroid_md": "35° 46′ 04″ N 028° 16′ 48″ W",
        "geog_extent_centroid_fria": "35° 46′ 04″ N 081° 45′ 41″ W",
        "geog_extent_area_sq_km": null,
        "geog_extent_area_sq_miles": null,
        "geog_extent_length_km": null,
        "geog_extent_length_miles": null,
        "geog_extent_perimeter_km": null,
        "geog_extent_perimeter_miles": null,
        "geog_extent_bbox_md": null,
        "geog_extent_bbox_fria": null,
        "name_it": "Reame Sottomarino del Mago",
        "name_abb_it": null,
        "label_it": "Reame Sottomarino del Mago",
        "descr_it": "Una penisola sommersa sull'isola di Flamsterd nelle Isole Moonshae, creata quando una torre di mago e la terra circostante furono sommerse sotto il Mare Senza Tracce.",
        "descr_html_it": null,
        "url_it": null,
        "location_it": "Mare Senza Tracce orientale",
        "name_alt_it_str": null,
        "topical_tags": "peninsula, sunken, magical, submerged, wasteland",
        "related_location_tags": "Flamsterd, Moonshae Isles, Trackless Sea",
        "related_cultures_tags": "",
        "related_factions_tags": ""
      },
      "geometry": {
        "type": "MultiPoint",
        "coordinates": [
          [
            -81.76162882482586,
            35.767807510518324
          ]
        ]
      }
    },
    {
      "type": "Feature",
      "properties": {
        "uuid": "df9ef499-3934-44d2-8147-37cc336c5867",
        "layer_id": "srf_civ_important_sites_pt",
        "timeframe": null,
        "feature_class": "Battlefield",
        "feature_rank": 5,
        "is_visible": true,
        "is_labeled": true,
        "needs_review": false,
        "review_notes": "exclude from wiki link auto-ageneration",
        "img_url": null,
        "last_edited": "2026-07-13",
        "last_editor": "postgres",
        "name_en": "Battle of the Fallen Pretender",
        "name_ru": "Битва Павшего Самозванца",
        "name_abb_en": null,
        "name_abb_ru": null,
        "label_en": "Battle of the Fallen Pretender",
        "label_ru": "Битва Павшего Самозванца",
        "descr_en": null,
        "descr_ru": null,
        "descr_html_en": null,
        "descr_html_ru": null,
        "url_en": null,
        "url_ru": null,
        "source_name": "TSR FRIA 2e",
        "source_url": "https://www.profantasy.com/fratlas/fratlashome.htm",
        "dnd_editions_str": "2e, 3e, 5e",
        "feature_levels_str": null,
        "extra_str": null,
        "location_en": "eastern Faerûn → Mulhorand",
        "name_alt_en_str": null,
        "location_ru": "восточный Фаэрун → Мулхоранд",
        "name_alt_ru_str": null,
        "geog_extent_centroid_md": "30° 18′ 13″ N 029° 07′ 44″ E",
        "geog_extent_centroid_fria": "30° 18′ 13″ N 024° 21′ 08″ W",
        "geog_extent_area_sq_km": null,
        "geog_extent_area_sq_miles": null,
        "geog_extent_length_km": null,
        "geog_extent_length_miles": null,
        "geog_extent_perimeter_km": null,
        "geog_extent_perimeter_miles": null,
        "geog_extent_bbox_md": null,
        "geog_extent_bbox_fria": null,
        "name_it": "Battaglia del Falso Pretendente",
        "name_abb_it": null,
        "label_it": "Battaglia del Falso Pretendente",
        "descr_it": null,
        "descr_html_it": null,
        "url_it": null,
        "location_it": "Faerûn orientale → Mulhorand",
        "name_alt_it_str": null,
        "topical_tags": "",
        "related_location_tags": "",
        "related_cultures_tags": "",
        "related_factions_tags": ""
      },
      "geometry": {
        "type": "MultiPoint",
        "coordinates": [
          [
            -24.352388527608632,
            30.303721389841137
          ]
        ]
      }
    },
    {
      "type": "Feature",
      "properties": {
        "uuid": "e00b90b4-bb41-4ff9-a92f-405790ef8888",
        "layer_id": "srf_civ_important_sites_pt",
        "timeframe": null,
        "feature_class": "Fortification",
        "feature_rank": 5,
        "is_visible": true,
        "is_labeled": true,
        "needs_review": false,
        "review_notes": null,
        "img_url": null,
        "last_edited": "2026-07-13",
        "last_editor": "postgres",
        "name_en": "unnamed",
        "name_ru": null,
        "name_abb_en": null,
        "name_abb_ru": null,
        "label_en": null,
        "label_ru": null,
        "descr_en": null,
        "descr_ru": null,
        "descr_html_en": null,
        "descr_html_ru": null,
        "url_en": null,
        "url_ru": null,
        "source_name": "TSR FRIA 2e",
        "source_url": "https://www.profantasy.com/fratlas/fratlashome.htm",
        "dnd_editions_str": "2e, 3e, 5e",
        "feature_levels_str": null,
        "extra_str": null,
        "location_en": "central Zakhara → Spine of the Dog",
        "name_alt_en_str": null,
        "location_ru": "центральный Захара → Spine of the Dog",
        "name_alt_ru_str": null,
        "geog_extent_centroid_md": "11° 18′ 34″ S 024° 17′ 05″ E",
        "geog_extent_centroid_fria": "11° 18′ 34″ S 029° 11′ 47″ W",
        "geog_extent_area_sq_km": null,
        "geog_extent_area_sq_miles": null,
        "geog_extent_length_km": null,
        "geog_extent_length_miles": null,
        "geog_extent_perimeter_km": null,
        "geog_extent_perimeter_miles": null,
        "geog_extent_bbox_md": null,
        "geog_extent_bbox_fria": null,
        "name_it": null,
        "name_abb_it": null,
        "label_it": null,
        "descr_it": null,
        "descr_html_it": null,
        "url_it": null,
        "location_it": "Zakhara centrale → Spine of the Dog",
        "name_alt_it_str": null,
        "topical_tags": "",
        "related_location_tags": "",
        "related_cultures_tags": "",
        "related_factions_tags": ""
      },
      "geometry": {
        "type": "MultiPoint",
        "coordinates": [
          [
            -29.196502050986908,
            -11.309453012262408
          ]
        ]
      }
    },
    {
      "type": "Feature",
      "properties": {
        "uuid": "e00ef786-8205-49c5-867f-beeb24b40ae2",
        "layer_id": "srf_civ_important_sites_pt",
        "timeframe": null,
        "feature_class": "Battlefield",
        "feature_rank": 5,
        "is_visible": true,
        "is_labeled": true,
        "needs_review": false,
        "review_notes": "exclude from wiki link auto-ageneration",
        "img_url": null,
        "last_edited": "2026-07-13",
        "last_editor": "postgres",
        "name_en": "Shouk's Ambush",
        "name_ru": "Засада Шука",
        "name_abb_en": null,
        "name_abb_ru": null,
        "label_en": "Shouk's Ambush",
        "label_ru": "Засада Шука",
        "descr_en": null,
        "descr_ru": null,
        "descr_html_en": null,
        "descr_html_ru": null,
        "url_en": null,
        "url_ru": null,
        "source_name": "TSR FRIA 2e",
        "source_url": "https://www.profantasy.com/fratlas/fratlashome.htm",
        "dnd_editions_str": "2e, 3e, 5e",
        "feature_levels_str": null,
        "extra_str": null,
        "location_en": "central Faerûn → Cormyr",
        "name_alt_en_str": null,
        "location_ru": "центральный Фаэрун → Кормир",
        "name_alt_ru_str": null,
        "geog_extent_centroid_md": "39° 30′ 33″ N 005° 13′ 39″ W",
        "geog_extent_centroid_fria": "39° 30′ 33″ N 058° 42′ 33″ W",
        "geog_extent_area_sq_km": null,
        "geog_extent_area_sq_miles": null,
        "geog_extent_length_km": null,
        "geog_extent_length_miles": null,
        "geog_extent_perimeter_km": null,
        "geog_extent_perimeter_miles": null,
        "geog_extent_bbox_md": null,
        "geog_extent_bbox_fria": null,
        "name_it": "Imboscata di Shouk",
        "name_abb_it": null,
        "label_it": "Imboscata di Shouk",
        "descr_it": null,
        "descr_html_it": null,
        "url_it": null,
        "location_it": "Faerûn centrale → Cormyr",
        "name_alt_it_str": null,
        "topical_tags": "",
        "related_location_tags": "",
        "related_cultures_tags": "",
        "related_factions_tags": ""
      },
      "geometry": {
        "type": "MultiPoint",
        "coordinates": [
          [
            -58.70924596102924,
            39.50917803348637
          ]
        ]
      }
    },
    {
      "type": "Feature",
      "properties": {
        "uuid": "e0693360-2e76-459a-a595-e239dd35bd3c",
        "layer_id": "srf_civ_important_sites_pt",
        "timeframe": null,
        "feature_class": "Ruins",
        "feature_rank": 5,
        "is_visible": true,
        "is_labeled": true,
        "needs_review": false,
        "review_notes": null,
        "img_url": null,
        "last_edited": "2026-07-13",
        "last_editor": "postgres",
        "name_en": "unnamed",
        "name_ru": null,
        "name_abb_en": null,
        "name_abb_ru": null,
        "label_en": null,
        "label_ru": null,
        "descr_en": null,
        "descr_ru": null,
        "descr_html_en": null,
        "descr_html_ru": null,
        "url_en": null,
        "url_ru": null,
        "source_name": "TSR FRIA 2e",
        "source_url": "https://www.profantasy.com/fratlas/fratlashome.htm",
        "dnd_editions_str": "2e, 3e, 5e",
        "feature_levels_str": null,
        "extra_str": null,
        "location_en": "south-eastern Zakhara → unnamed",
        "name_alt_en_str": null,
        "location_ru": "юго-восточный Захара → unnamed",
        "name_alt_ru_str": null,
        "geog_extent_centroid_md": "19° 14′ 54″ S 034° 37′ 37″ E",
        "geog_extent_centroid_fria": "19° 14′ 54″ S 018° 51′ 15″ W",
        "geog_extent_area_sq_km": null,
        "geog_extent_area_sq_miles": null,
        "geog_extent_length_km": null,
        "geog_extent_length_miles": null,
        "geog_extent_perimeter_km": null,
        "geog_extent_perimeter_miles": null,
        "geog_extent_bbox_md": null,
        "geog_extent_bbox_fria": null,
        "name_it": null,
        "name_abb_it": null,
        "label_it": null,
        "descr_it": null,
        "descr_html_it": null,
        "url_it": null,
        "location_it": "Zakhara sud-orientale → unnamed",
        "name_alt_it_str": null,
        "topical_tags": "",
        "related_location_tags": "",
        "related_cultures_tags": "",
        "related_factions_tags": ""
      },
      "geometry": {
        "type": "MultiPoint",
        "coordinates": [
          [
            -18.8543618603573,
            -19.248561619348497
          ]
        ]
      }
    },
    {
      "type": "Feature",
      "properties": {
        "uuid": "e190f053-fba4-4071-b7f6-f2c3eca98b34",
        "layer_id": "srf_civ_important_sites_pt",
        "timeframe": null,
        "feature_class": "Other",
        "feature_rank": 5,
        "is_visible": true,
        "is_labeled": true,
        "needs_review": false,
        "review_notes": "exclude from wiki link auto-ageneration",
        "img_url": null,
        "last_edited": "2026-07-13",
        "last_editor": "postgres",
        "name_en": "Caer Allisynn (2nd location)",
        "name_ru": "Каэр Аллисинн",
        "name_abb_en": null,
        "name_abb_ru": null,
        "label_en": "Caer Allisynn (2nd location)",
        "label_ru": "Каэр Аллисинн",
        "descr_en": null,
        "descr_ru": null,
        "descr_html_en": null,
        "descr_html_ru": null,
        "url_en": null,
        "url_ru": null,
        "source_name": "TSR FRIA 2e",
        "source_url": "https://www.profantasy.com/fratlas/fratlashome.htm",
        "dnd_editions_str": "2e, 3e, 5e",
        "feature_levels_str": null,
        "extra_str": null,
        "location_en": "western Sea of Swords",
        "name_alt_en_str": null,
        "location_ru": "западный море Мечей",
        "name_alt_ru_str": null,
        "geog_extent_centroid_md": "39° 47′ 46″ N 026° 34′ 43″ W",
        "geog_extent_centroid_fria": "39° 47′ 46″ N 080° 03′ 36″ W",
        "geog_extent_area_sq_km": null,
        "geog_extent_area_sq_miles": null,
        "geog_extent_length_km": null,
        "geog_extent_length_miles": null,
        "geog_extent_perimeter_km": null,
        "geog_extent_perimeter_miles": null,
        "geog_extent_bbox_md": null,
        "geog_extent_bbox_fria": null,
        "name_it": "Caer Allisynn",
        "name_abb_it": null,
        "label_it": "Caer Allisynn",
        "descr_it": null,
        "descr_html_it": null,
        "url_it": null,
        "location_it": "Mare delle Spade occidentale",
        "name_alt_it_str": null,
        "topical_tags": "",
        "related_location_tags": "",
        "related_cultures_tags": "",
        "related_factions_tags": ""
      },
      "geometry": {
        "type": "MultiPoint",
        "coordinates": [
          [
            -80.0601412112818,
            39.79631824612876
          ]
        ]
      }
    },
    {
      "type": "Feature",
      "properties": {
        "uuid": "e2d89d98-58ee-4881-80f7-c799bebff261",
        "layer_id": "srf_civ_important_sites_pt",
        "timeframe": null,
        "feature_class": "Ruins",
        "feature_rank": 5,
        "is_visible": true,
        "is_labeled": true,
        "needs_review": false,
        "review_notes": null,
        "img_url": null,
        "last_edited": "2026-07-22",
        "last_editor": "postgres",
        "name_en": "Settlestone",
        "name_ru": null,
        "name_abb_en": "",
        "name_abb_ru": null,
        "label_en": "Settlestone",
        "label_ru": null,
        "descr_en": "",
        "descr_ru": null,
        "descr_html_en": null,
        "descr_html_ru": null,
        "url_en": "",
        "url_ru": null,
        "source_name": "TSR FRIA 2e",
        "source_url": "https://www.profantasy.com/fratlas/fratlashome.htm",
        "dnd_editions_str": "2e, 3e, 5e",
        "feature_levels_str": null,
        "extra_str": null,
        "location_en": "north-western Faerûn → Spine of the World",
        "name_alt_en_str": null,
        "location_ru": "северо-западный Фаэрун → Хребет Мира",
        "name_alt_ru_str": null,
        "geog_extent_centroid_md": "51° 30′ 40″ N 016° 39′ 43″ W",
        "geog_extent_centroid_fria": "51° 30′ 40″ N 070° 08′ 36″ W",
        "geog_extent_area_sq_km": null,
        "geog_extent_area_sq_miles": null,
        "geog_extent_length_km": null,
        "geog_extent_length_miles": null,
        "geog_extent_perimeter_km": null,
        "geog_extent_perimeter_miles": null,
        "geog_extent_bbox_md": null,
        "geog_extent_bbox_fria": null,
        "name_it": null,
        "name_abb_it": null,
        "label_it": "Settlestone",
        "descr_it": null,
        "descr_html_it": null,
        "url_it": null,
        "location_it": "Faerûn nord-occidentale → Dorso del Mondo",
        "name_alt_it_str": null,
        "topical_tags": "",
        "related_location_tags": "",
        "related_cultures_tags": "",
        "related_factions_tags": ""
      },
      "geometry": {
        "type": "MultiPoint",
        "coordinates": [
          [
            -70.14346690686794,
            51.51121604119749
          ]
        ]
      }
    },
    {
      "type": "Feature",
      "properties": {
        "uuid": "e27faa61-fdb0-4a95-9a5b-3ce2c0a21bf3",
        "layer_id": "srf_civ_important_sites_pt",
        "timeframe": null,
        "feature_class": "Tomb",
        "feature_rank": 5,
        "is_visible": true,
        "is_labeled": true,
        "needs_review": true,
        "review_notes": "exclude from wiki link auto-ageneration",
        "img_url": null,
        "last_edited": "2026-07-13",
        "last_editor": "postgres",
        "name_en": "Putin Shrine",
        "name_ru": "Святилище Путина",
        "name_abb_en": null,
        "name_abb_ru": null,
        "label_en": "Putin Shrine",
        "label_ru": "Святилище Путина",
        "descr_en": null,
        "descr_ru": null,
        "descr_html_en": null,
        "descr_html_ru": null,
        "url_en": null,
        "url_ru": null,
        "source_name": "TSR FRIA 2e",
        "source_url": "https://www.profantasy.com/fratlas/fratlashome.htm",
        "dnd_editions_str": "2e, 3e, 5e",
        "feature_levels_str": null,
        "extra_str": null,
        "location_en": "south-western Kara-Tur",
        "name_alt_en_str": null,
        "location_ru": "юго-западный Кара-Тур",
        "name_alt_ru_str": null,
        "geog_extent_centroid_md": "03° 03′ 54″ S 062° 20′ 00″ E",
        "geog_extent_centroid_fria": "03° 03′ 54″ S 008° 51′ 07″ E",
        "geog_extent_area_sq_km": null,
        "geog_extent_area_sq_miles": null,
        "geog_extent_length_km": null,
        "geog_extent_length_miles": null,
        "geog_extent_perimeter_km": null,
        "geog_extent_perimeter_miles": null,
        "geog_extent_bbox_md": null,
        "geog_extent_bbox_fria": null,
        "name_it": "Santuario di Putin",
        "name_abb_it": null,
        "label_it": "Santuario di Putin",
        "descr_it": null,
        "descr_html_it": null,
        "url_it": null,
        "location_it": "Kara-Tur sud-occidentale",
        "name_alt_it_str": null,
        "topical_tags": "",
        "related_location_tags": "",
        "related_cultures_tags": "",
        "related_factions_tags": ""
      },
      "geometry": {
        "type": "MultiPoint",
        "coordinates": [
          [
            8.851950467002922,
            -3.065011569709786
          ]
        ]
      }
    },
    {
      "type": "Feature",
      "properties": {
        "uuid": "e3c61749-c844-4418-959c-0d24828403df",
        "layer_id": "srf_civ_important_sites_pt",
        "timeframe": null,
        "feature_class": "Fortification",
        "feature_rank": 4,
        "is_visible": true,
        "is_labeled": true,
        "needs_review": false,
        "review_notes": null,
        "img_url": null,
        "last_edited": "2026-07-22",
        "last_editor": "postgres",
        "name_en": "The Dwarven Halls",
        "name_ru": null,
        "name_abb_en": "",
        "name_abb_ru": null,
        "label_en": "The Dwarven Halls",
        "label_ru": null,
        "descr_en": "",
        "descr_ru": null,
        "descr_html_en": null,
        "descr_html_ru": null,
        "url_en": "",
        "url_ru": null,
        "source_name": "TSR FRIA 2e",
        "source_url": "https://www.profantasy.com/fratlas/fratlashome.htm",
        "dnd_editions_str": "2e, 3e, 5e",
        "feature_levels_str": null,
        "extra_str": null,
        "location_en": "western Faerûn",
        "name_alt_en_str": null,
        "location_ru": "западный Фаэрун",
        "name_alt_ru_str": null,
        "geog_extent_centroid_md": "47° 19′ 47″ N 018° 21′ 00″ W",
        "geog_extent_centroid_fria": "47° 19′ 47″ N 071° 49′ 53″ W",
        "geog_extent_area_sq_km": null,
        "geog_extent_area_sq_miles": null,
        "geog_extent_length_km": null,
        "geog_extent_length_miles": null,
        "geog_extent_perimeter_km": null,
        "geog_extent_perimeter_miles": null,
        "geog_extent_bbox_md": null,
        "geog_extent_bbox_fria": null,
        "name_it": null,
        "name_abb_it": null,
        "label_it": "The Dwarven Halls",
        "descr_it": null,
        "descr_html_it": null,
        "url_it": null,
        "location_it": "Faerûn occidentale",
        "name_alt_it_str": null,
        "topical_tags": "",
        "related_location_tags": "",
        "related_cultures_tags": "",
        "related_factions_tags": ""
      },
      "geometry": {
        "type": "MultiPoint",
        "coordinates": [
          [
            -71.8315368474569,
            47.32976285621696
          ]
        ]
      }
    },
    {
      "type": "Feature",
      "properties": {
        "uuid": "e3f2d1ce-d532-4476-8792-b1a946884c49",
        "layer_id": "srf_civ_important_sites_pt",
        "timeframe": null,
        "feature_class": "Ruins",
        "feature_rank": 5,
        "is_visible": true,
        "is_labeled": true,
        "needs_review": false,
        "review_notes": "exclude from wiki link auto-ageneration",
        "img_url": null,
        "last_edited": "2026-07-13",
        "last_editor": "postgres",
        "name_en": "Abarats Folly",
        "name_ru": "Глупость Абарата",
        "name_abb_en": null,
        "name_abb_ru": null,
        "label_en": "Abarats Folly",
        "label_ru": "Глупость Абарата",
        "descr_en": null,
        "descr_ru": null,
        "descr_html_en": null,
        "descr_html_ru": null,
        "url_en": null,
        "url_ru": null,
        "source_name": "TSR FRIA 2e",
        "source_url": "https://www.profantasy.com/fratlas/fratlashome.htm",
        "dnd_editions_str": "2e, 3e, 5e",
        "feature_levels_str": null,
        "extra_str": null,
        "location_en": "central Faerûn → Dalelands",
        "name_alt_en_str": null,
        "location_ru": "центральный Фаэрун → Долины",
        "name_alt_ru_str": null,
        "geog_extent_centroid_md": "42° 08′ 02″ N 000° 08′ 50″ E",
        "geog_extent_centroid_fria": "42° 08′ 02″ N 053° 20′ 02″ W",
        "geog_extent_area_sq_km": null,
        "geog_extent_area_sq_miles": null,
        "geog_extent_length_km": null,
        "geog_extent_length_miles": null,
        "geog_extent_perimeter_km": null,
        "geog_extent_perimeter_miles": null,
        "geog_extent_bbox_md": null,
        "geog_extent_bbox_fria": null,
        "name_it": "Follia di Abarat",
        "name_abb_it": null,
        "label_it": "Follia di Abarat",
        "descr_it": null,
        "descr_html_it": null,
        "url_it": null,
        "location_it": "Faerûn centrale → Valli",
        "name_alt_it_str": null,
        "topical_tags": "",
        "related_location_tags": "",
        "related_cultures_tags": "",
        "related_factions_tags": ""
      },
      "geometry": {
        "type": "MultiPoint",
        "coordinates": [
          [
            -53.33410860302701,
            42.134164146860435
          ]
        ]
      }
    },
    {
      "type": "Feature",
      "properties": {
        "uuid": "e7215526-7b5e-4926-a819-d261c9c23caa",
        "layer_id": "srf_civ_important_sites_pt",
        "timeframe": null,
        "feature_class": "Fortification",
        "feature_rank": 5,
        "is_visible": true,
        "is_labeled": true,
        "needs_review": false,
        "review_notes": null,
        "img_url": null,
        "last_edited": "2026-07-13",
        "last_editor": "postgres",
        "name_en": "unnamed",
        "name_ru": null,
        "name_abb_en": null,
        "name_abb_ru": null,
        "label_en": null,
        "label_ru": null,
        "descr_en": null,
        "descr_ru": null,
        "descr_html_en": null,
        "descr_html_ru": null,
        "url_en": null,
        "url_ru": null,
        "source_name": "TSR FRIA 2e",
        "source_url": "https://www.profantasy.com/fratlas/fratlashome.htm",
        "dnd_editions_str": "2e, 3e, 5e",
        "feature_levels_str": null,
        "extra_str": null,
        "location_en": "south-western Zakhara → unnamed",
        "name_alt_en_str": null,
        "location_ru": "юго-западный Захара → unnamed",
        "name_alt_ru_str": null,
        "geog_extent_centroid_md": "18° 23′ 03″ S 020° 02′ 55″ E",
        "geog_extent_centroid_fria": "18° 23′ 03″ S 033° 25′ 58″ W",
        "geog_extent_area_sq_km": null,
        "geog_extent_area_sq_miles": null,
        "geog_extent_length_km": null,
        "geog_extent_length_miles": null,
        "geog_extent_perimeter_km": null,
        "geog_extent_perimeter_miles": null,
        "geog_extent_bbox_md": null,
        "geog_extent_bbox_fria": null,
        "name_it": null,
        "name_abb_it": null,
        "label_it": null,
        "descr_it": null,
        "descr_html_it": null,
        "url_it": null,
        "location_it": "Zakhara sud-occidentale → unnamed",
        "name_alt_it_str": null,
        "topical_tags": "",
        "related_location_tags": "",
        "related_cultures_tags": "",
        "related_factions_tags": ""
      },
      "geometry": {
        "type": "MultiPoint",
        "coordinates": [
          [
            -33.43278057647784,
            -18.38418865076715
          ]
        ]
      }
    },
    {
      "type": "Feature",
      "properties": {
        "uuid": "e874f43e-c745-40aa-a150-b97402ce695d",
        "layer_id": "srf_civ_important_sites_pt",
        "timeframe": null,
        "feature_class": "Fortification",
        "feature_rank": 5,
        "is_visible": true,
        "is_labeled": true,
        "needs_review": false,
        "review_notes": null,
        "img_url": null,
        "last_edited": "2026-07-14",
        "last_editor": "postgres",
        "name_en": "Darkhold",
        "name_ru": "Тёмная Твердыня",
        "name_abb_en": null,
        "name_abb_ru": null,
        "label_en": "Darkhold",
        "label_ru": "Тёмная Твердыня",
        "descr_en": "A massive fortress carved into the Grey Watcher mountain in the Far Hills, serving as a major stronghold and military base for the Zhentarim. It features tall spires, extensive tunnels, and chambers large enough for giants. The keep has a long history of occupation by various brigands, monsters, and mages before being seized by the Zhentarim in the 14th century DR. By the late 15th century DR, it became the primary headquarters of the reformed Zhentarim, housing a large garrison, slaves, and facilities for arcane research and slave trading.",
        "descr_ru": "Огромная крепость, высеченная в горе Серый Страж в Дальних Холмах, служащая главным оплотом и военной базой Жентаримов. Отличается высокими шпилями, обширными туннелями и залами, достаточно большими для великанов. Крепость имеет долгую историю занятий различными бандитами, монстрами и магами, прежде чем была захвачена Жентаримами в XIV веке по ЛД. К концу XV века по ЛД стала главной штаб-квартирой реформированных Жентаримов, вмещая большой гарнизон, рабов и помещения для магических исследований и работорговли.",
        "descr_html_en": null,
        "descr_html_ru": null,
        "url_en": "https://forgottenrealms.fandom.com/wiki/Darkhold",
        "url_ru": null,
        "source_name": "TSR FRIA 2e",
        "source_url": "https://www.profantasy.com/fratlas/fratlashome.htm",
        "dnd_editions_str": "2e, 3e, 5e",
        "feature_levels_str": null,
        "extra_str": "topical_tags: [\"fortress\", \"military_base\", \"slave_trading_post\", \"arcane_research_center\", \"mountain_keep\", \"zhentarim_stronghold\", \"gateway\"] | related_cultures_tags: [\"giants\", \"halflings\", \"drow\"] | related_factions_tags: [\"Zhentarim\", \"Church of Cyric\", \"Church of Bane\", \"Storm Watch\", \"Grey Feathers\", \"Darkhold Militia\", \"Popular Militia\", \"Outriders\"] | related_location_tags: [\"Darkhold Vale\", \"Far Hills\", \"Grey Watcher\", \"Sunset Mountains\", \"Western Heartlands\", \"Yellow Snake Pass\", \"Skull Gorge\", \"Asbravn\"]",
        "location_en": "western Faerûn → Western Heartlands → Far Hills",
        "name_alt_en_str": "Keep of the Far Hills, Farkeep, Sunset Keep, Wild Hold, Devouring Shadow",
        "location_ru": "западный Фаэрун → Западное Сердцеземье → Дальние Холмы",
        "name_alt_ru_str": "Крепость Далёких Холмов, Фаркип, Закатная Крепость, Дикое Убежище, Пожирающая Тень",
        "geog_extent_centroid_md": "38° 03′ 41″ N 009° 55′ 24″ W",
        "geog_extent_centroid_fria": "38° 03′ 41″ N 063° 24′ 18″ W",
        "geog_extent_area_sq_km": null,
        "geog_extent_area_sq_miles": null,
        "geog_extent_length_km": null,
        "geog_extent_length_miles": null,
        "geog_extent_perimeter_km": null,
        "geog_extent_perimeter_miles": null,
        "geog_extent_bbox_md": null,
        "geog_extent_bbox_fria": null,
        "name_it": "Rocca Oscura",
        "name_abb_it": null,
        "label_it": "Rocca Oscura",
        "descr_it": "Rocca Oscura è una massiccia fortezza scolpita nella montagna del Guardiano Grigio nelle Colline Lontane, che funge da importante roccaforte e base militare per gli Zhentarim. Presenta alte guglie, estesi tunnel e camere abbastanza grandi per giganti. Il forte ha una lunga storia di occupazione da parte di vari briganti, mostri e maghi prima di essere conquistato dagli Zhentarim nel XIV secolo DR. Entro la fine del XV secolo DR, divenne il quartier generale principale degli Zhentarim riformati, ospitando una grande guarnigione, schiavi e strutture per la ricerca arcana e il commercio di schiavi.",
        "descr_html_it": null,
        "url_it": null,
        "location_it": "Faerûn occidentale → Terre Centrali Occidentali → Colline Lontane",
        "name_alt_it_str": "Rocca delle Colline Lontane, Farkeep, Rocca del Tramonto, Rocca Selvaggia, Ombra Divoratrice",
        "topical_tags": "fortress, military_base, slave_trading_post, arcane_research_center, mountain_keep, zhentarim_stronghold, gateway",
        "related_location_tags": "Darkhold Vale, Far Hills, Grey Watcher, Sunset Mountains, Western Heartlands, Yellow Snake Pass, Skull Gorge, Asbravn",
        "related_cultures_tags": "giants, halflings, drow",
        "related_factions_tags": "Zhentarim, Church of Cyric, Church of Bane, Storm Watch, Grey Feathers, Darkhold Militia, Popular Militia, Outriders"
      },
      "geometry": {
        "type": "MultiPoint",
        "coordinates": [
          [
            -63.40509381359081,
            38.061523006272424
          ]
        ]
      }
    },
    {
      "type": "Feature",
      "properties": {
        "uuid": "e8a17a62-8f36-4402-a3c6-ea9adb5c1f12",
        "layer_id": "srf_civ_important_sites_pt",
        "timeframe": null,
        "feature_class": "Other",
        "feature_rank": 5,
        "is_visible": true,
        "is_labeled": true,
        "needs_review": false,
        "review_notes": "exclude from wiki link auto-ageneration",
        "img_url": null,
        "last_edited": "2026-07-13",
        "last_editor": "postgres",
        "name_en": "Morochiy",
        "name_ru": "Морочий",
        "name_abb_en": null,
        "name_abb_ru": null,
        "label_en": "Morochiy",
        "label_ru": "Морочий",
        "descr_en": null,
        "descr_ru": null,
        "descr_html_en": null,
        "descr_html_ru": null,
        "url_en": null,
        "url_ru": null,
        "source_name": "TSR FRIA 2e",
        "source_url": "https://www.profantasy.com/fratlas/fratlashome.htm",
        "dnd_editions_str": "2e, 3e, 5e",
        "feature_levels_str": null,
        "extra_str": null,
        "location_en": "north-western Kara-Tur → Ama Basin",
        "name_alt_en_str": null,
        "location_ru": "северо-западный Кара-Тур → Котловина Ама",
        "name_alt_ru_str": null,
        "geog_extent_centroid_md": "47° 35′ 06″ N 067° 41′ 46″ E",
        "geog_extent_centroid_fria": "47° 35′ 06″ N 014° 12′ 53″ E",
        "geog_extent_area_sq_km": null,
        "geog_extent_area_sq_miles": null,
        "geog_extent_length_km": null,
        "geog_extent_length_miles": null,
        "geog_extent_perimeter_km": null,
        "geog_extent_perimeter_miles": null,
        "geog_extent_bbox_md": null,
        "geog_extent_bbox_fria": null,
        "name_it": "Morochiy",
        "name_abb_it": null,
        "label_it": "Morochiy",
        "descr_it": null,
        "descr_html_it": null,
        "url_it": null,
        "location_it": "Kara-Tur nord-occidentale → Bacino di Ama",
        "name_alt_it_str": null,
        "topical_tags": "",
        "related_location_tags": "",
        "related_cultures_tags": "",
        "related_factions_tags": ""
      },
      "geometry": {
        "type": "MultiPoint",
        "coordinates": [
          [
            14.214733418275381,
            47.58502634248952
          ]
        ]
      }
    },
    {
      "type": "Feature",
      "properties": {
        "uuid": "e8bfd9e4-0e9f-4f4d-83f6-331ed059614d",
        "layer_id": "srf_civ_important_sites_pt",
        "timeframe": null,
        "feature_class": "Mine",
        "feature_rank": 5,
        "is_visible": true,
        "is_labeled": true,
        "needs_review": false,
        "review_notes": null,
        "img_url": null,
        "last_edited": "2026-07-13",
        "last_editor": "postgres",
        "name_en": "unnamed",
        "name_ru": null,
        "name_abb_en": null,
        "name_abb_ru": null,
        "label_en": null,
        "label_ru": null,
        "descr_en": null,
        "descr_ru": null,
        "descr_html_en": null,
        "descr_html_ru": null,
        "url_en": null,
        "url_ru": null,
        "source_name": "TSR FRIA 2e",
        "source_url": "https://www.profantasy.com/fratlas/fratlashome.htm",
        "dnd_editions_str": "2e, 3e, 5e",
        "feature_levels_str": null,
        "extra_str": null,
        "location_en": "western Sea of Swords → Moonshae Isles → Cambro Mountains",
        "name_alt_en_str": null,
        "location_ru": "западный море Мечей → острова Муншае → Камбрийские Горы",
        "name_alt_ru_str": null,
        "geog_extent_centroid_md": "37° 08′ 00″ N 025° 27′ 14″ W",
        "geog_extent_centroid_fria": "37° 08′ 00″ N 078° 56′ 08″ W",
        "geog_extent_area_sq_km": null,
        "geog_extent_area_sq_miles": null,
        "geog_extent_length_km": null,
        "geog_extent_length_miles": null,
        "geog_extent_perimeter_km": null,
        "geog_extent_perimeter_miles": null,
        "geog_extent_bbox_md": null,
        "geog_extent_bbox_fria": null,
        "name_it": null,
        "name_abb_it": null,
        "label_it": null,
        "descr_it": null,
        "descr_html_it": null,
        "url_it": null,
        "location_it": "Mare delle Spade occidentale → Isole Moonshae → Monti Cambro",
        "name_alt_it_str": null,
        "topical_tags": "",
        "related_location_tags": "",
        "related_cultures_tags": "",
        "related_factions_tags": ""
      },
      "geometry": {
        "type": "MultiPoint",
        "coordinates": [
          [
            -78.93566739898857,
            37.133445913614686
          ]
        ]
      }
    },
    {
      "type": "Feature",
      "properties": {
        "uuid": "e8ddf04c-8d55-47e0-b641-84a883f80ffd",
        "layer_id": "srf_civ_important_sites_pt",
        "timeframe": null,
        "feature_class": "Ruins",
        "feature_rank": 5,
        "is_visible": true,
        "is_labeled": true,
        "needs_review": false,
        "review_notes": null,
        "img_url": null,
        "last_edited": "2026-07-13",
        "last_editor": "postgres",
        "name_en": "unnamed",
        "name_ru": null,
        "name_abb_en": null,
        "name_abb_ru": null,
        "label_en": null,
        "label_ru": null,
        "descr_en": null,
        "descr_ru": null,
        "descr_html_en": null,
        "descr_html_ru": null,
        "url_en": null,
        "url_ru": null,
        "source_name": "TSR FRIA 2e",
        "source_url": "https://www.profantasy.com/fratlas/fratlashome.htm",
        "dnd_editions_str": "2e, 3e, 5e",
        "feature_levels_str": null,
        "extra_str": null,
        "location_en": "central Zakhara → Weeping Desert",
        "name_alt_en_str": null,
        "location_ru": "центральный Захара → Плачущая Пустыня",
        "name_alt_ru_str": null,
        "geog_extent_centroid_md": "05° 28′ 24″ S 024° 13′ 45″ E",
        "geog_extent_centroid_fria": "05° 28′ 24″ S 029° 15′ 07″ W",
        "geog_extent_area_sq_km": null,
        "geog_extent_area_sq_miles": null,
        "geog_extent_length_km": null,
        "geog_extent_length_miles": null,
        "geog_extent_perimeter_km": null,
        "geog_extent_perimeter_miles": null,
        "geog_extent_bbox_md": null,
        "geog_extent_bbox_fria": null,
        "name_it": null,
        "name_abb_it": null,
        "label_it": null,
        "descr_it": null,
        "descr_html_it": null,
        "url_it": null,
        "location_it": "Zakhara centrale → Deserto Piangente",
        "name_alt_it_str": null,
        "topical_tags": "",
        "related_location_tags": "",
        "related_cultures_tags": "",
        "related_factions_tags": ""
      },
      "geometry": {
        "type": "MultiPoint",
        "coordinates": [
          [
            -29.252059802140888,
            -5.473444751842729
          ]
        ]
      }
    },
    {
      "type": "Feature",
      "properties": {
        "uuid": "e8ff98e6-62a0-4e05-931a-4beffc0cad46",
        "layer_id": "srf_civ_important_sites_pt",
        "timeframe": null,
        "feature_class": "Unclassified",
        "feature_rank": 5,
        "is_visible": true,
        "is_labeled": true,
        "needs_review": false,
        "review_notes": null,
        "img_url": null,
        "last_edited": "2026-07-13",
        "last_editor": "postgres",
        "name_en": "unnamed",
        "name_ru": null,
        "name_abb_en": null,
        "name_abb_ru": null,
        "label_en": null,
        "label_ru": null,
        "descr_en": null,
        "descr_ru": null,
        "descr_html_en": null,
        "descr_html_ru": null,
        "url_en": null,
        "url_ru": null,
        "source_name": "TSR FRIA 2e",
        "source_url": "https://www.profantasy.com/fratlas/fratlashome.htm",
        "dnd_editions_str": "2e, 3e, 5e",
        "feature_levels_str": null,
        "extra_str": null,
        "location_en": "western Kara-Tur → Hai Yuan Province → unnamed",
        "name_alt_en_str": null,
        "location_ru": "западный Кара-Тур → Провинция Хай Юань → unnamed",
        "name_alt_ru_str": null,
        "geog_extent_centroid_md": "18° 51′ 34″ N 070° 11′ 55″ E",
        "geog_extent_centroid_fria": "18° 51′ 34″ N 016° 43′ 02″ E",
        "geog_extent_area_sq_km": null,
        "geog_extent_area_sq_miles": null,
        "geog_extent_length_km": null,
        "geog_extent_length_miles": null,
        "geog_extent_perimeter_km": null,
        "geog_extent_perimeter_miles": null,
        "geog_extent_bbox_md": null,
        "geog_extent_bbox_fria": null,
        "name_it": null,
        "name_abb_it": null,
        "label_it": null,
        "descr_it": null,
        "descr_html_it": null,
        "url_it": null,
        "location_it": "Kara-Tur occidentale → Provincia di Hai Yuan → unnamed",
        "name_alt_it_str": null,
        "topical_tags": "",
        "related_location_tags": "",
        "related_cultures_tags": "",
        "related_factions_tags": ""
      },
      "geometry": {
        "type": "MultiPoint",
        "coordinates": [
          [
            16.71728849314106,
            18.859576437152587
          ]
        ]
      }
    },
    {
      "type": "Feature",
      "properties": {
        "uuid": "ea7c3e2a-c21b-4a55-b142-c33dde45ac4b",
        "layer_id": "srf_civ_important_sites_pt",
        "timeframe": null,
        "feature_class": "Other",
        "feature_rank": 5,
        "is_visible": true,
        "is_labeled": true,
        "needs_review": true,
        "review_notes": "The Red Scourge\n\nThis vast and terrifying vessel is the new pride of the Thayan navy. Built of shining, enameled red iron, kept afloat by magic, and powered by captive extraplanar beings, the Red Scourge mounts numerous small Thayan bombards and a large crew of human warriors but has yet to be tested in battle. Many nations, especially Aglarond and the naval powers of the Sea of Fallen Stars, would pay well for information on this mysterious vessel which, if set in motion, could strangle sea trade to a trickle.\n\nhttp://candlekeep.com/forum/topic.asp?TOPIC_ID=9388&whichpage=3\nexclude from wiki link auto-ageneration",
        "img_url": null,
        "last_edited": "2026-07-13",
        "last_editor": "postgres",
        "name_en": "Red Scourge",
        "name_ru": "Красный Бич",
        "name_abb_en": null,
        "name_abb_ru": null,
        "label_en": "Red Scourge",
        "label_ru": "Красный Бич",
        "descr_en": null,
        "descr_ru": null,
        "descr_html_en": null,
        "descr_html_ru": null,
        "url_en": null,
        "url_ru": null,
        "source_name": "TSR FRIA 2e",
        "source_url": "https://www.profantasy.com/fratlas/fratlashome.htm",
        "dnd_editions_str": "2e, 3e, 5e",
        "feature_levels_str": null,
        "extra_str": null,
        "location_en": "central Faerûn",
        "name_alt_en_str": null,
        "location_ru": "центральный Фаэрун",
        "name_alt_ru_str": null,
        "geog_extent_centroid_md": "31° 38′ 38″ N 015° 45′ 59″ E",
        "geog_extent_centroid_fria": "31° 38′ 38″ N 037° 42′ 53″ W",
        "geog_extent_area_sq_km": null,
        "geog_extent_area_sq_miles": null,
        "geog_extent_length_km": null,
        "geog_extent_length_miles": null,
        "geog_extent_perimeter_km": null,
        "geog_extent_perimeter_miles": null,
        "geog_extent_bbox_md": null,
        "geog_extent_bbox_fria": null,
        "name_it": "Flagello Rosso",
        "name_abb_it": null,
        "label_it": "Flagello Rosso",
        "descr_it": null,
        "descr_html_it": null,
        "url_it": null,
        "location_it": "Faerûn centrale",
        "name_alt_it_str": null,
        "topical_tags": "",
        "related_location_tags": "",
        "related_cultures_tags": "",
        "related_factions_tags": ""
      },
      "geometry": {
        "type": "MultiPoint",
        "coordinates": [
          [
            -37.714845482850016,
            31.64414301826918
          ]
        ]
      }
    },
    {
      "type": "Feature",
      "properties": {
        "uuid": "eb892dfe-a342-475c-bdd9-5a36ea9a683a",
        "layer_id": "srf_civ_important_sites_pt",
        "timeframe": null,
        "feature_class": "Ruins",
        "feature_rank": 5,
        "is_visible": true,
        "is_labeled": true,
        "needs_review": false,
        "review_notes": "exclude from wiki link auto-ageneration",
        "img_url": null,
        "last_edited": "2026-07-13",
        "last_editor": "postgres",
        "name_en": "I'kuni Wanta",
        "name_ru": "И'куни Ванта",
        "name_abb_en": null,
        "name_abb_ru": null,
        "label_en": "I'kuni Wanta",
        "label_ru": "И'куни Ванта",
        "descr_en": null,
        "descr_ru": null,
        "descr_html_en": null,
        "descr_html_ru": null,
        "url_en": null,
        "url_ru": null,
        "source_name": "TSR FRIA 2e",
        "source_url": "https://www.profantasy.com/fratlas/fratlashome.htm",
        "dnd_editions_str": "2e, 3e, 5e",
        "feature_levels_str": null,
        "extra_str": null,
        "location_en": "southern Kara-Tur → T'u Lung",
        "name_alt_en_str": null,
        "location_ru": "южный Кара-Тур → Ту Лунг",
        "name_alt_ru_str": null,
        "geog_extent_centroid_md": "07° 24′ 03″ N 080° 42′ 39″ E",
        "geog_extent_centroid_fria": "07° 24′ 03″ N 027° 13′ 46″ E",
        "geog_extent_area_sq_km": null,
        "geog_extent_area_sq_miles": null,
        "geog_extent_length_km": null,
        "geog_extent_length_miles": null,
        "geog_extent_perimeter_km": null,
        "geog_extent_perimeter_miles": null,
        "geog_extent_bbox_md": null,
        "geog_extent_bbox_fria": null,
        "name_it": "I'kuni Wanta",
        "name_abb_it": null,
        "label_it": "I'kuni Wanta",
        "descr_it": null,
        "descr_html_it": null,
        "url_it": null,
        "location_it": "Kara-Tur meridionale → T'u Lung",
        "name_alt_it_str": null,
        "topical_tags": "",
        "related_location_tags": "",
        "related_cultures_tags": "",
        "related_factions_tags": ""
      },
      "geometry": {
        "type": "MultiPoint",
        "coordinates": [
          [
            27.229447131653966,
            7.400984108540674
          ]
        ]
      }
    },
    {
      "type": "Feature",
      "properties": {
        "uuid": "ec356437-9a0e-4b98-8144-fbe2c6e934ed",
        "layer_id": "srf_civ_important_sites_pt",
        "timeframe": null,
        "feature_class": "Fortification",
        "feature_rank": 5,
        "is_visible": true,
        "is_labeled": true,
        "needs_review": false,
        "review_notes": null,
        "img_url": null,
        "last_edited": "2026-07-13",
        "last_editor": "postgres",
        "name_en": "unnamed",
        "name_ru": null,
        "name_abb_en": null,
        "name_abb_ru": null,
        "label_en": null,
        "label_ru": null,
        "descr_en": null,
        "descr_ru": null,
        "descr_html_en": null,
        "descr_html_ru": null,
        "url_en": null,
        "url_ru": null,
        "source_name": "TSR FRIA 2e",
        "source_url": "https://www.profantasy.com/fratlas/fratlashome.htm",
        "dnd_editions_str": "2e, 3e, 5e",
        "feature_levels_str": null,
        "extra_str": null,
        "location_en": "northern Zakhara → unnamed",
        "name_alt_en_str": null,
        "location_ru": "северный Захара → unnamed",
        "name_alt_ru_str": null,
        "geog_extent_centroid_md": "01° 28′ 37″ S 025° 27′ 33″ E",
        "geog_extent_centroid_fria": "01° 28′ 37″ S 028° 01′ 20″ W",
        "geog_extent_area_sq_km": null,
        "geog_extent_area_sq_miles": null,
        "geog_extent_length_km": null,
        "geog_extent_length_miles": null,
        "geog_extent_perimeter_km": null,
        "geog_extent_perimeter_miles": null,
        "geog_extent_bbox_md": null,
        "geog_extent_bbox_fria": null,
        "name_it": null,
        "name_abb_it": null,
        "label_it": null,
        "descr_it": null,
        "descr_html_it": null,
        "url_it": null,
        "location_it": "Zakhara settentrionale → unnamed",
        "name_alt_it_str": null,
        "topical_tags": "",
        "related_location_tags": "",
        "related_cultures_tags": "",
        "related_factions_tags": ""
      },
      "geometry": {
        "type": "MultiPoint",
        "coordinates": [
          [
            -28.02231179743271,
            -1.477177604580761
          ]
        ]
      }
    },
    {
      "type": "Feature",
      "properties": {
        "uuid": "ecc8d8ae-b458-4dcc-a31e-64e4795a4e34",
        "layer_id": "srf_civ_important_sites_pt",
        "timeframe": null,
        "feature_class": "Other",
        "feature_rank": 3,
        "is_visible": true,
        "is_labeled": true,
        "needs_review": false,
        "review_notes": "exclude from wiki link auto-ageneration",
        "img_url": null,
        "last_edited": "2026-07-13",
        "last_editor": "postgres",
        "name_en": "Dalton's Lighthouse",
        "name_ru": "Маяк Далтона",
        "name_abb_en": null,
        "name_abb_ru": null,
        "label_en": "Dalton's Lighthouse",
        "label_ru": "Маяк Далтона",
        "descr_en": null,
        "descr_ru": null,
        "descr_html_en": null,
        "descr_html_ru": null,
        "url_en": null,
        "url_ru": null,
        "source_name": "TSR FRIA 2e",
        "source_url": "https://www.profantasy.com/fratlas/fratlashome.htm",
        "dnd_editions_str": "2e, 3e, 5e",
        "feature_levels_str": null,
        "extra_str": null,
        "location_en": "central Faerûn → The Vast",
        "name_alt_en_str": null,
        "location_ru": "центральный Фаэрун → Простор",
        "name_alt_ru_str": null,
        "geog_extent_centroid_md": "41° 57′ 39″ N 003° 11′ 52″ E",
        "geog_extent_centroid_fria": "41° 57′ 39″ N 050° 17′ 00″ W",
        "geog_extent_area_sq_km": null,
        "geog_extent_area_sq_miles": null,
        "geog_extent_length_km": null,
        "geog_extent_length_miles": null,
        "geog_extent_perimeter_km": null,
        "geog_extent_perimeter_miles": null,
        "geog_extent_bbox_md": null,
        "geog_extent_bbox_fria": null,
        "name_it": "Faro di Dalton",
        "name_abb_it": null,
        "label_it": "Faro di Dalton",
        "descr_it": null,
        "descr_html_it": null,
        "url_it": null,
        "location_it": "Faerûn centrale → Il Vast",
        "name_alt_it_str": null,
        "topical_tags": "",
        "related_location_tags": "",
        "related_cultures_tags": "",
        "related_factions_tags": ""
      },
      "geometry": {
        "type": "MultiPoint",
        "coordinates": [
          [
            -50.28352715260368,
            41.961058396631316
          ]
        ]
      }
    },
    {
      "type": "Feature",
      "properties": {
        "uuid": "ed192042-b5be-460d-a0a5-6b44578826fa",
        "layer_id": "srf_civ_important_sites_pt",
        "timeframe": null,
        "feature_class": "Ruins",
        "feature_rank": 5,
        "is_visible": true,
        "is_labeled": true,
        "needs_review": true,
        "review_notes": "impossible to read FRIA map label: FRIA (1999) - Lvl 3 - B2bSElc",
        "img_url": null,
        "last_edited": "2026-07-13",
        "last_editor": "postgres",
        "name_en": "unnamed",
        "name_ru": null,
        "name_abb_en": null,
        "name_abb_ru": null,
        "label_en": null,
        "label_ru": null,
        "descr_en": null,
        "descr_ru": null,
        "descr_html_en": null,
        "descr_html_ru": null,
        "url_en": null,
        "url_ru": null,
        "source_name": "TSR FRIA 2e",
        "source_url": "https://www.profantasy.com/fratlas/fratlashome.htm",
        "dnd_editions_str": "2e, 3e, 5e",
        "feature_levels_str": null,
        "extra_str": null,
        "location_en": "eastern Zakhara → unnamed",
        "name_alt_en_str": null,
        "location_ru": "восточный Захара → unnamed",
        "name_alt_ru_str": null,
        "geog_extent_centroid_md": "11° 31′ 27″ S 037° 18′ 32″ E",
        "geog_extent_centroid_fria": "11° 31′ 27″ S 016° 10′ 20″ W",
        "geog_extent_area_sq_km": null,
        "geog_extent_area_sq_miles": null,
        "geog_extent_length_km": null,
        "geog_extent_length_miles": null,
        "geog_extent_perimeter_km": null,
        "geog_extent_perimeter_miles": null,
        "geog_extent_bbox_md": null,
        "geog_extent_bbox_fria": null,
        "name_it": null,
        "name_abb_it": null,
        "label_it": null,
        "descr_it": null,
        "descr_html_it": null,
        "url_it": null,
        "location_it": "Zakhara orientale → unnamed",
        "name_alt_it_str": null,
        "topical_tags": "",
        "related_location_tags": "",
        "related_cultures_tags": "",
        "related_factions_tags": ""
      },
      "geometry": {
        "type": "MultiPoint",
        "coordinates": [
          [
            -16.172417753102295,
            -11.524346981879754
          ]
        ]
      }
    },
    {
      "type": "Feature",
      "properties": {
        "uuid": "ed49930e-ef6c-40ba-b65f-4c0acc77b848",
        "layer_id": "srf_civ_important_sites_pt",
        "timeframe": null,
        "feature_class": "Fortification",
        "feature_rank": 5,
        "is_visible": true,
        "is_labeled": true,
        "needs_review": false,
        "review_notes": "exclude from wiki link auto-ageneration",
        "img_url": null,
        "last_edited": "2026-07-13",
        "last_editor": "postgres",
        "name_en": "Olbi",
        "name_ru": "Олби",
        "name_abb_en": null,
        "name_abb_ru": null,
        "label_en": "Olbi",
        "label_ru": "Олби",
        "descr_en": null,
        "descr_ru": null,
        "descr_html_en": null,
        "descr_html_ru": null,
        "url_en": null,
        "url_ru": null,
        "source_name": "TSR FRIA 2e",
        "source_url": "https://www.profantasy.com/fratlas/fratlashome.htm",
        "dnd_editions_str": "2e, 3e, 5e",
        "feature_levels_str": null,
        "extra_str": null,
        "location_en": "central Maztica → Sands of Itzcala",
        "name_alt_en_str": null,
        "location_ru": "центральный Мазтика → Пески Ицкалы",
        "name_alt_ru_str": null,
        "geog_extent_centroid_md": "22° 33′ 29″ N 063° 44′ 34″ W",
        "geog_extent_centroid_fria": "22° 33′ 29″ N 117° 13′ 28″ W",
        "geog_extent_area_sq_km": null,
        "geog_extent_area_sq_miles": null,
        "geog_extent_length_km": null,
        "geog_extent_length_miles": null,
        "geog_extent_perimeter_km": null,
        "geog_extent_perimeter_miles": null,
        "geog_extent_bbox_md": null,
        "geog_extent_bbox_fria": null,
        "name_it": "Olbi",
        "name_abb_it": null,
        "label_it": "Olbi",
        "descr_it": null,
        "descr_html_it": null,
        "url_it": null,
        "location_it": "Maztica centrale → Sabbie di Itzcala",
        "name_alt_it_str": null,
        "topical_tags": "",
        "related_location_tags": "",
        "related_cultures_tags": "",
        "related_factions_tags": ""
      },
      "geometry": {
        "type": "MultiPoint",
        "coordinates": [
          [
            -117.2244848036276,
            22.55807743528105
          ]
        ]
      }
    },
    {
      "type": "Feature",
      "properties": {
        "uuid": "ee7d33d4-20ab-4154-a17e-43b39aa28d7a",
        "layer_id": "srf_civ_important_sites_pt",
        "timeframe": null,
        "feature_class": "Ruins",
        "feature_rank": 5,
        "is_visible": true,
        "is_labeled": true,
        "needs_review": false,
        "review_notes": null,
        "img_url": null,
        "last_edited": "2026-07-14",
        "last_editor": "postgres",
        "name_en": "Ilimar",
        "name_ru": "Илимар",
        "name_abb_en": null,
        "name_abb_ru": null,
        "label_en": "Ilimar",
        "label_ru": "Илимар",
        "descr_en": "A long-ruined city originally built by the sarrukh, magically split into two sections by a central portal. The northern half lies in Gulthmere Forest near the Vilhon Reach, while the southern half is located in the Muaroghal mountains of eastern Halruaa. The ruins are overgrown and haunted.",
        "descr_ru": "Давно разрушенный город, первоначально построенный саррухами, магически разделённый на две части центральным порталом. Северная половина находится в Галтмирском Лесу вблизи Вилхонского Предела, а южная половина — в горах Муарогхал в восточной Халруа. Руины заросли и населены призраками.",
        "descr_html_en": null,
        "descr_html_ru": null,
        "url_en": "https://forgottenrealms.fandom.com/wiki/Ilimar",
        "url_ru": null,
        "source_name": "TSR FRIA 2e",
        "source_url": "https://www.profantasy.com/fratlas/fratlashome.htm",
        "dnd_editions_str": "2e, 3e, 5e",
        "feature_levels_str": null,
        "extra_str": "topical_tags: [\"ruins\", \"portal\", \"split\", \"overgrown\", \"haunted\"] | related_cultures_tags: [\"sarrukh\", \"lamia\", \"spirit nagas\", \"lizardfolk\"] | related_factions_tags: [\"Talons of Timindar\"] | related_location_tags: [\"Gulthmere Forest\", \"Vilhon Reach\", \"Dragon Coast\", \"Lake of the Long Arm\", \"Muaroghal\", \"Halruaa\", \"Great Swamp of Rethild\", \"Dambrath\"]",
        "location_en": "southern Faerûn → Halruaa → Muaroghal - the East Wall",
        "name_alt_en_str": null,
        "location_ru": "южный Фаэрун → Халруа → Муарогхал — Восточная Стена",
        "name_alt_ru_str": null,
        "geog_extent_centroid_md": "08° 34′ 17″ N 003° 28′ 38″ E",
        "geog_extent_centroid_fria": "08° 34′ 17″ N 050° 00′ 14″ W",
        "geog_extent_area_sq_km": null,
        "geog_extent_area_sq_miles": null,
        "geog_extent_length_km": null,
        "geog_extent_length_miles": null,
        "geog_extent_perimeter_km": null,
        "geog_extent_perimeter_miles": null,
        "geog_extent_bbox_md": null,
        "geog_extent_bbox_fria": null,
        "name_it": "Ilimar",
        "name_abb_it": null,
        "label_it": "Ilimar",
        "descr_it": "Ilimar è una città in rovina da lungo tempo originariamente costruita dai sarrukh, magicamente divisa in due sezioni da un portale centrale. La metà settentrionale giace nella Foresta di Gulthmere vicino al Golfo di Vilhon, mentre la metà meridionale si trova nei monti Muaroghal nell'est di Halruaa. Le rovine sono invase dalla vegetazione e infestate.",
        "descr_html_it": null,
        "url_it": null,
        "location_it": "Faerûn meridionale → Halruaa → Muaroghal - il Muro Orientale",
        "name_alt_it_str": null,
        "topical_tags": "ruins, portal, split, overgrown, haunted",
        "related_location_tags": "Gulthmere Forest, Vilhon Reach, Dragon Coast, Lake of the Long Arm, Muaroghal, Halruaa, Great Swamp of Rethild, Dambrath",
        "related_cultures_tags": "sarrukh, lamia, spirit nagas, lizardfolk",
        "related_factions_tags": "Talons of Timindar"
      },
      "geometry": {
        "type": "MultiPoint",
        "coordinates": [
          [
            -50.004121750543234,
            8.571539757306075
          ]
        ]
      }
    },
    {
      "type": "Feature",
      "properties": {
        "uuid": "eea191a2-6320-4cc8-8a2a-63ae9911ae7e",
        "layer_id": "srf_civ_important_sites_pt",
        "timeframe": null,
        "feature_class": "Fortification",
        "feature_rank": 5,
        "is_visible": true,
        "is_labeled": true,
        "needs_review": false,
        "review_notes": "exclude from wiki link auto-ageneration",
        "img_url": null,
        "last_edited": "2026-07-13",
        "last_editor": "postgres",
        "name_en": "Jiayu",
        "name_ru": "Цзяюй",
        "name_abb_en": null,
        "name_abb_ru": null,
        "label_en": "Jiayu",
        "label_ru": "Цзяюй",
        "descr_en": null,
        "descr_ru": null,
        "descr_html_en": null,
        "descr_html_ru": null,
        "url_en": null,
        "url_ru": null,
        "source_name": "TSR FRIA 2e",
        "source_url": "https://www.profantasy.com/fratlas/fratlashome.htm",
        "dnd_editions_str": "2e, 3e, 5e",
        "feature_levels_str": null,
        "extra_str": null,
        "location_en": "western Kara-Tur → Wang Kuo Province",
        "name_alt_en_str": null,
        "location_ru": "западный Кара-Тур → Провинция Ван Куо",
        "name_alt_ru_str": null,
        "geog_extent_centroid_md": "17° 23′ 01″ N 068° 36′ 34″ E",
        "geog_extent_centroid_fria": "17° 23′ 01″ N 015° 07′ 41″ E",
        "geog_extent_area_sq_km": null,
        "geog_extent_area_sq_miles": null,
        "geog_extent_length_km": null,
        "geog_extent_length_miles": null,
        "geog_extent_perimeter_km": null,
        "geog_extent_perimeter_miles": null,
        "geog_extent_bbox_md": null,
        "geog_extent_bbox_fria": null,
        "name_it": "Jiayu",
        "name_abb_it": null,
        "label_it": "Jiayu",
        "descr_it": null,
        "descr_html_it": null,
        "url_it": null,
        "location_it": "Kara-Tur occidentale → Provincia di Wang Kuo",
        "name_alt_it_str": null,
        "topical_tags": "",
        "related_location_tags": "",
        "related_cultures_tags": "",
        "related_factions_tags": ""
      },
      "geometry": {
        "type": "MultiPoint",
        "coordinates": [
          [
            15.128167931110314,
            17.38367024049532
          ]
        ]
      }
    },
    {
      "type": "Feature",
      "properties": {
        "uuid": "ef114086-d1a9-45f9-a9b6-454eacc407e0",
        "layer_id": "srf_civ_important_sites_pt",
        "timeframe": null,
        "feature_class": "Fortification",
        "feature_rank": 5,
        "is_visible": true,
        "is_labeled": true,
        "needs_review": false,
        "review_notes": null,
        "img_url": null,
        "last_edited": "2026-07-14",
        "last_editor": "postgres",
        "name_en": "Palace of the Purple Emperor",
        "name_ru": "Дворец Пурпурного Императора",
        "name_abb_en": null,
        "name_abb_ru": null,
        "label_en": "Palace of the Purple Emperor",
        "label_ru": "Дворец Пурпурного Императора",
        "descr_en": "A massive Imaskari palace with extradimensional spaces, originally built in Inupras and later buried in the Raurin desert. It served as a vault for imprisoned monsters and held the mind of the elder evil Pandorym. The palace was owned by the Lord Artificer of Imaskar and later by Empress Ususi Manaallin.",
        "descr_ru": "Огромный имаскарский дворец с внепространственными помещениями, первоначально построенный в Инупрасе и позже погребённый в пустыне Раурин. Служил хранилищем для заточённых монстров и содержал разум древнего зла Пандорима. Дворец принадлежал Лорду-Мастеру Имаскара, а позже — Императрице Усуси Манааллин.",
        "descr_html_en": null,
        "descr_html_ru": null,
        "url_en": "https://forgottenrealms.fandom.com/wiki/Palace_of_the_Purple_Emperor",
        "url_ru": null,
        "source_name": "TSR FRIA 2e",
        "source_url": "https://www.profantasy.com/fratlas/fratlashome.htm",
        "dnd_editions_str": "2e, 3e, 5e",
        "feature_levels_str": null,
        "extra_str": "topical_tags: [\"imaskari\", \"palace\", \"extradimensional\", \"desert\", \"vault\", \"elder_evil\", \"celestial_nadir\"] | related_cultures_tags: [\"Imaskari\", \"Deep Imaskari\", \"Mulan\"] | related_factions_tags: [\"Lord Artificer of Imaskar\", \"Imperial Weapons Cache\"] | related_location_tags: [\"Skyclave\", \"Inupras\", \"Celestial Nadir\", \"Raurin desert\", \"Mulhorand\", \"Al Qahara\", \"Deep Imaskar\"]",
        "location_en": "south-eastern Faerûn → Mulhorand → Raurin",
        "name_alt_en_str": null,
        "location_ru": "юго-восточный Фаэрун → Мулхоранд → Раурин",
        "name_alt_ru_str": null,
        "geog_extent_centroid_md": "24° 41′ 36″ N 025° 54′ 52″ E",
        "geog_extent_centroid_fria": "24° 41′ 36″ N 027° 34′ 01″ W",
        "geog_extent_area_sq_km": null,
        "geog_extent_area_sq_miles": null,
        "geog_extent_length_km": null,
        "geog_extent_length_miles": null,
        "geog_extent_perimeter_km": null,
        "geog_extent_perimeter_miles": null,
        "geog_extent_bbox_md": null,
        "geog_extent_bbox_fria": null,
        "name_it": "Palazzo dell'Imperatore Purpureo",
        "name_abb_it": null,
        "label_it": "Palazzo dell'Imperatore Purpureo",
        "descr_it": "Un massiccio palazzo Imaskari con spazi extradimensionali, originariamente costruito a Inupras e poi sepolto nel deserto di Raurin. Serviva come volta per mostri imprigionati e conteneva la mente dell'antico male Pandorym. Il palazzo era di proprietà del Signore Artigiano di Imaskar e in seguito dell'Imperatrice Ususi Manaallin.",
        "descr_html_it": null,
        "url_it": null,
        "location_it": "Faerûn sud-orientale → Mulhorand → Raurin",
        "name_alt_it_str": null,
        "topical_tags": "imaskari, palace, extradimensional, desert, vault, elder_evil, celestial_nadir",
        "related_location_tags": "Skyclave, Inupras, Celestial Nadir, Raurin desert, Mulhorand, Al Qahara, Deep Imaskar",
        "related_cultures_tags": "Imaskari, Deep Imaskari, Mulan",
        "related_factions_tags": "Lord Artificer of Imaskar, Imperial Weapons Cache"
      },
      "geometry": {
        "type": "MultiPoint",
        "coordinates": [
          [
            -27.566963155906457,
            24.69345252966972
          ]
        ]
      }
    },
    {
      "type": "Feature",
      "properties": {
        "uuid": "ef7cf372-02bd-40a9-988f-47e18a0d61bd",
        "layer_id": "srf_civ_important_sites_pt",
        "timeframe": null,
        "feature_class": "Fortification",
        "feature_rank": 5,
        "is_visible": true,
        "is_labeled": true,
        "needs_review": false,
        "review_notes": "exclude from wiki link auto-ageneration",
        "img_url": null,
        "last_edited": "2026-07-13",
        "last_editor": "postgres",
        "name_en": "Many Windowed Tower",
        "name_ru": "Многооконная Башня",
        "name_abb_en": null,
        "name_abb_ru": null,
        "label_en": "Many Windowed Tower",
        "label_ru": "Многооконная Башня",
        "descr_en": null,
        "descr_ru": null,
        "descr_html_en": null,
        "descr_html_ru": null,
        "url_en": null,
        "url_ru": null,
        "source_name": "TSR FRIA 2e",
        "source_url": "https://www.profantasy.com/fratlas/fratlashome.htm",
        "dnd_editions_str": "2e, 3e, 5e",
        "feature_levels_str": null,
        "extra_str": null,
        "location_en": "eastern Faerûn → Endless Waste",
        "name_alt_en_str": null,
        "location_ru": "восточный Фаэрун → Бескрайняя Пустошь",
        "name_alt_ru_str": null,
        "geog_extent_centroid_md": "45° 27′ 18″ N 025° 38′ 37″ E",
        "geog_extent_centroid_fria": "45° 27′ 18″ N 027° 50′ 16″ W",
        "geog_extent_area_sq_km": null,
        "geog_extent_area_sq_miles": null,
        "geog_extent_length_km": null,
        "geog_extent_length_miles": null,
        "geog_extent_perimeter_km": null,
        "geog_extent_perimeter_miles": null,
        "geog_extent_bbox_md": null,
        "geog_extent_bbox_fria": null,
        "name_it": "Torre dalle Molte Finestre",
        "name_abb_it": null,
        "label_it": "Torre dalle Molte Finestre",
        "descr_it": null,
        "descr_html_it": null,
        "url_it": null,
        "location_it": "Faerûn orientale → Desolazione Infinita",
        "name_alt_it_str": null,
        "topical_tags": "",
        "related_location_tags": "",
        "related_cultures_tags": "",
        "related_factions_tags": ""
      },
      "geometry": {
        "type": "MultiPoint",
        "coordinates": [
          [
            -27.83783278229265,
            45.45524142979888
          ]
        ]
      }
    },
    {
      "type": "Feature",
      "properties": {
        "uuid": "efe46731-3055-40d7-9b7a-d55345e16278",
        "layer_id": "srf_civ_important_sites_pt",
        "timeframe": null,
        "feature_class": "Battlefield",
        "feature_rank": 5,
        "is_visible": true,
        "is_labeled": true,
        "needs_review": false,
        "review_notes": "exclude from wiki link auto-ageneration",
        "img_url": null,
        "last_edited": "2026-07-13",
        "last_editor": "postgres",
        "name_en": "Battle of Broken Bones",
        "name_ru": "Битва Сломанных Костей",
        "name_abb_en": null,
        "name_abb_ru": null,
        "label_en": "Battle of Broken Bones",
        "label_ru": "Битва Сломанных Костей",
        "descr_en": null,
        "descr_ru": null,
        "descr_html_en": null,
        "descr_html_ru": null,
        "url_en": null,
        "url_ru": null,
        "source_name": "TSR FRIA 2e",
        "source_url": "https://www.profantasy.com/fratlas/fratlashome.htm",
        "dnd_editions_str": "2e, 3e, 5e",
        "feature_levels_str": null,
        "extra_str": null,
        "location_en": "central Faerûn → Cormyr",
        "name_alt_en_str": null,
        "location_ru": "центральный Фаэрун → Кормир",
        "name_alt_ru_str": null,
        "geog_extent_centroid_md": "39° 36′ 15″ N 005° 31′ 56″ W",
        "geog_extent_centroid_fria": "39° 36′ 15″ N 059° 00′ 49″ W",
        "geog_extent_area_sq_km": null,
        "geog_extent_area_sq_miles": null,
        "geog_extent_length_km": null,
        "geog_extent_length_miles": null,
        "geog_extent_perimeter_km": null,
        "geog_extent_perimeter_miles": null,
        "geog_extent_bbox_md": null,
        "geog_extent_bbox_fria": null,
        "name_it": "Battaglia delle Ossa Rotte",
        "name_abb_it": null,
        "label_it": "Battaglia delle Ossa Rotte",
        "descr_it": null,
        "descr_html_it": null,
        "url_it": null,
        "location_it": "Faerûn centrale → Cormyr",
        "name_alt_it_str": null,
        "topical_tags": "",
        "related_location_tags": "",
        "related_cultures_tags": "",
        "related_factions_tags": ""
      },
      "geometry": {
        "type": "MultiPoint",
        "coordinates": [
          [
            -59.01386191883102,
            39.604330592610026
          ]
        ]
      }
    },
    {
      "type": "Feature",
      "properties": {
        "uuid": "f0a9cbe6-939e-4fed-9521-1632ac3b5ede",
        "layer_id": "srf_civ_important_sites_pt",
        "timeframe": null,
        "feature_class": "Fortification",
        "feature_rank": 5,
        "is_visible": true,
        "is_labeled": true,
        "needs_review": false,
        "review_notes": null,
        "img_url": null,
        "last_edited": "2026-07-13",
        "last_editor": "postgres",
        "name_en": "unnamed",
        "name_ru": null,
        "name_abb_en": null,
        "name_abb_ru": null,
        "label_en": null,
        "label_ru": null,
        "descr_en": null,
        "descr_ru": null,
        "descr_html_en": null,
        "descr_html_ru": null,
        "url_en": null,
        "url_ru": null,
        "source_name": "TSR FRIA 2e",
        "source_url": "https://www.profantasy.com/fratlas/fratlashome.htm",
        "dnd_editions_str": "2e, 3e, 5e",
        "feature_levels_str": null,
        "extra_str": null,
        "location_en": "western Zakhara → High Desert",
        "name_alt_en_str": null,
        "location_ru": "западный Захара → Высокая Пустыня",
        "name_alt_ru_str": null,
        "geog_extent_centroid_md": "13° 35′ 22″ S 020° 51′ 48″ E",
        "geog_extent_centroid_fria": "13° 35′ 22″ S 032° 37′ 04″ W",
        "geog_extent_area_sq_km": null,
        "geog_extent_area_sq_miles": null,
        "geog_extent_length_km": null,
        "geog_extent_length_miles": null,
        "geog_extent_perimeter_km": null,
        "geog_extent_perimeter_miles": null,
        "geog_extent_bbox_md": null,
        "geog_extent_bbox_fria": null,
        "name_it": null,
        "name_abb_it": null,
        "label_it": null,
        "descr_it": null,
        "descr_html_it": null,
        "url_it": null,
        "location_it": "Zakhara occidentale → Alto Deserto",
        "name_alt_it_str": null,
        "topical_tags": "",
        "related_location_tags": "",
        "related_cultures_tags": "",
        "related_factions_tags": ""
      },
      "geometry": {
        "type": "MultiPoint",
        "coordinates": [
          [
            -32.61793355955281,
            -13.58950496952868
          ]
        ]
      }
    },
    {
      "type": "Feature",
      "properties": {
        "uuid": "f0e43238-de24-4a14-8228-f4744ade543f",
        "layer_id": "srf_civ_important_sites_pt",
        "timeframe": null,
        "feature_class": "Water Source",
        "feature_rank": 5,
        "is_visible": true,
        "is_labeled": true,
        "needs_review": false,
        "review_notes": "exclude from wiki link auto-ageneration",
        "img_url": null,
        "last_edited": "2026-07-13",
        "last_editor": "postgres",
        "name_en": "Flowery Pond Well",
        "name_ru": "Колодец Цветущего Пруда",
        "name_abb_en": null,
        "name_abb_ru": null,
        "label_en": "Flowery Pond Well",
        "label_ru": "Колодец Цветущего Пруда",
        "descr_en": null,
        "descr_ru": null,
        "descr_html_en": null,
        "descr_html_ru": null,
        "url_en": null,
        "url_ru": null,
        "source_name": "TSR FRIA 2e",
        "source_url": "https://www.profantasy.com/fratlas/fratlashome.htm",
        "dnd_editions_str": "2e, 3e, 5e",
        "feature_levels_str": null,
        "extra_str": null,
        "location_en": "western Kara-Tur → Kora Shan",
        "name_alt_en_str": null,
        "location_ru": "западный Кара-Тур → Кора Шан",
        "name_alt_ru_str": null,
        "geog_extent_centroid_md": "37° 32′ 44″ N 038° 48′ 32″ E",
        "geog_extent_centroid_fria": "37° 32′ 44″ N 014° 40′ 21″ W",
        "geog_extent_area_sq_km": null,
        "geog_extent_area_sq_miles": null,
        "geog_extent_length_km": null,
        "geog_extent_length_miles": null,
        "geog_extent_perimeter_km": null,
        "geog_extent_perimeter_miles": null,
        "geog_extent_bbox_md": null,
        "geog_extent_bbox_fria": null,
        "name_it": "Pozzo dello Stagno Fiorito",
        "name_abb_it": null,
        "label_it": "Pozzo dello Stagno Fiorito",
        "descr_it": null,
        "descr_html_it": null,
        "url_it": null,
        "location_it": "Kara-Tur occidentale → Kora Shan",
        "name_alt_it_str": null,
        "topical_tags": "",
        "related_location_tags": "",
        "related_cultures_tags": "",
        "related_factions_tags": ""
      },
      "geometry": {
        "type": "MultiPoint",
        "coordinates": [
          [
            -14.67255500758854,
            37.54558012051868
          ]
        ]
      }
    },
    {
      "type": "Feature",
      "properties": {
        "uuid": "f1121504-ce73-44d3-b4dd-68ad9fe51f06",
        "layer_id": "srf_civ_important_sites_pt",
        "timeframe": null,
        "feature_class": "Battlefield",
        "feature_rank": 5,
        "is_visible": true,
        "is_labeled": true,
        "needs_review": false,
        "review_notes": null,
        "img_url": null,
        "last_edited": "2026-07-13",
        "last_editor": "postgres",
        "name_en": "unnamed",
        "name_ru": null,
        "name_abb_en": null,
        "name_abb_ru": null,
        "label_en": null,
        "label_ru": null,
        "descr_en": null,
        "descr_ru": null,
        "descr_html_en": null,
        "descr_html_ru": null,
        "url_en": null,
        "url_ru": null,
        "source_name": "TSR FRIA 2e",
        "source_url": "https://www.profantasy.com/fratlas/fratlashome.htm",
        "dnd_editions_str": "2e, 3e, 5e",
        "feature_levels_str": null,
        "extra_str": null,
        "location_en": "western Zakhara → unnamed",
        "name_alt_en_str": null,
        "location_ru": "западный Захара → unnamed",
        "name_alt_ru_str": null,
        "geog_extent_centroid_md": "13° 12′ 59″ S 023° 41′ 49″ E",
        "geog_extent_centroid_fria": "13° 12′ 59″ S 029° 47′ 04″ W",
        "geog_extent_area_sq_km": null,
        "geog_extent_area_sq_miles": null,
        "geog_extent_length_km": null,
        "geog_extent_length_miles": null,
        "geog_extent_perimeter_km": null,
        "geog_extent_perimeter_miles": null,
        "geog_extent_bbox_md": null,
        "geog_extent_bbox_fria": null,
        "name_it": null,
        "name_abb_it": null,
        "label_it": null,
        "descr_it": null,
        "descr_html_it": null,
        "url_it": null,
        "location_it": "Zakhara occidentale → unnamed",
        "name_alt_it_str": null,
        "topical_tags": "",
        "related_location_tags": "",
        "related_cultures_tags": "",
        "related_factions_tags": ""
      },
      "geometry": {
        "type": "MultiPoint",
        "coordinates": [
          [
            -29.78448825069986,
            -13.216612742418574
          ]
        ]
      }
    },
    {
      "type": "Feature",
      "properties": {
        "uuid": "f238b699-f59f-48ef-bcd4-c40a9699d619",
        "layer_id": "srf_civ_important_sites_pt",
        "timeframe": null,
        "feature_class": "Fortification",
        "feature_rank": 5,
        "is_visible": true,
        "is_labeled": true,
        "needs_review": false,
        "review_notes": null,
        "img_url": null,
        "last_edited": "2026-07-13",
        "last_editor": "postgres",
        "name_en": "unnamed",
        "name_ru": null,
        "name_abb_en": null,
        "name_abb_ru": null,
        "label_en": null,
        "label_ru": null,
        "descr_en": null,
        "descr_ru": null,
        "descr_html_en": null,
        "descr_html_ru": null,
        "url_en": null,
        "url_ru": null,
        "source_name": "TSR FRIA 2e",
        "source_url": "https://www.profantasy.com/fratlas/fratlashome.htm",
        "dnd_editions_str": "2e, 3e, 5e",
        "feature_levels_str": null,
        "extra_str": null,
        "location_en": "south-western Zakhara → High Desert",
        "name_alt_en_str": null,
        "location_ru": "юго-западный Захара → Высокая Пустыня",
        "name_alt_ru_str": null,
        "geog_extent_centroid_md": "15° 04′ 13″ S 019° 18′ 28″ E",
        "geog_extent_centroid_fria": "15° 04′ 13″ S 034° 10′ 24″ W",
        "geog_extent_area_sq_km": null,
        "geog_extent_area_sq_miles": null,
        "geog_extent_length_km": null,
        "geog_extent_length_miles": null,
        "geog_extent_perimeter_km": null,
        "geog_extent_perimeter_miles": null,
        "geog_extent_bbox_md": null,
        "geog_extent_bbox_fria": null,
        "name_it": null,
        "name_abb_it": null,
        "label_it": null,
        "descr_it": null,
        "descr_html_it": null,
        "url_it": null,
        "location_it": "Zakhara sud-occidentale → Alto Deserto",
        "name_alt_it_str": null,
        "topical_tags": "",
        "related_location_tags": "",
        "related_cultures_tags": "",
        "related_factions_tags": ""
      },
      "geometry": {
        "type": "MultiPoint",
        "coordinates": [
          [
            -34.17355059186422,
            -15.070518901751669
          ]
        ]
      }
    },
    {
      "type": "Feature",
      "properties": {
        "uuid": "f3006544-7871-4153-bd6b-b7965cc03483",
        "layer_id": "srf_civ_important_sites_pt",
        "timeframe": null,
        "feature_class": "Unclassified",
        "feature_rank": 5,
        "is_visible": true,
        "is_labeled": true,
        "needs_review": false,
        "review_notes": null,
        "img_url": null,
        "last_edited": "2026-07-13",
        "last_editor": "postgres",
        "name_en": "unnamed",
        "name_ru": null,
        "name_abb_en": null,
        "name_abb_ru": null,
        "label_en": null,
        "label_ru": null,
        "descr_en": null,
        "descr_ru": null,
        "descr_html_en": null,
        "descr_html_ru": null,
        "url_en": null,
        "url_ru": null,
        "source_name": "TSR FRIA 2e",
        "source_url": "https://www.profantasy.com/fratlas/fratlashome.htm",
        "dnd_editions_str": "2e, 3e, 5e",
        "feature_levels_str": null,
        "extra_str": null,
        "location_en": "southern Zakhara → unnamed",
        "name_alt_en_str": null,
        "location_ru": "южный Захара → unnamed",
        "name_alt_ru_str": null,
        "geog_extent_centroid_md": "18° 51′ 11″ S 029° 24′ 03″ E",
        "geog_extent_centroid_fria": "18° 51′ 11″ S 024° 04′ 50″ W",
        "geog_extent_area_sq_km": null,
        "geog_extent_area_sq_miles": null,
        "geog_extent_length_km": null,
        "geog_extent_length_miles": null,
        "geog_extent_perimeter_km": null,
        "geog_extent_perimeter_miles": null,
        "geog_extent_bbox_md": null,
        "geog_extent_bbox_fria": null,
        "name_it": null,
        "name_abb_it": null,
        "label_it": null,
        "descr_it": null,
        "descr_html_it": null,
        "url_it": null,
        "location_it": "Zakhara meridionale → unnamed",
        "name_alt_it_str": null,
        "topical_tags": "",
        "related_location_tags": "",
        "related_cultures_tags": "",
        "related_factions_tags": ""
      },
      "geometry": {
        "type": "MultiPoint",
        "coordinates": [
          [
            -24.080559132224668,
            -18.853230630166152
          ]
        ]
      }
    },
    {
      "type": "Feature",
      "properties": {
        "uuid": "f30de622-5f0b-4813-8522-aa242a21786b",
        "layer_id": "srf_civ_important_sites_pt",
        "timeframe": null,
        "feature_class": "Other",
        "feature_rank": 5,
        "is_visible": true,
        "is_labeled": true,
        "needs_review": false,
        "review_notes": null,
        "img_url": null,
        "last_edited": "2026-07-14",
        "last_editor": "postgres",
        "name_en": "Bell in the Depths",
        "name_ru": "Колокол в Глубинах",
        "name_abb_en": null,
        "name_abb_ru": null,
        "label_en": "Bell in the Depths",
        "label_ru": "Колокол в Глубинах",
        "descr_en": "A mysterious submerged ruin in the Moonsea, all that remains of the legendary island kingdom of Northkeep, which was sunk by divine wrath in 400 DR. Its broken spires are visible beneath the water, and the site is said to be haunted by its former defenders.",
        "descr_ru": "Таинственные затопленные руины на Лунном Море, всё, что осталось от легендарного островного королевства Северная Крепость, потопленного божественным гневом в 400 году по ЛД. Его разрушенные шпили видны под водой, и считается, что место населено призраками бывших защитников.",
        "descr_html_en": null,
        "descr_html_ru": null,
        "url_en": "https://forgottenrealms.fandom.com/wiki/Bell_in_the_Depths",
        "url_ru": null,
        "source_name": "TSR FRIA 2e",
        "source_url": "https://www.profantasy.com/fratlas/fratlashome.htm",
        "dnd_editions_str": "2e, 3e, 5e",
        "feature_levels_str": null,
        "extra_str": "topical_tags: [\"ruins\", \"submerged\", \"haunted\", \"legendary\", \"moonsea\", \"northkeep\"] | related_location_tags: [\"Moonsea\", \"Northkeep\", \"Cold Lands\", \"Hillsfar\"]",
        "location_en": "central Faerûn",
        "name_alt_en_str": "Northkeep",
        "location_ru": "центральный Фаэрун",
        "name_alt_ru_str": "Колокол Глубин, Колокол в Глубине",
        "geog_extent_centroid_md": "42° 14′ 28″ N 002° 16′ 05″ E",
        "geog_extent_centroid_fria": "42° 14′ 28″ N 051° 12′ 47″ W",
        "geog_extent_area_sq_km": null,
        "geog_extent_area_sq_miles": null,
        "geog_extent_length_km": null,
        "geog_extent_length_miles": null,
        "geog_extent_perimeter_km": null,
        "geog_extent_perimeter_miles": null,
        "geog_extent_bbox_md": null,
        "geog_extent_bbox_fria": null,
        "name_it": "Campana negli Abissi",
        "name_abb_it": null,
        "label_it": "Campana negli Abissi",
        "descr_it": "La Campana negli Abissi è una misteriosa rovina sommersa nel Mare della Luna, tutto ciò che resta del leggendario regno insulare di Northkeep, affondato dall'ira divina nel 400 DR. Le sue guglie spezzate sono visibili sott'acqua, e si dice che il sito sia infestato dai suoi antichi difensori.",
        "descr_html_it": null,
        "url_it": null,
        "location_it": "Faerûn centrale",
        "name_alt_it_str": "Campana degli Abissi, Campana nel Profondo",
        "topical_tags": "ruins, submerged, haunted, legendary, moonsea, northkeep",
        "related_location_tags": "Moonsea, Northkeep, Cold Lands, Hillsfar",
        "related_cultures_tags": "",
        "related_factions_tags": ""
      },
      "geometry": {
        "type": "MultiPoint",
        "coordinates": [
          [
            -51.21318784246204,
            42.241165917384436
          ]
        ]
      }
    },
    {
      "type": "Feature",
      "properties": {
        "uuid": "f31d562e-a5be-4f1c-8b05-6b6d106bc278",
        "layer_id": "srf_civ_important_sites_pt",
        "timeframe": null,
        "feature_class": "Fortification",
        "feature_rank": 5,
        "is_visible": true,
        "is_labeled": true,
        "needs_review": false,
        "review_notes": "exclude from wiki link auto-ageneration",
        "img_url": null,
        "last_edited": "2026-07-13",
        "last_editor": "postgres",
        "name_en": "Sorcerer's Tower",
        "name_ru": "Башня Чародея",
        "name_abb_en": null,
        "name_abb_ru": null,
        "label_en": "Sorcerer's Tower",
        "label_ru": "Башня Чародея",
        "descr_en": null,
        "descr_ru": null,
        "descr_html_en": null,
        "descr_html_ru": null,
        "url_en": null,
        "url_ru": null,
        "source_name": "TSR FRIA 2e",
        "source_url": "https://www.profantasy.com/fratlas/fratlashome.htm",
        "dnd_editions_str": "2e, 3e, 5e",
        "feature_levels_str": null,
        "extra_str": null,
        "location_en": "central Faerûn → Moonsea",
        "name_alt_en_str": null,
        "location_ru": "центральный Фаэрун → Лунное Море",
        "name_alt_ru_str": null,
        "geog_extent_centroid_md": "43° 17′ 15″ N 001° 05′ 29″ E",
        "geog_extent_centroid_fria": "43° 17′ 15″ N 052° 23′ 23″ W",
        "geog_extent_area_sq_km": null,
        "geog_extent_area_sq_miles": null,
        "geog_extent_length_km": null,
        "geog_extent_length_miles": null,
        "geog_extent_perimeter_km": null,
        "geog_extent_perimeter_miles": null,
        "geog_extent_bbox_md": null,
        "geog_extent_bbox_fria": null,
        "name_it": "Torre dello Stregone",
        "name_abb_it": null,
        "label_it": "Torre dello Stregone",
        "descr_it": null,
        "descr_html_it": null,
        "url_it": null,
        "location_it": "Faerûn centrale → Mare della Luna",
        "name_alt_it_str": null,
        "topical_tags": "",
        "related_location_tags": "",
        "related_cultures_tags": "",
        "related_factions_tags": ""
      },
      "geometry": {
        "type": "MultiPoint",
        "coordinates": [
          [
            -52.3899314157343,
            43.28755135621454
          ]
        ]
      }
    },
    {
      "type": "Feature",
      "properties": {
        "uuid": "f45455ce-cfd9-44f2-b73f-7faf40ffa30d",
        "layer_id": "srf_civ_important_sites_pt",
        "timeframe": null,
        "feature_class": "Battlefield",
        "feature_rank": 5,
        "is_visible": true,
        "is_labeled": true,
        "needs_review": false,
        "review_notes": null,
        "img_url": null,
        "last_edited": "2026-07-13",
        "last_editor": "postgres",
        "name_en": "unnamed",
        "name_ru": null,
        "name_abb_en": null,
        "name_abb_ru": null,
        "label_en": null,
        "label_ru": null,
        "descr_en": null,
        "descr_ru": null,
        "descr_html_en": null,
        "descr_html_ru": null,
        "url_en": null,
        "url_ru": null,
        "source_name": "TSR FRIA 2e",
        "source_url": "https://www.profantasy.com/fratlas/fratlashome.htm",
        "dnd_editions_str": "2e, 3e, 5e",
        "feature_levels_str": null,
        "extra_str": null,
        "location_en": "south-western Zakhara → unnamed",
        "name_alt_en_str": null,
        "location_ru": "юго-западный Захара → unnamed",
        "name_alt_ru_str": null,
        "geog_extent_centroid_md": "19° 37′ 39″ S 018° 44′ 01″ E",
        "geog_extent_centroid_fria": "19° 37′ 39″ S 034° 44′ 51″ W",
        "geog_extent_area_sq_km": null,
        "geog_extent_area_sq_miles": null,
        "geog_extent_length_km": null,
        "geog_extent_length_miles": null,
        "geog_extent_perimeter_km": null,
        "geog_extent_perimeter_miles": null,
        "geog_extent_bbox_md": null,
        "geog_extent_bbox_fria": null,
        "name_it": null,
        "name_abb_it": null,
        "label_it": null,
        "descr_it": null,
        "descr_html_it": null,
        "url_it": null,
        "location_it": "Zakhara sud-occidentale → unnamed",
        "name_alt_it_str": null,
        "topical_tags": "",
        "related_location_tags": "",
        "related_cultures_tags": "",
        "related_factions_tags": ""
      },
      "geometry": {
        "type": "MultiPoint",
        "coordinates": [
          [
            -34.7476473537887,
            -19.627770178007346
          ]
        ]
      }
    },
    {
      "type": "Feature",
      "properties": {
        "uuid": "f4b79a05-1d89-40a5-89c9-8f196b6a33f9",
        "layer_id": "srf_civ_important_sites_pt",
        "timeframe": null,
        "feature_class": "Water Source",
        "feature_rank": 5,
        "is_visible": true,
        "is_labeled": true,
        "needs_review": false,
        "review_notes": "exclude from wiki link auto-ageneration",
        "img_url": null,
        "last_edited": "2026-07-13",
        "last_editor": "postgres",
        "name_en": "Neachal Fountain",
        "name_ru": "Фонтан Ничал",
        "name_abb_en": null,
        "name_abb_ru": null,
        "label_en": "Neachal Fountain",
        "label_ru": "Фонтан Ничал",
        "descr_en": null,
        "descr_ru": null,
        "descr_html_en": null,
        "descr_html_ru": null,
        "url_en": null,
        "url_ru": null,
        "source_name": "TSR FRIA 2e",
        "source_url": "https://www.profantasy.com/fratlas/fratlashome.htm",
        "dnd_editions_str": "2e, 3e, 5e",
        "feature_levels_str": null,
        "extra_str": null,
        "location_en": "western Kara-Tur → Bandit Wastes",
        "name_alt_en_str": null,
        "location_ru": "западный Кара-Тур → Пустоши Бандитов",
        "name_alt_ru_str": null,
        "geog_extent_centroid_md": "24° 35′ 02″ N 043° 56′ 50″ E",
        "geog_extent_centroid_fria": "24° 35′ 02″ N 009° 32′ 02″ W",
        "geog_extent_area_sq_km": null,
        "geog_extent_area_sq_miles": null,
        "geog_extent_length_km": null,
        "geog_extent_length_miles": null,
        "geog_extent_perimeter_km": null,
        "geog_extent_perimeter_miles": null,
        "geog_extent_bbox_md": null,
        "geog_extent_bbox_fria": null,
        "name_it": "Fontana di Neachal",
        "name_abb_it": null,
        "label_it": "Fontana di Neachal",
        "descr_it": null,
        "descr_html_it": null,
        "url_it": null,
        "location_it": "Kara-Tur occidentale → Deserti dei Banditi",
        "name_alt_it_str": null,
        "topical_tags": "",
        "related_location_tags": "",
        "related_cultures_tags": "",
        "related_factions_tags": ""
      },
      "geometry": {
        "type": "MultiPoint",
        "coordinates": [
          [
            -9.534043905012147,
            24.584139258917755
          ]
        ]
      }
    },
    {
      "type": "Feature",
      "properties": {
        "uuid": "f5b60ccc-2c2b-4a7d-94b7-1aee31a5d0c8",
        "layer_id": "srf_civ_important_sites_pt",
        "timeframe": null,
        "feature_class": "Fortification",
        "feature_rank": 5,
        "is_visible": true,
        "is_labeled": true,
        "needs_review": false,
        "review_notes": "exclude from wiki link auto-ageneration",
        "img_url": null,
        "last_edited": "2026-07-13",
        "last_editor": "postgres",
        "name_en": "S'ian Li Garrison",
        "name_ru": "Гарнизон Сиань Ли",
        "name_abb_en": null,
        "name_abb_ru": null,
        "label_en": "S'ian Li Garrison",
        "label_ru": "Гарнизон Сиань Ли",
        "descr_en": null,
        "descr_ru": null,
        "descr_html_en": null,
        "descr_html_ru": null,
        "url_en": null,
        "url_ru": null,
        "source_name": "TSR FRIA 2e",
        "source_url": "https://www.profantasy.com/fratlas/fratlashome.htm",
        "dnd_editions_str": "2e, 3e, 5e",
        "feature_levels_str": null,
        "extra_str": null,
        "location_en": "central Kara-Tur → T'u Lung → unnamed",
        "name_alt_en_str": null,
        "location_ru": "центральный Кара-Тур → Ту Лунг → unnamed",
        "name_alt_ru_str": null,
        "geog_extent_centroid_md": "16° 33′ 06″ N 078° 43′ 42″ E",
        "geog_extent_centroid_fria": "16° 33′ 06″ N 025° 14′ 49″ E",
        "geog_extent_area_sq_km": null,
        "geog_extent_area_sq_miles": null,
        "geog_extent_length_km": null,
        "geog_extent_length_miles": null,
        "geog_extent_perimeter_km": null,
        "geog_extent_perimeter_miles": null,
        "geog_extent_bbox_md": null,
        "geog_extent_bbox_fria": null,
        "name_it": "Guarnigione di S'ian Li",
        "name_abb_it": null,
        "label_it": "Guarnigione di S'ian Li",
        "descr_it": null,
        "descr_html_it": null,
        "url_it": null,
        "location_it": "Kara-Tur centrale → T'u Lung → unnamed",
        "name_alt_it_str": null,
        "topical_tags": "",
        "related_location_tags": "",
        "related_cultures_tags": "",
        "related_factions_tags": ""
      },
      "geometry": {
        "type": "MultiPoint",
        "coordinates": [
          [
            25.24708537405554,
            16.551937771218572
          ]
        ]
      }
    },
    {
      "type": "Feature",
      "properties": {
        "uuid": "f6f63895-4a08-40bb-bf03-02e197b2ab76",
        "layer_id": "srf_civ_important_sites_pt",
        "timeframe": null,
        "feature_class": "Water Source",
        "feature_rank": 5,
        "is_visible": true,
        "is_labeled": true,
        "needs_review": false,
        "review_notes": null,
        "img_url": null,
        "last_edited": "2026-07-14",
        "last_editor": "postgres",
        "name_en": "Well of Dragons",
        "name_ru": "Колодец Драконов",
        "name_abb_en": null,
        "name_abb_ru": null,
        "label_en": "Well of Dragons",
        "label_ru": "Колодец Драконов",
        "descr_en": "A fortress and dragon graveyard located within a volcanic caldera in the canyonlands north of the River Reaching and Sunset Mountains. It was operated by the Cult of the Dragon as a site for transforming dragons into dracoliches and later rededicated to the goddess Tiamat.",
        "descr_ru": "Крепость и кладбище драконов, расположенные внутри вулканической кальдеры в каньонах к северу от Реки Тянущейся и Закатных Гор. Управлялась Культом Дракона как место превращения драконов в драколичей и позже была переосвящена богине Тиамат.",
        "descr_html_en": null,
        "descr_html_ru": null,
        "url_en": "https://forgottenrealms.fandom.com/wiki/Well_of_Dragons",
        "url_ru": null,
        "source_name": "TSR FRIA 2e",
        "source_url": "https://www.profantasy.com/fratlas/fratlashome.htm",
        "dnd_editions_str": "2e, 3e, 5e",
        "feature_levels_str": null,
        "extra_str": "topical_tags: [\"fortress\", \"temple\", \"dragon graveyard\", \"volcanic caldera\", \"shadow magic\", \"dracolich transformation\", \"cult stronghold\"] | related_cultures_tags: [\"Humans\", \"dragons\", \"giants\"] | related_factions_tags: [\"Cult of the Dragon\", \"Lords' Alliance\", \"Harpers\", \"Zhentarim\", \"Red Wizards of Thay\", \"Council of Waterdeep\"] | related_location_tags: [\"Backlands\", \"Western Heartlands\", \"River Reaching\", \"Sunset Mountains\", \"Battle of Bones\", \"Skull Gorge\", \"Dire Dragon inn\", \"Ladydove\"]",
        "location_en": "western Faerûn → Western Heartlands",
        "name_alt_en_str": null,
        "location_ru": "западный Фаэрун → Западное Сердцеземье",
        "name_alt_ru_str": null,
        "geog_extent_centroid_md": "39° 30′ 34″ N 009° 30′ 50″ W",
        "geog_extent_centroid_fria": "39° 30′ 34″ N 062° 59′ 43″ W",
        "geog_extent_area_sq_km": null,
        "geog_extent_area_sq_miles": null,
        "geog_extent_length_km": null,
        "geog_extent_length_miles": null,
        "geog_extent_perimeter_km": null,
        "geog_extent_perimeter_miles": null,
        "geog_extent_bbox_md": null,
        "geog_extent_bbox_fria": null,
        "name_it": "Pozzo dei Draghi",
        "name_abb_it": null,
        "label_it": "Pozzo dei Draghi",
        "descr_it": "Una fortezza e un cimitero di draghi situati all'interno di una caldera vulcanica nelle terre dei canyon a nord del River Reaching e delle Montagne del Tramonto. Era gestita dal Culto del Drago come sito per trasformare draghi in dracolich e successivamente dedicata alla dea Tiamat.",
        "descr_html_it": null,
        "url_it": null,
        "location_it": "Faerûn occidentale → Terre Centrali Occidentali",
        "name_alt_it_str": null,
        "topical_tags": "fortress, temple, dragon graveyard, volcanic caldera, shadow magic, dracolich transformation, cult stronghold",
        "related_location_tags": "Backlands, Western Heartlands, River Reaching, Sunset Mountains, Battle of Bones, Skull Gorge, Dire Dragon inn, Ladydove",
        "related_cultures_tags": "Humans, dragons, giants",
        "related_factions_tags": "Cult of the Dragon, Lords' Alliance, Harpers, Zhentarim, Red Wizards of Thay, Council of Waterdeep"
      },
      "geometry": {
        "type": "MultiPoint",
        "coordinates": [
          [
            -62.99542406668342,
            39.50968173309496
          ]
        ]
      }
    },
    {
      "type": "Feature",
      "properties": {
        "uuid": "f77fe792-aa02-481d-9b94-4b175f8b5309",
        "layer_id": "srf_civ_important_sites_pt",
        "timeframe": null,
        "feature_class": "Fortification",
        "feature_rank": 5,
        "is_visible": true,
        "is_labeled": true,
        "needs_review": false,
        "review_notes": null,
        "img_url": null,
        "last_edited": "2026-07-13",
        "last_editor": "postgres",
        "name_en": "unnamed",
        "name_ru": null,
        "name_abb_en": null,
        "name_abb_ru": null,
        "label_en": null,
        "label_ru": null,
        "descr_en": null,
        "descr_ru": null,
        "descr_html_en": null,
        "descr_html_ru": null,
        "url_en": null,
        "url_ru": null,
        "source_name": "TSR FRIA 2e",
        "source_url": "https://www.profantasy.com/fratlas/fratlashome.htm",
        "dnd_editions_str": "2e, 3e, 5e",
        "feature_levels_str": null,
        "extra_str": null,
        "location_en": "southern Zakhara → unnamed",
        "name_alt_en_str": null,
        "location_ru": "южный Захара → unnamed",
        "name_alt_ru_str": null,
        "geog_extent_centroid_md": "18° 06′ 48″ S 024° 04′ 02″ E",
        "geog_extent_centroid_fria": "18° 06′ 48″ S 029° 24′ 50″ W",
        "geog_extent_area_sq_km": null,
        "geog_extent_area_sq_miles": null,
        "geog_extent_length_km": null,
        "geog_extent_length_miles": null,
        "geog_extent_perimeter_km": null,
        "geog_extent_perimeter_miles": null,
        "geog_extent_bbox_md": null,
        "geog_extent_bbox_fria": null,
        "name_it": null,
        "name_abb_it": null,
        "label_it": null,
        "descr_it": null,
        "descr_html_it": null,
        "url_it": null,
        "location_it": "Zakhara meridionale → unnamed",
        "name_alt_it_str": null,
        "topical_tags": "",
        "related_location_tags": "",
        "related_cultures_tags": "",
        "related_factions_tags": ""
      },
      "geometry": {
        "type": "MultiPoint",
        "coordinates": [
          [
            -29.41410324300667,
            -18.113358585346234
          ]
        ]
      }
    },
    {
      "type": "Feature",
      "properties": {
        "uuid": "ffa91870-57c2-4c98-9246-e78867542fde",
        "layer_id": "srf_civ_important_sites_pt",
        "timeframe": null,
        "feature_class": "Mine",
        "feature_rank": 5,
        "is_visible": true,
        "is_labeled": true,
        "needs_review": false,
        "review_notes": null,
        "img_url": null,
        "last_edited": "2026-07-13",
        "last_editor": "postgres",
        "name_en": "unnamed",
        "name_ru": null,
        "name_abb_en": null,
        "name_abb_ru": null,
        "label_en": null,
        "label_ru": null,
        "descr_en": null,
        "descr_ru": null,
        "descr_html_en": null,
        "descr_html_ru": null,
        "url_en": null,
        "url_ru": null,
        "source_name": "TSR FRIA 2e",
        "source_url": "https://www.profantasy.com/fratlas/fratlashome.htm",
        "dnd_editions_str": "2e, 3e, 5e",
        "feature_levels_str": null,
        "extra_str": null,
        "location_en": "central Sea of Swords → Moonshae Isles → Fairheight Range",
        "name_alt_en_str": null,
        "location_ru": "центральный море Мечей → острова Муншае → Хребет Прекрасной Высоты",
        "name_alt_ru_str": null,
        "geog_extent_centroid_md": "40° 12′ 40″ N 024° 41′ 39″ W",
        "geog_extent_centroid_fria": "40° 12′ 40″ N 078° 10′ 32″ W",
        "geog_extent_area_sq_km": null,
        "geog_extent_area_sq_miles": null,
        "geog_extent_length_km": null,
        "geog_extent_length_miles": null,
        "geog_extent_perimeter_km": null,
        "geog_extent_perimeter_miles": null,
        "geog_extent_bbox_md": null,
        "geog_extent_bbox_fria": null,
        "name_it": null,
        "name_abb_it": null,
        "label_it": null,
        "descr_it": null,
        "descr_html_it": null,
        "url_it": null,
        "location_it": "Mare delle Spade centrale → Isole Moonshae → Catena di Fairheight",
        "name_alt_it_str": null,
        "topical_tags": "",
        "related_location_tags": "",
        "related_cultures_tags": "",
        "related_factions_tags": ""
      },
      "geometry": {
        "type": "MultiPoint",
        "coordinates": [
          [
            -78.1757885995687,
            40.21133730488415
          ]
        ]
      }
    },
    {
      "type": "Feature",
      "properties": {
        "uuid": "f8304f41-d949-4265-8699-065334a48a60",
        "layer_id": "srf_civ_important_sites_pt",
        "timeframe": null,
        "feature_class": "Volcano",
        "feature_rank": 5,
        "is_visible": true,
        "is_labeled": true,
        "needs_review": false,
        "review_notes": "exclude from wiki link auto-ageneration",
        "img_url": null,
        "last_edited": "2026-07-13",
        "last_editor": "postgres",
        "name_en": "Steampipe",
        "name_ru": "Паровая Труба",
        "name_abb_en": null,
        "name_abb_ru": null,
        "label_en": "Steampipe",
        "label_ru": "Паровая Труба",
        "descr_en": null,
        "descr_ru": null,
        "descr_html_en": null,
        "descr_html_ru": null,
        "url_en": null,
        "url_ru": null,
        "source_name": "TSR FRIA 2e",
        "source_url": "https://www.profantasy.com/fratlas/fratlashome.htm",
        "dnd_editions_str": "2e, 3e, 5e",
        "feature_levels_str": null,
        "extra_str": null,
        "location_en": "eastern Faerûn → Firepeaks",
        "name_alt_en_str": null,
        "location_ru": "восточный Фаэрун → Огненные Вершины",
        "name_alt_ru_str": null,
        "geog_extent_centroid_md": "35° 51′ 30″ N 030° 40′ 55″ E",
        "geog_extent_centroid_fria": "35° 51′ 30″ N 022° 47′ 57″ W",
        "geog_extent_area_sq_km": null,
        "geog_extent_area_sq_miles": null,
        "geog_extent_length_km": null,
        "geog_extent_length_miles": null,
        "geog_extent_perimeter_km": null,
        "geog_extent_perimeter_miles": null,
        "geog_extent_bbox_md": null,
        "geog_extent_bbox_fria": null,
        "name_it": "Steampipe",
        "name_abb_it": null,
        "label_it": "Steampipe",
        "descr_it": null,
        "descr_html_it": null,
        "url_it": null,
        "location_it": "Faerûn orientale → Picchi di Fuoco",
        "name_alt_it_str": null,
        "topical_tags": "",
        "related_location_tags": "",
        "related_cultures_tags": "",
        "related_factions_tags": ""
      },
      "geometry": {
        "type": "MultiPoint",
        "coordinates": [
          [
            -22.799435262868496,
            35.85860264712628
          ]
        ]
      }
    },
    {
      "type": "Feature",
      "properties": {
        "uuid": "fa4f8762-523b-45d0-8080-7206ed752917",
        "layer_id": "srf_civ_important_sites_pt",
        "timeframe": null,
        "feature_class": "Ruins",
        "feature_rank": 5,
        "is_visible": true,
        "is_labeled": true,
        "needs_review": false,
        "review_notes": null,
        "img_url": null,
        "last_edited": "2026-07-14",
        "last_editor": "postgres",
        "name_en": "Fortress Narder",
        "name_ru": "Крепость Нардер",
        "name_abb_en": null,
        "name_abb_ru": null,
        "label_en": "Fortress Narder",
        "label_ru": "Крепость Нардер",
        "descr_en": "An ancient fortress located in the Forest of Lethyr within the Great Dale of northeast Faerûn. It was constructed by the Nar people and later reduced to rubble. In the late 14th century DR, the ruins exuded a corrupting taint that poisoned the surrounding land and spawned hostile creatures, with demons reportedly lurking beneath the site.",
        "descr_ru": "Древняя крепость, расположенная в Лесу Летир в Великой Долине на северо-востоке Фаэруна. Была построена народом Нар и позже превращена в груду камней. В конце XIV века по ЛД руины источали разлагающую скверну, отравлявшую окружающие земли и порождавшую враждебных существ, причём под местом, как сообщалось, таились демоны.",
        "descr_html_en": null,
        "descr_html_ru": null,
        "url_en": "https://forgottenrealms.fandom.com/wiki/Fortress_Narder",
        "url_ru": null,
        "source_name": "TSR FRIA 2e",
        "source_url": "https://www.profantasy.com/fratlas/fratlashome.htm",
        "dnd_editions_str": "2e, 3e, 5e",
        "feature_levels_str": null,
        "extra_str": "topical_tags: [\"fortress\", \"ruins\", \"ancient\", \"taint\", \"demoncyst\", \"hezrou\", \"poisoning\", \"wildlife\"] | related_cultures_tags: [\"Nar\"] | related_factions_tags: [\"Circle of Leth\"] | related_location_tags: [\"Forest of Lethyr\", \"Great Dale\", \"northeast Faerûn\"]",
        "location_en": "central Faerûn → Great Dale → Forest of Lethyr",
        "name_alt_en_str": null,
        "location_ru": "центральный Фаэрун → Великая Долина → Лес Летира",
        "name_alt_ru_str": null,
        "geog_extent_centroid_md": "40° 39′ 21″ N 013° 52′ 24″ E",
        "geog_extent_centroid_fria": "40° 39′ 21″ N 039° 36′ 29″ W",
        "geog_extent_area_sq_km": null,
        "geog_extent_area_sq_miles": null,
        "geog_extent_length_km": null,
        "geog_extent_length_miles": null,
        "geog_extent_perimeter_km": null,
        "geog_extent_perimeter_miles": null,
        "geog_extent_bbox_md": null,
        "geog_extent_bbox_fria": null,
        "name_it": "Fortezza Narder",
        "name_abb_it": null,
        "label_it": "Fortezza Narder",
        "descr_it": "La Fortezza Narder è un'antica fortezza situata nella Foresta di Lethyr all'interno della Grande Valle nel nord-est di Faerûn. Fu costruita dal popolo Nar e successivamente ridotta in macerie. Alla fine del XIV secolo DR, le rovine emanavano una corruzione contaminante che avvelenava la terra circostante e generava creature ostili, con demoni che si diceva si nascondessero sotto il sito.",
        "descr_html_it": null,
        "url_it": null,
        "location_it": "Faerûn centrale → Grande Valle → Foresta di Lethyr",
        "name_alt_it_str": null,
        "topical_tags": "fortress, ruins, ancient, taint, demoncyst, hezrou, poisoning, wildlife",
        "related_location_tags": "Forest of Lethyr, Great Dale, northeast Faerûn",
        "related_cultures_tags": "Nar",
        "related_factions_tags": "Circle of Leth"
      },
      "geometry": {
        "type": "MultiPoint",
        "coordinates": [
          [
            -39.60809551412515,
            40.65585426475365
          ]
        ]
      }
    },
    {
      "type": "Feature",
      "properties": {
        "uuid": "fba87ef6-cbd6-4a98-948a-f37f6d4e23d7",
        "layer_id": "srf_civ_important_sites_pt",
        "timeframe": null,
        "feature_class": "Ruins",
        "feature_rank": 5,
        "is_visible": true,
        "is_labeled": true,
        "needs_review": false,
        "review_notes": null,
        "img_url": null,
        "last_edited": "2026-07-13",
        "last_editor": "postgres",
        "name_en": "unnamed",
        "name_ru": null,
        "name_abb_en": null,
        "name_abb_ru": null,
        "label_en": null,
        "label_ru": null,
        "descr_en": null,
        "descr_ru": null,
        "descr_html_en": null,
        "descr_html_ru": null,
        "url_en": null,
        "url_ru": null,
        "source_name": "TSR FRIA 2e",
        "source_url": "https://www.profantasy.com/fratlas/fratlashome.htm",
        "dnd_editions_str": "2e, 3e, 5e",
        "feature_levels_str": null,
        "extra_str": null,
        "location_en": "south-eastern Faerûn → Luiren",
        "name_alt_en_str": null,
        "location_ru": "юго-восточный Фаэрун → Луирен",
        "name_alt_ru_str": null,
        "geog_extent_centroid_md": "16° 51′ 34″ N 016° 52′ 58″ E",
        "geog_extent_centroid_fria": "16° 51′ 34″ N 036° 35′ 54″ W",
        "geog_extent_area_sq_km": null,
        "geog_extent_area_sq_miles": null,
        "geog_extent_length_km": null,
        "geog_extent_length_miles": null,
        "geog_extent_perimeter_km": null,
        "geog_extent_perimeter_miles": null,
        "geog_extent_bbox_md": null,
        "geog_extent_bbox_fria": null,
        "name_it": null,
        "name_abb_it": null,
        "label_it": null,
        "descr_it": null,
        "descr_html_it": null,
        "url_it": null,
        "location_it": "Faerûn sud-orientale → Luiren",
        "name_alt_it_str": null,
        "topical_tags": "",
        "related_location_tags": "",
        "related_cultures_tags": "",
        "related_factions_tags": ""
      },
      "geometry": {
        "type": "MultiPoint",
        "coordinates": [
          [
            -36.598506462773734,
            16.859693505923186
          ]
        ]
      }
    },
    {
      "type": "Feature",
      "properties": {
        "uuid": "fc54784d-d148-4056-ba2c-aec293cccf59",
        "layer_id": "srf_civ_important_sites_pt",
        "timeframe": null,
        "feature_class": "Fortification",
        "feature_rank": 5,
        "is_visible": true,
        "is_labeled": true,
        "needs_review": false,
        "review_notes": null,
        "img_url": null,
        "last_edited": "2026-07-14",
        "last_editor": "postgres",
        "name_en": "Tewahca",
        "name_ru": "Тевака",
        "name_abb_en": null,
        "name_abb_ru": null,
        "label_en": "Tewahca",
        "label_ru": "Тевака",
        "descr_en": "A ruined city located in a desert valley within the House of Tezca region of Maztica. It contains the Pyramid of the Gods, a massive and perfectly preserved structure that is the tallest in Maztica and a sacred site of a legendary battle.",
        "descr_ru": "Разрушенный город, расположенный в пустынной долине в области Дом Тецка в Мазтике. Содержит Пирамиду Богов — массивное и идеально сохранившееся сооружение, самое высокое в Мазтике и священное место легендарной битвы.",
        "descr_html_en": null,
        "descr_html_ru": null,
        "url_en": "https://forgottenrealms.fandom.com/wiki/Tewahca",
        "url_ru": null,
        "source_name": "TSR FRIA 2e",
        "source_url": "https://www.profantasy.com/fratlas/fratlashome.htm",
        "dnd_editions_str": "2e, 3e, 5e",
        "feature_levels_str": null,
        "extra_str": "topical_tags: [\"ruined city\", \"desert valley\", \"pyramid\", \"sacred site\", \"legendary battle\"] | related_cultures_tags: [\"Payit\", \"Far Payit\"] | related_location_tags: [\"House of Tezca\", \"Maztica\", \"Toril\", \"Pyramid of the Gods\"]",
        "location_en": "southern Maztica → House of Tezca",
        "name_alt_en_str": null,
        "location_ru": "южный Мазтика → Дом Тески",
        "name_alt_ru_str": null,
        "geog_extent_centroid_md": "15° 47′ 37″ N 061° 36′ 05″ W",
        "geog_extent_centroid_fria": "15° 47′ 37″ N 115° 04′ 58″ W",
        "geog_extent_area_sq_km": null,
        "geog_extent_area_sq_miles": null,
        "geog_extent_length_km": null,
        "geog_extent_length_miles": null,
        "geog_extent_perimeter_km": null,
        "geog_extent_perimeter_miles": null,
        "geog_extent_bbox_md": null,
        "geog_extent_bbox_fria": null,
        "name_it": "Tewahca",
        "name_abb_it": null,
        "label_it": "Tewahca",
        "descr_it": "Una città in rovina situata in una valle desertica nella regione della Casa di Tezca di Maztica. Contiene la Piramide degli Dei, una struttura massiccia e perfettamente conservata che è la più alta di Maztica e un sito sacro di una leggendaria battaglia.",
        "descr_html_it": null,
        "url_it": null,
        "location_it": "Maztica meridionale → Casa di Tezca",
        "name_alt_it_str": null,
        "topical_tags": "ruined city, desert valley, pyramid, sacred site, legendary battle",
        "related_location_tags": "House of Tezca, Maztica, Toril, Pyramid of the Gods",
        "related_cultures_tags": "Payit, Far Payit",
        "related_factions_tags": ""
      },
      "geometry": {
        "type": "MultiPoint",
        "coordinates": [
          [
            -115.08290950028926,
            15.793682481376583
          ]
        ]
      }
    },
    {
      "type": "Feature",
      "properties": {
        "uuid": "fe2d5c2b-64a0-450c-996c-1c118d77b661",
        "layer_id": "srf_civ_important_sites_pt",
        "timeframe": null,
        "feature_class": "Fortification",
        "feature_rank": 5,
        "is_visible": true,
        "is_labeled": true,
        "needs_review": false,
        "review_notes": null,
        "img_url": null,
        "last_edited": "2026-07-13",
        "last_editor": "postgres",
        "name_en": "unnamed",
        "name_ru": null,
        "name_abb_en": null,
        "name_abb_ru": null,
        "label_en": null,
        "label_ru": null,
        "descr_en": null,
        "descr_ru": null,
        "descr_html_en": null,
        "descr_html_ru": null,
        "url_en": null,
        "url_ru": null,
        "source_name": "TSR FRIA 2e",
        "source_url": "https://www.profantasy.com/fratlas/fratlashome.htm",
        "dnd_editions_str": "2e, 3e, 5e",
        "feature_levels_str": null,
        "extra_str": null,
        "location_en": "central Zakhara → Ghost Mountains ",
        "name_alt_en_str": null,
        "location_ru": "центральный Захара → Горы-Призраки",
        "name_alt_ru_str": null,
        "geog_extent_centroid_md": "10° 19′ 47″ S 028° 41′ 49″ E",
        "geog_extent_centroid_fria": "10° 19′ 47″ S 024° 47′ 03″ W",
        "geog_extent_area_sq_km": null,
        "geog_extent_area_sq_miles": null,
        "geog_extent_length_km": null,
        "geog_extent_length_miles": null,
        "geog_extent_perimeter_km": null,
        "geog_extent_perimeter_miles": null,
        "geog_extent_bbox_md": null,
        "geog_extent_bbox_fria": null,
        "name_it": null,
        "name_abb_it": null,
        "label_it": null,
        "descr_it": null,
        "descr_html_it": null,
        "url_it": null,
        "location_it": "Zakhara centrale → Montagne Fantasma",
        "name_alt_it_str": null,
        "topical_tags": "",
        "related_location_tags": "",
        "related_cultures_tags": "",
        "related_factions_tags": ""
      },
      "geometry": {
        "type": "MultiPoint",
        "coordinates": [
          [
            -24.784290646841733,
            -10.329944711583368
          ]
        ]
      }
    },
    {
      "type": "Feature",
      "properties": {
        "uuid": "fe37da61-65cd-4d4b-ba11-cbbaed77a820",
        "layer_id": "srf_civ_important_sites_pt",
        "timeframe": null,
        "feature_class": "Fortification",
        "feature_rank": 5,
        "is_visible": true,
        "is_labeled": true,
        "needs_review": false,
        "review_notes": null,
        "img_url": null,
        "last_edited": "2026-07-13",
        "last_editor": "postgres",
        "name_en": "unnamed",
        "name_ru": null,
        "name_abb_en": null,
        "name_abb_ru": null,
        "label_en": null,
        "label_ru": null,
        "descr_en": null,
        "descr_ru": null,
        "descr_html_en": null,
        "descr_html_ru": null,
        "url_en": null,
        "url_ru": null,
        "source_name": "TSR FRIA 2e",
        "source_url": "https://www.profantasy.com/fratlas/fratlashome.htm",
        "dnd_editions_str": "2e, 3e, 5e",
        "feature_levels_str": null,
        "extra_str": null,
        "location_en": "north-western Kara-Tur → Koryaz Mountains",
        "name_alt_en_str": null,
        "location_ru": "северо-западный Кара-Тур → Горы Корьяз",
        "name_alt_ru_str": null,
        "geog_extent_centroid_md": "46° 21′ 18″ N 064° 48′ 52″ E",
        "geog_extent_centroid_fria": "46° 21′ 18″ N 011° 19′ 59″ E",
        "geog_extent_area_sq_km": null,
        "geog_extent_area_sq_miles": null,
        "geog_extent_length_km": null,
        "geog_extent_length_miles": null,
        "geog_extent_perimeter_km": null,
        "geog_extent_perimeter_miles": null,
        "geog_extent_bbox_md": null,
        "geog_extent_bbox_fria": null,
        "name_it": null,
        "name_abb_it": null,
        "label_it": null,
        "descr_it": null,
        "descr_html_it": null,
        "url_it": null,
        "location_it": "Kara-Tur nord-occidentale → Montagne Koryaz",
        "name_alt_it_str": null,
        "topical_tags": "",
        "related_location_tags": "",
        "related_cultures_tags": "",
        "related_factions_tags": ""
      },
      "geometry": {
        "type": "MultiPoint",
        "coordinates": [
          [
            11.333106643141774,
            46.35518808639595
          ]
        ]
      }
    },
    {
      "type": "Feature",
      "properties": {
        "uuid": "ff3b3454-9abd-4554-8c37-49edd06a3487",
        "layer_id": "srf_civ_important_sites_pt",
        "timeframe": null,
        "feature_class": "Ruins",
        "feature_rank": 5,
        "is_visible": true,
        "is_labeled": true,
        "needs_review": false,
        "review_notes": "exclude from wiki link auto-ageneration",
        "img_url": null,
        "last_edited": "2026-07-13",
        "last_editor": "postgres",
        "name_en": "Lis Ruins",
        "name_ru": "Развалины Лис",
        "name_abb_en": null,
        "name_abb_ru": null,
        "label_en": "Lis Ruins",
        "label_ru": "Развалины Лис",
        "descr_en": null,
        "descr_ru": null,
        "descr_html_en": null,
        "descr_html_ru": null,
        "url_en": null,
        "url_ru": null,
        "source_name": "TSR FRIA 2e",
        "source_url": "https://www.profantasy.com/fratlas/fratlashome.htm",
        "dnd_editions_str": "2e, 3e, 5e",
        "feature_levels_str": null,
        "extra_str": null,
        "location_en": "central Faerûn → Dalelands",
        "name_alt_en_str": null,
        "location_ru": "центральный Фаэрун → Долины",
        "name_alt_ru_str": null,
        "geog_extent_centroid_md": "41° 47′ 23″ N 003° 02′ 16″ E",
        "geog_extent_centroid_fria": "41° 47′ 23″ N 050° 26′ 36″ W",
        "geog_extent_area_sq_km": null,
        "geog_extent_area_sq_miles": null,
        "geog_extent_length_km": null,
        "geog_extent_length_miles": null,
        "geog_extent_perimeter_km": null,
        "geog_extent_perimeter_miles": null,
        "geog_extent_bbox_md": null,
        "geog_extent_bbox_fria": null,
        "name_it": "Rovine di Lis",
        "name_abb_it": null,
        "label_it": "Rovine di Lis",
        "descr_it": null,
        "descr_html_it": null,
        "url_it": null,
        "location_it": "Faerûn centrale → Valli",
        "name_alt_it_str": null,
        "topical_tags": "",
        "related_location_tags": "",
        "related_cultures_tags": "",
        "related_factions_tags": ""
      },
      "geometry": {
        "type": "MultiPoint",
        "coordinates": [
          [
            -50.44351105141146,
            41.78988891146704
          ]
        ]
      }
    }
  ]
}