{
  "type": "FeatureCollection",
  "name": "sql_statement",
  "crs": {
    "type": "name",
    "properties": {
      "name": "urn:ogc:def:crs:OGC:1.3:CRS84"
    }
  },
  "features": [
    {
      "type": "Feature",
      "properties": {
        "uuid": "1dab0fb4-ee15-40ad-a917-59ceada6ec85",
        "layer_id": "udk_nat_domains_pg",
        "timeframe": null,
        "feature_class": "Domain",
        "feature_rank": 2,
        "is_visible": true,
        "is_labeled": true,
        "needs_review": false,
        "review_notes": null,
        "img_url": null,
        "last_edited": "2026-07-14",
        "last_editor": "postgres",
        "name_en": "Buried Realms",
        "name_ru": "Погребённые Царства",
        "name_abb_en": null,
        "name_abb_ru": null,
        "label_en": "Buried Realms",
        "label_ru": "Погребённые Царства",
        "descr_en": "A domain of the Underdark located beneath the Anauroch desert, enclosed by the magical Sharnwall barrier that imprisoned the phaerimm. It contains catacombs connected to the fallen sarrukh capital Oreme and ruins of Netheril.",
        "descr_ru": "Область Подземья, расположенная под пустыней Анаурок, замкнутая магическим барьером Шарнвалл, заточившим фэриммов. Она содержит катакомбы, соединённые с павшей саррукхской столицей Ореме, и руины Нетерила.",
        "descr_html_en": "<!DOCTYPE HTML PUBLIC \"-//W3C//DTD HTML 4.0//EN\" \"http://www.w3.org/TR/REC-html40/strict.dtd\">\n<html><head><meta name=\"qrichtext\" content=\"1\" /><style type=\"text/css\">\np, li { white-space: pre-wrap; }\n</style></head><body style=\" font-family:'MS Shell Dlg 2'; font-size:10pt; font-weight:400; font-style:normal;\">\n<p style=\" margin-top:0px; margin-bottom:0px; margin-left:0px; margin-right:0px; -qt-block-indent:0; text-indent:0px;\">—</p></body></html>",
        "descr_html_ru": null,
        "url_en": "https://forgottenrealms.fandom.com/wiki/Buried_Realms",
        "url_ru": null,
        "source_name": "WotC Underdark 3e",
        "source_url": "https://forgottenrealms.fandom.com/wiki/Underdark_(sourcebook)",
        "dnd_editions_str": "5e, 3e",
        "feature_levels_str": "Lowerdark, Middledark, Upperdark",
        "extra_str": "topical_tags: [\"underdark\", \"domain\", \"anauroch\", \"sharnwall\", \"imprisoned\", \"magical-barrier\", \"netherese-ruins\", \"underground\"] | related_cultures_tags: [\"phaerimm\", \"asabi\", \"sharn\", \"Netherese\", \"Shadovar\"] | related_factions_tags: [\"phaerimm\", \"Shadovar\"] | related_location_tags: [\"Anauroch\", \"Underdark\", \"Oreme\", \"Isstosseffifil\", \"Evereska\", \"Thultanthar\", \"Ooltul\", \"Narrow Sea\"]",
        "location_en": "western Faerûn → Underdark",
        "name_alt_en_str": "Phaerlin",
        "location_ru": "западный Фаэрун → Подземье",
        "name_alt_ru_str": "Захороненные Царства",
        "geog_extent_area_sq_km": 845761.0,
        "geog_extent_area_sq_miles": 326550.0,
        "geog_extent_perimeter_km": 4101.0,
        "geog_extent_perimeter_miles": 2549.0,
        "geog_extent_centroid_md": "47° 07′ 23″ N 006° 41′ 50″ W",
        "geog_extent_centroid_fria": "47° 07′ 23″ N 060° 10′ 44″ W",
        "geog_extent_length_km": null,
        "geog_extent_length_miles": null,
        "geog_extent_bbox_md": {
          "east": -2.07015129878,
          "west": -11.433880041555,
          "north": 54.257233213361815,
          "south": 39.85356540845176
        },
        "geog_extent_bbox_fria": {
          "east": -55.551652786769566,
          "west": -64.91538152954483,
          "north": 54.257233213361815,
          "south": 39.85356540845176
        },
        "name_it": "Reami Sepolti",
        "name_abb_it": null,
        "label_it": "Reami Sepolti",
        "descr_it": "Un dominio del Sottosuolo situato sotto il deserto di Anauroch, racchiuso dalla barriera magica di Sharnwall che imprigionava i phaerimm. Contiene catacombe collegate alla caduta capitale sarrukh di Oreme e alle rovine di Netheril.",
        "descr_html_it": null,
        "url_it": null,
        "location_it": "Faerûn occidentale → Underdark",
        "name_alt_it_str": "Phaerlin",
        "topical_tags": "underdark, domain, anauroch, sharnwall, imprisoned, magical-barrier, netherese-ruins, underground",
        "related_location_tags": "Anauroch, Underdark, Oreme, Isstosseffifil, Evereska, Thultanthar, Ooltul, Narrow Sea",
        "related_cultures_tags": "phaerimm, asabi, sharn, Netherese, Shadovar",
        "related_factions_tags": "phaerimm, Shadovar"
      },
      "geometry": {
        "type": "MultiPolygon",
        "coordinates": [
          [
            [
              [
                -62.531162534570626,
                43.093701842447345
              ],
              [
                -62.586604917773975,
                43.08578150198973
              ],
              [
                -62.65788798189257,
                43.08182133176091
              ],
              [
                -62.748971897155215,
                43.08182133176091
              ],
              [
                -62.800454110129756,
                43.093701842447345
              ],
              [
                -62.83213547196024,
                43.12142303404902
              ],
              [
                -62.81233462081619,
                43.18082558748118
              ],
              [
                -62.7806532589857,
                43.2600289920574
              ],
              [
                -62.77273291852808,
                43.291710353887886
              ],
              [
                -62.76877274829927,
                43.351112907320044
              ],
              [
                -62.79253376967213,
                43.43427648212507
              ],
              [
                -62.8519363231043,
                43.52932056761652
              ],
              [
                -62.90737870630765,
                43.57288244013344
              ],
              [
                -62.99450245134148,
                43.63624516379441
              ],
              [
                -63.089546536832934,
                43.68376720654014
              ],
              [
                -63.13310840934985,
                43.73920958974349
              ],
              [
                -63.16082960095153,
                43.88177571798067
              ],
              [
                -63.18459062232439,
                44.000580824844995
              ],
              [
                -63.21231181392607,
                44.13126644239575
              ],
              [
                -63.263794026900605,
                44.28967325154818
              ],
              [
                -63.33903726124801,
                44.392637677497255
              ],
              [
                -63.41824066582422,
                44.54708431642087
              ],
              [
                -63.54100594291736,
                44.65796908282757
              ],
              [
                -63.723173773442646,
                44.784694530149515
              ],
              [
                -63.84197888030697,
                44.86785810495454
              ],
              [
                -63.98454500854415,
                44.95894202021719
              ],
              [
                -64.10072117394563,
                45.049682004397866
              ],
              [
                -64.16713904617288,
                45.258409892733255
              ],
              [
                -64.19324052815098,
                45.47592224255068
              ],
              [
                -64.24544349210716,
                45.58902866445574
              ],
              [
                -64.28894596207064,
                45.702135086360805
              ],
              [
                -64.33244843203413,
                45.81524150826587
              ],
              [
                -64.37595090199761,
                46.0153528700979
              ],
              [
                -64.4368543599465,
                46.224164725922634
              ],
              [
                -64.48905732390267,
                46.36337262980578
              ],
              [
                -64.51515880588077,
                46.45907806372545
              ],
              [
                -64.60216374580774,
                46.659189425557486
              ],
              [
                -64.64566621577123,
                46.85060029339682
              ],
              [
                -64.68046819174201,
                47.04201116123616
              ],
              [
                -64.7152701677128,
                47.15511758314122
              ],
              [
                -64.75877263767629,
                47.32912746299516
              ],
              [
                -64.80227510763977,
                47.450934378892924
              ],
              [
                -64.87187905958135,
                47.61624376475417
              ],
              [
                -64.91538152954483,
                47.72935018665923
              ],
              [
                -64.91538152954483,
                47.85115710255699
              ],
              [
                -64.88057955357405,
                48.04256797039633
              ],
              [
                -64.81967609562517,
                48.17307538028678
              ],
              [
                -64.74137164969089,
                48.23397883823566
              ],
              [
                -64.61086423980043,
                48.338384766148025
              ],
              [
                -64.50645831188807,
                48.43409020006769
              ],
              [
                -64.4455548539392,
                48.53849612798006
              ],
              [
                -64.36725040800492,
                48.7038055138413
              ],
              [
                -64.32374793804142,
                48.712506007834
              ],
              [
                -64.28024546807794,
                48.97352082761491
              ],
              [
                -64.22804250412176,
                49.13012971948346
              ],
              [
                -64.16713904617288,
                49.23453564739582
              ],
              [
                -64.0975350942313,
                49.26933762336662
              ],
              [
                -63.98442867232624,
                49.35634256329359
              ],
              [
                -63.86262175642848,
                49.50425096116943
              ],
              [
                -63.758215828516114,
                49.6173573830745
              ],
              [
                -63.77561681650151,
                49.826169238899226
              ],
              [
                -63.819119286464996,
                49.93927566080429
              ],
              [
                -63.90612422639197,
                50.13938702263633
              ],
              [
                -64.01053015430433,
                50.28729542051217
              ],
              [
                -64.18454003415827,
                50.48740678234421
              ],
              [
                -64.26284448009255,
                50.591812710256576
              ],
              [
                -64.33244843203413,
                50.67881765018355
              ],
              [
                -64.34114892602682,
                50.800624566081304
              ],
              [
                -64.22804250412176,
                50.8180255540667
              ],
              [
                -64.08883460023861,
                50.84412703604479
              ],
              [
                -63.98442867232624,
                50.91373098798637
              ],
              [
                -63.98442867232624,
                50.98333493992794
              ],
              [
                -64.06273311826051,
                51.06163938586222
              ],
              [
                -64.12363657620939,
                51.14864432578919
              ],
              [
                -64.19324052815097,
                51.27915173567965
              ],
              [
                -64.18454003415827,
                51.34875568762122
              ],
              [
                -64.12363657620939,
                51.43576062754819
              ],
              [
                -64.02793114228973,
                51.51406507348247
              ],
              [
                -63.827819780457695,
                51.757678905277984
              ],
              [
                -63.732114346538026,
                51.827282857219565
              ],
              [
                -63.558104466684085,
                51.96649076110272
              ],
              [
                -63.44499804477902,
                52.07959718300778
              ],
              [
                -63.34059211686665,
                52.20140409890554
              ],
              [
                -63.131780261041925,
                52.366713484766784
              ],
              [
                -62.949069887195286,
                52.56682484659882
              ],
              [
                -62.870765441261014,
                52.9148446063067
              ],
              [
                -62.85336445327562,
                53.10625547414604
              ],
              [
                -62.879465935253705,
                53.36727029392695
              ],
              [
                -62.94036939320259,
                53.5325796797882
              ],
              [
                -62.869638284027104,
                53.97446715859916
              ],
              [
                -62.62080415583596,
                54.11019486488524
              ],
              [
                -62.29279553231129,
                54.234611928980804
              ],
              [
                -62.032650761929645,
                54.257233213361815
              ],
              [
                -61.670710211833445,
                54.24592257117131
              ],
              [
                -61.47842929459483,
                54.200680002409285
              ],
              [
                -61.240905808594206,
                54.211990644599794
              ],
              [
                -60.83372268973598,
                54.144126791456756
              ],
              [
                -60.48309278183029,
                54.12150550707574
              ],
              [
                -60.143773516115104,
                54.211990644599794
              ],
              [
                -59.92887131449548,
                54.223301286790296
              ],
              [
                -59.55562012220878,
                54.211990644599794
              ],
              [
                -59.024019939254984,
                54.01970972736119
              ],
              [
                -58.79780709544486,
                53.91791394764663
              ],
              [
                -58.42455590315815,
                53.77087559917005
              ],
              [
                -58.27751755468157,
                53.73694367259853
              ],
              [
                -57.58756838106069,
                53.397624406883345
              ],
              [
                -57.50839388572715,
                53.35238183812132
              ],
              [
                -56.54698929953411,
                52.27787083002323
              ],
              [
                -56.332087097914496,
                51.97248349087956
              ],
              [
                -56.20767003381893,
                51.757581289259946
              ],
              [
                -56.10587425410437,
                51.4974365188783
              ],
              [
                -55.992767832199306,
                51.28253431725868
              ],
              [
                -55.947525263437285,
                51.112874684401085
              ],
              [
                -55.89097205248475,
                50.96583633592451
              ],
              [
                -55.8004869149607,
                50.88666184059096
              ],
              [
                -55.73262306181766,
                50.79617670306691
              ],
              [
                -55.653448566484116,
                50.60389578582831
              ],
              [
                -55.642137924293614,
                50.45685743735173
              ],
              [
                -55.653448566484116,
                50.275887162303626
              ],
              [
                -55.77786563057969,
                50.09491688725553
              ],
              [
                -56.015389116580316,
                49.880014685635906
              ],
              [
                -56.15111682286639,
                49.73297633715933
              ],
              [
                -56.1624274650569,
                49.60855927306376
              ],
              [
                -56.15111682286639,
                49.43889964020617
              ],
              [
                -56.15111682286639,
                49.26924000734857
              ],
              [
                -56.11718489629487,
                49.088269732300475
              ],
              [
                -56.07194232753285,
                48.89598881506187
              ],
              [
                -56.049321043151835,
                48.66977597125174
              ],
              [
                -56.049321043151835,
                48.45487376963212
              ],
              [
                -56.015389116580316,
                48.26259285239352
              ],
              [
                -55.947525263437285,
                48.16079707267896
              ],
              [
                -55.81179755715121,
                48.10424386172643
              ],
              [
                -55.71000177743665,
                48.03638000858339
              ],
              [
                -55.608205997722095,
                47.934584228868836
              ],
              [
                -55.56296342896007,
                47.76492459601124
              ],
              [
                -55.551652786769566,
                47.48215854124859
              ],
              [
                -55.551652786769566,
                47.3238095505815
              ],
              [
                -55.56296342896007,
                47.165460559914415
              ],
              [
                -55.630827282103105,
                47.02973285362834
              ],
              [
                -55.81179755715121,
                46.89400514734226
              ],
              [
                -55.936214621246776,
                46.769588083246695
              ],
              [
                -56.060631685342344,
                46.56599652381758
              ],
              [
                -56.07194232753285,
                46.441579459722014
              ],
              [
                -56.049321043151835,
                46.31716239562645
              ],
              [
                -56.03801040096133,
                46.09094955181632
              ],
              [
                -56.207670033818935,
                45.8986686345777
              ],
              [
                -56.286844529152475,
                45.729009001720115
              ],
              [
                -56.38864030886703,
                45.43493230476695
              ],
              [
                -56.43388287762906,
                45.07299175467075
              ],
              [
                -56.39995095105754,
                44.82415762647962
              ],
              [
                -56.241601960390454,
                44.575323498288476
              ],
              [
                -56.12849553848539,
                44.4395957920024
              ],
              [
                -56.02669975877083,
                44.31517872790683
              ],
              [
                -56.01538911658032,
                44.190761663811266
              ],
              [
                -56.04932104315185,
                44.02110203095367
              ],
              [
                -56.1398061806759,
                43.885374324667595
              ],
              [
                -56.16242746505691,
                43.81751047152456
              ],
              [
                -56.16242746505691,
                43.74964661838152
              ],
              [
                -56.07194232753286,
                43.73833597619102
              ],
              [
                -55.93621462124678,
                43.806199829334055
              ],
              [
                -55.902282694675264,
                43.840131755905574
              ],
              [
                -55.74393370400818,
                43.85144239809608
              ],
              [
                -55.66475920867463,
                43.81751047152456
              ],
              [
                -55.71783222203008,
                43.68178276523848
              ],
              [
                -55.76133469199357,
                43.49907239139184
              ],
              [
                -55.80483716195705,
                43.34246349952329
              ],
              [
                -55.81353765594975,
                43.18585460765475
              ],
              [
                -55.883141607891325,
                42.97704275183001
              ],
              [
                -55.91794358386212,
                42.87263682391765
              ],
              [
                -56.03105000576718,
                42.7334289200345
              ],
              [
                -56.18765889763573,
                42.64642398010753
              ],
              [
                -56.38777025946776,
                42.55941904018056
              ],
              [
                -56.71838903119025,
                42.4289116302901
              ],
              [
                -57.022906320934645,
                42.324505702377735
              ],
              [
                -57.22301768276668,
                42.17659730450188
              ],
              [
                -57.35352509265714,
                42.054790388604125
              ],
              [
                -57.449230526576805,
                41.872080014757486
              ],
              [
                -57.51013398452569,
                41.68066914691815
              ],
              [
                -57.61453991243805,
                41.471857291093414
              ],
              [
                -57.7450473223285,
                41.26304543526869
              ],
              [
                -57.86685423822627,
                41.089035555414746
              ],
              [
                -58.00606214210942,
                40.90632518156811
              ],
              [
                -58.11046807002178,
                40.71491431372877
              ],
              [
                -58.232274985919545,
                40.558305421860226
              ],
              [
                -58.406284865773486,
                40.488701469918645
              ],
              [
                -58.57159425163473,
                40.45389949394786
              ],
              [
                -58.6585991915617,
                40.38429554200628
              ],
              [
                -59.15452734914544,
                40.17548368618155
              ],
              [
                -59.40684167493365,
                40.018874794313
              ],
              [
                -59.659156000721865,
                39.90576837240794
              ],
              [
                -59.94627230248087,
                39.85356540845176
              ],
              [
                -60.181185640283694,
                39.888367384422544
              ],
              [
                -60.48570293002809,
                39.957971336364125
              ],
              [
                -60.711915773838214,
                39.975372324349514
              ],
              [
                -60.97293059361913,
                40.00147380632761
              ],
              [
                -61.18174244944386,
                40.0275752883057
              ],
              [
                -61.55586369112984,
                40.06237726427649
              ],
              [
                -61.67767060702759,
                40.08847874625458
              ],
              [
                -61.92998493281581,
                40.16678319218885
              ],
              [
                -62.06919283669896,
                40.245087638123124
              ],
              [
                -62.2606037045383,
                40.46259998794056
              ],
              [
                -62.44331407838494,
                40.70621381973607
              ],
              [
                -62.539019512304606,
                40.87152320559732
              ],
              [
                -62.66082642820236,
                41.05423357944396
              ],
              [
                -62.76523235611473,
                41.34134988120296
              ],
              [
                -62.8609377900344,
                41.55016173702769
              ],
              [
                -62.92184124798328,
                41.73287211087433
              ],
              [
                -62.9185424261827,
                41.99782809206697
              ],
              [
                -62.91458225595388,
                42.20771711419393
              ],
              [
                -62.91458225595388,
                42.36216375311755
              ],
              [
                -62.85121953229291,
                42.520570562269974
              ],
              [
                -62.78785680863194,
                42.65917652027835
              ],
              [
                -62.74033476588621,
                42.77798162714267
              ],
              [
                -62.64133051016594,
                42.869065542405316
              ],
              [
                -62.570047446047354,
                42.97599013858321
              ],
              [
                -62.52648557353044,
                43.02747235155775
              ],
              [
                -62.531162534570626,
                43.093701842447345
              ]
            ]
          ]
        ]
      }
    },
    {
      "type": "Feature",
      "properties": {
        "uuid": "209b140a-c455-40ee-b3b2-43cd68f0c35d",
        "layer_id": "udk_nat_domains_pg",
        "timeframe": null,
        "feature_class": "Domain",
        "feature_rank": 2,
        "is_visible": true,
        "is_labeled": true,
        "needs_review": false,
        "review_notes": "exclude from wiki link auto-ageneration",
        "img_url": null,
        "last_edited": "2026-07-13",
        "last_editor": "postgres",
        "name_en": "Tharsuldeep",
        "name_ru": "Тарсульская Впадина",
        "name_abb_en": null,
        "name_abb_ru": null,
        "label_en": "Tharsuldeep",
        "label_ru": "Тарсульская Впадина",
        "descr_en": "",
        "descr_ru": null,
        "descr_html_en": "<!DOCTYPE HTML PUBLIC \"-//W3C//DTD HTML 4.0//EN\" \"http://www.w3.org/TR/REC-html40/strict.dtd\">\n<html><head><meta name=\"qrichtext\" content=\"1\" /><style type=\"text/css\">\np, li { white-space: pre-wrap; }\n</style></head><body style=\" font-family:'MS Shell Dlg 2'; font-size:10pt; font-weight:400; font-style:normal;\">\n<p style=\" margin-top:0px; margin-bottom:0px; margin-left:0px; margin-right:0px; -qt-block-indent:0; text-indent:0px;\">—</p></body></html>",
        "descr_html_ru": null,
        "url_en": null,
        "url_ru": null,
        "source_name": "WotC Underdark 3e",
        "source_url": "https://forgottenrealms.fandom.com/wiki/Underdark_(sourcebook)",
        "dnd_editions_str": "5e, 3e",
        "feature_levels_str": "Lowerdark, Middledark, Upperdark",
        "extra_str": null,
        "location_en": "eastern Shining Sea → Underdark",
        "name_alt_en_str": null,
        "location_ru": "восточный Сияющее море → Подземье",
        "name_alt_ru_str": null,
        "geog_extent_area_sq_km": 100836.0,
        "geog_extent_area_sq_miles": 38933.0,
        "geog_extent_perimeter_km": 1559.0,
        "geog_extent_perimeter_miles": 969.0,
        "geog_extent_centroid_md": "18° 50′ 16″ N 009° 06′ 07″ W",
        "geog_extent_centroid_fria": "18° 50′ 16″ N 062° 35′ 00″ W",
        "geog_extent_length_km": null,
        "geog_extent_length_miles": null,
        "geog_extent_bbox_md": {
          "east": -6.618733072101,
          "west": -11.215887037222,
          "north": 20.52495477550914,
          "south": 16.486914130471018
        },
        "geog_extent_bbox_fria": {
          "east": -60.100234560091266,
          "west": -64.6973885252116,
          "north": 20.52495477550914,
          "south": 16.486914130471018
        },
        "name_it": "Tharsuldeep",
        "name_abb_it": null,
        "label_it": "Tharsuldeep",
        "descr_it": null,
        "descr_html_it": null,
        "url_it": null,
        "location_it": "Mare Splendente orientale → Underdark",
        "name_alt_it_str": null,
        "topical_tags": "",
        "related_location_tags": "",
        "related_cultures_tags": "",
        "related_factions_tags": ""
      },
      "geometry": {
        "type": "MultiPolygon",
        "coordinates": [
          [
            [
              [
                -61.79310544589571,
                20.462831073277787
              ],
              [
                -61.69991989254868,
                20.52495477550914
              ],
              [
                -61.40483230694974,
                20.493892924393464
              ],
              [
                -61.218461200255675,
                20.354114594372913
              ],
              [
                -61.07868287023512,
                20.198805338794525
              ],
              [
                -60.93890454021457,
                20.059027008773974
              ],
              [
                -60.8301880613097,
                20.012434232100457
              ],
              [
                -60.61275510349995,
                20.043496083216134
              ],
              [
                -60.36426029457453,
                20.152212562121008
              ],
              [
                -60.17788918788046,
                20.198805338794525
              ],
              [
                -60.115765485649106,
                20.136681636563168
              ],
              [
                -60.100234560091266,
                19.996903306542617
              ],
              [
                -60.14682733676479,
                19.763939423175035
              ],
              [
                -60.348729369016695,
                19.422259060902576
              ],
              [
                -60.48850769903724,
                19.266949805324188
              ],
              [
                -60.65934788017347,
                19.033985921956603
              ],
              [
                -60.84571898686754,
                18.816552964146858
              ],
              [
                -60.969966391330246,
                18.64571278301063
              ],
              [
                -61.156337498024314,
                18.459341676316562
              ],
              [
                -61.40483230694974,
                18.35062519741169
              ],
              [
                -61.886290999242746,
                18.22637779294898
              ],
              [
                -62.15031673372601,
                18.117661314044106
              ],
              [
                -62.2279713615152,
                18.055537611812753
              ],
              [
                -62.35221876597791,
                17.915759281792198
              ],
              [
                -62.55412079822982,
                17.651733547308936
              ],
              [
                -62.60071357490334,
                17.52748614284623
              ],
              [
                -62.69389912825037,
                17.278991333920803
              ],
              [
                -62.802615607155246,
                17.139213003900252
              ],
              [
                -63.23748152277473,
                16.968372822764024
              ],
              [
                -63.36172892723744,
                16.782001716069956
              ],
              [
                -63.812125768414774,
                16.61116153493373
              ],
              [
                -64.02955872622452,
                16.486914130471018
              ],
              [
                -64.21592983291859,
                16.533506907144535
              ],
              [
                -64.30911538626562,
                16.61116153493373
              ],
              [
                -64.38677001405482,
                16.797532641627797
              ],
              [
                -64.43336279072832,
                16.921780046090507
              ],
              [
                -64.52654834407537,
                17.04602745055322
              ],
              [
                -64.63526482298023,
                17.139213003900252
              ],
              [
                -64.6973885252116,
                17.278991333920803
              ],
              [
                -64.68185759965375,
                17.434300589499195
              ],
              [
                -64.55761019519105,
                17.589609845077582
              ],
              [
                -64.47995556740184,
                17.74491910065597
              ],
              [
                -64.47995556740184,
                17.807042802887327
              ],
              [
                -64.5420792696332,
                17.884697430676525
              ],
              [
                -64.63526482298023,
                18.008944835139232
              ],
              [
                -64.63526482298023,
                18.148723165159787
              ],
              [
                -64.44889371628616,
                18.38168704852737
              ],
              [
                -64.3401772373813,
                18.536996304105756
              ],
              [
                -64.29358446070778,
                18.723367410799824
              ],
              [
                -64.23146075847643,
                18.925269443051732
              ],
              [
                -64.23146075847643,
                19.018454996398766
              ],
              [
                -64.23146075847643,
                19.033985921956603
              ],
              [
                -64.16933705624507,
                19.158233326419314
              ],
              [
                -63.982965949551,
                19.32907350755554
              ],
              [
                -63.812125768414774,
                19.3911972097869
              ],
              [
                -63.610223736162865,
                19.484382763133933
              ],
              [
                -63.392790778353124,
                19.577568316480967
              ],
              [
                -63.26854337389041,
                19.593099242038804
              ],
              [
                -63.11323411831202,
                19.484382763133933
              ],
              [
                -63.00451763940715,
                19.3911972097869
              ],
              [
                -62.88027023494443,
                19.23588795420851
              ],
              [
                -62.802615607155246,
                19.142702400861477
              ],
              [
                -62.61624450046118,
                19.08057869863012
              ],
              [
                -62.491997095998464,
                19.127171475303637
              ],
              [
                -62.36774969153575,
                19.53097553980745
              ],
              [
                -62.24350228707304,
                19.795001274290712
              ],
              [
                -62.103723957052495,
                19.996903306542617
              ],
              [
                -61.79310544589571,
                20.462831073277787
              ]
            ]
          ]
        ]
      }
    },
    {
      "type": "Feature",
      "properties": {
        "uuid": "d961a760-fa29-47dc-98ac-8cb5d8268cfa",
        "layer_id": "udk_nat_domains_pg",
        "timeframe": null,
        "feature_class": "Domain",
        "feature_rank": 2,
        "is_visible": true,
        "is_labeled": true,
        "needs_review": false,
        "review_notes": null,
        "img_url": null,
        "last_edited": "2026-07-14",
        "last_editor": "postgres",
        "name_en": "Serpent Deeps",
        "name_ru": "Змеиные Глубины",
        "name_abb_en": null,
        "name_abb_ru": null,
        "label_en": "Serpent Deeps",
        "label_ru": "Змеиные Глубины",
        "descr_en": "A small Underdark domain beneath the eastern Chultan Peninsula in southwest Faerûn, consisting of an extensive network of caverns under the Black Jungles and Mhair Jungles. It stretches from Delselar in Thindol west to Mhairhetel in Serpentes south and Lapalgard in Lapaliiya east, with the Lapal Undersea at its center. Surface connections include deep sinkholes around the Mhair Jungles, tunnels in limestone cliffs beside the River Chun, and the caldera of Tashluta.",
        "descr_ru": "Небольшая область Подземья под восточной частью Чултанского полуострова на юго-западе Фаэруна, состоящая из обширной сети пещер под Чёрными Джунглями и Джунглями Мхейр. Она простирается от Делселара в Тиндоле на западе до Мхейрхетела в Серпентесе на юге и Лапалгарда в Лапалии на востоке, с Лапальским Подводьем в центре. Связи с поверхностью включают глубокие карстовые воронки вокруг Джунглей Мхейр, тоннели в известняковых скалах у реки Чун и кальдеру Ташлуты.",
        "descr_html_en": "<!DOCTYPE HTML PUBLIC \"-//W3C//DTD HTML 4.0//EN\" \"http://www.w3.org/TR/REC-html40/strict.dtd\">\n<html><head><meta name=\"qrichtext\" content=\"1\" /><style type=\"text/css\">\np, li { white-space: pre-wrap; }\n</style></head><body style=\" font-family:'MS Shell Dlg 2'; font-size:10pt; font-weight:400; font-style:normal;\">\n<p style=\" margin-top:0px; margin-bottom:0px; margin-left:0px; margin-right:0px; -qt-block-indent:0; text-indent:0px;\">—</p></body></html>",
        "descr_html_ru": null,
        "url_en": "https://forgottenrealms.fandom.com/wiki/Serpent_Deeps",
        "url_ru": null,
        "source_name": "WotC Underdark 3e",
        "source_url": "https://forgottenrealms.fandom.com/wiki/Underdark_(sourcebook)",
        "dnd_editions_str": "5e, 3e",
        "feature_levels_str": "Lowerdark, Middledark, Upperdark",
        "extra_str": "topical_tags: [\"underdark\", \"caverns\", \"undersea\", \"jungles\", \"volcanic\"] | related_cultures_tags: [\"sarrukh\", \"troglodytes\", \"lizardfolk\", \"trens\", \"yuan-ti\"] | related_factions_tags: [\"Mhairshaulk\"] | related_location_tags: [\"Chultan Peninsula\", \"Black Jungles\", \"Mhair Jungles\", \"Delselar\", \"Thindol\", \"Mhairhetel\", \"Serpentes\", \"Lapalgard\", \"Lapaliiya\", \"Lapal Undersea\", \"Lapal Sea\", \"River Chun\", \"Tashluta\"]",
        "location_en": "south-western Faerûn → Underdark",
        "name_alt_en_str": null,
        "location_ru": "юго-западный Фаэрун → Подземье",
        "name_alt_ru_str": null,
        "geog_extent_area_sq_km": 805476.0,
        "geog_extent_area_sq_miles": 310996.0,
        "geog_extent_perimeter_km": 4928.0,
        "geog_extent_perimeter_miles": 3062.0,
        "geog_extent_centroid_md": "13° 34′ 45″ N 009° 58′ 16″ W",
        "geog_extent_centroid_fria": "13° 34′ 45″ N 063° 27′ 09″ W",
        "geog_extent_length_km": null,
        "geog_extent_length_miles": null,
        "geog_extent_bbox_md": {
          "east": -3.987030161066,
          "west": -16.02039128328,
          "north": 18.221868078094737,
          "south": 6.753832646186462
        },
        "geog_extent_bbox_fria": {
          "east": -57.46853164905592,
          "west": -69.50189277126952,
          "north": 18.221868078094737,
          "south": 6.753832646186462
        },
        "name_it": "Profondità dei Serpenti",
        "name_abb_it": null,
        "label_it": "Profondità dei Serpenti",
        "descr_it": "Un piccolo dominio del Sottosuolo sotto la penisola orientale di Chult nella Faerûn sudoccidentale, costituito da un'estesa rete di caverne sotto le Giungle Nere e le Giungle Mhair. Si estende da Delselar in Thindol a ovest fino a Mhairhetel in Serpentes a sud e Lapalgard in Lapaliiya a est, con il Mare Sotterraneo di Lapal al suo centro. I collegamenti in superficie includono doline profonde intorno alle Giungle Mhair, tunnel in scogliere calcaree lungo il Fiume Chun e la caldera di Tashluta.",
        "descr_html_it": null,
        "url_it": null,
        "location_it": "Faerûn sud-occidentale → Underdark",
        "name_alt_it_str": null,
        "topical_tags": "underdark, caverns, undersea, jungles, volcanic",
        "related_location_tags": "Chultan Peninsula, Black Jungles, Mhair Jungles, Delselar, Thindol, Mhairhetel, Serpentes, Lapalgard, Lapaliiya, Lapal Undersea, Lapal Sea, River Chun, Tashluta",
        "related_cultures_tags": "sarrukh, troglodytes, lizardfolk, trens, yuan-ti",
        "related_factions_tags": "Mhairshaulk"
      },
      "geometry": {
        "type": "MultiPolygon",
        "coordinates": [
          [
            [
              [
                -68.5125728132352,
                15.253908203991713
              ],
              [
                -68.85580626806343,
                14.991435562064236
              ],
              [
                -69.19903972289167,
                14.688582513686377
              ],
              [
                -69.25961033256725,
                14.607821700785614
              ],
              [
                -69.3807515519184,
                14.264588245957373
              ],
              [
                -69.40094175514358,
                14.022305807255087
              ],
              [
                -69.48170256804434,
                13.719452758877226
              ],
              [
                -69.50189277126952,
                13.376219304048986
              ],
              [
                -69.44132216159396,
                13.113746662121507
              ],
              [
                -69.27980053579243,
                12.932034833094793
              ],
              [
                -68.97694748741458,
                12.750323004068077
              ],
              [
                -68.77504545516267,
                12.649371987942123
              ],
              [
                -68.75485525193749,
                12.52823076859098
              ],
              [
                -68.73466504871229,
                12.285948329888692
              ],
              [
                -68.75485525193749,
                12.043665891186405
              ],
              [
                -68.79523565838787,
                11.821573655709308
              ],
              [
                -68.83561606483823,
                11.437959794430686
              ],
              [
                -68.63371403258634,
                11.296628371854352
              ],
              [
                -68.2702903745329,
                11.276438168629161
              ],
              [
                -68.00781773260543,
                11.21586755895359
              ],
              [
                -67.72515488745276,
                11.054345933152064
              ],
              [
                -67.44249204230009,
                10.91301451057573
              ],
              [
                -67.13963899392223,
                10.690922275098634
              ],
              [
                -66.9781173681207,
                10.56978105574749
              ],
              [
                -66.81659574231918,
                10.428449633171155
              ],
              [
                -66.65507411651765,
                10.327498617045203
              ],
              [
                -66.45317208426574,
                10.26692800736963
              ],
              [
                -66.15031903588789,
                10.186167194468869
              ],
              [
                -65.84746598751003,
                10.125596584793296
              ],
              [
                -65.50423253268178,
                10.125596584793296
              ],
              [
                -65.22156968752913,
                10.125596584793296
              ],
              [
                -65.01966765527722,
                9.964074958991771
              ],
              [
                -64.79757541980011,
                9.863123942865817
              ],
              [
                -64.51491257464745,
                9.94388475576658
              ],
              [
                -64.27263013594516,
                10.165976991243678
              ],
              [
                -64.15148891659402,
                10.52940064929711
              ],
              [
                -64.09091830691844,
                10.630351665423062
              ],
              [
                -63.88901627466654,
                10.771683087999396
              ],
              [
                -63.62654363273906,
                10.852443900900159
              ],
              [
                -63.34388078758639,
                10.93320471380092
              ],
              [
                -63.162168958559676,
                10.87263410412535
              ],
              [
                -63.1015983488841,
                10.731302681549014
              ],
              [
                -63.24292977146044,
                10.468830039621537
              ],
              [
                -63.384261194036775,
                10.327498617045203
              ],
              [
                -63.48521221016273,
                10.044835771892533
              ],
              [
                -63.545782819838294,
                9.762172926739865
              ],
              [
                -63.545782819838294,
                9.58046109771315
              ],
              [
                -63.48521221016273,
                9.338178659010861
              ],
              [
                -63.20254936501006,
                9.136276626758956
              ],
              [
                -62.83912570695663,
                8.853613781606287
              ],
              [
                -62.43532164245281,
                8.530570530003237
              ],
              [
                -62.17284900052533,
                8.32866849775133
              ],
              [
                -61.97094696827343,
                8.00562524614828
              ],
              [
                -61.72866452957114,
                7.844103620346756
              ],
              [
                -61.56714290376962,
                7.622011384869658
              ],
              [
                -61.36524087151771,
                7.379728946167372
              ],
              [
                -61.00181721346428,
                7.33934853971699
              ],
              [
                -60.779724977987186,
                7.177826913915466
              ],
              [
                -60.59801314896047,
                7.016305288113941
              ],
              [
                -60.295160100582606,
                6.814403255862034
              ],
              [
                -59.99230705220475,
                6.753832646186462
              ],
              [
                -59.68945400382689,
                6.834593459087225
              ],
              [
                -59.52793237802537,
                6.975924881663559
              ],
              [
                -59.50774217480017,
                7.298968133266609
              ],
              [
                -59.628883394151316,
                7.581630978419279
              ],
              [
                -59.72983441027727,
                8.066195855823853
              ],
              [
                -59.77021481672765,
                8.28828809130095
              ],
              [
                -59.871165832853606,
                8.409429310652094
              ],
              [
                -60.073067865105514,
                8.510380326778046
              ],
              [
                -60.3153503038078,
                8.793043171930716
              ],
              [
                -60.41630131993375,
                9.055515813858193
              ],
              [
                -60.63839355541085,
                9.560270894487958
              ],
              [
                -60.779724977987186,
                10.065025975117724
              ],
              [
                -60.84029558766275,
                10.388069226720773
              ],
              [
                -60.88067599411313,
                10.751492884774205
              ],
              [
                -60.88067599411313,
                10.953394917026111
              ],
              [
                -60.719154368311614,
                11.175487152503209
              ],
              [
                -60.33554050703299,
                11.377389184755115
              ],
              [
                -59.91154623930399,
                11.55910101378183
              ],
              [
                -59.6692638006017,
                11.821573655709308
              ],
              [
                -59.447171565124606,
                12.124426704087167
              ],
              [
                -59.22507932964751,
                12.366709142789455
              ],
              [
                -59.06355770384598,
                12.54842097181617
              ],
              [
                -58.8212752651437,
                12.669562191167314
              ],
              [
                -58.558802623216216,
                12.709942597617696
              ],
              [
                -58.276139778063545,
                13.032985849220745
              ],
              [
                -58.21556916838797,
                13.436789913724557
              ],
              [
                -58.074237745811644,
                13.981925400804705
              ],
              [
                -58.01366713613607,
                14.244398042732183
              ],
              [
                -57.97328672968569,
                14.486680481434469
              ],
              [
                -57.97328672968569,
                14.728962920136757
              ],
              [
                -58.09442794903683,
                14.971245358839045
              ],
              [
                -58.17518876193759,
                15.233718000766522
              ],
              [
                -58.17518876193759,
                15.576951455594763
              ],
              [
                -58.09442794903683,
                16.021135926548958
              ],
              [
                -57.9530965264605,
                16.445130194277958
              ],
              [
                -57.852145510334545,
                16.74798324265582
              ],
              [
                -57.77138469743378,
                16.929695071682534
              ],
              [
                -57.56948266518187,
                17.212357916835202
              ],
              [
                -57.46853164905592,
                17.474830558762683
              ],
              [
                -57.46853164905592,
                17.656542387789397
              ],
              [
                -57.650243478082636,
                17.878634623266493
              ],
              [
                -57.892525916784926,
                18.10072685874359
              ],
              [
                -58.17518876193759,
                18.201677874869546
              ],
              [
                -58.57899282644141,
                18.221868078094737
              ],
              [
                -58.63956343611698,
                18.181487671644355
              ],
              [
                -58.88184587481926,
                17.919015029716874
              ],
              [
                -59.06355770384598,
                17.75749340391535
              ],
              [
                -59.56831278447575,
                17.555591371663443
              ],
              [
                -59.608693190926125,
                17.555591371663443
              ],
              [
                -60.073067865105514,
                17.575781574888634
              ],
              [
                -60.33554050703299,
                17.636352184564206
              ],
              [
                -60.59801314896047,
                17.636352184564206
              ],
              [
                -60.84029558766275,
                17.515210965213065
              ],
              [
                -61.00181721346428,
                17.37387954263673
              ],
              [
                -61.20371924571619,
                17.11140690070925
              ],
              [
                -61.30467026184214,
                16.788363649106202
              ],
              [
                -61.425811481193286,
                16.445130194277958
              ],
              [
                -61.50657229409404,
                16.223037958800862
              ],
              [
                -61.70847432634595,
                16.021135926548958
              ],
              [
                -61.91037635859786,
                15.920184910423004
              ],
              [
                -62.55646286180396,
                15.576951455594763
              ],
              [
                -62.85931591018182,
                15.435620033018429
              ],
              [
                -63.24292977146044,
                15.233718000766522
              ],
              [
                -63.606353429513874,
                14.991435562064236
              ],
              [
                -63.86882607144135,
                14.951055155613854
              ],
              [
                -64.07072810369326,
                15.031815968514618
              ],
              [
                -64.23224972949478,
                15.19333759431614
              ],
              [
                -64.43415176174669,
                15.334669016892477
              ],
              [
                -64.6360537939986,
                15.435620033018429
              ],
              [
                -64.85814602947569,
                15.536571049144381
              ],
              [
                -65.10042846817798,
                15.536571049144381
              ],
              [
                -65.34271090688026,
                15.39523962656805
              ],
              [
                -65.4638521262314,
                15.375049423342858
              ],
              [
                -65.72632476815889,
                15.45581023624362
              ],
              [
                -65.74651497138407,
                15.73847308139629
              ],
              [
                -65.66575415848331,
                16.021135926548958
              ],
              [
                -65.62537375203293,
                16.18265755235048
              ],
              [
                -65.62537375203293,
                16.323988974926817
              ],
              [
                -65.64556395525813,
                16.38455958460239
              ],
              [
                -65.68594436170851,
                16.42493999105277
              ],
              [
                -65.88784639396042,
                16.323988974926817
              ],
              [
                -65.96860720686118,
                16.223037958800862
              ],
              [
                -66.13012883266269,
                16.223037958800862
              ],
              [
                -66.21088964556346,
                16.263418365251244
              ],
              [
                -66.53393289716651,
                16.303798771701626
              ],
              [
                -66.83678594554436,
                16.08170653622453
              ],
              [
                -66.91754675844513,
                15.980755520098576
              ],
              [
                -67.30116061972376,
                15.698092674945908
              ],
              [
                -67.42230183907489,
                15.576951455594763
              ],
              [
                -67.66458427777718,
                15.39523962656805
              ],
              [
                -67.88667651325429,
                15.274098407216904
              ],
              [
                -67.96743732615505,
                15.213527797541332
              ],
              [
                -68.20971976485733,
                15.17314739109095
              ],
              [
                -68.5125728132352,
                15.253908203991713
              ]
            ]
          ]
        ]
      }
    },
    {
      "type": "Feature",
      "properties": {
        "uuid": "d9a8cf1e-f28e-4b01-bf60-b53d1364549c",
        "layer_id": "udk_nat_domains_pg",
        "timeframe": null,
        "feature_class": "Domain",
        "feature_rank": 2,
        "is_visible": true,
        "is_labeled": true,
        "needs_review": false,
        "review_notes": "exclude from wiki link auto-ageneration",
        "img_url": null,
        "last_edited": "2026-07-13",
        "last_editor": "postgres",
        "name_en": "Arnvault",
        "name_ru": "Арнволт",
        "name_abb_en": null,
        "name_abb_ru": null,
        "label_en": "Arnvault",
        "label_ru": "Арнволт",
        "descr_en": null,
        "descr_ru": null,
        "descr_html_en": "<!DOCTYPE HTML PUBLIC \"-//W3C//DTD HTML 4.0//EN\" \"http://www.w3.org/TR/REC-html40/strict.dtd\">\n<html><head><meta name=\"qrichtext\" content=\"1\" /><style type=\"text/css\">\np, li { white-space: pre-wrap; }\n</style></head><body style=\" font-family:'MS Shell Dlg 2'; font-size:10pt; font-weight:400; font-style:normal;\">\n<p style=\" margin-top:0px; margin-bottom:0px; margin-left:0px; margin-right:0px; -qt-block-indent:0; text-indent:0px;\">—</p></body></html>",
        "descr_html_ru": null,
        "url_en": null,
        "url_ru": null,
        "source_name": "WotC Underdark 3e",
        "source_url": "https://forgottenrealms.fandom.com/wiki/Underdark_(sourcebook)",
        "dnd_editions_str": "5e, 3e",
        "feature_levels_str": "Lowerdark, Middledark, Upperdark",
        "extra_str": null,
        "location_en": "southern Faerûn → Underdark",
        "name_alt_en_str": null,
        "location_ru": "южный Фаэрун → Подземье",
        "name_alt_ru_str": null,
        "geog_extent_area_sq_km": 66545.0,
        "geog_extent_area_sq_miles": 25693.0,
        "geog_extent_perimeter_km": 1297.0,
        "geog_extent_perimeter_miles": 806.0,
        "geog_extent_centroid_md": "24° 51′ 02″ N 003° 32′ 31″ W",
        "geog_extent_centroid_fria": "24° 51′ 02″ N 057° 01′ 24″ W",
        "geog_extent_length_km": null,
        "geog_extent_length_miles": null,
        "geog_extent_bbox_md": {
          "east": -2.245345282157,
          "west": -4.66228813524,
          "north": 26.773706443425755,
          "south": 22.99665886693356
        },
        "geog_extent_bbox_fria": {
          "east": -55.726846770146565,
          "west": -58.14378962323038,
          "north": 26.773706443425755,
          "south": 22.99665886693356
        },
        "name_it": "Arnvault",
        "name_abb_it": null,
        "label_it": "Arnvault",
        "descr_it": null,
        "descr_html_it": null,
        "url_it": null,
        "location_it": "Faerûn meridionale → Underdark",
        "name_alt_it_str": null,
        "topical_tags": "",
        "related_location_tags": "",
        "related_cultures_tags": "",
        "related_factions_tags": ""
      },
      "geometry": {
        "type": "MultiPolygon",
        "coordinates": [
          [
            [
              [
                -56.88477376439965,
                23.060988144392066
              ],
              [
                -56.765305106262424,
                23.134507318630355
              ],
              [
                -56.719355622363494,
                23.208026492868647
              ],
              [
                -56.60907686100606,
                23.35506484134523
              ],
              [
                -56.544747583547554,
                23.465343602702667
              ],
              [
                -56.43446882219012,
                23.566432467280315
              ],
              [
                -56.25067088659439,
                23.667521331857966
              ],
              [
                -56.112822434897595,
                23.768610196435617
              ],
              [
                -56.00254367354016,
                23.842129370673906
              ],
              [
                -55.855505325063575,
                23.924838441691982
              ],
              [
                -55.763606357265715,
                24.025927306269633
              ],
              [
                -55.726846770146565,
                24.19134544830579
              ],
              [
                -55.73603666692635,
                24.3200040032228
              ],
              [
                -55.79117604760507,
                24.448662558139805
              ],
              [
                -55.81874573794443,
                24.51299183559831
              ],
              [
                -55.892264912182725,
                24.595700906616386
              ],
              [
                -55.9749739832008,
                24.77030894543233
              ],
              [
                -56.01173357031995,
                24.79787863577169
              ],
              [
                -56.14039212523696,
                24.83463822289083
              ],
              [
                -56.241480989814605,
                24.862207913230193
              ],
              [
                -56.241480989814605,
                24.954106881028054
              ],
              [
                -56.1771517123561,
                25.055195745605705
              ],
              [
                -56.10363253811781,
                25.165474506963143
              ],
              [
                -56.066872950998665,
                25.284943165100366
              ],
              [
                -56.05768305421888,
                25.431981513576947
              ],
              [
                -56.08525274455823,
                25.560640068493957
              ],
              [
                -56.07606284777845,
                25.707678416970538
              ],
              [
                -56.05768305421888,
                25.772007694429043
              ],
              [
                -55.9749739832008,
                25.919046042905624
              ],
              [
                -55.90145480896251,
                26.038514701042846
              ],
              [
                -55.84631542828379,
                26.14879346240028
              ],
              [
                -55.83712553150401,
                26.295831810876862
              ],
              [
                -55.86469522184336,
                26.387730778674726
              ],
              [
                -55.94740429286144,
                26.45206005613323
              ],
              [
                -56.10363253811781,
                26.488819643252377
              ],
              [
                -56.241480989814605,
                26.498009540032164
              ],
              [
                -56.47122840930926,
                26.424490365793872
              ],
              [
                -56.57231727388691,
                26.45206005613323
              ],
              [
                -56.73773541592307,
                26.543959023931095
              ],
              [
                -56.930723248298584,
                26.654237785288533
              ],
              [
                -57.16047066779324,
                26.727756959526822
              ],
              [
                -57.279939325930464,
                26.773706443425755
              ],
              [
                -57.36264839694854,
                26.773706443425755
              ],
              [
                -57.51887664220491,
                26.773706443425755
              ],
              [
                -57.61077561000277,
                26.75532664986618
              ],
              [
                -57.73943416491978,
                26.700187269187463
              ],
              [
                -57.77619375203893,
                26.663427682068317
              ],
              [
                -57.831333132717646,
                26.589908507830028
              ],
              [
                -57.94161189407508,
                26.525579230371523
              ],
              [
                -57.9967512747538,
                26.47962974647259
              ],
              [
                -58.0610805522123,
                26.43368026257366
              ],
              [
                -58.134599726450595,
                26.35097119155558
              ],
              [
                -58.14378962323038,
                26.268262120537504
              ],
              [
                -58.14378962323038,
                26.185553049519427
              ],
              [
                -58.02432096509316,
                26.112033875281135
              ],
              [
                -57.93242199729529,
                26.075274288161992
              ],
              [
                -57.831333132717646,
                26.038514701042846
              ],
              [
                -57.702674577800636,
                26.0017551139237
              ],
              [
                -57.61077561000277,
                25.946615733244982
              ],
              [
                -57.528066538984696,
                25.882286455786478
              ],
              [
                -57.40859788084747,
                25.808767281548185
              ],
              [
                -57.33507870660918,
                25.72605821053011
              ],
              [
                -57.279939325930464,
                25.643349139512033
              ],
              [
                -57.2523696355911,
                25.54226027493438
              ],
              [
                -57.224799945251746,
                25.468741100696093
              ],
              [
                -57.224799945251746,
                25.42279161679716
              ],
              [
                -57.2523696355911,
                25.340082545779083
              ],
              [
                -57.34426860338897,
                25.284943165100366
              ],
              [
                -57.353458500168756,
                25.238993681201432
              ],
              [
                -57.33507870660918,
                25.13790481662378
              ],
              [
                -57.29831911949003,
                25.064385642385492
              ],
              [
                -57.28912922271025,
                25.036815952046133
              ],
              [
                -57.28912922271025,
                24.981676571367416
              ],
              [
                -57.399407984067686,
                24.91734729390891
              ],
              [
                -57.51887664220491,
                24.880587706789765
              ],
              [
                -57.574016022883626,
                24.81625842933126
              ],
              [
                -57.62915540356234,
                24.71516956475361
              ],
              [
                -57.64753519712192,
                24.62327059695575
              ],
              [
                -57.656725093901706,
                24.46704235169938
              ],
              [
                -57.69348468102085,
                24.283244416103653
              ],
              [
                -57.73943416491978,
                24.145395964406855
              ],
              [
                -57.80376344237828,
                24.03511720304942
              ],
              [
                -57.877282616616576,
                23.943218235251557
              ],
              [
                -58.005941171533586,
                23.786989989995188
              ],
              [
                -58.07946034577188,
                23.685901125417537
              ],
              [
                -58.11621993289102,
                23.594002157619677
              ],
              [
                -58.134599726450595,
                23.492913293042026
              ],
              [
                -58.14378962323038,
                23.401014325244162
              ],
              [
                -58.14378962323038,
                23.253975976767578
              ],
              [
                -58.10703003611123,
                23.079367937951638
              ],
              [
                -58.01513106831337,
                23.05179824761228
              ],
              [
                -57.88647251339636,
                23.042608350832495
              ],
              [
                -57.76700385525914,
                23.060988144392066
              ],
              [
                -57.62915540356234,
                23.079367937951638
              ],
              [
                -57.46373726152619,
                23.088557834731425
              ],
              [
                -57.29831911949003,
                23.070178041171854
              ],
              [
                -57.03181211287623,
                22.99665886693356
              ],
              [
                -56.88477376439965,
                23.060988144392066
              ]
            ]
          ]
        ]
      }
    },
    {
      "type": "Feature",
      "properties": {
        "uuid": "1f94f0b3-e669-4137-8500-cfecc838fa99",
        "layer_id": "udk_nat_domains_pg",
        "timeframe": null,
        "feature_class": "Domain",
        "feature_rank": 2,
        "is_visible": true,
        "is_labeled": true,
        "needs_review": false,
        "review_notes": null,
        "img_url": null,
        "last_edited": "2026-07-14",
        "last_editor": "postgres",
        "name_en": "Firelands",
        "name_ru": "Огненные Земли",
        "name_abb_en": null,
        "name_abb_ru": null,
        "label_en": "Firelands",
        "label_ru": "Огненные Земли",
        "descr_en": "A volcanic Underdark region beneath Chult's jungles, characterized by lava tubes and the Burning Rift, a nexus of portals to the Elemental Plane of Fire.",
        "descr_ru": "Вулканическая область Подземья под джунглями Чулта, характеризующаяся лавовыми трубками и Пылающим Разломом — узлом порталов на Стихийный План Огня.",
        "descr_html_en": "<!DOCTYPE HTML PUBLIC \"-//W3C//DTD HTML 4.0//EN\" \"http://www.w3.org/TR/REC-html40/strict.dtd\">\n<html><head><meta name=\"qrichtext\" content=\"1\" /><style type=\"text/css\">\np, li { white-space: pre-wrap; }\n</style></head><body style=\" font-family:'MS Shell Dlg 2'; font-size:10pt; font-weight:400; font-style:normal;\">\n<p style=\" margin-top:0px; margin-bottom:0px; margin-left:0px; margin-right:0px; -qt-block-indent:0; text-indent:0px;\">—</p></body></html>",
        "descr_html_ru": null,
        "url_en": "https://forgottenrealms.fandom.com/wiki/Firelands",
        "url_ru": null,
        "source_name": "WotC Underdark 3e",
        "source_url": "https://forgottenrealms.fandom.com/wiki/Underdark_(sourcebook)",
        "dnd_editions_str": "5e, 3e",
        "feature_levels_str": "Lowerdark, Middledark, Upperdark",
        "extra_str": "topical_tags: [\"underdark\", \"volcanic\", \"lava tubes\", \"portals\", \"elemental plane of fire\"] | related_location_tags: [\"Chult\", \"Southwest Faerûn\", \"Peaks of Flame\", \"Burning Rift\", \"Elemental Plane of Fire\"]",
        "location_en": "south-western Faerûn → Underdark",
        "name_alt_en_str": null,
        "location_ru": "юго-западный Фаэрун → Подземье",
        "name_alt_ru_str": null,
        "geog_extent_area_sq_km": 375632.0,
        "geog_extent_area_sq_miles": 145032.0,
        "geog_extent_perimeter_km": 2883.0,
        "geog_extent_perimeter_miles": 1792.0,
        "geog_extent_centroid_md": "13° 52′ 55″ N 022° 31′ 10″ W",
        "geog_extent_centroid_fria": "13° 52′ 55″ N 076° 00′ 04″ W",
        "geog_extent_length_km": null,
        "geog_extent_length_miles": null,
        "geog_extent_bbox_md": {
          "east": -18.308185144225,
          "west": -26.694884945458,
          "north": 16.925142491473764,
          "south": 10.94573615170577
        },
        "geog_extent_bbox_fria": {
          "east": -71.7896866322149,
          "west": -80.17638643344792,
          "north": 16.925142491473764,
          "south": 10.94573615170577
        },
        "name_it": "Terre di Fuoco",
        "name_abb_it": null,
        "label_it": "Terre di Fuoco",
        "descr_it": "Una regione vulcanica del Sottosuolo sotto le giungle di Chult, caratterizzata da tubi di lava e dal Baratro Ardente, un nesso di portali verso il Piano Elementale del Fuoco.",
        "descr_html_it": null,
        "url_it": null,
        "location_it": "Faerûn sud-occidentale → Underdark",
        "name_alt_it_str": null,
        "topical_tags": "underdark, volcanic, lava tubes, portals, elemental plane of fire",
        "related_location_tags": "Chult, Southwest Faerûn, Peaks of Flame, Burning Rift, Elemental Plane of Fire",
        "related_cultures_tags": "",
        "related_factions_tags": ""
      },
      "geometry": {
        "type": "MultiPolygon",
        "coordinates": [
          [
            [
              [
                -78.8873196121473,
                15.977756032445587
              ],
              [
                -79.35324737888246,
                15.869039553540716
              ],
              [
                -79.60174218780789,
                15.853508627982876
              ],
              [
                -79.86576792229114,
                15.760323074635842
              ],
              [
                -80.02107717786953,
                15.667137521288808
              ],
              [
                -80.11426273121657,
                15.480766414594742
              ],
              [
                -80.17638643344792,
                15.263333456784997
              ],
              [
                -80.17638643344792,
                15.06143142453309
              ],
              [
                -80.05213902898521,
                14.812936615607667
              ],
              [
                -80.00554625231169,
                14.595503657797922
              ],
              [
                -79.99001532675385,
                14.393601625546015
              ],
              [
                -79.94342255008034,
                14.19169959329411
              ],
              [
                -79.83470607117546,
                13.943204784368685
              ],
              [
                -79.74152051782843,
                13.803426454348136
              ],
              [
                -79.69492774115491,
                13.710240901001102
              ],
              [
                -79.69492774115491,
                13.617055347654068
              ],
              [
                -79.78811329450195,
                13.44621516651784
              ],
              [
                -79.86576792229114,
                13.353029613170806
              ],
              [
                -79.83470607117546,
                13.213251283150257
              ],
              [
                -79.74152051782843,
                13.104534804245382
              ],
              [
                -79.52408756001869,
                12.980287399782672
              ],
              [
                -79.32218552776678,
                12.964756474224833
              ],
              [
                -79.13581442107271,
                12.933694623109155
              ],
              [
                -79.01156701661,
                12.902632771993478
              ],
              [
                -78.79413405880025,
                12.809447218646444
              ],
              [
                -78.60776295210619,
                12.685199814183731
              ],
              [
                -78.530108324317,
                12.56095240972102
              ],
              [
                -78.46798462208564,
                12.390112228584792
              ],
              [
                -78.40586091985428,
                12.26586482412208
              ],
              [
                -78.34373721762293,
                12.141617419659369
              ],
              [
                -78.26608258983373,
                12.079493717428013
              ],
              [
                -78.04864963202398,
                12.079493717428013
              ],
              [
                -77.92440222756127,
                12.079493717428013
              ],
              [
                -77.80015482309857,
                12.032900940754496
              ],
              [
                -77.6137837164045,
                11.9552463129653
              ],
              [
                -77.55166001417314,
                11.908653536291784
              ],
              [
                -77.38081983303691,
                11.862060759618268
              ],
              [
                -77.07020132188013,
                11.846529834060428
              ],
              [
                -76.86829928962823,
                11.877591685176107
              ],
              [
                -76.65086633181848,
                11.893122610733945
              ],
              [
                -76.46449522512441,
                11.893122610733945
              ],
              [
                -76.216000416199,
                11.815467982944751
              ],
              [
                -76.04516023506277,
                11.753344280713396
              ],
              [
                -75.79666542613734,
                11.598035025135006
              ],
              [
                -75.71901079834814,
                11.53591132290365
              ],
              [
                -75.59476339388543,
                11.287416513978227
              ],
              [
                -75.5015778405384,
                11.147638183957676
              ],
              [
                -75.37733043607568,
                11.023390779494965
              ],
              [
                -75.23755210605513,
                10.992328928379287
              ],
              [
                -74.97352637157188,
                10.961267077263608
              ],
              [
                -74.75609341376213,
                10.94573615170577
              ],
              [
                -74.5852532326259,
                10.992328928379287
              ],
              [
                -74.4610058281632,
                11.10104540728416
              ],
              [
                -74.39888212593183,
                11.256354662862549
              ],
              [
                -74.33675842370047,
                11.458256695114455
              ],
              [
                -74.27463472146913,
                11.52038039734581
              ],
              [
                -74.13485639144858,
                11.582504099577166
              ],
              [
                -73.96401621031234,
                11.613565950692845
              ],
              [
                -73.83976880584963,
                11.629096876250683
              ],
              [
                -73.68445955027124,
                11.629096876250683
              ],
              [
                -73.60680492248204,
                11.53591132290365
              ],
              [
                -73.57574307136638,
                11.427194843998777
              ],
              [
                -73.56021214580853,
                11.302947439536066
              ],
              [
                -73.52915029469285,
                11.163169109515515
              ],
              [
                -73.43596474134581,
                11.085514481726321
              ],
              [
                -73.3117173368831,
                11.085514481726321
              ],
              [
                -73.20300085797824,
                11.147638183957676
              ],
              [
                -73.09428437907336,
                11.132107258399838
              ],
              [
                -72.97003697461065,
                11.06998355616848
              ],
              [
                -72.79919679347442,
                11.054452630610642
              ],
              [
                -72.61282568678035,
                11.054452630610642
              ],
              [
                -72.42645458008629,
                11.10104540728416
              ],
              [
                -72.30220717562358,
                11.209761886189032
              ],
              [
                -72.16242884560303,
                11.334009290651743
              ],
              [
                -72.02265051558247,
                11.473787620672294
              ],
              [
                -71.9139340366776,
                11.53591132290365
              ],
              [
                -71.80521755777274,
                11.613565950692845
              ],
              [
                -71.7896866322149,
                11.722282429597717
              ],
              [
                -71.7896866322149,
                11.862060759618268
              ],
              [
                -71.7896866322149,
                11.877591685176107
              ],
              [
                -71.92946496223544,
                11.908653536291784
              ],
              [
                -72.03818144114031,
                11.893122610733945
              ],
              [
                -72.16242884560303,
                11.893122610733945
              ],
              [
                -72.1934906967187,
                11.939715387407462
              ],
              [
                -72.20902162227654,
                12.048431866312335
              ],
              [
                -72.13136699448735,
                12.157148345217207
              ],
              [
                -72.05371236669815,
                12.28139574967992
              ],
              [
                -72.05371236669815,
                12.43670500525831
              ],
              [
                -72.16242884560303,
                12.592014260836699
              ],
              [
                -72.25561439895006,
                12.700730739741571
              ],
              [
                -72.28667625006574,
                12.809447218646444
              ],
              [
                -72.28667625006574,
                12.964756474224833
              ],
              [
                -72.36433087785494,
                13.026880176456189
              ],
              [
                -72.4730473567598,
                13.089003878687544
              ],
              [
                -72.53517105899115,
                13.228782208708095
              ],
              [
                -72.61282568678035,
                13.384091464286485
              ],
              [
                -72.7060112401274,
                13.477277017633519
              ],
              [
                -72.93897512349497,
                13.554931645422712
              ],
              [
                -73.04769160239985,
                13.570462570980553
              ],
              [
                -73.29618641132527,
                13.648117198769746
              ],
              [
                -73.32724826244095,
                13.772364603232457
              ],
              [
                -73.34277918799879,
                13.989797561042202
              ],
              [
                -73.29618641132527,
                14.082983114389236
              ],
              [
                -73.2340627090939,
                14.269354221083304
              ],
              [
                -73.1874699324204,
                14.33147792331466
              ],
              [
                -73.00109882572633,
                14.440194402219532
              ],
              [
                -72.8302586445901,
                14.533379955566566
              ],
              [
                -72.78366586791658,
                14.657627360029277
              ],
              [
                -72.76813494235874,
                14.828467541165505
              ],
              [
                -72.79919679347442,
                14.92165309451254
              ],
              [
                -73.00109882572633,
                14.983776796743896
              ],
              [
                -73.3893719646723,
                15.06143142453309
              ],
              [
                -73.51361936913501,
                15.154616977880124
              ],
              [
                -73.62233584803988,
                15.247802531227158
              ],
              [
                -73.68445955027124,
                15.356519010132029
              ],
              [
                -73.91742343363883,
                15.480766414594742
              ],
              [
                -73.97954713587018,
                15.542890116826097
              ],
              [
                -74.08826361477506,
                15.636075670173131
              ],
              [
                -74.18144916812209,
                15.682668446846648
              ],
              [
                -74.39888212593183,
                15.682668446846648
              ],
              [
                -74.52312953039454,
                15.636075670173131
              ],
              [
                -74.80268619043565,
                15.527359191268259
              ],
              [
                -74.83374804155133,
                15.527359191268259
              ],
              [
                -74.92693359489836,
                15.527359191268259
              ],
              [
                -75.0667119249189,
                15.636075670173131
              ],
              [
                -75.17542840382379,
                15.713730297962325
              ],
              [
                -75.26861395717081,
                15.806915851309359
              ],
              [
                -75.34626858496001,
                15.962225106887749
              ],
              [
                -75.40839228719136,
                16.117534362466138
              ],
              [
                -75.33073765940217,
                16.226250841371012
              ],
              [
                -75.23755210605513,
                16.350498245833723
              ],
              [
                -75.19095932938163,
                16.490276575854274
              ],
              [
                -75.19095932938163,
                16.58346212920131
              ],
              [
                -75.23755210605513,
                16.69217860810618
              ],
              [
                -75.43945413830704,
                16.769833235895373
              ],
              [
                -75.67241802167463,
                16.83195693812673
              ],
              [
                -75.95197468171573,
                16.878549714800247
              ],
              [
                -76.04516023506277,
                16.909611565915924
              ],
              [
                -76.24706226731467,
                16.925142491473764
              ],
              [
                -76.66639725737632,
                16.863018789242407
              ],
              [
                -76.8217065129547,
                16.83195693812673
              ],
              [
                -76.94595391741743,
                16.769833235895373
              ],
              [
                -77.07020132188013,
                16.645585831432662
              ],
              [
                -77.11679409855365,
                16.598993054759145
              ],
              [
                -77.22551057745852,
                16.52133842696995
              ],
              [
                -77.34975798192123,
                16.459214724738594
              ],
              [
                -77.58272186528882,
                16.459214724738594
              ],
              [
                -77.7380311208672,
                16.459214724738594
              ],
              [
                -77.83121667421425,
                16.459214724738594
              ],
              [
                -77.95546407867695,
                16.459214724738594
              ],
              [
                -78.07971148313966,
                16.428152873622917
              ],
              [
                -78.18842796204453,
                16.334967320275883
              ],
              [
                -78.25055166427589,
                16.210719915813172
              ],
              [
                -78.28161351539157,
                16.102003436908298
              ],
              [
                -78.29714444094941,
                16.008817883561264
              ],
              [
                -78.32820629206509,
                15.993286958003427
              ],
              [
                -78.46798462208564,
                15.94669418132991
              ],
              [
                -78.8873196121473,
                15.977756032445587
              ]
            ]
          ]
        ]
      }
    },
    {
      "type": "Feature",
      "properties": {
        "uuid": "02f5ac0f-51ae-4dc2-a331-0a3db4ab80e8",
        "layer_id": "udk_nat_domains_pg",
        "timeframe": null,
        "feature_class": "Domain",
        "feature_rank": 1,
        "is_visible": true,
        "is_labeled": true,
        "needs_review": false,
        "review_notes": null,
        "img_url": null,
        "last_edited": "2026-07-14",
        "last_editor": "postgres",
        "name_en": "Deep Wastes",
        "name_ru": "Глубинные Пустоши",
        "name_abb_en": null,
        "name_abb_ru": null,
        "label_en": "Deep Wastes",
        "label_ru": "Глубинные Пустоши",
        "descr_en": "A small domain within the vast Underdark, located beneath the Dalelands and the Moonsea, stretching from the Earthspur Mountains with few surface entrances. Much of it remained unexplored, and it was sparsely populated after the drow city of Maerimydra fell into ruin.",
        "descr_ru": "Небольшая область в обширном Подземье, расположенная под Долинами и Лунным Морем, простирающаяся от Гор Земляной Шпоры с немногими выходами на поверхность. Большая её часть осталась неисследованной, и она была редко заселена после того, как город дроу Маэримидра пришёл в упадок.",
        "descr_html_en": "<!DOCTYPE HTML PUBLIC \"-//W3C//DTD HTML 4.0//EN\" \"http://www.w3.org/TR/REC-html40/strict.dtd\">\n<html><head><meta name=\"qrichtext\" content=\"1\" /><style type=\"text/css\">\np, li { white-space: pre-wrap; }\n</style></head><body style=\" font-family:'MS Shell Dlg 2'; font-size:10pt; font-weight:400; font-style:normal;\">\n<p style=\" margin-top:0px; margin-bottom:0px; margin-left:0px; margin-right:0px; -qt-block-indent:0; text-indent:0px;\">—</p></body></html>",
        "descr_html_ru": null,
        "url_en": "https://forgottenrealms.fandom.com/wiki/Deep_Wastes",
        "url_ru": null,
        "source_name": "WotC Underdark 3e",
        "source_url": "https://forgottenrealms.fandom.com/wiki/Underdark_(sourcebook)",
        "dnd_editions_str": "5e, 3e",
        "feature_levels_str": "Lowerdark, Middledark, Upperdark",
        "extra_str": "translations: {\"ru\": {\"genitive\": \"Глубинных Пустошей\", \"prepositional\": \"Глубинных Пустошах\"}}",
        "location_en": "central Faerûn → Underdark",
        "name_alt_en_str": null,
        "location_ru": "центральный Фаэрун → Подземье",
        "name_alt_ru_str": null,
        "geog_extent_area_sq_km": 1640465.0,
        "geog_extent_area_sq_miles": 633387.0,
        "geog_extent_perimeter_km": 6180.0,
        "geog_extent_perimeter_miles": 3840.0,
        "geog_extent_centroid_md": "43° 11′ 49″ N 001° 47′ 49″ E",
        "geog_extent_centroid_fria": "43° 11′ 49″ N 051° 41′ 04″ W",
        "geog_extent_length_km": null,
        "geog_extent_length_miles": null,
        "geog_extent_bbox_md": {
          "east": 12.564898835098,
          "west": -6.090606846528,
          "north": 51.63900854852147,
          "south": 36.163400738679535
        },
        "geog_extent_bbox_fria": {
          "east": -40.9166026528921,
          "west": -59.572108334518326,
          "north": 51.63900854852147,
          "south": 36.163400738679535
        },
        "name_it": "Desolazioni Profonde",
        "name_abb_it": null,
        "label_it": "Desolazioni Profonde",
        "descr_it": "Un piccolo dominio all'interno del vasto Sottosuolo, situato sotto le Valli e il Mare della Luna, che si estende dalle Montagne dello Sprone della Terra con poche entrate in superficie. Gran parte di esso rimase inesplorato, ed era scarsamente popolato dopo che la città degli elfi scuri di Maerimydra cadde in rovina.",
        "descr_html_it": null,
        "url_it": null,
        "location_it": "Faerûn centrale → Underdark",
        "name_alt_it_str": null,
        "topical_tags": "",
        "related_location_tags": "",
        "related_cultures_tags": "",
        "related_factions_tags": ""
      },
      "geometry": {
        "type": "MultiPolygon",
        "coordinates": [
          [
            [
              [
                -59.48862070533156,
                37.38690770640257
              ],
              [
                -59.54469177139579,
                37.557798457695796
              ],
              [
                -59.572108334518326,
                37.688788703725685
              ],
              [
                -59.572108334518326,
                37.825871519338364
              ],
              [
                -59.55078434097858,
                37.914213778288754
              ],
              [
                -59.517275208273254,
                38.03606516994447
              ],
              [
                -59.44721065807122,
                38.11222228972929
              ],
              [
                -59.25224843142208,
                38.18837940951411
              ],
              [
                -59.1151656158094,
                38.24016625096779
              ],
              [
                -58.9872216545709,
                38.3224159403354
              ],
              [
                -58.904971965203295,
                38.389434205746035
              ],
              [
                -58.807490851878725,
                38.56916500843822
              ],
              [
                -58.75570401042505,
                38.69101640009393
              ],
              [
                -58.633852618769346,
                39.02001515756435
              ],
              [
                -58.49676980315667,
                39.19974596025653
              ],
              [
                -58.42670525295463,
                39.26371794087578
              ],
              [
                -58.13426191298092,
                39.37643047815732
              ],
              [
                -57.98804024299406,
                39.47391159148189
              ],
              [
                -57.92406826237481,
                39.56834642001507
              ],
              [
                -57.893605414460886,
                39.66278124854824
              ],
              [
                -57.893605414460886,
                39.81509548811788
              ],
              [
                -57.91797569279203,
                39.88211375352853
              ],
              [
                -58.000225382159634,
                39.96131715810474
              ],
              [
                -58.186048754434594,
                40.08926111934324
              ],
              [
                -58.344455563587026,
                40.20197365662477
              ],
              [
                -58.6585991915617,
                40.38429554200628
              ],
              [
                -58.57159425163473,
                40.45389949394786
              ],
              [
                -58.406284865773486,
                40.488701469918645
              ],
              [
                -58.232274985919545,
                40.558305421860226
              ],
              [
                -58.11046807002178,
                40.71491431372877
              ],
              [
                -58.00606214210942,
                40.90632518156811
              ],
              [
                -57.86685423822627,
                41.089035555414746
              ],
              [
                -57.7450473223285,
                41.26304543526869
              ],
              [
                -57.61453991243805,
                41.471857291093414
              ],
              [
                -57.51013398452569,
                41.68066914691815
              ],
              [
                -57.449230526576805,
                41.872080014757486
              ],
              [
                -57.35352509265714,
                42.054790388604125
              ],
              [
                -57.22301768276668,
                42.17659730450188
              ],
              [
                -57.022906320934645,
                42.324505702377735
              ],
              [
                -56.71838903119025,
                42.4289116302901
              ],
              [
                -56.38777025946776,
                42.55941904018056
              ],
              [
                -56.18765889763573,
                42.64642398010753
              ],
              [
                -56.03105000576718,
                42.7334289200345
              ],
              [
                -55.91794358386212,
                42.87263682391765
              ],
              [
                -55.883141607891325,
                42.97704275183001
              ],
              [
                -55.81353765594975,
                43.18585460765475
              ],
              [
                -55.80483716195705,
                43.34246349952329
              ],
              [
                -55.76133469199357,
                43.49907239139184
              ],
              [
                -55.71783222203008,
                43.68178276523848
              ],
              [
                -55.66475920867463,
                43.81751047152456
              ],
              [
                -55.74393370400818,
                43.85144239809608
              ],
              [
                -55.902282694675264,
                43.840131755905574
              ],
              [
                -55.93621462124678,
                43.806199829334055
              ],
              [
                -56.07194232753286,
                43.73833597619102
              ],
              [
                -56.16242746505691,
                43.74964661838152
              ],
              [
                -56.16242746505691,
                43.81751047152456
              ],
              [
                -56.1398061806759,
                43.885374324667595
              ],
              [
                -56.04932104315185,
                44.02110203095367
              ],
              [
                -56.01538911658032,
                44.190761663811266
              ],
              [
                -56.02669975877083,
                44.31517872790683
              ],
              [
                -56.12849553848539,
                44.4395957920024
              ],
              [
                -56.241601960390454,
                44.575323498288476
              ],
              [
                -56.39995095105754,
                44.82415762647962
              ],
              [
                -56.43388287762906,
                45.07299175467075
              ],
              [
                -56.38864030886703,
                45.43493230476695
              ],
              [
                -56.286844529152475,
                45.729009001720115
              ],
              [
                -56.207670033818935,
                45.8986686345777
              ],
              [
                -56.03801040096133,
                46.09094955181632
              ],
              [
                -56.049321043151835,
                46.31716239562645
              ],
              [
                -56.07194232753285,
                46.441579459722014
              ],
              [
                -56.060631685342344,
                46.56599652381758
              ],
              [
                -55.936214621246776,
                46.769588083246695
              ],
              [
                -55.81179755715121,
                46.89400514734226
              ],
              [
                -55.630827282103105,
                47.02973285362834
              ],
              [
                -55.56296342896007,
                47.165460559914415
              ],
              [
                -55.551652786769566,
                47.3238095505815
              ],
              [
                -55.551652786769566,
                47.48215854124859
              ],
              [
                -55.56296342896007,
                47.76492459601124
              ],
              [
                -55.608205997722095,
                47.934584228868836
              ],
              [
                -55.71000177743665,
                48.03638000858339
              ],
              [
                -55.81179755715121,
                48.10424386172643
              ],
              [
                -55.947525263437285,
                48.16079707267896
              ],
              [
                -56.015389116580316,
                48.26259285239352
              ],
              [
                -56.049321043151835,
                48.45487376963212
              ],
              [
                -56.049321043151835,
                48.66977597125174
              ],
              [
                -56.07194232753285,
                48.89598881506187
              ],
              [
                -56.11718489629487,
                49.088269732300475
              ],
              [
                -56.15111682286639,
                49.26924000734857
              ],
              [
                -56.15111682286639,
                49.43889964020617
              ],
              [
                -56.1624274650569,
                49.60855927306376
              ],
              [
                -56.15111682286639,
                49.73297633715933
              ],
              [
                -56.015389116580316,
                49.880014685635906
              ],
              [
                -55.77786563057969,
                50.09491688725553
              ],
              [
                -55.653448566484116,
                50.275887162303626
              ],
              [
                -54.77996630065805,
                50.68502374360541
              ],
              [
                -54.47118576885723,
                50.876173596624966
              ],
              [
                -53.9565515491892,
                51.00850811025389
              ],
              [
                -53.61836334769306,
                51.17025029357813
              ],
              [
                -53.250767476501615,
                51.33199247690237
              ],
              [
                -52.63320641289997,
                51.508438495074266
              ],
              [
                -52.049170092750984,
                51.63900854852147
              ],
              [
                -51.55218047490014,
                51.614159067628925
              ],
              [
                -50.98064241437167,
                51.44021270138113
              ],
              [
                -50.7569970863388,
                51.34081477781096
              ],
              [
                -50.50850227741337,
                51.24141685424079
              ],
              [
                -49.86241577420728,
                50.8935241217452
              ],
              [
                -49.51452304171168,
                50.744427236389946
              ],
              [
                -49.216329271001186,
                50.5953303510347
              ],
              [
                -48.744189134042884,
                50.495932427464524
              ],
              [
                -48.37144692065475,
                50.570480870142156
              ],
              [
                -48.122952111729326,
                50.64502931281978
              ],
              [
                -47.52656457030832,
                50.84382515996012
              ],
              [
                -47.15382235692018,
                50.943223083530285
              ],
              [
                -46.88047806710222,
                50.968072564422826
              ],
              [
                -46.48288637282155,
                51.01777152620791
              ],
              [
                -46.259241044788666,
                51.01777152620791
              ],
              [
                -46.1598431212185,
                51.04262100710045
              ],
              [
                -45.563455579797484,
                50.91837360263774
              ],
              [
                -45.0416164810541,
                50.495932427464524
              ],
              [
                -45.01676700016156,
                50.29713658032419
              ],
              [
                -45.01676700016156,
                50.04864177139877
              ],
              [
                -44.84282063391376,
                49.52680267265538
              ],
              [
                -44.743422710343594,
                49.452254229977754
              ],
              [
                -44.47007842052563,
                49.32800682551505
              ],
              [
                -44.22158361160021,
                49.17890994015979
              ],
              [
                -43.82399191731953,
                48.95526461212691
              ],
              [
                -43.67489503196428,
                48.8310172076642
              ],
              [
                -43.37670126125377,
                48.657070841416406
              ],
              [
                -43.103356971435815,
                48.50797395606115
              ],
              [
                -42.854862162510386,
                48.48312447516861
              ],
              [
                -42.55666839179989,
                48.48312447516861
              ],
              [
                -42.28332410198192,
                48.50797395606115
              ],
              [
                -41.8608829268087,
                48.55767291784624
              ],
              [
                -41.48814071342057,
                48.5328234369537
              ],
              [
                -41.14024798092498,
                48.01098433821031
              ],
              [
                -41.0905490191399,
                47.812188491069975
              ],
              [
                -40.941452133784644,
                47.389747315896756
              ],
              [
                -40.9166026528921,
                47.141252506971334
              ],
              [
                -40.9166026528921,
                46.793359774475746
              ],
              [
                -41.0905490191399,
                46.47031652287269
              ],
              [
                -41.29736411159331,
                46.110106501031645
              ],
              [
                -41.33129603816483,
                45.97437879474557
              ],
              [
                -41.43309181787939,
                45.82734044626899
              ],
              [
                -41.580130166355964,
                45.748165950935444
              ],
              [
                -41.62537273511799,
                45.748165950935444
              ],
              [
                -41.80634301016609,
                45.71423402436393
              ],
              [
                -41.885517505499635,
                45.668991455601905
              ],
              [
                -41.97600264302368,
                45.56719567588735
              ],
              [
                -42.06648778054773,
                45.4767105383633
              ],
              [
                -42.15697291807178,
                45.44277861179178
              ],
              [
                -42.383185761881904,
                45.43146796960127
              ],
              [
                -42.62070924788254,
                45.40884668522026
              ],
              [
                -42.711194385406586,
                45.38622540083925
              ],
              [
                -42.93740722921671,
                45.250497694553175
              ],
              [
                -43.107066862074305,
                45.08083806169558
              ],
              [
                -43.19755199959835,
                44.945110355409504
              ],
              [
                -43.33327970588443,
                44.7415187959804
              ],
              [
                -43.45769676998,
                44.5718591631228
              ],
              [
                -43.548181907504045,
                44.436131456836726
              ],
              [
                -43.67259897159961,
                44.25516118178863
              ],
              [
                -43.76308410912366,
                44.130744117693055
              ],
              [
                -43.876190531028726,
                44.04025898016901
              ],
              [
                -43.898811815409736,
                44.04025898016901
              ],
              [
                -44.06847144826733,
                44.04025898016901
              ],
              [
                -44.14764594360088,
                44.09681219112154
              ],
              [
                -44.22682043893442,
                44.09681219112154
              ],
              [
                -44.40779071398252,
                43.98370576921648
              ],
              [
                -44.58876098903062,
                43.81404613635888
              ],
              [
                -44.826284475031244,
                43.633075861310786
              ],
              [
                -44.9280802547458,
                43.50865879721522
              ],
              [
                -45.075118603222386,
                43.31637787997661
              ],
              [
                -45.19953566731795,
                43.13540760492852
              ],
              [
                -45.31264208922301,
                42.909194761118385
              ],
              [
                -45.459680437699596,
                42.72822448607029
              ],
              [
                -45.550165575223645,
                42.54725421102219
              ],
              [
                -45.58409750179516,
                42.34366265159308
              ],
              [
                -45.56147621741415,
                42.23055622968802
              ],
              [
                -45.48230172208061,
                42.117449807782954
              ],
              [
                -45.14298245636542,
                41.8346837530203
              ],
              [
                -44.70186741093568,
                41.72157733111524
              ],
              [
                -44.49827585150656,
                41.66502412016271
              ],
              [
                -44.2777759768289,
                41.52167770024717
              ],
              [
                -43.98743396048683,
                40.72399436695662
              ],
              [
                -43.900557726092295,
                40.44405983390756
              ],
              [
                -43.8908813223999,
                40.2984105398898
              ],
              [
                -43.826552044941394,
                40.05028332683557
              ],
              [
                -43.81736214816161,
                39.8940550815792
              ],
              [
                -43.7530328707031,
                39.79296621700155
              ],
              [
                -43.651944006125454,
                39.71025714598347
              ],
              [
                -43.59680462544674,
                39.61835817818561
              ],
              [
                -43.50490565764887,
                39.54483900394732
              ],
              [
                -43.49571576086908,
                39.48050972648881
              ],
              [
                -43.54166524476802,
                39.38861075869095
              ],
              [
                -43.54166524476802,
                39.2875218941133
              ],
              [
                -43.569234935107374,
                39.168053235976075
              ],
              [
                -43.62437431578609,
                39.0210148874995
              ],
              [
                -43.64275410934567,
                38.87397653902291
              ],
              [
                -43.70708338680417,
                38.736128087326115
              ],
              [
                -43.72546318036375,
                38.57989984206975
              ],
              [
                -43.84493183850097,
                38.37772211291445
              ],
              [
                -44.105059764493944,
                38.289583958144895
              ],
              [
                -44.262756218111576,
                38.2297680619451
              ],
              [
                -44.44220390671096,
                38.2297680619451
              ],
              [
                -44.58902474283772,
                38.240643679435976
              ],
              [
                -44.714094343982744,
                38.29502176689033
              ],
              [
                -44.86091518010951,
                38.27870834065402
              ],
              [
                -44.96423354627278,
                38.2297680619451
              ],
              [
                -45.08386533867237,
                38.2297680619451
              ],
              [
                -45.165432469853904,
                38.25695710567228
              ],
              [
                -45.26331302727175,
                38.34396204559925
              ],
              [
                -45.32312892347154,
                38.39834013305361
              ],
              [
                -45.43732290712569,
                38.44184260301709
              ],
              [
                -45.584143743252454,
                38.42009136803535
              ],
              [
                -45.6983377269066,
                38.376588898071866
              ],
              [
                -45.828845136797064,
                38.29502176689033
              ],
              [
                -45.90497445923316,
                38.2297680619451
              ],
              [
                -46.002855016651004,
                38.18082778323618
              ],
              [
                -46.10617338281428,
                38.164514356999874
              ],
              [
                -46.19861613148669,
                38.186265591981616
              ],
              [
                -46.280183262668224,
                38.20801682696336
              ],
              [
                -46.34543696761345,
                38.21345463570879
              ],
              [
                -46.47594437750391,
                38.15907654825444
              ],
              [
                -46.57382493492175,
                38.12644969578182
              ],
              [
                -46.69345672732134,
                38.099260652054646
              ],
              [
                -46.878342224666156,
                38.12644969578182
              ],
              [
                -47.030600869538354,
                38.164514356999874
              ],
              [
                -47.373182820500816,
                38.21345463570879
              ],
              [
                -47.471063377918654,
                38.21345463570879
              ],
              [
                -47.63963544902717,
                38.17538997449074
              ],
              [
                -47.76470505017218,
                38.09926065205464
              ],
              [
                -47.88433684257177,
                38.006817903382235
              ],
              [
                -47.949590547517,
                37.919812963455264
              ],
              [
                -47.98765520873505,
                37.84368364101916
              ],
              [
                -48.0257198699531,
                37.745803083601324
              ],
              [
                -48.07466014866202,
                37.658798143674346
              ],
              [
                -48.16166508858899,
                37.63160909994717
              ],
              [
                -48.27585907224314,
                37.6207334824563
              ],
              [
                -48.395490864642724,
                37.626171291201736
              ],
              [
                -48.449868952097084,
                37.691424996146964
              ],
              [
                -48.50968484829688,
                37.7729921273285
              ],
              [
                -48.59668978822385,
                37.79474336231024
              ],
              [
                -48.67281911065995,
                37.78386774481937
              ],
              [
                -48.70000815438713,
                37.729489657365015
              ],
              [
                -48.74351062435061,
                37.691424996146964
              ],
              [
                -48.87401803424107,
                37.65336033492891
              ],
              [
                -48.96646078291348,
                37.642484717438045
              ],
              [
                -49.042590105349575,
                37.63160909994717
              ],
              [
                -49.11871942778568,
                37.56635539500194
              ],
              [
                -49.1676597064946,
                37.51741511629302
              ],
              [
                -49.21116217645808,
                37.446723602602354
              ],
              [
                -49.24922683767613,
                37.397783323893435
              ],
              [
                -49.29816711638505,
                37.36515647142082
              ],
              [
                -49.3960476738029,
                37.359718662675384
              ],
              [
                -49.553744127420536,
                37.37059428016626
              ],
              [
                -49.64618687609294,
                37.37059428016626
              ],
              [
                -49.78756990347427,
                37.327091810202774
              ],
              [
                -49.831072373437756,
                37.24552467902124
              ],
              [
                -49.82563456469232,
                37.14220631285796
              ],
              [
                -49.79844552096514,
                37.07695260791273
              ],
              [
                -49.793007712219705,
                36.98450985924032
              ],
              [
                -49.793007712219705,
                36.89750491931335
              ],
              [
                -49.82019675594688,
                36.843126831858996
              ],
              [
                -49.8528236084195,
                36.805062170640944
              ],
              [
                -50.05946034074606,
                36.74524627444115
              ],
              [
                -50.28784830805436,
                36.77787312691376
              ],
              [
                -50.4618581879083,
                36.88119149307704
              ],
              [
                -50.83706699134336,
                36.98994766798576
              ],
              [
                -51.11439523736058,
                36.98450985924032
              ],
              [
                -51.35365882215975,
                36.98994766798576
              ],
              [
                -51.9409421666668,
                36.95188300676771
              ],
              [
                -52.093200811539,
                36.95188300676771
              ],
              [
                -52.25633507390207,
                36.984509859240326
              ],
              [
                -52.39228029253796,
                37.06607699042186
              ],
              [
                -52.49016084995581,
                37.14220631285796
              ],
              [
                -52.59891702486452,
                37.21833563529406
              ],
              [
                -52.84905622715456,
                37.40865894138431
              ],
              [
                -52.94149897582697,
                37.51741511629302
              ],
              [
                -53.03394172449938,
                37.61529567371087
              ],
              [
                -53.13726009066266,
                37.67511156991066
              ],
              [
                -53.27864311804398,
                37.696862804892405
              ],
              [
                -53.392837101698134,
                37.65879814367435
              ],
              [
                -53.44177738040705,
                37.555479777511074
              ],
              [
                -53.430901762916186,
                37.49022607256585
              ],
              [
                -53.39827491044357,
                37.37059428016626
              ],
              [
                -53.36564805797096,
                37.2400868702758
              ],
              [
                -53.38196148420726,
                37.16939535658514
              ],
              [
                -53.49071765911597,
                37.087828225403605
              ],
              [
                -53.583160407788384,
                37.049763564185554
              ],
              [
                -53.6919165826971,
                37.017136711712936
              ],
              [
                -53.78979714011494,
                37.000823285476635
              ],
              [
                -53.914866741259964,
                37.017136711712936
              ],
              [
                -54.00730948993237,
                37.06607699042186
              ],
              [
                -54.06168757738673,
                37.125892886621656
              ],
              [
                -54.17044375229544,
                37.1476441216034
              ],
              [
                -54.25744869222241,
                37.11501726913078
              ],
              [
                -54.65440873063922,
                37.02801232920381
              ],
              [
                -54.839294227984034,
                36.97907205049489
              ],
              [
                -55.01874191658341,
                36.92469396304053
              ],
              [
                -55.192751796437356,
                36.89206711056792
              ],
              [
                -55.32325920632781,
                36.85400244934987
              ],
              [
                -55.480955659945444,
                36.81593778813182
              ],
              [
                -55.61146306983591,
                36.74524627444116
              ],
              [
                -55.709343627253745,
                36.669116952005055
              ],
              [
                -55.747408288471796,
                36.57667420333265
              ],
              [
                -55.780035140944406,
                36.45160460218763
              ],
              [
                -55.8235376109079,
                36.35916185351522
              ],
              [
                -55.84528884588964,
                36.26128129609738
              ],
              [
                -55.883353507107685,
                36.19602759115215
              ],
              [
                -55.986671873270964,
                36.17971416491584
              ],
              [
                -56.11717928316143,
                36.163400738679535
              ],
              [
                -56.55764179154172,
                36.19058978240671
              ],
              [
                -56.775154141359145,
                36.22321663487933
              ],
              [
                -57.1340495185579,
                36.337410618533475
              ],
              [
                -57.335248442139026,
                36.34828623602435
              ],
              [
                -57.50382051324753,
                36.38091308849696
              ],
              [
                -57.6506413493743,
                36.39722651473327
              ],
              [
                -57.819213420482804,
                36.44616679344219
              ],
              [
                -57.971472065355,
                36.51142049838742
              ],
              [
                -58.07479043151828,
                36.631052290787004
              ],
              [
                -58.205297841408736,
                36.718057230713974
              ],
              [
                -58.37930772126268,
                36.74524627444116
              ],
              [
                -58.54244198362575,
                36.718057230713974
              ],
              [
                -58.90677516956994,
                36.620176673296136
              ],
              [
                -58.99378010949691,
                36.65824133451419
              ],
              [
                -59.053596005696704,
                36.718057230713974
              ],
              [
                -59.10253628440563,
                36.78874874440464
              ],
              [
                -59.146038754369116,
                36.89206711056792
              ],
              [
                -59.27110835551413,
                36.97907205049489
              ],
              [
                -59.3417998692048,
                37.071514799167296
              ],
              [
                -59.385302339168284,
                37.1476441216034
              ],
              [
                -59.41249138289546,
                37.2400868702758
              ],
              [
                -59.46143166160439,
                37.327091810202774
              ],
              [
                -59.48862070533156,
                37.38690770640257
              ]
            ]
          ]
        ]
      }
    },
    {
      "type": "Feature",
      "properties": {
        "uuid": "0ddfd148-b8d7-4cf5-ad47-821d7ef37b96",
        "layer_id": "udk_nat_domains_pg",
        "timeframe": null,
        "feature_class": "Domain",
        "feature_rank": 1,
        "is_visible": true,
        "is_labeled": true,
        "needs_review": false,
        "review_notes": null,
        "img_url": null,
        "last_edited": "2026-07-14",
        "last_editor": "postgres",
        "name_en": "Old Shanatar",
        "name_ru": "Старый Шанатар",
        "name_abb_en": null,
        "name_abb_ru": null,
        "label_en": "Old Shanatar",
        "label_ru": "Старый Шанатар",
        "descr_en": "https://forgottenrealms.fandom.com/wiki/Old_Shanatar",
        "descr_ru": "Крупная область Подземья, простирающаяся на сотни миль под западным Фаэруном, включая земли Амна, Тетира и Калимшана. Она характеризуется обширными нерукотворными тоннелями и залами, некоторые из которых имеют огромные размеры, и некогда была местом расположения дварфийского царства Глубинного Шанатара.",
        "descr_html_en": "<!DOCTYPE HTML PUBLIC \"-//W3C//DTD HTML 4.0//EN\" \"http://www.w3.org/TR/REC-html40/strict.dtd\">\n<html><head><meta name=\"qrichtext\" content=\"1\" /><style type=\"text/css\">\np, li { white-space: pre-wrap; }\n</style></head><body style=\" font-family:'MS Shell Dlg 2'; font-size:10pt; font-weight:400; font-style:normal;\">\n<p style=\" margin-top:0px; margin-bottom:0px; margin-left:0px; margin-right:0px; -qt-block-indent:0; text-indent:0px;\">—</p></body></html>",
        "descr_html_ru": null,
        "url_en": "https://forgottenrealms.fandom.com/wiki/Old_Shanatar",
        "url_ru": null,
        "source_name": "WotC Underdark 3e",
        "source_url": "https://forgottenrealms.fandom.com/wiki/Underdark_(sourcebook)",
        "dnd_editions_str": "5e, 3e",
        "feature_levels_str": "Lowerdark, Middledark, Upperdark",
        "extra_str": "topical_tags: [\"underdark\", \"domain\", \"tunnels\", \"halls\", \"western_faerun\"] | related_cultures_tags: [\"dwarf\", \"drow\", \"mind_flayers\", \"duergar\"] | related_location_tags: [\"Amn\", \"Tethyr\", \"Calimshan\", \"Northdark\", \"Upperdark\", \"Middledark\", \"Lowerdark\"]",
        "location_en": "western Faerûn → Underdark",
        "name_alt_en_str": null,
        "location_ru": "западный Фаэрун → Подземье",
        "name_alt_ru_str": null,
        "geog_extent_area_sq_km": 1424598.0,
        "geog_extent_area_sq_miles": 550040.0,
        "geog_extent_perimeter_km": 5942.0,
        "geog_extent_perimeter_miles": 3692.0,
        "geog_extent_centroid_md": "28° 41′ 00″ N 012° 34′ 35″ W",
        "geog_extent_centroid_fria": "28° 41′ 00″ N 066° 03′ 29″ W",
        "geog_extent_length_km": null,
        "geog_extent_length_miles": null,
        "geog_extent_bbox_md": {
          "east": -6.068495170531,
          "west": -20.883103620143,
          "north": 34.92574259020673,
          "south": 21.108379324229492
        },
        "geog_extent_bbox_fria": {
          "east": -59.549996658521124,
          "west": -74.36460510813252,
          "north": 34.92574259020673,
          "south": 21.108379324229492
        },
        "name_it": "Antico Shanatar",
        "name_abb_it": null,
        "label_it": "Antico Shanatar",
        "descr_it": "Un importante dominio del Sottosuolo che si estende per centinaia di miglia sotto la Faerûn occidentale, includendo le terre di Amn, Tethyr e Calimshan. È caratterizzato da estesi tunnel e sale non naturali, alcuni di scala immensa, e un tempo era il sito del reame nanico di Deep Shanatar.",
        "descr_html_it": null,
        "url_it": null,
        "location_it": "Faerûn occidentale → Underdark",
        "name_alt_it_str": null,
        "topical_tags": "underdark, domain, tunnels, halls, western_faerun",
        "related_location_tags": "Amn, Tethyr, Calimshan, Northdark, Upperdark, Middledark, Lowerdark",
        "related_cultures_tags": "dwarf, drow, mind_flayers, duergar",
        "related_factions_tags": ""
      },
      "geometry": {
        "type": "MultiPolygon",
        "coordinates": [
          [
            [
              [
                -64.98631544436057,
                34.32839929952062
              ],
              [
                -65.61949933248785,
                34.364239896961784
              ],
              [
                -65.9181709778309,
                34.40008049440295
              ],
              [
                -66.33631128131118,
                34.435921091844115
              ],
              [
                -66.86197337711496,
                34.40008049440295
              ],
              [
                -67.18453875408547,
                34.35229303114806
              ],
              [
                -67.45931666780108,
                34.44786795765784
              ],
              [
                -67.6385196550069,
                34.54344288416762
              ],
              [
                -67.85356323965391,
                34.59123034742251
              ],
              [
                -68.11639428755579,
                34.53149601835389
              ],
              [
                -68.31949100638907,
                34.423974226030396
              ],
              [
                -68.47480026196746,
                34.28061183626573
              ],
              [
                -68.61816265173213,
                34.07751511743245
              ],
              [
                -68.70179071242819,
                33.946099593481506
              ],
              [
                -68.88099369963402,
                33.76689660627567
              ],
              [
                -69.0243560893987,
                33.61158735069728
              ],
              [
                -69.13187788172219,
                33.53990615581495
              ],
              [
                -69.3469214663692,
                33.50406555837378
              ],
              [
                -69.49028385613386,
                33.492118692560055
              ],
              [
                -69.7292211724083,
                33.57574675325611
              ],
              [
                -69.87258356217298,
                33.7310560088345
              ],
              [
                -69.96815848868275,
                33.91025899604034
              ],
              [
                -70.00399908612391,
                34.149196312314785
              ],
              [
                -70.13541461007486,
                34.29255870207945
              ],
              [
                -70.29072386565325,
                34.435921091844115
              ],
              [
                -70.3743519263493,
                34.47176168928529
              ],
              [
                -70.57744864518259,
                34.567336615795064
              ],
              [
                -70.78054536401586,
                34.686805273932286
              ],
              [
                -70.82833282727076,
                34.72264587137345
              ],
              [
                -70.99558894866286,
                34.79432706625578
              ],
              [
                -71.1270044726138,
                34.842114529510674
              ],
              [
                -71.23452626493732,
                34.889901992765566
              ],
              [
                -71.37788865470198,
                34.913795724393005
              ],
              [
                -71.46151671539803,
                34.92574259020673
              ],
              [
                -71.52125104446664,
                34.842114529510674
              ],
              [
                -71.56903850772153,
                34.72264587137345
              ],
              [
                -71.59293223934898,
                34.567336615795064
              ],
              [
                -71.61682597097642,
                34.34034616533434
              ],
              [
                -71.6048791051627,
                34.11335571487361
              ],
              [
                -71.58098537353526,
                33.96999332510895
              ],
              [
                -71.64071970260386,
                33.695215411393335
              ],
              [
                -71.67656030004503,
                33.56379988744239
              ],
              [
                -71.70045403167248,
                33.36070316860911
              ],
              [
                -71.72434776329992,
                33.0859252548935
              ],
              [
                -71.68850716585875,
                32.93061599931511
              ],
              [
                -71.62877283679015,
                32.739466146295555
              ],
              [
                -71.52125104446664,
                32.58415689071717
              ],
              [
                -71.42567611795687,
                32.45274136676622
              ],
              [
                -71.35399492307454,
                32.333272708628996
              ],
              [
                -71.29426059400592,
                32.2257509163055
              ],
              [
                -71.27036686237848,
                32.118229123982
              ],
              [
                -71.30620745981965,
                32.010707331658494
              ],
              [
                -71.48541044702547,
                31.879291807707553
              ],
              [
                -71.61682597097642,
                31.843451210266387
              ],
              [
                -71.83186955562343,
                31.80761061282522
              ],
              [
                -72.35753165142718,
                31.80761061282522
              ],
              [
                -72.60841583351535,
                31.81955747863894
              ],
              [
                -72.83540628397607,
                31.92707927096244
              ],
              [
                -73.08629046606424,
                31.92707927096244
              ],
              [
                -73.30133405071123,
                31.843451210266384
              ],
              [
                -73.77920868326014,
                31.66424822306055
              ],
              [
                -74.00619913372086,
                31.413364040972382
              ],
              [
                -74.17345525511297,
                31.270001651207714
              ],
              [
                -74.28097704743647,
                31.15053299307049
              ],
              [
                -74.34071137650508,
                31.01911746911955
              ],
              [
                -74.36460510813252,
                30.86380821354116
              ],
              [
                -74.29292391325019,
                30.66071149470788
              ],
              [
                -74.28097704743647,
                30.469561641688323
              ],
              [
                -74.25708331580903,
                30.314252386109935
              ],
              [
                -74.22124271836785,
                30.099208801462936
              ],
              [
                -74.14956152348552,
                29.848324619374765
              ],
              [
                -74.07788032860319,
                29.788590290306153
              ],
              [
                -73.91062420721107,
                29.681068497982654
              ],
              [
                -73.75531495163268,
                29.585493571472878
              ],
              [
                -73.62389942768174,
                29.50186551077682
              ],
              [
                -73.43274957466218,
                29.418237450080767
              ],
              [
                -73.28938718489752,
                29.382396852639598
              ],
              [
                -73.14602479513285,
                29.382396852639598
              ],
              [
                -72.96682180792702,
                29.454078047521932
              ],
              [
                -72.81151255234863,
                29.50186551077682
              ],
              [
                -72.5845221018879,
                29.56159983984543
              ],
              [
                -72.45310657793696,
                29.585493571472878
              ],
              [
                -72.38142538305462,
                29.50186551077682
              ],
              [
                -72.38142538305462,
                29.370449986825875
              ],
              [
                -72.48894717537813,
                29.262928194502376
              ],
              [
                -72.57257523607419,
                29.155406402178876
              ],
              [
                -72.60841583351535,
                28.988150280786762
              ],
              [
                -72.60841583351535,
                28.85673475683582
              ],
              [
                -72.4770003095644,
                28.426647587541815
              ],
              [
                -72.25000985910368,
                28.235497734522262
              ],
              [
                -72.0469131402704,
                28.11602907638504
              ],
              [
                -71.87965701887829,
                28.008507284061537
              ],
              [
                -71.74824149492734,
                27.86514489429687
              ],
              [
                -71.68850716585874,
                27.70983563871848
              ],
              [
                -71.64071970260385,
                27.43505772500287
              ],
              [
                -71.56903850772152,
                27.327535932679368
              ],
              [
                -71.27036686237848,
                26.73019264199326
              ],
              [
                -71.23452626493732,
                26.503202191532537
              ],
              [
                -71.23452626493732,
                26.335946070140423
              ],
              [
                -71.23452626493732,
                26.252318009444366
              ],
              [
                -71.23452626493732,
                26.04922129061109
              ],
              [
                -71.25841999656475,
                25.929752632473868
              ],
              [
                -71.35399492307454,
                25.798337108522922
              ],
              [
                -71.42567611795687,
                25.690815316199423
              ],
              [
                -71.68850716585877,
                25.392143670856363
              ],
              [
                -71.80797582399599,
                25.189046952023087
              ],
              [
                -71.86771015306459,
                25.033737696444696
              ],
              [
                -72.0349662744567,
                24.73506605110164
              ],
              [
                -72.11859433515276,
                24.508075600640918
              ],
              [
                -72.10664746933904,
                24.19745708948414
              ],
              [
                -72.16638179840766,
                24.030200968092025
              ],
              [
                -72.13054120096649,
                23.85099798088619
              ],
              [
                -71.9752319453881,
                23.77931678600386
              ],
              [
                -71.79602895818226,
                23.647901262052915
              ],
              [
                -71.68850716585877,
                23.600113798798027
              ],
              [
                -71.50930417865293,
                23.57622006717058
              ],
              [
                -71.30620745981965,
                23.56427320135686
              ],
              [
                -71.15089820424126,
                23.600113798798027
              ],
              [
                -70.9597483512217,
                23.62400753042547
              ],
              [
                -70.72081103494726,
                23.62400753042547
              ],
              [
                -70.50576745030025,
                23.56427320135686
              ],
              [
                -70.29072386565326,
                23.420910811592194
              ],
              [
                -70.15930834170231,
                23.31338901926869
              ],
              [
                -69.94426475705531,
                23.11029230043541
              ],
              [
                -69.76506176984948,
                22.966929910670746
              ],
              [
                -69.64559311171226,
                22.907195581602135
              ],
              [
                -69.38276206381036,
                22.907195581602135
              ],
              [
                -69.22745280823197,
                22.931089313229577
              ],
              [
                -69.04824982102615,
                22.97887677648447
              ],
              [
                -68.92878116288892,
                23.074451702994246
              ],
              [
                -68.61816265173213,
                23.181973495317745
              ],
              [
                -68.53453459103608,
                23.229760958572633
              ],
              [
                -68.45090653034003,
                23.31338901926869
              ],
              [
                -68.25975667732047,
                23.3731233483373
              ],
              [
                -68.10444742174208,
                23.325335885082414
              ],
              [
                -68.02081936104602,
                23.265601556013802
              ],
              [
                -67.87745697128136,
                23.265601556013802
              ],
              [
                -67.72214771570297,
                23.337282750896136
              ],
              [
                -67.60267905756575,
                23.504538872288247
              ],
              [
                -67.50710413105597,
                23.56427320135686
              ],
              [
                -67.42347607035991,
                23.540379469729416
              ],
              [
                -67.28011368059525,
                23.480645140660805
              ],
              [
                -67.18453875408547,
                23.34922961670986
              ],
              [
                -67.12480442501686,
                23.277548421827525
              ],
              [
                -67.0889638275757,
                23.277548421827525
              ],
              [
                -66.89781397455613,
                23.31338901926869
              ],
              [
                -66.79029218223263,
                23.34922961670986
              ],
              [
                -66.62303606084052,
                23.30144215345497
              ],
              [
                -66.52746113433075,
                23.20586722694519
              ],
              [
                -66.37215187875236,
                23.062504837180523
              ],
              [
                -66.08542709922303,
                22.895248715788412
              ],
              [
                -65.94206470945835,
                22.811620655092355
              ],
              [
                -65.54781813760552,
                22.787726923464913
              ],
              [
                -65.39250888202713,
                22.787726923464913
              ],
              [
                -65.0579966392429,
                22.97887677648447
              ],
              [
                -64.9504748469194,
                23.0505579713668
              ],
              [
                -64.80711245715474,
                23.09834543462169
              ],
              [
                -64.58012200669401,
                23.134186032062857
              ],
              [
                -64.46065334855679,
                23.122239166249134
              ],
              [
                -64.28145036135096,
                23.014717373925635
              ],
              [
                -64.09030050833141,
                22.88330184997469
              ],
              [
                -63.86331005787068,
                22.751886326023744
              ],
              [
                -63.70800080229229,
                22.584630204631633
              ],
              [
                -63.409329156949234,
                22.34569288835719
              ],
              [
                -63.30180736462573,
                22.214277364406243
              ],
              [
                -63.1976787649594,
                22.211166937803856
              ],
              [
                -63.06336488894714,
                22.26772014875639
              ],
              [
                -63.006811677994605,
                22.331342511077985
              ],
              [
                -62.94318931567301,
                22.40203402476865
              ],
              [
                -62.86542865061328,
                22.458587235721183
              ],
              [
                -62.76646053144635,
                22.508071295304646
              ],
              [
                -62.65335410954128,
                22.53634790078091
              ],
              [
                -62.52610938489809,
                22.585831960364377
              ],
              [
                -62.42714126573116,
                22.59997026310251
              ],
              [
                -62.3352422979333,
                22.61410856584064
              ],
              [
                -62.200928421921034,
                22.550486203519043
              ],
              [
                -62.15851351370664,
                22.493932992566513
              ],
              [
                -62.13730605959944,
                22.430310630244914
              ],
              [
                -62.17265181644477,
                22.30306590560172
              ],
              [
                -62.26455078424263,
                22.22530524054199
              ],
              [
                -62.342311449302365,
                22.154613726851323
              ],
              [
                -62.42007211436209,
                22.06271475905346
              ],
              [
                -62.44834871983836,
                21.992023245362795
              ],
              [
                -62.321103995195166,
                21.914262580303067
              ],
              [
                -62.12316775686131,
                21.815294461136133
              ],
              [
                -62.0807528486469,
                21.808225309767067
              ],
              [
                -62.01713048632531,
                21.794087007028935
              ],
              [
                -61.571773950074125,
                21.55373586048068
              ],
              [
                -61.352630257633066,
                21.461836892682815
              ],
              [
                -61.16883232203733,
                21.348730470777753
              ],
              [
                -61.04865674876321,
                21.278038957087087
              ],
              [
                -60.82244390495308,
                21.179070837920158
              ],
              [
                -60.659853423464554,
                21.108379324229492
              ],
              [
                -60.54674700155949,
                21.11544847559856
              ],
              [
                -60.461917185130694,
                21.11544847559856
              ],
              [
                -60.37708736870189,
                21.164932535182025
              ],
              [
                -60.27811924953497,
                21.24976235161082
              ],
              [
                -60.25691179542777,
                21.320453865301484
              ],
              [
                -60.228635189951504,
                21.39114537899215
              ],
              [
                -60.20035858447523,
                21.46890604405188
              ],
              [
                -60.1862202817371,
                21.596150768695075
              ],
              [
                -60.179151130368034,
                21.70925719060014
              ],
              [
                -60.157943676260835,
                21.772879552921736
              ],
              [
                -60.101390465308306,
                21.871847672088666
              ],
              [
                -60.02362980024857,
                21.977884942624662
              ],
              [
                -59.889315924236314,
                22.253581846018253
              ],
              [
                -59.79034780506938,
                22.345480813816117
              ],
              [
                -59.73379459411685,
                22.394964873399584
              ],
              [
                -59.62775732358085,
                22.46565638709025
              ],
              [
                -59.57120411262832,
                22.50100214393558
              ],
              [
                -59.549996658521124,
                22.529278749411844
              ],
              [
                -59.549996658521124,
                22.57876280899531
              ],
              [
                -59.57120411262832,
                22.649454322685976
              ],
              [
                -59.67017223179525,
                22.727214987745704
              ],
              [
                -59.76914035096218,
                22.79790650143637
              ],
              [
                -59.903454226974446,
                22.889805469234233
              ],
              [
                -60.08018301120111,
                22.988773588401163
              ],
              [
                -60.22156603858244,
                23.066534253460894
              ],
              [
                -60.38415652007096,
                23.25033218905662
              ],
              [
                -60.47605548786883,
                23.398784367807018
              ],
              [
                -60.65278427209549,
                23.632066362986208
              ],
              [
                -60.75882154263148,
                23.766380238998472
              ],
              [
                -60.82951305632215,
                23.8653483581654
              ],
              [
                -60.88606626727468,
                23.999662234177663
              ],
              [
                -60.90727372138188,
                24.126906958820857
              ],
              [
                -60.95675778096534,
                24.254151683464055
              ],
              [
                -60.90020457001281,
                24.44501877042885
              ],
              [
                -60.90020457001281,
                24.551056040964845
              ],
              [
                -60.78002899673868,
                24.650024160131775
              ],
              [
                -60.659853423464554,
                24.713646522453374
              ],
              [
                -60.553816152928555,
                24.748992279298704
              ],
              [
                -60.412433125547224,
                24.97520512310883
              ],
              [
                -60.32760330911843,
                25.173141361442692
              ],
              [
                -60.299326703642166,
                25.31452438882402
              ],
              [
                -60.28518840090403,
                25.448838264836283
              ],
              [
                -60.157943676260835,
                25.646774503170143
              ],
              [
                -60.09432131393924,
                25.78815753055147
              ],
              [
                -60.016560648879505,
                26.007301222992528
              ],
              [
                -60.00949149751044,
                26.155753401742924
              ],
              [
                -60.016560648879505,
                26.26179067227892
              ],
              [
                -60.24984264405872,
                26.6859397544229
              ],
              [
                -60.28518840090405,
                26.84853023591143
              ],
              [
                -60.214496887213386,
                27.011120717399955
              ],
              [
                -60.10139046530832,
                27.103019685197822
              ],
              [
                -59.988284043403254,
                27.15957289615035
              ],
              [
                -59.84690101602193,
                27.25854101531728
              ],
              [
                -59.79741695643847,
                27.350439983115145
              ],
              [
                -59.8115552591766,
                27.548376221449004
              ],
              [
                -59.81862441054567,
                27.647344340615934
              ],
              [
                -59.819260634168856,
                27.950116093753056
              ],
              [
                -59.86704809742375,
                28.081531617704
              ],
              [
                -60.010410487188416,
                28.248787739096112
              ],
              [
                -60.12987914532564,
                28.39215012886078
              ],
              [
                -60.27324153509031,
                28.65498117676267
              ],
              [
                -60.36881646160008,
                28.726662371645006
              ],
              [
                -60.59580691206081,
                28.893918493037116
              ],
              [
                -60.72722243601175,
                29.03728088280178
              ],
              [
                -60.894478557403865,
                29.156749540939003
              ],
              [
                -61.0736815446097,
                29.324005662331118
              ],
              [
                -61.20509706856064,
                29.49126178372323
              ],
              [
                -61.33651259251159,
                29.694358502556508
              ],
              [
                -61.45598125064881,
                29.86161462394862
              ],
              [
                -61.503768713903696,
                29.993030147899564
              ],
              [
                -61.503768713903696,
                30.208073732546566
              ],
              [
                -61.45598125064881,
                30.375329853938677
              ],
              [
                -61.30067199507042,
                30.6023203043994
              ],
              [
                -61.228990800188086,
                30.853204486487567
              ],
              [
                -61.03784094716853,
                31.06824807113457
              ],
              [
                -60.966159752286195,
                31.19966359508551
              ],
              [
                -60.882531691590145,
                31.378866582291344
              ],
              [
                -60.77500989926664,
                31.581963301124624
              ],
              [
                -60.691381838570585,
                31.785060019957903
              ],
              [
                -60.60775377787453,
                31.97620987297746
              ],
              [
                -60.59580691206081,
                32.15541286018329
              ],
              [
                -60.57191318043336,
                32.322668981575404
              ],
              [
                -60.60775377787453,
                32.50187196878124
              ],
              [
                -60.73916930182547,
                32.66912809017335
              ],
              [
                -60.91837228903131,
                32.800543614124294
              ],
              [
                -61.02589408135481,
                32.89611854063407
              ],
              [
                -61.33651259251159,
                33.063374662026185
              ],
              [
                -61.44403438483509,
                33.063374662026185
              ],
              [
                -61.75465289599187,
                33.075321527839904
              ],
              [
                -62.06527140714864,
                33.09921525946735
              ],
              [
                -62.23252752854076,
                33.09921525946735
              ],
              [
                -62.650667832021036,
                33.08726839365363
              ],
              [
                -63.14048933038365,
                33.02753406458502
              ],
              [
                -63.35553291503065,
                33.08726839365363
              ],
              [
                -63.58252336549137,
                33.14700272272224
              ],
              [
                -63.71393888944232,
                33.29036511248691
              ],
              [
                -63.84535441339326,
                33.4456743680653
              ],
              [
                -63.95287620571676,
                33.541249294575074
              ],
              [
                -64.07234486385398,
                33.63682422108485
              ],
              [
                -64.14402605873632,
                33.67266481852602
              ],
              [
                -64.31128218012843,
                33.70850541596719
              ],
              [
                -64.50243203314798,
                33.732399147594634
              ],
              [
                -64.5621663622166,
                33.744346013408354
              ],
              [
                -64.70552875198126,
                33.816027208290684
              ],
              [
                -64.7772099468636,
                33.88770840317302
              ],
              [
                -64.98631544436057,
                34.32839929952062
              ]
            ]
          ]
        ]
      }
    },
    {
      "type": "Feature",
      "properties": {
        "uuid": "27b9b3fe-0b06-4687-8dc3-027a95c27775",
        "layer_id": "udk_nat_domains_pg",
        "timeframe": null,
        "feature_class": "Domain",
        "feature_rank": 1,
        "is_visible": true,
        "is_labeled": true,
        "needs_review": false,
        "review_notes": null,
        "img_url": null,
        "last_edited": "2026-07-14",
        "last_editor": "postgres",
        "name_en": "Earthroot",
        "name_ru": "Корень Земли",
        "name_abb_en": null,
        "name_abb_ru": null,
        "label_en": "Earthroot",
        "label_ru": "Корень Земли",
        "descr_en": "https://forgottenrealms.fandom.com/wiki/Earthroot",
        "descr_ru": "Огромная подземная область в Подземье, лежащая под Неприступным Востоком, Тэем и Горами Восхода. Она содержит царство дуэргаров Фраазуммдин, часть города дроу Ундрек'Тоз, руины древних империй и скрытое царство Глубинного Имаскара под Бескрайними Пустошами.",
        "descr_html_en": "<!DOCTYPE HTML PUBLIC \"-//W3C//DTD HTML 4.0//EN\" \"http://www.w3.org/TR/REC-html40/strict.dtd\">\n<html><head><meta name=\"qrichtext\" content=\"1\" /><style type=\"text/css\">\np, li { white-space: pre-wrap; }\n</style></head><body style=\" font-family:'MS Shell Dlg 2'; font-size:10pt; font-weight:400; font-style:normal;\">\n<p style=\" margin-top:0px; margin-bottom:0px; margin-left:0px; margin-right:0px; -qt-block-indent:0; text-indent:0px;\">—</p></body></html>",
        "descr_html_ru": null,
        "url_en": "https://forgottenrealms.fandom.com/wiki/Earthroot",
        "url_ru": null,
        "source_name": "WotC Underdark 3e",
        "source_url": "https://forgottenrealms.fandom.com/wiki/Underdark_(sourcebook)",
        "dnd_editions_str": "5e, 3e",
        "feature_levels_str": "Lowerdark, Middledark, Upperdark",
        "extra_str": "topical_tags: [\"underdark\", \"subterranean\", \"domain\", \"caves\", \"tunnels\", \"ruins\", \"hidden\"] | related_cultures_tags: [\"duergar\", \"drow\", \"Imaskari\"] | related_location_tags: [\"Underdark\", \"Unapproachable East\", \"Thay\", \"Sunrise Mountains\", \"Dust Desert\", \"Endless Wastes\", \"Fraaszummdin\", \"Undrek'Thoz\"]",
        "location_en": "eastern Faerûn → Underdark",
        "name_alt_en_str": null,
        "location_ru": "восточный Фаэрун → Подземье",
        "name_alt_ru_str": null,
        "geog_extent_area_sq_km": 1968271.0,
        "geog_extent_area_sq_miles": 759953.0,
        "geog_extent_perimeter_km": 7157.0,
        "geog_extent_perimeter_miles": 4447.0,
        "geog_extent_centroid_md": "36° 53′ 40″ N 017° 39′ 27″ E",
        "geog_extent_centroid_fria": "36° 53′ 40″ N 035° 49′ 26″ W",
        "geog_extent_length_km": null,
        "geog_extent_length_miles": null,
        "geog_extent_bbox_md": {
          "east": 26.820757638012,
          "west": 9.203725511161,
          "north": 45.399814141317016,
          "south": 27.423365151409126
        },
        "geog_extent_bbox_fria": {
          "east": -26.66074384997848,
          "west": -44.2777759768289,
          "north": 45.399814141317016,
          "south": 27.423365151409126
        },
        "name_it": "Radice della Terra",
        "name_abb_it": null,
        "label_it": "Radice della Terra",
        "descr_it": "Un vasto dominio sotterraneo nel Sottosuolo, situato sotto l'Irraggiungibile Est, Thay e le Montagne del Sole Nascente. Contiene il reame dei duergar di Fraaszummdin, parte della città degli elfi scuri di Undrek'Thoz, rovine di antichi imperi e il reame nascosto di Deep Imaskar sotto le Terre dell'Orda.",
        "descr_html_it": null,
        "url_it": null,
        "location_it": "Faerûn orientale → Underdark",
        "name_alt_it_str": null,
        "topical_tags": "underdark, subterranean, domain, caves, tunnels, ruins, hidden",
        "related_location_tags": "Underdark, Unapproachable East, Thay, Sunrise Mountains, Dust Desert, Endless Wastes, Fraaszummdin, Undrek'Thoz",
        "related_cultures_tags": "duergar, drow, Imaskari",
        "related_factions_tags": ""
      },
      "geometry": {
        "type": "MultiPolygon",
        "coordinates": [
          [
            [
              [
                -44.2777759768289,
                41.52167770024717
              ],
              [
                -44.02964876377467,
                41.47572821634824
              ],
              [
                -43.74476196360129,
                41.48491811312802
              ],
              [
                -43.59772361512471,
                41.494108009907805
              ],
              [
                -43.31283681495133,
                41.47572821634824
              ],
              [
                -43.01876011799817,
                41.55843728736631
              ],
              [
                -42.862531872741805,
                41.65033625516418
              ],
              [
                -42.697113730705645,
                41.78818470686097
              ],
              [
                -42.51331579510992,
                41.971982642456695
              ],
              [
                -42.40303703375248,
                42.11902099093328
              ],
              [
                -42.3295178595142,
                42.25686944263008
              ],
              [
                -42.20085930459719,
                42.3763381007673
              ],
              [
                -42.07220074968018,
                42.449857275005584
              ],
              [
                -41.915972504423806,
                42.606085520261956
              ],
              [
                -41.79650384628658,
                42.734744075178966
              ],
              [
                -41.70460487848872,
                42.826643042976826
              ],
              [
                -41.54837663323236,
                42.927731907554474
              ],
              [
                -41.50242714933342,
                42.955301597893836
              ],
              [
                -41.35538880085684,
                42.85421273331619
              ],
              [
                -41.24511003949941,
                42.753123868738534
              ],
              [
                -41.134831278141974,
                42.6428451073811
              ],
              [
                -41.03374241356432,
                42.56932593314281
              ],
              [
                -40.94184344576646,
                42.4406673782258
              ],
              [
                -40.83156468440902,
                42.43147748144602
              ],
              [
                -40.73966571661116,
                42.45904717178537
              ],
              [
                -40.5099182971165,
                42.55094613958324
              ],
              [
                -40.362879948639915,
                42.661224900940674
              ],
              [
                -40.234221393722905,
                42.753123868738534
              ],
              [
                -40.059613354906965,
                42.789883455857684
              ],
              [
                -39.91257500643039,
                42.789883455857684
              ],
              [
                -39.69201748371552,
                42.80826324941725
              ],
              [
                -39.50821954811978,
                42.753123868738534
              ],
              [
                -39.278472128625125,
                42.68879459128003
              ],
              [
                -39.16819336726769,
                42.661224900940674
              ],
              [
                -39.03034491557089,
                42.661224900940674
              ],
              [
                -38.929256050993246,
                42.72555417839918
              ],
              [
                -38.72707832183795,
                42.872592526875756
              ],
              [
                -38.59841976692094,
                42.93692180433426
              ],
              [
                -38.377862244206064,
                43.056390462471484
              ],
              [
                -38.203254205390124,
                43.14828943026935
              ],
              [
                -37.99188657945504,
                43.230998501287424
              ],
              [
                -37.890797714877394,
                43.26775808840657
              ],
              [
                -37.64267050182316,
                43.341277262644866
              ],
              [
                -37.458872566227434,
                43.42398633366294
              ],
              [
                -37.247504940292345,
                43.59859437247888
              ],
              [
                -37.16479586927427,
                43.69968323705653
              ],
              [
                -36.97180803689876,
                43.87429127587247
              ],
              [
                -36.77882020452324,
                43.93862055333098
              ],
              [
                -36.42041423011159,
                43.984570037229915
              ],
              [
                -35.9425395975627,
                44.05808921146821
              ],
              [
                -35.55656393281167,
                44.12241848892671
              ],
              [
                -35.188968061620216,
                44.26026694062351
              ],
              [
                -35.00517012602449,
                44.35216590842137
              ],
              [
                -34.84894188076812,
                44.5359638440171
              ],
              [
                -34.711093429071326,
                44.72895167639261
              ],
              [
                -34.637574254833034,
                44.87599002486919
              ],
              [
                -34.50891569991603,
                45.068977857244704
              ],
              [
                -34.39863693855859,
                45.21601620572129
              ],
              [
                -34.25159859008201,
                45.30791517351915
              ],
              [
                -34.08618044804585,
                45.363054554197866
              ],
              [
                -33.893192615670344,
                45.399814141317016
              ],
              [
                -33.64506540261611,
                45.3446747606383
              ],
              [
                -33.553166434818245,
                45.243585896060644
              ],
              [
                -33.44288767346081,
                45.105737444363854
              ],
              [
                -33.32341901532359,
                44.94950919910748
              ],
              [
                -33.1855705636268,
                44.78409105707133
              ],
              [
                -33.00177262803107,
                44.627862811814964
              ],
              [
                -32.89149386667363,
                44.45325477299902
              ],
              [
                -32.808784795655555,
                44.30621642452244
              ],
              [
                -32.68931613751833,
                44.241887147063935
              ],
              [
                -32.52389799548217,
                44.159178076045855
              ],
              [
                -32.38604954378538,
                43.95700034689056
              ],
              [
                -32.36766975022581,
                43.855911482312905
              ],
              [
                -32.26658088564816,
                43.59859437247889
              ],
              [
                -32.22063140174923,
                43.44236612722252
              ],
              [
                -32.17468191785029,
                43.23099850128744
              ],
              [
                -32.10116274361201,
                43.111529843150215
              ],
              [
                -31.935744601575852,
                42.95530159789384
              ],
              [
                -31.81627594343863,
                42.83583293975662
              ],
              [
                -31.770326459539696,
                42.73474407517897
              ],
              [
                -31.770326459539696,
                42.54175624280346
              ],
              [
                -31.807086046658842,
                42.34876841042795
              ],
              [
                -31.88060522089713,
                42.05469171347478
              ],
              [
                -31.88979511767692,
                41.89846346821842
              ],
              [
                -31.825465840218413,
                41.65952615194397
              ],
              [
                -31.71518707886098,
                41.45734842278867
              ],
              [
                -31.57733862716418,
                41.3746393517706
              ],
              [
                -31.430300278687604,
                41.31949997109188
              ],
              [
                -31.246502343091876,
                41.31949997109188
              ],
              [
                -31.035134717156787,
                41.475728216348244
              ],
              [
                -30.842146884781275,
                41.74223522296205
              ],
              [
                -30.722678226644053,
                41.83413419075991
              ],
              [
                -30.45617122003025,
                41.93522305533756
              ],
              [
                -30.253993490874947,
                42.027122023135426
              ],
              [
                -29.950726897142,
                42.128210887713074
              ],
              [
                -29.70259968408777,
                42.201730061951366
              ],
              [
                -29.41771288391439,
                42.256869442630084
              ],
              [
                -29.15120587730059,
                42.302818926529014
              ],
              [
                -28.97659783848465,
                42.302818926529014
              ],
              [
                -28.654951451192126,
                42.22929975229073
              ],
              [
                -28.3333050638996,
                42.109831094153506
              ],
              [
                -28.094367747625157,
                42.036311919915214
              ],
              [
                -27.73596177321349,
                41.96279274567692
              ],
              [
                -27.46945476659968,
                41.86170388109927
              ],
              [
                -27.184567966426304,
                41.80656450042055
              ],
              [
                -26.890491269473138,
                41.7698049133014
              ],
              [
                -26.771022611335916,
                41.71466553262268
              ],
              [
                -26.66074384997848,
                41.66871604872375
              ],
              [
                -26.715883230657198,
                41.51248780346739
              ],
              [
                -26.853731682353995,
                41.393019145330165
              ],
              [
                -26.973200340491218,
                41.28274038397272
              ],
              [
                -27.101858895408228,
                41.135702035496145
              ],
              [
                -27.184567966426304,
                41.0346131709185
              ],
              [
                -27.368365902022028,
                40.869195028882345
              ],
              [
                -27.46945476659968,
                40.74972637074512
              ],
              [
                -27.59811332151669,
                40.59349812548875
              ],
              [
                -27.634872908635835,
                40.47402946735153
              ],
              [
                -27.552163837617755,
                40.39132039633345
              ],
              [
                -27.44188507626032,
                40.36375070599409
              ],
              [
                -27.39593559236139,
                40.32699111887494
              ],
              [
                -27.359176005242244,
                40.23509215107708
              ],
              [
                -27.349986108462456,
                40.051294215481356
              ],
              [
                -27.340796211682672,
                39.8858760734452
              ],
              [
                -27.368365902022028,
                39.784787208867556
              ],
              [
                -27.368365902022028,
                39.619369066831396
              ],
              [
                -27.377555798801815,
                39.47233071835482
              ],
              [
                -27.377555798801815,
                39.28853278275909
              ],
              [
                -27.368365902022028,
                39.187443918181444
              ],
              [
                -27.331606314902885,
                39.104734847163364
              ],
              [
                -27.432695179480532,
                39.0128358793655
              ],
              [
                -27.533784044058184,
                38.976076292246354
              ],
              [
                -27.708392082874123,
                38.92093691156764
              ],
              [
                -27.763531463552845,
                38.90255711800806
              ],
              [
                -27.89219001846985,
                38.81984804698999
              ],
              [
                -27.910569812029422,
                38.7463288727517
              ],
              [
                -27.653252702195406,
                38.590100627495325
              ],
              [
                -27.432695179480532,
                38.43387238223896
              ],
              [
                -27.28565683100395,
                38.286834033762375
              ],
              [
                -27.16618817286673,
                38.148985582065585
              ],
              [
                -27.037529617949723,
                37.96518764646986
              ],
              [
                -27.000770030830576,
                37.79057960765392
              ],
              [
                -27.00995992761036,
                37.52407260104011
              ],
              [
                -27.046719514729507,
                37.38622414934332
              ],
              [
                -27.13861848252737,
                37.156476729848656
              ],
              [
                -27.258087140664593,
                36.97267879425293
              ],
              [
                -27.423505282700745,
                36.84402023933592
              ],
              [
                -27.59811332151669,
                36.715361684418916
              ],
              [
                -27.699202186094336,
                36.64184251018062
              ],
              [
                -27.90137991524964,
                36.540753645602976
              ],
              [
                -28.09436774762515,
                36.458044574584896
              ],
              [
                -28.287355580000664,
                36.43966478102532
              ],
              [
                -28.52629289627511,
                36.421284987465754
              ],
              [
                -28.664141347971903,
                36.34776581322746
              ],
              [
                -28.737660522210195,
                36.237487051870026
              ],
              [
                -28.77442010932934,
                36.127208290512584
              ],
              [
                -28.82036959322827,
                35.952600251696644
              ],
              [
                -28.69171103831126,
                35.75042252254135
              ],
              [
                -28.636571657632544,
                35.72285283220199
              ],
              [
                -28.47115351559639,
                35.62176396762434
              ],
              [
                -28.324115167119807,
                35.59419427728498
              ],
              [
                -28.26897578644109,
                35.48391551592754
              ],
              [
                -28.250595992881518,
                35.13469943829566
              ],
              [
                -28.26897578644109,
                34.647634908966985
              ],
              [
                -28.305735373560236,
                34.50059656049041
              ],
              [
                -28.29654547678045,
                34.30760872811489
              ],
              [
                -28.167886921863442,
                34.18814006997767
              ],
              [
                -28.030038470166645,
                34.0962411021798
              ],
              [
                -27.928949605588997,
                34.01353203116173
              ],
              [
                -27.910569812029422,
                33.87568357946493
              ],
              [
                -27.938139502368784,
                33.75621492132771
              ],
              [
                -28.075987954065578,
                33.65512605675006
              ],
              [
                -28.489533309155963,
                33.4253786372554
              ],
              [
                -28.710090831870836,
                33.34266956623732
              ],
              [
                -29.013357425603786,
                33.24158070165967
              ],
              [
                -29.160395774080367,
                33.20482111454053
              ],
              [
                -29.32581391611652,
                33.15887163064159
              ],
              [
                -29.537181542051606,
                33.103732249962874
              ],
              [
                -29.75773906476648,
                33.08535245640331
              ],
              [
                -29.868017826123914,
                33.04859286928416
              ],
              [
                -30.05181576171964,
                32.883174727248004
              ],
              [
                -30.079385452059,
                32.800465656229925
              ],
              [
                -30.05181576171964,
                32.69018689487249
              ],
              [
                -29.90477741324306,
                32.6166677206342
              ],
              [
                -29.665840096968616,
                32.56152833995548
              ],
              [
                -29.509611851712247,
                32.50638895927676
              ],
              [
                -29.22472505153887,
                32.39611019791933
              ],
              [
                -29.07768670306229,
                32.30421123012147
              ],
              [
                -28.87550897390699,
                32.20312236554381
              ],
              [
                -28.756040315769766,
                32.03770422350766
              ],
              [
                -28.70090093509105,
                31.899855771810863
              ],
              [
                -28.497804216257776,
                31.51286921841405
              ],
              [
                -28.3507658677812,
                31.246362211800246
              ],
              [
                -28.157778035405684,
                31.071754172984306
              ],
              [
                -28.03830937726846,
                30.979855205186443
              ],
              [
                -27.863701338452522,
                30.915525927727938
              ],
              [
                -27.689093299636582,
                30.796057269590715
              ],
              [
                -27.652333712517432,
                30.667398714673705
              ],
              [
                -27.624764022178077,
                30.492790675857766
              ],
              [
                -27.66152360929722,
                30.32737253382161
              ],
              [
                -27.716662989975937,
                30.171144288565245
              ],
              [
                -27.799372060994017,
                29.987346352969517
              ],
              [
                -27.872891235232306,
                29.9322069722908
              ],
              [
                -28.075068964387604,
                29.794358520594002
              ],
              [
                -28.16696793218547,
                29.72083934635571
              ],
              [
                -28.277246693542907,
                29.555421204319558
              ],
              [
                -28.359955764560983,
                29.509471720420628
              ],
              [
                -28.497804216257776,
                29.445142442962123
              ],
              [
                -28.672412255073716,
                29.435952546182335
              ],
              [
                -28.837830397109872,
                29.435952546182335
              ],
              [
                -28.948109158467307,
                29.481902030081265
              ],
              [
                -29.06757781660453,
                29.537041410759986
              ],
              [
                -29.251375752200254,
                29.435952546182335
              ],
              [
                -29.33408482321833,
                29.334863681604684
              ],
              [
                -29.36165451355769,
                29.15106574600896
              ],
              [
                -29.398414100676835,
                28.985647603972804
              ],
              [
                -29.462743378135336,
                28.829419358716436
              ],
              [
                -29.554642345933203,
                28.691570907019642
              ],
              [
                -29.701680694409784,
                28.57210224888242
              ],
              [
                -29.83033924932679,
                28.507772971423915
              ],
              [
                -30.207125017298033,
                28.323975035828187
              ],
              [
                -30.46444212713205,
                28.149366997012248
              ],
              [
                -30.657429959507564,
                28.03908823565481
              ],
              [
                -30.84122789510329,
                27.901239783958015
              ],
              [
                -31.07097531459795,
                27.754201435481434
              ],
              [
                -31.374241908330898,
                27.708251951582504
              ],
              [
                -31.6407489149447,
                27.643922674124
              ],
              [
                -32.063484166814874,
                27.56121360310592
              ],
              [
                -32.182952824952096,
                27.542833809546348
              ],
              [
                -32.36675076054782,
                27.56121360310592
              ],
              [
                -32.62406787038184,
                27.597973190225066
              ],
              [
                -32.706776941399916,
                27.597973190225066
              ],
              [
                -32.82624559953714,
                27.524454015986777
              ],
              [
                -32.90895467055522,
                27.450934841748484
              ],
              [
                -32.95490415445415,
                27.423365151409126
              ],
              [
                -33.046803122252015,
                27.450934841748484
              ],
              [
                -33.055993019031796,
                27.597973190225066
              ],
              [
                -33.03761322547223,
                27.653112570903787
              ],
              [
                -33.055993019031796,
                27.754201435481434
              ],
              [
                -33.16627178038924,
                27.83691050649951
              ],
              [
                -33.23979095462752,
                27.81853071293994
              ],
              [
                -33.36844950954453,
                27.735821641921863
              ],
              [
                -33.46953837412219,
                27.68987215802293
              ],
              [
                -33.58900703225941,
                27.66230246768357
              ],
              [
                -33.653336309717915,
                27.699062054802717
              ],
              [
                -33.69009589683706,
                27.80934081616015
              ],
              [
                -33.59819692903919,
                27.956379164636733
              ],
              [
                -33.46953837412219,
                28.149366997012248
              ],
              [
                -33.396019199883895,
                28.3147851390484
              ],
              [
                -33.33168992242539,
                28.42506390040584
              ],
              [
                -33.267360644966885,
                28.562912352102632
              ],
              [
                -33.23979095462752,
                28.737520390918572
              ],
              [
                -33.30412023208603,
                28.856989049055795
              ],
              [
                -33.396019199883895,
                28.930508223294087
              ],
              [
                -33.53386765158069,
                28.93969812007387
              ],
              [
                -33.75442517429556,
                28.976457707193017
              ],
              [
                -33.965792800230645,
                29.031597087871738
              ],
              [
                -34.24148970362424,
                29.040786984651522
              ],
              [
                -34.618275471595474,
                29.077546571770668
              ],
              [
                -34.8020734071912,
                29.09592636533024
              ],
              [
                -35.02263092990608,
                29.123496055669598
              ],
              [
                -35.72106308516984,
                29.252154610586608
              ],
              [
                -35.960000401444276,
                29.31648388804512
              ],
              [
                -36.217317511278296,
                29.44514244296213
              ],
              [
                -36.29083668551659,
                29.57380099787914
              ],
              [
                -36.32759627263573,
                29.67488986245679
              ],
              [
                -36.35516596297509,
                29.840308004492943
              ],
              [
                -36.33678616941552,
                29.987346352969524
              ],
              [
                -36.309216479076156,
                30.15276449500568
              ],
              [
                -36.33678616941552,
                30.37332201772055
              ],
              [
                -36.391925550094236,
                30.48360077907799
              ],
              [
                -36.4838245178921,
                30.511170469417348
              ],
              [
                -36.566533588910175,
                30.52036036619713
              ],
              [
                -36.71357193738676,
                30.52955026297692
              ],
              [
                -36.869800182643125,
                30.52955026297692
              ],
              [
                -37.044408221459065,
                30.511170469417348
              ],
              [
                -37.13630718925693,
                30.50198057263756
              ],
              [
                -37.209826363495225,
                30.575499746875852
              ],
              [
                -37.26496574417394,
                30.63063912755457
              ],
              [
                -37.393624299090945,
                30.768487579251364
              ],
              [
                -37.53147275078774,
                30.989045101966237
              ],
              [
                -37.63256161536539,
                31.163653140782177
              ],
              [
                -37.77041006706219,
                31.20960262468111
              ],
              [
                -37.83473934452069,
                31.329071282818333
              ],
              [
                -37.84392924130048,
                31.494489424854486
              ],
              [
                -37.88987872519941,
                31.669097463670425
              ],
              [
                -37.94501810587813,
                31.816135812147007
              ],
              [
                -38.09205645435471,
                31.963174160623588
              ],
              [
                -38.23909480283129,
                32.07345292198102
              ],
              [
                -38.42289273842702,
                32.16535188977888
              ],
              [
                -38.569931086903594,
                32.16535188977888
              ],
              [
                -38.726159332159966,
                32.16535188977888
              ],
              [
                -38.854817887076976,
                32.17454178655867
              ],
              [
                -38.9742865452142,
                32.2204912704576
              ],
              [
                -39.10294510013121,
                32.24806096079696
              ],
              [
                -39.204033964708856,
                32.31239023825547
              ],
              [
                -39.26836324216736,
                32.413479102833115
              ],
              [
                -39.34188241640565,
                32.542137657750125
              ],
              [
                -39.43378138420351,
                32.624846728768205
              ],
              [
                -39.47973086810244,
                32.65241641910756
              ],
              [
                -39.60838942301945,
                32.6891760062267
              ],
              [
                -39.82894694573432,
                32.670796212667135
              ],
              [
                -40.05869436522899,
                32.56970734808948
              ],
              [
                -40.19654281692578,
                32.52375786419055
              ],
              [
                -40.35277106218215,
                32.47780838029162
              ],
              [
                -40.508999307438515,
                32.459428586732045
              ],
              [
                -40.637657862355525,
                32.45023868995226
              ],
              [
                -40.766316417272535,
                32.52375786419055
              ],
              [
                -40.84902548829061,
                32.588087141649055
              ],
              [
                -40.99606383676719,
                32.799454767584145
              ],
              [
                -41.244191049821424,
                33.148670845216024
              ],
              [
                -41.464748572536294,
                33.48869702606812
              ],
              [
                -41.593407127453304,
                33.626545477764914
              ],
              [
                -41.7312555791501,
                33.746014135902136
              ],
              [
                -41.841534340507536,
                33.85629289725957
              ],
              [
                -41.91505351474583,
                33.91143227793829
              ],
              [
                -42.052901966442626,
                34.03090093607551
              ],
              [
                -42.12642114068091,
                34.12279990387338
              ],
              [
                -42.29183928271707,
                34.15955949099252
              ],
              [
                -42.42968773441386,
                34.196319078111664
              ],
              [
                -42.576726082890445,
                34.223888768451026
              ],
              [
                -42.705384637807455,
                34.223888768451026
              ],
              [
                -42.93513205730211,
                34.196319078111664
              ],
              [
                -43.06379061221912,
                34.16874938777231
              ],
              [
                -43.183259270356345,
                34.13198980065316
              ],
              [
                -43.30272792849357,
                34.067660523194654
              ],
              [
                -43.36705720595207,
                34.049280729635086
              ],
              [
                -43.54166524476801,
                34.33416752980846
              ],
              [
                -43.73465307714353,
                34.59148463964248
              ],
              [
                -43.80817225138181,
                34.67419371066055
              ],
              [
                -43.89088132239989,
                34.80285226557756
              ],
              [
                -44.010349980537114,
                34.913131026935
              ],
              [
                -44.03791967087648,
                34.9774603043935
              ],
              [
                -44.0195398773169,
                35.03259968507222
              ],
              [
                -43.90926111595947,
                35.07854916897116
              ],
              [
                -43.85412173528075,
                35.15206834320944
              ],
              [
                -43.84493183850096,
                35.23477741422752
              ],
              [
                -43.82655204494139,
                35.3174864852456
              ],
              [
                -43.76222276748288,
                35.34505617558496
              ],
              [
                -43.615184419006304,
                35.3174864852456
              ],
              [
                -43.532475347988225,
                35.2531572077871
              ],
              [
                -43.39462689629143,
                35.18882793032859
              ],
              [
                -43.275158238154205,
                35.18882793032859
              ],
              [
                -43.10974009611805,
                35.19801782710838
              ],
              [
                -43.02703102509997,
                35.19801782710838
              ],
              [
                -42.925942160522325,
                35.21639762066795
              ],
              [
                -42.834043192724465,
                35.2531572077871
              ],
              [
                -42.7421442249266,
                35.29910669168603
              ],
              [
                -42.72376443136702,
                35.36343596914453
              ],
              [
                -42.69619474102767,
                35.47371473050197
              ],
              [
                -42.68700484424788,
                35.59318338863919
              ],
              [
                -42.76971391526596,
                35.73103184033599
              ],
              [
                -42.82485329594468,
                35.82293080813385
              ],
              [
                -42.89837247018296,
                35.93320956949128
              ],
              [
                -43.01784112832019,
                35.988348950170014
              ],
              [
                -43.11892999289784,
                36.02510853728916
              ],
              [
                -43.220018857475495,
                36.04348833084873
              ],
              [
                -43.38543699951165,
                36.04348833084873
              ],
              [
                -43.523285451208444,
                36.04348833084873
              ],
              [
                -43.65194400612545,
                36.117007505087024
              ],
              [
                -43.7530328707031,
                36.19052667932531
              ],
              [
                -43.872501528840324,
                36.30999533746253
              ],
              [
                -43.918451012739254,
                36.43865389237954
              ],
              [
                -43.9552105998584,
                36.59488213763591
              ],
              [
                -43.94602070307862,
                36.677591208653986
              ],
              [
                -43.835741941721174,
                36.732730589332704
              ],
              [
                -43.6887035932446,
                36.76949017645185
              ],
              [
                -43.57842483188716,
                36.806249763570996
              ],
              [
                -43.46814607052973,
                36.8705790410295
              ],
              [
                -43.394626896291435,
                36.96247800882737
              ],
              [
                -43.33948751561272,
                37.11870625408373
              ],
              [
                -43.33948751561272,
                37.38521326069754
              ],
              [
                -43.4221965866308,
                37.79875861578791
              ],
              [
                -43.45895617374994,
                37.96417675782406
              ],
              [
                -43.50490565764887,
                38.0744555191815
              ],
              [
                -43.569234935107374,
                38.18473428053894
              ],
              [
                -43.651944006125454,
                38.26744335155701
              ],
              [
                -43.697893490024384,
                38.30420293867616
              ],
              [
                -43.80817225138182,
                38.36853221613467
              ],
              [
                -43.84493183850097,
                38.37772211291445
              ],
              [
                -43.72546318036375,
                38.57989984206975
              ],
              [
                -43.70708338680417,
                38.736128087326115
              ],
              [
                -43.64275410934567,
                38.87397653902291
              ],
              [
                -43.62437431578609,
                39.0210148874995
              ],
              [
                -43.569234935107374,
                39.168053235976075
              ],
              [
                -43.54166524476802,
                39.2875218941133
              ],
              [
                -43.54166524476802,
                39.38861075869095
              ],
              [
                -43.49571576086908,
                39.48050972648881
              ],
              [
                -43.50490565764887,
                39.54483900394732
              ],
              [
                -43.59680462544674,
                39.61835817818561
              ],
              [
                -43.651944006125454,
                39.71025714598347
              ],
              [
                -43.7530328707031,
                39.79296621700155
              ],
              [
                -43.81736214816161,
                39.8940550815792
              ],
              [
                -43.826552044941394,
                40.05028332683557
              ],
              [
                -43.8908813223999,
                40.2984105398898
              ],
              [
                -43.900557726092295,
                40.44405983390756
              ],
              [
                -43.98743396048683,
                40.72399436695662
              ],
              [
                -44.2777759768289,
                41.52167770024717
              ]
            ]
          ]
        ]
      }
    },
    {
      "type": "Feature",
      "properties": {
        "uuid": "539296c3-a31d-4da6-8eae-65209fa7f117",
        "layer_id": "udk_nat_domains_pg",
        "timeframe": null,
        "feature_class": "Domain",
        "feature_rank": 1,
        "is_visible": true,
        "is_labeled": true,
        "needs_review": false,
        "review_notes": null,
        "img_url": null,
        "last_edited": "2026-07-14",
        "last_editor": "postgres",
        "name_en": "Northdark",
        "name_ru": "Нортдарк",
        "name_abb_en": null,
        "name_abb_ru": null,
        "label_en": "Northdark",
        "label_ru": "Нортдарк",
        "descr_en": "An underground domain in the Underdark, located north and east of Waterdeep. It contains renowned subterranean realms, ruined ancient kingdoms, and borders the Buried Realms. Its lowest part is the Lower Northdark in the Lowerdark.",
        "descr_ru": "Подземная область в Подземье, расположенная к северу и востоку от Глубоководья. Она содержит известные подземные королевства, руины древних государств и граничит с Погребёнными Царствами. Её нижняя часть — Нижнее Северное Подземье в Нижнем Подземье.",
        "descr_html_en": "<!DOCTYPE HTML PUBLIC \"-//W3C//DTD HTML 4.0//EN\" \"http://www.w3.org/TR/REC-html40/strict.dtd\">\n<html><head><meta name=\"qrichtext\" content=\"1\" /><style type=\"text/css\">\np, li { white-space: pre-wrap; }\n</style></head><body style=\" font-family:'MS Shell Dlg 2'; font-size:10pt; font-weight:400; font-style:normal;\">\n<p style=\" margin-top:0px; margin-bottom:0px; margin-left:0px; margin-right:0px; -qt-block-indent:0; text-indent:0px;\">—</p></body></html>",
        "descr_html_ru": null,
        "url_en": "https://forgottenrealms.fandom.com/wiki/Northdark",
        "url_ru": null,
        "source_name": "WotC Underdark 3e",
        "source_url": "https://forgottenrealms.fandom.com/wiki/Underdark_(sourcebook)",
        "dnd_editions_str": "5e, 3e",
        "feature_levels_str": "Lowerdark, Middledark, Upperdark",
        "extra_str": "topical_tags: [\"underdark\", \"subterranean\", \"caverns\", \"ruins\", \"dwarven\", \"drow\", \"duergar\", \"svirfneblin\", \"orc\"] | related_cultures_tags: [\"svirfneblin\", \"duergar\", \"drow\", \"orc\", \"troll\", \"giant\"] | related_location_tags: [\"Waterdeep\", \"Underdark\", \"Buried Realms\", \"Ascore\", \"Spine of the World\", \"Lowerdark\", \"Netherese Caverns\", \"Faerûn\"]",
        "location_en": "western Faerûn → Underdark",
        "name_alt_en_str": null,
        "location_ru": "западный Фаэрун → Подземье",
        "name_alt_ru_str": "Северное Подземье, Северомрак",
        "geog_extent_area_sq_km": 1221974.0,
        "geog_extent_area_sq_miles": 471807.0,
        "geog_extent_perimeter_km": 5049.0,
        "geog_extent_perimeter_miles": 3137.0,
        "geog_extent_centroid_md": "48° 29′ 16″ N 015° 40′ 33″ W",
        "geog_extent_centroid_fria": "48° 29′ 16″ N 069° 09′ 26″ W",
        "geog_extent_length_km": null,
        "geog_extent_length_miles": null,
        "geog_extent_bbox_md": {
          "east": -9.371862965286,
          "west": -23.890278805426,
          "north": 55.73206456114201,
          "south": 40.72901668762448
        },
        "geog_extent_bbox_fria": {
          "east": -62.85336445327562,
          "west": -77.37178029341585,
          "north": 55.73206456114201,
          "south": 40.72901668762448
        },
        "name_it": "Sottosuolo Settentrionale",
        "name_abb_it": null,
        "label_it": "Sottosuolo Settentrionale",
        "descr_it": "Un dominio sotterraneo nel Sottosuolo, situato a nord e a est di Waterdeep. Contiene rinomati reami sotterranei, antichi regni in rovina e confina con i Reami Sepolti. La sua parte più bassa è il Sottosuolo Settentrionale Inferiore nel Sottosuolo inferiore.",
        "descr_html_it": null,
        "url_it": null,
        "location_it": "Faerûn occidentale → Underdark",
        "name_alt_it_str": null,
        "topical_tags": "underdark, subterranean, caverns, ruins, dwarven, drow, duergar, svirfneblin, orc",
        "related_location_tags": "Waterdeep, Underdark, Buried Realms, Ascore, Spine of the World, Lowerdark, Netherese Caverns, Faerûn",
        "related_cultures_tags": "svirfneblin, duergar, drow, orc, troll, giant",
        "related_factions_tags": ""
      },
      "geometry": {
        "type": "MultiPolygon",
        "coordinates": [
          [
            [
              [
                -64.10072117394563,
                45.049682004397866
              ],
              [
                -64.11203181613614,
                44.91395429811179
              ],
              [
                -64.15727438489816,
                44.80084787620673
              ],
              [
                -64.2025169536602,
                44.755605307444704
              ],
              [
                -64.33824465994627,
                44.710362738682676
              ],
              [
                -64.44004043966082,
                44.699052096492174
              ],
              [
                -64.51921493499437,
                44.60856695896812
              ],
              [
                -64.42872979747031,
                44.45021796830103
              ],
              [
                -64.28169144899374,
                44.291868977633946
              ],
              [
                -64.25907016461272,
                44.2126944823004
              ],
              [
                -64.30431273337474,
                44.12220934477635
              ],
              [
                -64.48528300842284,
                44.0317242072523
              ],
              [
                -64.79067034756652,
                44.0317242072523
              ],
              [
                -65.10736832890069,
                44.05434549163331
              ],
              [
                -65.36751309928233,
                44.08827741820483
              ],
              [
                -65.4919301633779,
                44.08827741820483
              ],
              [
                -65.70683236499752,
                44.05434549163331
              ],
              [
                -65.87649199785511,
                44.00910292287129
              ],
              [
                -66.00090906195068,
                44.00910292287129
              ],
              [
                -66.15925805261777,
                44.06565613382382
              ],
              [
                -66.22712190576081,
                44.13351998696686
              ],
              [
                -66.32891768547536,
                44.22400512449091
              ],
              [
                -66.46464539176144,
                44.291868977633946
              ],
              [
                -66.50988796052346,
                44.24662640887192
              ],
              [
                -66.55513052928549,
                44.09958806039534
              ],
              [
                -66.53250924490447,
                43.929928427537746
              ],
              [
                -66.41940282299942,
                43.658473014965594
              ],
              [
                -66.35153896985638,
                43.52274530867952
              ],
              [
                -66.29498575890385,
                43.296532464869394
              ],
              [
                -66.27236447452283,
                43.1155621898213
              ],
              [
                -66.2045006213798,
                42.93459191477319
              ],
              [
                -66.12532612604625,
                42.77624292410611
              ],
              [
                -66.08008355728423,
                42.56134072248649
              ],
              [
                -66.04615163071271,
                42.3916810896289
              ],
              [
                -66.0235303463317,
                42.25595338334282
              ],
              [
                -66.0235303463317,
                42.074983108294724
              ],
              [
                -66.08008355728423,
                41.92794475981814
              ],
              [
                -66.14794741042726,
                41.79221705353206
              ],
              [
                -66.19318997918928,
                41.679110631627005
              ],
              [
                -66.26105383233232,
                41.56600420972194
              ],
              [
                -66.53250924490447,
                41.46420843000738
              ],
              [
                -66.72479016214308,
                41.46420843000738
              ],
              [
                -66.97362429033421,
                41.56600420972194
              ],
              [
                -67.08673071223929,
                41.667799989436496
              ],
              [
                -67.22245841852536,
                41.74697448477004
              ],
              [
                -67.24507970290637,
                41.74697448477004
              ],
              [
                -67.40342869357346,
                41.74697448477004
              ],
              [
                -67.45998190452599,
                41.679110631627005
              ],
              [
                -67.57308832643105,
                41.55469356753143
              ],
              [
                -67.6522628217646,
                41.45289778781688
              ],
              [
                -67.76536924366965,
                41.29454879714979
              ],
              [
                -67.88978630776522,
                41.23799558619726
              ],
              [
                -68.18386300471839,
                41.21537430181625
              ],
              [
                -68.50056098605256,
                41.21537430181625
              ],
              [
                -69.2809952971975,
                41.31717008153081
              ],
              [
                -69.46196557224562,
                41.3058594393403
              ],
              [
                -69.6316252051032,
                41.31717008153081
              ],
              [
                -69.86914869110385,
                41.31717008153081
              ],
              [
                -70.11798281929498,
                41.33979136591182
              ],
              [
                -70.28764245215257,
                41.28323815495929
              ],
              [
                -70.41205951624814,
                41.294548797149794
              ],
              [
                -70.5138552959627,
                41.24930622838777
              ],
              [
                -70.63827236005827,
                41.1248891642922
              ],
              [
                -70.71744685539181,
                41.02309338457765
              ],
              [
                -70.78531070853485,
                40.92129760486309
              ],
              [
                -70.85317456167789,
                40.785569898577016
              ],
              [
                -70.90972777263042,
                40.72901668762448
              ],
              [
                -70.97759162577346,
                40.72901668762448
              ],
              [
                -71.13594061644054,
                40.7516379720055
              ],
              [
                -71.2490470383456,
                40.808191182958026
              ],
              [
                -71.4187066712032,
                40.88736567829157
              ],
              [
                -71.53181309310825,
                40.932608247053594
              ],
              [
                -71.58836630406078,
                41.01178274238714
              ],
              [
                -71.7919578634899,
                41.13619980648271
              ],
              [
                -71.90506428539496,
                41.17013173305423
              ],
              [
                -72.01817070730003,
                41.19275301743524
              ],
              [
                -72.09734520263356,
                41.204063659625746
              ],
              [
                -72.21045162453863,
                41.237995586197265
              ],
              [
                -72.27831547768167,
                41.31717008153081
              ],
              [
                -72.28962611987218,
                41.4868297143884
              ],
              [
                -72.42535382615824,
                41.87139154886562
              ],
              [
                -72.45928575272977,
                42.0297405395327
              ],
              [
                -72.42535382615824,
                42.22202145677131
              ],
              [
                -72.42535382615824,
                42.357749163057385
              ],
              [
                -72.4932176793013,
                42.50478751153396
              ],
              [
                -72.58370281682534,
                42.663136502201056
              ],
              [
                -72.6854985965399,
                42.82148549286814
              ],
              [
                -72.6968092387304,
                43.081630263249785
              ],
              [
                -72.78729437625445,
                43.194736685154844
              ],
              [
                -72.83253694501647,
                43.30784310705991
              ],
              [
                -72.8777795137785,
                43.43226017115548
              ],
              [
                -72.8777795137785,
                43.63585173058459
              ],
              [
                -72.889090155969,
                43.805511363442186
              ],
              [
                -72.91171144035002,
                43.95254971191876
              ],
              [
                -72.94564336692154,
                44.05434549163332
              ],
              [
                -72.97957529349306,
                44.13351998696687
              ],
              [
                -73.03612850444559,
                44.167451913538386
              ],
              [
                -73.22840942168419,
                44.167451913538386
              ],
              [
                -73.34151584358926,
                44.167451913538386
              ],
              [
                -73.49986483425634,
                44.21269448230041
              ],
              [
                -73.57903932958989,
                44.269247693252936
              ],
              [
                -73.62428189835191,
                44.32580090420547
              ],
              [
                -73.77935147205251,
                44.45858382790939
              ],
              [
                -73.77935147205251,
                44.53220339246298
              ],
              [
                -73.79942953511258,
                44.62590102007664
              ],
              [
                -73.83289297354602,
                44.73967671075037
              ],
              [
                -73.89312716272624,
                44.840067026050725
              ],
              [
                -73.98013210265322,
                44.92037927829101
              ],
              [
                -74.0470589795201,
                45.000691530531284
              ],
              [
                -74.15414198250716,
                45.09438915814495
              ],
              [
                -74.27461036086757,
                45.174701410385225
              ],
              [
                -74.34153723773447,
                45.21485753650537
              ],
              [
                -74.395078739228,
                45.29516978874565
              ],
              [
                -74.4620056160949,
                45.36878935329924
              ],
              [
                -74.5222398052751,
                45.43571623016614
              ],
              [
                -74.58916668214201,
                45.45579429322621
              ],
              [
                -74.66947893438228,
                45.47587235628628
              ],
              [
                -74.84348881423622,
                45.50933579471973
              ],
              [
                -74.89703031572975,
                45.556184608526564
              ],
              [
                -74.99072794334342,
                45.623111485393466
              ],
              [
                -75.09111825864376,
                45.696731049947054
              ],
              [
                -75.2048939493175,
                45.797121365247406
              ],
              [
                -75.24505007543763,
                45.84397017905424
              ],
              [
                -75.31197695230453,
                45.91089705592114
              ],
              [
                -75.42575264297827,
                46.06482887271501
              ],
              [
                -75.52614295827861,
                46.15852650032867
              ],
              [
                -75.61984058589228,
                46.2723021910024
              ],
              [
                -75.69346015044587,
                46.339229067869304
              ],
              [
                -75.86077734261312,
                46.439619383169656
              ],
              [
                -75.9410895948534,
                46.56008776153008
              ],
              [
                -76.01470915940699,
                46.64040001377035
              ],
              [
                -76.16864097620086,
                46.82110258131099
              ],
              [
                -76.20210441463432,
                46.97503439810486
              ],
              [
                -76.26903129150121,
                47.517142100726765
              ],
              [
                -76.32257279299472,
                47.731308106700844
              ],
              [
                -76.39619235754832,
                47.918703361928166
              ],
              [
                -76.43634848366845,
                48.08602055409542
              ],
              [
                -76.42965579598176,
                48.48758181529682
              ],
              [
                -76.44973385904184,
                48.70174782127091
              ],
              [
                -76.42296310829508,
                48.90252845187161
              ],
              [
                -76.40288504523501,
                49.10330908247231
              ],
              [
                -76.35603623142818,
                49.31747508844639
              ],
              [
                -76.34934354374148,
                49.47809959292695
              ],
              [
                -76.38949966986162,
                49.63872409740752
              ],
              [
                -76.38949966986162,
                49.812733977261466
              ],
              [
                -76.40288504523501,
                49.87966085412836
              ],
              [
                -76.45642654672852,
                50.046978046295614
              ],
              [
                -76.50327536053535,
                50.17413911234273
              ],
              [
                -76.55681686202888,
                50.28122211532977
              ],
              [
                -76.71744136650943,
                50.41507586906357
              ],
              [
                -76.8111389941231,
                50.49538812130385
              ],
              [
                -76.9516854355436,
                50.56900768585744
              ],
              [
                -77.02530500009718,
                50.62924187503765
              ],
              [
                -77.0186123124105,
                50.76309562877145
              ],
              [
                -77.00522693703711,
                50.82332981795167
              ],
              [
                -76.97845618629036,
                50.917027445565324
              ],
              [
                -76.97176349860366,
                51.017417760865676
              ],
              [
                -77.02530500009718,
                51.11111538847934
              ],
              [
                -77.1457733784576,
                51.17134957765955
              ],
              [
                -77.29970519525148,
                51.25835451758652
              ],
              [
                -77.37178029341585,
                51.47046123504161
              ],
              [
                -77.34603918692858,
                51.59401854618051
              ],
              [
                -77.29970519525149,
                51.7175758573194
              ],
              [
                -77.26366764616931,
                51.799947398078665
              ],
              [
                -77.19159254800496,
                51.87717071754047
              ],
              [
                -77.09892456465079,
                52.01617269257173
              ],
              [
                -77.04229413037879,
                52.09339601203354
              ],
              [
                -76.93932970442972,
                52.170619331495345
              ],
              [
                -76.86725460626536,
                52.222101544469886
              ],
              [
                -76.75914195901883,
                52.29417664263424
              ],
              [
                -76.66647397566466,
                52.361103519501135
              ],
              [
                -76.56865777101304,
                52.397141068583316
              ],
              [
                -76.47598978765888,
                52.41258573247568
              ],
              [
                -76.33698781262761,
                52.40743751117822
              ],
              [
                -76.29580204224798,
                52.41773395377313
              ],
              [
                -76.1928376162989,
                52.46406794545022
              ],
              [
                -76.11046607553965,
                52.5104019371273
              ],
              [
                -76.05383564126765,
                52.556735928804386
              ],
              [
                -76.01779809218547,
                52.65455213345601
              ],
              [
                -75.99720520699566,
                52.74207189551273
              ],
              [
                -75.98176054310329,
                52.911963198328706
              ],
              [
                -75.98176054310329,
                53.0355205094676
              ],
              [
                -75.98690876440075,
                53.19511536968867
              ],
              [
                -76.02809453478038,
                53.31352445953011
              ],
              [
                -76.0023534282931,
                53.395896000289376
              ],
              [
                -75.96631587921094,
                53.48341576234609
              ],
              [
                -75.91998188753385,
                53.54519441791554
              ],
              [
                -75.8684996745593,
                53.570935524402806
              ],
              [
                -75.76038702731277,
                53.540046196618086
              ],
              [
                -75.67286726525606,
                53.47826754104864
              ],
              [
                -75.56475461800953,
                53.411340664181736
              ],
              [
                -75.49782774114263,
                53.38559955769446
              ],
              [
                -75.41545620038336,
                53.375303115099555
              ],
              [
                -75.21467556978266,
                53.41134066418173
              ],
              [
                -75.10141470123868,
                53.4473782132639
              ],
              [
                -75.01389493918197,
                53.49371220494099
              ],
              [
                -74.92549997950469,
                53.64393730240071
              ],
              [
                -74.92549997950469,
                53.81794718225465
              ],
              [
                -74.95160146148278,
                53.9832565681159
              ],
              [
                -74.98640343745356,
                54.16596694196254
              ],
              [
                -74.98640343745356,
                54.35737780980187
              ],
              [
                -74.98640343745356,
                54.47918472569963
              ],
              [
                -74.88179739817936,
                54.94031960780657
              ],
              [
                -74.56509941684519,
                54.9968728187591
              ],
              [
                -74.2370907933205,
                54.95163024999708
              ],
              [
                -73.93170345417683,
                54.94031960780657
              ],
              [
                -73.55845226189012,
                54.88376639685404
              ],
              [
                -73.17389042741291,
                54.90638768123505
              ],
              [
                -72.66491152884014,
                54.96294089218759
              ],
              [
                -72.08806877712432,
                54.97425153437809
              ],
              [
                -71.92971978645723,
                55.00818346094961
              ],
              [
                -71.59040052074204,
                55.03080474533062
              ],
              [
                -70.87783006274014,
                54.90638768123505
              ],
              [
                -70.67423850331103,
                54.872455754663534
              ],
              [
                -70.33491923759586,
                54.872455754663534
              ],
              [
                -69.82594033902306,
                54.89507703904455
              ],
              [
                -69.45268914673636,
                54.793281259329994
              ],
              [
                -68.9889528169256,
                54.69148547961544
              ],
              [
                -68.6157016246389,
                54.68017483742493
              ],
              [
                -68.32162492768575,
                54.759349332758475
              ],
              [
                -68.03885887292309,
                54.96294089218759
              ],
              [
                -67.74478217596992,
                55.143911167235686
              ],
              [
                -67.47332676339778,
                55.29094951571226
              ],
              [
                -67.29235648834967,
                55.3588133688553
              ],
              [
                -66.99827979139651,
                55.55109428609391
              ],
              [
                -66.82862015853891,
                55.618958139236945
              ],
              [
                -66.38750511310917,
                55.69813263457049
              ],
              [
                -66.14998162710855,
                55.69813263457049
              ],
              [
                -65.93507942548892,
                55.73206456114201
              ],
              [
                -65.66362401291677,
                55.7207539189515
              ],
              [
                -65.1659557565345,
                55.66420070799897
              ],
              [
                -65.01891740805792,
                55.618958139236945
              ],
              [
                -64.6004236470092,
                55.3588133688553
              ],
              [
                -64.14799795938895,
                55.234396304759734
              ],
              [
                -63.98964896872185,
                55.10997924066417
              ],
              [
                -63.72950419834021,
                54.96294089218759
              ],
              [
                -63.59377649205413,
                54.838523828092015
              ],
              [
                -63.45804878576806,
                54.56706841551987
              ],
              [
                -63.33363172167249,
                54.363476856090756
              ],
              [
                -63.02737433312956,
                53.69788906564944
              ],
              [
                -62.94036939320259,
                53.5325796797882
              ],
              [
                -62.879465935253705,
                53.36727029392695
              ],
              [
                -62.85336445327562,
                53.10625547414604
              ],
              [
                -62.870765441261014,
                52.9148446063067
              ],
              [
                -62.949069887195286,
                52.56682484659882
              ],
              [
                -63.131780261041925,
                52.366713484766784
              ],
              [
                -63.34059211686665,
                52.20140409890554
              ],
              [
                -63.44499804477902,
                52.07959718300778
              ],
              [
                -63.558104466684085,
                51.96649076110272
              ],
              [
                -63.732114346538026,
                51.827282857219565
              ],
              [
                -63.827819780457695,
                51.757678905277984
              ],
              [
                -64.02793114228973,
                51.51406507348247
              ],
              [
                -64.12363657620939,
                51.43576062754819
              ],
              [
                -64.18454003415827,
                51.34875568762122
              ],
              [
                -64.19324052815097,
                51.27915173567965
              ],
              [
                -64.12363657620939,
                51.14864432578919
              ],
              [
                -64.06273311826051,
                51.06163938586222
              ],
              [
                -63.98442867232624,
                50.98333493992794
              ],
              [
                -63.98442867232624,
                50.91373098798637
              ],
              [
                -64.08883460023861,
                50.84412703604479
              ],
              [
                -64.22804250412176,
                50.8180255540667
              ],
              [
                -64.34114892602682,
                50.800624566081304
              ],
              [
                -64.33244843203413,
                50.67881765018355
              ],
              [
                -64.26284448009255,
                50.591812710256576
              ],
              [
                -64.18454003415827,
                50.48740678234421
              ],
              [
                -64.01053015430433,
                50.28729542051217
              ],
              [
                -63.90612422639197,
                50.13938702263633
              ],
              [
                -63.819119286464996,
                49.93927566080429
              ],
              [
                -63.77561681650151,
                49.826169238899226
              ],
              [
                -63.758215828516114,
                49.6173573830745
              ],
              [
                -63.86262175642848,
                49.50425096116943
              ],
              [
                -63.98442867232624,
                49.35634256329359
              ],
              [
                -64.0975350942313,
                49.26933762336662
              ],
              [
                -64.16713904617288,
                49.23453564739582
              ],
              [
                -64.22804250412176,
                49.13012971948346
              ],
              [
                -64.28024546807794,
                48.97352082761491
              ],
              [
                -64.32374793804142,
                48.712506007834
              ],
              [
                -64.36725040800492,
                48.7038055138413
              ],
              [
                -64.4455548539392,
                48.53849612798006
              ],
              [
                -64.50645831188807,
                48.43409020006769
              ],
              [
                -64.61086423980043,
                48.338384766148025
              ],
              [
                -64.74137164969089,
                48.23397883823566
              ],
              [
                -64.81967609562517,
                48.17307538028678
              ],
              [
                -64.88057955357405,
                48.04256797039633
              ],
              [
                -64.91538152954483,
                47.85115710255699
              ],
              [
                -64.91538152954483,
                47.72935018665923
              ],
              [
                -64.87187905958135,
                47.61624376475417
              ],
              [
                -64.80227510763977,
                47.450934378892924
              ],
              [
                -64.75877263767629,
                47.32912746299516
              ],
              [
                -64.7152701677128,
                47.15511758314122
              ],
              [
                -64.68046819174201,
                47.04201116123616
              ],
              [
                -64.64566621577123,
                46.85060029339682
              ],
              [
                -64.60216374580774,
                46.659189425557486
              ],
              [
                -64.51515880588077,
                46.45907806372545
              ],
              [
                -64.48905732390267,
                46.36337262980578
              ],
              [
                -64.4368543599465,
                46.224164725922634
              ],
              [
                -64.37595090199761,
                46.0153528700979
              ],
              [
                -64.33244843203413,
                45.81524150826587
              ],
              [
                -64.28894596207064,
                45.702135086360805
              ],
              [
                -64.24544349210716,
                45.58902866445574
              ],
              [
                -64.19324052815098,
                45.47592224255068
              ],
              [
                -64.16713904617288,
                45.258409892733255
              ],
              [
                -64.10072117394563,
                45.049682004397866
              ]
            ]
          ]
        ]
      }
    },
    {
      "type": "Feature",
      "properties": {
        "uuid": "ccfb2db6-657d-46d9-ba72-494e426f46da",
        "layer_id": "udk_nat_domains_pg",
        "timeframe": null,
        "feature_class": "Domain",
        "feature_rank": 2,
        "is_visible": true,
        "is_labeled": true,
        "needs_review": false,
        "review_notes": "exclude from wiki link auto-ageneration",
        "img_url": null,
        "last_edited": "2026-07-13",
        "last_editor": "postgres",
        "name_en": "Deep Raurin",
        "name_ru": "Глубинный Раурин",
        "name_abb_en": null,
        "name_abb_ru": null,
        "label_en": "Deep Raurin",
        "label_ru": "Глубинный Раурин",
        "descr_en": null,
        "descr_ru": null,
        "descr_html_en": "<!DOCTYPE HTML PUBLIC \"-//W3C//DTD HTML 4.0//EN\" \"http://www.w3.org/TR/REC-html40/strict.dtd\">\n<html><head><meta name=\"qrichtext\" content=\"1\" /><style type=\"text/css\">\np, li { white-space: pre-wrap; }\n</style></head><body style=\" font-family:'MS Shell Dlg 2'; font-size:10pt; font-weight:400; font-style:normal;\">\n<p style=\" margin-top:0px; margin-bottom:0px; margin-left:0px; margin-right:0px; -qt-block-indent:0; text-indent:0px;\">—</p></body></html>",
        "descr_html_ru": null,
        "url_en": null,
        "url_ru": null,
        "source_name": "WotC Underdark 3e",
        "source_url": "https://forgottenrealms.fandom.com/wiki/Underdark_(sourcebook)",
        "dnd_editions_str": "5e, 3e",
        "feature_levels_str": "Lowerdark, Middledark, Upperdark",
        "extra_str": null,
        "location_en": "south-eastern Faerûn → Underdark",
        "name_alt_en_str": null,
        "location_ru": "юго-восточный Фаэрун → Подземье",
        "name_alt_ru_str": null,
        "geog_extent_area_sq_km": 1108652.0,
        "geog_extent_area_sq_miles": 428053.0,
        "geog_extent_perimeter_km": 4748.0,
        "geog_extent_perimeter_miles": 2950.0,
        "geog_extent_centroid_md": "22° 45′ 40″ N 026° 36′ 01″ E",
        "geog_extent_centroid_fria": "22° 45′ 40″ N 026° 52′ 52″ W",
        "geog_extent_length_km": null,
        "geog_extent_length_miles": null,
        "geog_extent_bbox_md": {
          "east": 34.251680921264,
          "west": 19.834457746713,
          "north": 27.673946685472693,
          "south": 17.20620433736632
        },
        "geog_extent_bbox_fria": {
          "east": -19.229820566726364,
          "west": -33.64704374127707,
          "north": 27.673946685472693,
          "south": 17.20620433736632
        },
        "name_it": "Raurin Profondo",
        "name_abb_it": null,
        "label_it": "Raurin Profondo",
        "descr_it": null,
        "descr_html_it": null,
        "url_it": null,
        "location_it": "Faerûn sud-orientale → Underdark",
        "name_alt_it_str": null,
        "topical_tags": "",
        "related_location_tags": "",
        "related_cultures_tags": "",
        "related_factions_tags": ""
      },
      "geometry": {
        "type": "MultiPolygon",
        "coordinates": [
          [
            [
              [
                -26.268845471439917,
                27.673946685472693
              ],
              [
                -26.918754971706406,
                27.521026803057048
              ],
              [
                -27.473089545463118,
                27.329876950037495
              ],
              [
                -27.798044295596362,
                27.310761964735537
              ],
              [
                -28.390608839956986,
                27.21518703822576
              ],
              [
                -28.75379356069414,
                27.17695706762185
              ],
              [
                -29.269898163846943,
                27.00492219990425
              ],
              [
                -29.499277987470407,
                26.813772346884694
              ],
              [
                -29.70954282579192,
                26.507932582053403
              ],
              [
                -29.76688778169779,
                26.335897714335804
              ],
              [
                -29.805117752301697,
                26.010942964202556
              ],
              [
                -29.594852913980187,
                25.819793111183003
              ],
              [
                -29.40370306096063,
                25.74333316997518
              ],
              [
                -29.327243119752808,
                25.552183316955624
              ],
              [
                -29.499277987470407,
                25.361033463936067
              ],
              [
                -29.76688778169779,
                25.16988361091651
              ],
              [
                -30.1491874877369,
                24.90227381668913
              ],
              [
                -30.35945232605841,
                24.577319066555887
              ],
              [
                -30.455027252568186,
                24.53908909595198
              ],
              [
                -30.72263704679557,
                24.65377900776371
              ],
              [
                -30.97113185572099,
                24.768468919575444
              ],
              [
                -31.14316672343859,
                24.7875839048774
              ],
              [
                -31.353431561760104,
                24.74935393427349
              ],
              [
                -31.525466429477703,
                24.69200897836762
              ],
              [
                -31.888651150214855,
                24.405284198838288
              ],
              [
                -31.92688112081877,
                24.367054228234377
              ],
              [
                -32.07640379496465,
                24.29289054817185
              ],
              [
                -32.08978917033803,
                24.26611979742509
              ],
              [
                -32.15002335951824,
                24.26611979742509
              ],
              [
                -32.18348679795169,
                24.312968611231923
              ],
              [
                -32.19687217332507,
                24.366510112725443
              ],
              [
                -32.18348679795169,
                24.426744301905654
              ],
              [
                -32.176794110265,
                24.473593115712482
              ],
              [
                -32.19687217332507,
                24.533827304892696
              ],
              [
                -32.2437209871319,
                24.547212680266075
              ],
              [
                -32.34411130243225,
                24.520441929519315
              ],
              [
                -32.41773086698584,
                24.460207740339104
              ],
              [
                -32.518121182286194,
                24.359817425038752
              ],
              [
                -32.571662683779714,
                24.29289054817185
              ],
              [
                -32.68543837445345,
                24.16572948212474
              ],
              [
                -32.81929212818725,
                24.0586464791377
              ],
              [
                -32.87952631736746,
                23.978334226897417
              ],
              [
                -32.99999469572788,
                23.824402410103545
              ],
              [
                -33.086999635654855,
                23.663777905622982
              ],
              [
                -33.13384844946168,
                23.54330952726256
              ],
              [
                -33.29447295394225,
                23.288987395168338
              ],
              [
                -33.321243704689,
                23.175211704494608
              ],
              [
                -33.388170581555904,
                22.880733446280242
              ],
              [
                -33.47738410841948,
                22.48827424033274
              ],
              [
                -33.511316034991,
                22.397789102808687
              ],
              [
                -33.54524796156252,
                22.194197543379577
              ],
              [
                -33.50000539280049,
                22.09240176366502
              ],
              [
                -33.556558603753025,
                21.775703782330844
              ],
              [
                -33.64704374127707,
                21.628665433854266
              ],
              [
                -33.62442245689606,
                21.379831305663128
              ],
              [
                -33.56786924594353,
                21.051822682138447
              ],
              [
                -33.590490530324544,
                20.75774598518528
              ],
              [
                -33.556558603753025,
                20.508911856994146
              ],
              [
                -33.44345218184796,
                20.19221387565997
              ],
              [
                -33.3416564021334,
                20.01124360061187
              ],
              [
                -33.3303457599429,
                19.773720114611237
              ],
              [
                -33.28510319118087,
                19.547507270801113
              ],
              [
                -33.138064842704296,
                19.21949864727643
              ],
              [
                -33.09282227394227,
                18.959353876894788
              ],
              [
                -33.07020098956126,
                18.65396653775112
              ],
              [
                -32.7987455769891,
                18.47299626270302
              ],
              [
                -32.70826043946505,
                18.269404703273906
              ],
              [
                -32.6290859441315,
                18.11105571260682
              ],
              [
                -32.561222090988466,
                17.941396079749225
              ],
              [
                -32.515979522226445,
                17.76042580470113
              ],
              [
                -32.39156245813087,
                17.65863002498657
              ],
              [
                -32.255834751844795,
                17.522902318700496
              ],
              [
                -32.210592183082774,
                17.3532426858429
              ],
              [
                -32.04093255022518,
                17.341932043652395
              ],
              [
                -31.97306869708214,
                17.39848525460493
              ],
              [
                -31.905204843939103,
                17.522902318700496
              ],
              [
                -31.848651632986574,
                17.69256195155809
              ],
              [
                -31.848651632986574,
                17.907464153177706
              ],
              [
                -31.927826128320117,
                18.065813143844796
              ],
              [
                -31.961758054891636,
                18.167608923559353
              ],
              [
                -31.961758054891636,
                18.35988984079796
              ],
              [
                -31.927826128320117,
                18.574792042417577
              ],
              [
                -31.893894201748598,
                18.6200346111796
              ],
              [
                -31.803409064224546,
                18.710519748703653
              ],
              [
                -31.67899200012898,
                18.755762317465678
              ],
              [
                -31.509332367271384,
                18.755762317465678
              ],
              [
                -31.305740807842273,
                18.710519748703653
              ],
              [
                -31.124770532794173,
                18.642655895560615
              ],
              [
                -31.03428539527012,
                18.529549473655553
              ],
              [
                -31.056906679651135,
                18.246783418892896
              ],
              [
                -31.022974753079616,
                18.12236635479733
              ],
              [
                -30.909868331174554,
                18.031881217273277
              ],
              [
                -30.70627677174544,
                17.952706721939734
              ],
              [
                -30.344336221649243,
                17.850910942225177
              ],
              [
                -30.174676588791648,
                17.816979015653658
              ],
              [
                -29.948463744981524,
                17.771736446891634
              ],
              [
                -29.643076405837853,
                17.669940667177077
              ],
              [
                -29.473416772980258,
                17.624698098415053
              ],
              [
                -29.088854938503047,
                17.534212960891
              ],
              [
                -28.96443787440748,
                17.455038465557458
              ],
              [
                -28.77215695716887,
                17.39848525460493
              ],
              [
                -28.512012186787228,
                17.3532426858429
              ],
              [
                -28.24055677421508,
                17.341932043652395
              ],
              [
                -27.90123750849989,
                17.228825621747333
              ],
              [
                -27.765509802213813,
                17.20620433736632
              ],
              [
                -27.494054389641665,
                17.20620433736632
              ],
              [
                -27.222598977069516,
                17.251446906128344
              ],
              [
                -26.73624136287775,
                17.534212960891
              ],
              [
                -25.977410378316677,
                18.193057868487994
              ],
              [
                -25.556880701673656,
                18.38420772150755
              ],
              [
                -25.308385892748234,
                18.55624258922515
              ],
              [
                -24.849626245501298,
                18.80473739815057
              ],
              [
                -24.257061701140678,
                19.03411722177404
              ],
              [
                -23.702727127383966,
                19.129692148283816
              ],
              [
                -23.282197450740945,
                19.30172701600142
              ],
              [
                -22.99547267121161,
                19.55022182492684
              ],
              [
                -22.498483053360765,
                19.875176575060085
              ],
              [
                -22.364678156247074,
                19.93252153096595
              ],
              [
                -22.03972340611383,
                20.02809645747573
              ],
              [
                -21.542733788262986,
                20.18101633989137
              ],
              [
                -21.2368940234317,
                20.429511148816797
              ],
              [
                -20.892824287996497,
                20.58243103123244
              ],
              [
                -20.567869537863253,
                20.65889097244026
              ],
              [
                -20.414949655447607,
                20.735350913648084
              ],
              [
                -20.128224875918274,
                21.079420649083286
              ],
              [
                -20.05176493471045,
                21.270570502102842
              ],
              [
                -19.97530499350263,
                21.480835340424353
              ],
              [
                -19.917960037596764,
                21.84402006116151
              ],
              [
                -19.784155140483072,
                22.26454973780453
              ],
              [
                -19.70769519927525,
                22.60861947323973
              ],
              [
                -19.70769519927525,
                22.799769326259288
              ],
              [
                -19.650350243369385,
                23.105609091090578
              ],
              [
                -19.516545346255697,
                23.411448855921865
              ],
              [
                -19.420970419745917,
                23.793748561960975
              ],
              [
                -19.306280507934183,
                24.08047334149031
              ],
              [
                -19.248935552028318,
                24.405428091623556
              ],
              [
                -19.229820566726364,
                24.615692929945066
              ],
              [
                -19.268050537330275,
                24.864187738870488
              ],
              [
                -19.440085405047874,
                25.11268254779591
              ],
              [
                -19.74592516987916,
                25.2464874449096
              ],
              [
                -20.22379980242805,
                25.2464874449096
              ],
              [
                -20.472294611353473,
                25.227372459607643
              ],
              [
                -21.14131909692192,
                25.074452577191998
              ],
              [
                -21.886803523698184,
                24.921532694776356
              ],
              [
                -22.364678156247074,
                24.787727797662665
              ],
              [
                -22.82343780349401,
                24.749497827058754
              ],
              [
                -23.263082465438988,
                24.806842782964623
              ],
              [
                -23.702727127383966,
                24.959762665380268
              ],
              [
                -24.104141818725033,
                25.131797533097867
              ],
              [
                -24.46732653946219,
                25.361177356721335
              ],
              [
                -24.582016451273923,
                25.571442195042845
              ],
              [
                -24.6775913777837,
                25.89639694517609
              ],
              [
                -24.6775913777837,
                26.1066617834976
              ],
              [
                -24.887856216105213,
                26.565421430744536
              ],
              [
                -24.94520117201108,
                26.718341313160177
              ],
              [
                -25.251040936842365,
                27.024181077991468
              ],
              [
                -25.690685598787347,
                27.406480784030578
              ],
              [
                -26.268845471439917,
                27.673946685472693
              ]
            ]
          ]
        ]
      }
    },
    {
      "type": "Feature",
      "properties": {
        "uuid": "680e4e2a-1cf0-4344-9f0d-ccdd7d95af7a",
        "layer_id": "udk_nat_domains_pg",
        "timeframe": null,
        "feature_class": "Domain",
        "feature_rank": 1,
        "is_visible": true,
        "is_labeled": true,
        "needs_review": false,
        "review_notes": null,
        "img_url": null,
        "last_edited": "2026-07-14",
        "last_editor": "postgres",
        "name_en": "Darklands",
        "name_ru": "Тёмные Земли",
        "name_abb_en": null,
        "name_abb_ru": null,
        "label_en": "Darklands",
        "label_ru": "Тёмные Земли",
        "descr_en": "A vast subterranean domain located beneath central Faerûn, forming a significant part of the Underdark and stretching from Cairnheim in the west to Traaskl Thorog in the east.",
        "descr_ru": "Огромная подземная область, расположенная под центральным Фаэруном, составляющая значительную часть Подземья и простирающаяся от Кэрнхейма на западе до Трааскл Торога на востоке.",
        "descr_html_en": "<!DOCTYPE HTML PUBLIC \"-//W3C//DTD HTML 4.0//EN\" \"http://www.w3.org/TR/REC-html40/strict.dtd\">\n<html><head><meta name=\"qrichtext\" content=\"1\" /><style type=\"text/css\">\np, li { white-space: pre-wrap; }\n</style></head><body style=\" font-family:'MS Shell Dlg 2'; font-size:10pt; font-weight:400; font-style:normal;\">\n<p style=\" margin-top:0px; margin-bottom:0px; margin-left:0px; margin-right:0px; -qt-block-indent:0; text-indent:0px;\">—</p></body></html>",
        "descr_html_ru": null,
        "url_en": "https://forgottenrealms.fandom.com/wiki/Darklands",
        "url_ru": null,
        "source_name": "WotC Underdark 3e",
        "source_url": "https://forgottenrealms.fandom.com/wiki/Underdark_(sourcebook)",
        "dnd_editions_str": "5e, 3e",
        "feature_levels_str": "Lowerdark, Middledark, Upperdark",
        "extra_str": "topical_tags: [\"underdark\", \"subterranean\", \"domain\"] | related_cultures_tags: [\"duergar\"] | related_location_tags: [\"Dragon Coast\", \"Orsraun Mountains\", \"Turmish\", \"Chessenta\", \"Cairnheim\", \"Traaskl Thorog\", \"Dunspeirrin\"]",
        "location_en": "central Faerûn → Underdark",
        "name_alt_en_str": null,
        "location_ru": "центральный Фаэрун → Подземье",
        "name_alt_ru_str": null,
        "geog_extent_area_sq_km": 1581796.0,
        "geog_extent_area_sq_miles": 610734.0,
        "geog_extent_perimeter_km": 8065.0,
        "geog_extent_perimeter_miles": 5011.0,
        "geog_extent_centroid_md": "30° 08′ 35″ N 002° 11′ 21″ E",
        "geog_extent_centroid_fria": "30° 08′ 35″ N 051° 17′ 31″ W",
        "geog_extent_length_km": null,
        "geog_extent_length_miles": null,
        "geog_extent_bbox_md": {
          "east": 12.92189302552,
          "west": -11.504813956371,
          "north": 36.756121891932025,
          "south": 23.345913471511075
        },
        "geog_extent_bbox_fria": {
          "east": -40.55960846246986,
          "west": -64.98631544436057,
          "north": 36.756121891932025,
          "south": 23.345913471511075
        },
        "name_it": "Terre Oscure",
        "name_abb_it": null,
        "label_it": "Terre Oscure",
        "descr_it": "Un vasto dominio sotterraneo situato sotto la Faerûn centrale, che forma una parte significativa del Sottosuolo e si estende da Cairnheim a ovest fino a Traaskl Thorog a est.",
        "descr_html_it": null,
        "url_it": null,
        "location_it": "Faerûn centrale → Underdark",
        "name_alt_it_str": null,
        "topical_tags": "underdark, subterranean, domain",
        "related_location_tags": "Dragon Coast, Orsraun Mountains, Turmish, Chessenta, Cairnheim, Traaskl Thorog, Dunspeirrin",
        "related_cultures_tags": "duergar",
        "related_factions_tags": ""
      },
      "geometry": {
        "type": "MultiPolygon",
        "coordinates": [
          [
            [
              [
                -41.19583208568584,
                28.240513396579708
              ],
              [
                -41.37450449882325,
                27.98841190010042
              ],
              [
                -41.49468007209738,
                27.85409802408816
              ],
              [
                -41.53002582894271,
                27.797544813135627
              ],
              [
                -41.522956677573646,
                27.684438391230564
              ],
              [
                -41.416919407037646,
                27.599608574801767
              ],
              [
                -41.24725977418005,
                27.557193666587366
              ],
              [
                -41.13415335227499,
                27.5501245152183
              ],
              [
                -41.02104693036993,
                27.49357130426577
              ],
              [
                -40.865525600250464,
                27.444087244682304
              ],
              [
                -40.76655748108354,
                27.408741487836974
              ],
              [
                -40.67465851328568,
                27.29563506593191
              ],
              [
                -40.66758936191661,
                27.224943552241246
              ],
              [
                -40.73121172423821,
                27.05528391938365
              ],
              [
                -40.73828087560727,
                26.95631580021672
              ],
              [
                -40.681727664654744,
                26.850278529680725
              ],
              [
                -40.646381907809406,
                26.765448713251928
              ],
              [
                -40.65345105917847,
                26.701826350930332
              ],
              [
                -40.922078811203,
                26.574581626287134
              ],
              [
                -41.06346183858433,
                26.52509756670367
              ],
              [
                -41.204844865965654,
                26.44733690164394
              ],
              [
                -41.33208959060885,
                26.36957623658421
              ],
              [
                -41.46640346662112,
                26.305953874262613
              ],
              [
                -41.77037697549097,
                26.270608117417282
              ],
              [
                -41.96831321382483,
                26.263538966048213
              ],
              [
                -42.23694096584935,
                26.24940066331008
              ],
              [
                -42.44901550692134,
                26.242331511941014
              ],
              [
                -42.66815919936241,
                26.206985755095683
              ],
              [
                -42.837818832219995,
                26.178709149619415
              ],
              [
                -42.979201859601325,
                26.164570846881283
              ],
              [
                -43.07816997876826,
                26.157501695512217
              ],
              [
                -43.20541470341145,
                26.164570846881283
              ],
              [
                -43.29731367120932,
                26.206985755095683
              ],
              [
                -43.39628179037624,
                26.29181557152448
              ],
              [
                -43.48818075817411,
                26.36957623658421
              ],
              [
                -43.5942180287101,
                26.419060296167675
              ],
              [
                -43.693186147877036,
                26.461475204382072
              ],
              [
                -43.8275000238893,
                26.539235869441804
              ],
              [
                -43.912329840318094,
                26.60992738313247
              ],
              [
                -43.97595220263969,
                26.7088955022994
              ],
              [
                -44.03957456496129,
                26.80786362146633
              ],
              [
                -44.10319692728289,
                26.899762589264192
              ],
              [
                -44.15975013823542,
                26.95631580021672
              ],
              [
                -44.27285656014048,
                26.977523254323923
              ],
              [
                -44.47786194984341,
                26.991661557062056
              ],
              [
                -44.6687290368082,
                26.94217749747859
              ],
              [
                -44.8383886696658,
                26.88562428652606
              ],
              [
                -44.99390999978525,
                26.793725318728196
              ],
              [
                -45.22012284359538,
                26.701826350930332
              ],
              [
                -45.488750595619905,
                26.602858231763403
              ],
              [
                -45.76444749901349,
                26.560443323549002
              ],
              [
                -45.89169222365669,
                26.496820961227407
              ],
              [
                -46.073526213180365,
                26.452098583078865
              ],
              [
                -46.372197858523414,
                26.48793918052003
              ],
              [
                -46.39609159015086,
                26.499886046333753
              ],
              [
                -46.51556024828808,
                26.54767350958864
              ],
              [
                -46.694763235493916,
                26.583514107029806
              ],
              [
                -46.89785995432719,
                26.559620375402364
              ],
              [
                -47.172637868042806,
                26.416257985637696
              ],
              [
                -47.39962831850353,
                26.260948730059308
              ],
              [
                -47.51909697664075,
                26.045905145412306
              ],
              [
                -47.590778171523084,
                25.795020963324138
              ],
              [
                -47.61467190315053,
                25.281305733334083
              ],
              [
                -47.722193695474026,
                24.95874035636358
              ],
              [
                -47.88944981686614,
                24.683962442647967
              ],
              [
                -48.00891847500336,
                24.42113139474608
              ],
              [
                -48.09254653569942,
                24.26582213916769
              ],
              [
                -48.24785579127781,
                23.931309896383468
              ],
              [
                -48.35537758360131,
                23.764053774991353
              ],
              [
                -48.57042116824831,
                23.6804257142953
              ],
              [
                -48.654049228944366,
                23.704319445922742
              ],
              [
                -48.78546475289531,
                23.835734969873688
              ],
              [
                -48.881039679405085,
                23.931309896383468
              ],
              [
                -49.06024266661092,
                24.09856601777558
              ],
              [
                -49.287233117071644,
                24.12245974940302
              ],
              [
                -49.478382970091204,
                24.074672286148132
              ],
              [
                -49.6934265547382,
                23.919363030569745
              ],
              [
                -49.74121401799309,
                23.799894372432522
              ],
              [
                -49.74121401799309,
                23.64458511685413
              ],
              [
                -49.76510774962053,
                23.453435263834578
              ],
              [
                -49.824842078689144,
                23.345913471511075
              ],
              [
                -49.872629541944036,
                23.357860337324798
              ],
              [
                -49.95625760264009,
                23.441488398020855
              ],
              [
                -50.03988566333614,
                23.560957056158077
              ],
              [
                -50.19519491891454,
                23.668478848481577
              ],
              [
                -50.422185369375256,
                23.704319445922742
              ],
              [
                -50.625282088208536,
                23.692372580109023
              ],
              [
                -50.91200686773787,
                23.62069138522669
              ],
              [
                -51.103156720757426,
                23.560957056158077
              ],
              [
                -51.21067851308093,
                23.501222727089466
              ],
              [
                -51.437668963541654,
                23.393700934765967
              ],
              [
                -51.6766062798161,
                23.381754068952244
              ],
              [
                -51.87970299864937,
                23.429541532207132
              ],
              [
                -52.16642777817871,
                23.596797653599243
              ],
              [
                -52.189881944412726,
                23.753092447805763
              ],
              [
                -52.29097080899038,
                23.927700486621703
              ],
              [
                -52.3461101896691,
                24.001219660859995
              ],
              [
                -52.43800915746696,
                24.056359041538713
              ],
              [
                -52.6126171962829,
                24.09311862865786
              ],
              [
                -52.72289595764033,
                24.09311862865786
              ],
              [
                -52.842364615777555,
                24.074738835098287
              ],
              [
                -52.971023170694565,
                24.028789351199354
              ],
              [
                -53.03535244815307,
                24.01959945441957
              ],
              [
                -53.09049182883179,
                24.203397390015297
              ],
              [
                -53.20077059018922,
                24.378005428831237
              ],
              [
                -53.30185945476688,
                24.51585388052803
              ],
              [
                -53.46727759680303,
                24.69046191934397
              ],
              [
                -53.669455325958324,
                24.96615882273756
              ],
              [
                -54.03705119714978,
                25.205096139012007
              ],
              [
                -54.312748100543374,
                25.32456479714923
              ],
              [
                -54.606824797496536,
                25.42565366172688
              ],
              [
                -54.84576211377098,
                25.52674252630453
              ],
              [
                -55.103079223605,
                25.710540461900255
              ],
              [
                -55.22254788174222,
                25.87595860393641
              ],
              [
                -55.296067055980515,
                26.03218684919278
              ],
              [
                -55.36039633343901,
                26.317073649366154
              ],
              [
                -55.35120643665923,
                26.537631172081028
              ],
              [
                -55.31444684954008,
                26.914416940052266
              ],
              [
                -55.32363674631987,
                27.217683533785216
              ],
              [
                -55.37877612699859,
                27.511760230738382
              ],
              [
                -55.37877612699859,
                27.677178372774534
              ],
              [
                -55.40634581733795,
                27.769077340572398
              ],
              [
                -55.45229530123688,
                27.906925792269192
              ],
              [
                -55.470675094796455,
                27.952875276168125
              ],
              [
                -55.79232148208897,
                27.998824760067055
              ],
              [
                -55.911790140226195,
                28.008014656846843
              ],
              [
                -56.077208282262355,
                27.998824760067055
              ],
              [
                -56.39885466955488,
                27.91611568904898
              ],
              [
                -56.58265260515061,
                27.805836927691544
              ],
              [
                -56.73888085040697,
                27.732317753453252
              ],
              [
                -56.987008063461204,
                27.520950127518166
              ],
              [
                -57.25351507007501,
                27.383101675821372
              ],
              [
                -57.363793831432446,
                27.272822914463937
              ],
              [
                -57.52002207668881,
                27.245253224124575
              ],
              [
                -57.70382001228454,
                27.254443120904362
              ],
              [
                -57.87842805110048,
                27.337152191922442
              ],
              [
                -58.282783509411075,
                27.61284909531603
              ],
              [
                -58.448201651447235,
                27.723127856673468
              ],
              [
                -58.622809690263175,
                27.805836927691544
              ],
              [
                -58.76065814195997,
                27.91611568904898
              ],
              [
                -58.87093690331741,
                27.99882476006706
              ],
              [
                -59.02716514857377,
                28.099913624644707
              ],
              [
                -59.09149442603228,
                28.19181259244257
              ],
              [
                -59.17420349705036,
                28.26533176668086
              ],
              [
                -59.2109630841695,
                28.329661044139364
              ],
              [
                -59.17420349705036,
                28.403180218377656
              ],
              [
                -59.12825401315142,
                28.439939805496802
              ],
              [
                -59.0731146324727,
                28.47669939261595
              ],
              [
                -59.13744390993121,
                28.559408463634025
              ],
              [
                -59.37213973538421,
                28.77819869850663
              ],
              [
                -59.4456589096225,
                28.833338079185346
              ],
              [
                -59.62945684521823,
                28.906857253423635
              ],
              [
                -59.76730529691502,
                28.97118653088214
              ],
              [
                -59.905153748611816,
                29.02632591156086
              ],
              [
                -60.059897472080685,
                28.950898066452922
              ],
              [
                -60.18007304535482,
                28.873137401393194
              ],
              [
                -60.201280499462015,
                28.809515039071595
              ],
              [
                -60.27324153509031,
                28.65498117676267
              ],
              [
                -60.36881646160008,
                28.726662371645006
              ],
              [
                -60.59580691206081,
                28.893918493037116
              ],
              [
                -60.72722243601175,
                29.03728088280178
              ],
              [
                -60.894478557403865,
                29.156749540939003
              ],
              [
                -61.0736815446097,
                29.324005662331118
              ],
              [
                -61.20509706856064,
                29.49126178372323
              ],
              [
                -61.33651259251159,
                29.694358502556508
              ],
              [
                -61.45598125064881,
                29.86161462394862
              ],
              [
                -61.503768713903696,
                29.993030147899564
              ],
              [
                -61.503768713903696,
                30.208073732546566
              ],
              [
                -61.45598125064881,
                30.375329853938677
              ],
              [
                -61.30067199507042,
                30.6023203043994
              ],
              [
                -61.228990800188086,
                30.853204486487567
              ],
              [
                -61.03784094716853,
                31.06824807113457
              ],
              [
                -60.966159752286195,
                31.19966359508551
              ],
              [
                -60.882531691590145,
                31.378866582291344
              ],
              [
                -60.77500989926664,
                31.581963301124624
              ],
              [
                -60.691381838570585,
                31.785060019957903
              ],
              [
                -60.60775377787453,
                31.97620987297746
              ],
              [
                -60.59580691206081,
                32.15541286018329
              ],
              [
                -60.57191318043336,
                32.322668981575404
              ],
              [
                -60.60775377787453,
                32.50187196878124
              ],
              [
                -60.73916930182547,
                32.66912809017335
              ],
              [
                -60.91837228903131,
                32.800543614124294
              ],
              [
                -61.02589408135481,
                32.89611854063407
              ],
              [
                -61.33651259251159,
                33.063374662026185
              ],
              [
                -61.44403438483509,
                33.063374662026185
              ],
              [
                -61.75465289599187,
                33.075321527839904
              ],
              [
                -62.06527140714864,
                33.09921525946735
              ],
              [
                -62.23252752854076,
                33.09921525946735
              ],
              [
                -62.650667832021036,
                33.08726839365363
              ],
              [
                -63.14048933038365,
                33.02753406458502
              ],
              [
                -63.35553291503065,
                33.08726839365363
              ],
              [
                -63.58252336549137,
                33.14700272272224
              ],
              [
                -63.71393888944232,
                33.29036511248691
              ],
              [
                -63.84535441339326,
                33.4456743680653
              ],
              [
                -63.95287620571676,
                33.541249294575074
              ],
              [
                -64.07234486385398,
                33.63682422108485
              ],
              [
                -64.14402605873632,
                33.67266481852602
              ],
              [
                -64.31128218012843,
                33.70850541596719
              ],
              [
                -64.50243203314798,
                33.732399147594634
              ],
              [
                -64.5621663622166,
                33.744346013408354
              ],
              [
                -64.70552875198126,
                33.816027208290684
              ],
              [
                -64.7772099468636,
                33.88770840317302
              ],
              [
                -64.98631544436057,
                34.32839929952062
              ],
              [
                -64.86547688233627,
                34.55085003360784
              ],
              [
                -64.7221144925716,
                34.68226555755878
              ],
              [
                -64.55485837117949,
                34.801734215696
              ],
              [
                -64.44733657885598,
                34.957043471274396
              ],
              [
                -64.36370851815994,
                35.20792765336256
              ],
              [
                -64.30397418909132,
                35.42297123800956
              ],
              [
                -64.24423986002272,
                35.54243989614678
              ],
              [
                -64.11282433607177,
                35.73358974916634
              ],
              [
                -63.9694619463071,
                35.81721780986239
              ],
              [
                -63.778312093287546,
                35.90084587055845
              ],
              [
                -63.527427911199375,
                35.90084587055845
              ],
              [
                -63.36017178980727,
                35.88889900474473
              ],
              [
                -63.09734074190538,
                35.81721780986239
              ],
              [
                -62.906190888885824,
                35.793324078234946
              ],
              [
                -62.715041035866264,
                35.86500527311728
              ],
              [
                -62.4641568537781,
                35.94863333381334
              ],
              [
                -62.26106013494482,
                36.00836766288195
              ],
              [
                -61.98628222122921,
                36.15173005264661
              ],
              [
                -61.80707923402338,
                36.28314557659756
              ],
              [
                -61.675663710072435,
                36.36677363729362
              ],
              [
                -61.40088579635682,
                36.55792349031317
              ],
              [
                -61.185842211709826,
                36.65349841682295
              ],
              [
                -60.831759465454184,
                36.756121891932025
              ],
              [
                -60.84807289169049,
                36.565798585841776
              ],
              [
                -60.84807289169049,
                36.38091308849696
              ],
              [
                -60.815446039217875,
                36.24496786986107
              ],
              [
                -60.77194356925439,
                36.163400738679535
              ],
              [
                -60.66862520309111,
                36.04376894627995
              ],
              [
                -60.59793368940045,
                36.01114209380734
              ],
              [
                -60.37498353083758,
                35.91326153638949
              ],
              [
                -60.13028213729298,
                35.815380978971646
              ],
              [
                -59.89645636123924,
                35.67399795159032
              ],
              [
                -59.69525743765812,
                35.54349054169987
              ],
              [
                -59.472307279095254,
                35.42929655804571
              ],
              [
                -59.23848150304152,
                35.31510257439157
              ],
              [
                -59.13516313687824,
                35.26616229568264
              ],
              [
                -58.84152146462471,
                35.19547078199198
              ],
              [
                -58.68382501100708,
                35.184595164501104
              ],
              [
                -58.47718827868052,
                35.222659825719155
              ],
              [
                -58.39018333875355,
                35.26616229568264
              ],
              [
                -58.216173458899604,
                35.34772942686418
              ],
              [
                -58.0476013877911,
                35.42929655804571
              ],
              [
                -57.98234768284587,
                35.48367464550007
              ],
              [
                -57.80833780299193,
                35.570679585427044
              ],
              [
                -57.6669547756106,
                35.61418205539053
              ],
              [
                -57.53644736572014,
                35.6250576728814
              ],
              [
                -57.329810633393585,
                35.53805273295443
              ],
              [
                -57.17755198852139,
                35.46192341051833
              ],
              [
                -56.97635306494027,
                35.28791353066438
              ],
              [
                -56.775154141359145,
                35.17915735575567
              ],
              [
                -56.650084540214124,
                35.05408775461065
              ],
              [
                -56.459761234123874,
                34.92901815346563
              ],
              [
                -56.34012944172429,
                34.874640066011274
              ],
              [
                -56.1443683268886,
                34.77675950859343
              ],
              [
                -55.986671873270964,
                34.716943612393635
              ],
              [
                -55.77459733219897,
                34.64625209870297
              ],
              [
                -55.606025261090466,
                34.613625246230356
              ],
              [
                -55.46464223370914,
                34.60818743748492
              ],
              [
                -55.21994084016453,
                34.61906305497579
              ],
              [
                -55.138373708982996,
                34.64081428995753
              ],
              [
                -54.93717478540187,
                34.6353764812121
              ],
              [
                -54.79579175802055,
                34.58643620250318
              ],
              [
                -54.51846351200332,
                34.51574468881252
              ],
              [
                -54.31182677967677,
                34.46680441010359
              ],
              [
                -54.056249768641294,
                34.439615366376415
              ],
              [
                -53.936617976241706,
                34.439615366376415
              ],
              [
                -53.66472753896992,
                34.455928792612724
              ],
              [
                -53.54509574657033,
                34.52118249755795
              ],
              [
                -53.41458833667988,
                34.58643620250318
              ],
              [
                -53.25689188306224,
                34.64081428995753
              ],
              [
                -53.13182228191722,
                34.65712771619384
              ],
              [
                -52.77292690471846,
                34.50486907132164
              ],
              [
                -52.48472304121037,
                34.29279453024965
              ],
              [
                -52.38684248379253,
                34.211227399068115
              ],
              [
                -52.21283260393859,
                34.075282180432225
              ],
              [
                -52.07144957655726,
                33.97740162301438
              ],
              [
                -51.913753122939625,
                33.86864544810567
              ],
              [
                -51.82131037426721,
                33.7816405081787
              ],
              [
                -51.701678581867625,
                33.69463556825172
              ],
              [
                -51.652738303158706,
                33.60763062832475
              ],
              [
                -51.62554925943153,
                33.4934366446706
              ],
              [
                -51.620111450686096,
                33.39555608725276
              ],
              [
                -51.69080296437676,
                33.25417305987143
              ],
              [
                -51.707116390613066,
                33.17804373743533
              ],
              [
                -51.67448953814045,
                33.02034728381769
              ],
              [
                -51.32646977843256,
                32.83002397772743
              ],
              [
                -51.17421113356036,
                32.72670561156415
              ],
              [
                -51.021952488688164,
                32.66688971536436
              ],
              [
                -50.88600727005227,
                32.563571349201084
              ],
              [
                -50.73374862518007,
                32.43850174805606
              ],
              [
                -50.673932728980276,
                32.356934616874526
              ],
              [
                -50.57605217156244,
                32.25905405945668
              ],
              [
                -50.450982570417416,
                32.11767103207535
              ],
              [
                -50.35310201299957,
                32.03066609214838
              ],
              [
                -50.19540555938193,
                31.87840744727618
              ],
              [
                -50.168216515654755,
                31.802278124840083
              ],
              [
                -50.130151854436704,
                31.70439756742224
              ],
              [
                -50.14646528067301,
                31.568452348786348
              ],
              [
                -50.222594603109115,
                31.427069321405018
              ],
              [
                -50.271534881818035,
                31.340064381478047
              ],
              [
                -50.47273380539916,
                31.176930119114974
              ],
              [
                -50.5107984666172,
                31.127989840406055
              ],
              [
                -50.7228730076892,
                31.062736135460824
              ],
              [
                -50.84794260883422,
                31.035547091733648
              ],
              [
                -51.01107687119729,
                31.03010928298821
              ],
              [
                -51.108957428615135,
                30.992044621770162
              ],
              [
                -51.20683798603298,
                30.86697502062514
              ],
              [
                -51.26665388223277,
                30.747343228225553
              ],
              [
                -51.27752949972364,
                30.682089523280325
              ],
              [
                -51.31015635219626,
                30.51351745217182
              ],
              [
                -51.32103196968713,
                30.366696616045058
              ],
              [
                -51.369972248396046,
                30.2361892061546
              ],
              [
                -51.38084786588691,
                30.165497692463934
              ],
              [
                -51.39172348337779,
                30.040428091318915
              ],
              [
                -51.37541005714148,
                29.991487812609993
              ],
              [
                -51.22315141226928,
                29.947985342646508
              ],
              [
                -51.03282810617903,
                29.84466697648323
              ],
              [
                -50.858818226325084,
                29.773975462792563
              ],
              [
                -50.690246155216585,
                29.708721757847336
              ],
              [
                -50.55430093658069,
                29.670657096629284
              ],
              [
                -50.445544761671975,
                29.643468052902108
              ],
              [
                -50.24978364683629,
                29.659781479138413
              ],
              [
                -50.09752500196409,
                29.7032839491019
              ],
              [
                -49.96701759207363,
                29.784851080283435
              ],
              [
                -49.87457484340123,
                29.86641821146497
              ],
              [
                -49.749505242256205,
                29.95342315139194
              ],
              [
                -49.624435641111184,
                30.02955247382804
              ],
              [
                -49.49392823122072,
                30.067617135046092
              ],
              [
                -49.33623177760309,
                30.105681796264143
              ],
              [
                -49.151346280258274,
                30.116557413755014
              ],
              [
                -49.03715229660413,
                30.14918426622763
              ],
              [
                -48.857704608004745,
                30.198124544936547
              ],
              [
                -48.70544596313255,
                30.230751397409165
              ],
              [
                -48.6075654057147,
                30.268816058627213
              ],
              [
                -48.5151226570423,
                30.366696616045058
              ],
              [
                -48.438993334606195,
                30.486328408444642
              ],
              [
                -48.37373962966097,
                30.622273627080535
              ],
              [
                -48.36830182091553,
                30.75278103697099
              ],
              [
                -48.3628640121701,
                30.88328844686145
              ],
              [
                -48.33023715969748,
                30.992044621770162
              ],
              [
                -48.28129688098856,
                31.100800796678875
              ],
              [
                -48.23235660227964,
                31.176930119114978
              ],
              [
                -48.03115767869852,
                31.18780573660585
              ],
              [
                -47.94415273877155,
                31.182367927860412
              ],
              [
                -47.829958755117396,
                31.176930119114978
              ],
              [
                -47.72120258020868,
                31.182367927860412
              ],
              [
                -47.68313791899063,
                31.231308206569334
              ],
              [
                -47.66682449275433,
                31.318313146496305
              ],
              [
                -47.66138668400889,
                31.421631512659584
              ],
              [
                -47.672262301499764,
                31.508636452586554
              ],
              [
                -47.69945134522694,
                31.611954818749833
              ],
              [
                -47.73751600644499,
                31.709835376167675
              ],
              [
                -47.759267241426734,
                31.758775654876597
              ],
              [
                -47.77014285891761,
                31.834904977312696
              ],
              [
                -47.759267241426734,
                31.900158682257928
              ],
              [
                -47.520003656627566,
                31.878407447276185
              ],
              [
                -47.42212309920972,
                31.88384525602162
              ],
              [
                -47.3731828205008,
                31.900158682257928
              ],
              [
                -47.30249130681013,
                31.93278553473054
              ],
              [
                -47.21548636688316,
                31.987163622184898
              ],
              [
                -47.150232661937935,
                32.01979047465751
              ],
              [
                -47.05235210452009,
                32.03066609214839
              ],
              [
                -46.98166059082943,
                31.954536769712284
              ],
              [
                -46.9164068858842,
                31.867531829785314
              ],
              [
                -46.90009345964789,
                31.79684031609465
              ],
              [
                -46.82396413721179,
                31.65545728871332
              ],
              [
                -46.437879716285856,
                31.535825496313738
              ],
              [
                -46.19317832274125,
                31.389004660186973
              ],
              [
                -45.964790355432946,
                31.285686294023698
              ],
              [
                -45.79621828432444,
                31.220432589078467
              ],
              [
                -45.616770595725065,
                31.171492310369548
              ],
              [
                -45.442760715871124,
                31.133427649151496
              ],
              [
                -45.27418864476262,
                31.08992517918801
              ],
              [
                -45.10017876490867,
                31.06817394420627
              ],
              [
                -44.79566147516427,
                31.019233665497346
              ],
              [
                -44.779348048927964,
                31.002920239261037
              ],
              [
                -44.54552227287423,
                30.905039681843196
              ],
              [
                -44.43676609796552,
                30.83434816815253
              ],
              [
                -44.28450745309331,
                30.731029801989255
              ],
              [
                -44.219253748148084,
                30.616835818335105
              ],
              [
                -44.083308529512195,
                30.513517452171826
              ],
              [
                -43.90386084091281,
                30.426512512244855
              ],
              [
                -43.78422904851323,
                30.372134424790495
              ],
              [
                -43.57215450744124,
                30.301442911099834
              ],
              [
                -43.36007996636924,
                30.23075139740917
              ],
              [
                -43.14800542529725,
                30.170935501209375
              ],
              [
                -43.04468705913397,
                30.149184266227632
              ],
              [
                -42.963119927952434,
                30.149184266227632
              ],
              [
                -42.94680650171613,
                30.31775633733614
              ],
              [
                -42.957682119207,
                30.410199086008546
              ],
              [
                -42.98487116293418,
                30.589646774607925
              ],
              [
                -43.02293582415223,
                30.692965140771204
              ],
              [
                -43.0338114416431,
                30.823472550661663
              ],
              [
                -43.02837363289767,
                30.932228725570376
              ],
              [
                -43.01206020666136,
                31.008358048006475
              ],
              [
                -42.93593088422526,
                31.138865457896934
              ],
              [
                -42.88699060551634,
                31.198681354096724
              ],
              [
                -42.78911004809849,
                31.25305944155108
              ],
              [
                -42.68579168193522,
                31.3455021902235
              ],
              [
                -42.642289211971736,
                31.350939998968933
              ],
              [
                -42.51178180208128,
                31.361815616459804
              ],
              [
                -42.39215000968169,
                31.31831314649632
              ],
              [
                -42.29970726100929,
                31.25849725029653
              ],
              [
                -42.20726451233688,
                31.220432589078477
              ],
              [
                -42.136572998646216,
                31.209556971587606
              ],
              [
                -42.01694120624663,
                31.193243545351297
              ],
              [
                -41.957125310046834,
                31.236746015314786
              ],
              [
                -41.92993626631966,
                31.334626572732628
              ],
              [
                -41.92993626631966,
                31.410755895168727
              ],
              [
                -41.94081188381053,
                31.503198643841134
              ],
              [
                -41.957125310046834,
                31.5738901575318
              ],
              [
                -41.98431435377402,
                31.628268244986156
              ],
              [
                -41.98975216251945,
                31.66089509745877
              ],
              [
                -41.766802003956585,
                31.62283043624072
              ],
              [
                -41.68523487277505,
                31.628268244986156
              ],
              [
                -41.56016527163003,
                31.66089509745877
              ],
              [
                -41.43509567048501,
                31.666332906204204
              ],
              [
                -41.23933455564932,
                31.611954818749847
              ],
              [
                -41.13601618948604,
                31.568452348786362
              ],
              [
                -40.967444118377536,
                31.486885217604826
              ],
              [
                -40.831498899741646,
                31.41619370391416
              ],
              [
                -40.744493959814676,
                31.361815616459804
              ],
              [
                -40.64661340239683,
                31.25849725029653
              ],
              [
                -40.619424358669654,
                31.171492310369555
              ],
              [
                -40.67380244612401,
                31.106238605424327
              ],
              [
                -40.85868794346882,
                30.959417769297563
              ],
              [
                -40.99463316210472,
                30.86153721187972
              ],
              [
                -41.108827145758866,
                30.752781036971005
              ],
              [
                -41.17951865944953,
                30.638587053316854
              ],
              [
                -41.212145511922145,
                30.486328408444656
              ],
              [
                -41.16320523321322,
                30.399323468517686
              ],
              [
                -41.08707591077712,
                30.334069763572458
              ],
              [
                -40.89131479594144,
                30.25250263239092
              ],
              [
                -40.78255862103272,
                30.17637330995482
              ],
              [
                -40.63029997616052,
                30.02411466508262
              ],
              [
                -40.5813596974516,
                29.893607255192165
              ],
              [
                -40.55960846246986,
                29.7467864190654
              ],
              [
                -40.565046271215294,
                29.638030244156685
              ],
              [
                -40.66292682863314,
                29.474895981793615
              ],
              [
                -40.76624519479642,
                29.355264189394028
              ],
              [
                -40.83693670848709,
                29.311761719430542
              ],
              [
                -40.940255074650366,
                29.230194588249006
              ],
              [
                -40.98375754461385,
                29.14862745706747
              ],
              [
                -41.01094658834103,
                29.023557855922448
              ],
              [
                -40.97831973586841,
                28.898488254777426
              ],
              [
                -40.92937945715949,
                28.79516988861415
              ],
              [
                -40.92394164841406,
                28.719040566178048
              ],
              [
                -40.940255074650366,
                28.604846582523898
              ],
              [
                -41.00007097085015,
                28.534155068833236
              ],
              [
                -41.06532467579538,
                28.46890136388801
              ],
              [
                -41.11970276324974,
                28.425398893924523
              ],
              [
                -41.163205233213226,
                28.371020806470163
              ],
              [
                -41.19583208568584,
                28.240513396579708
              ]
            ]
          ]
        ]
      }
    },
    {
      "type": "Feature",
      "properties": {
        "uuid": "e60fb993-4a23-4eea-b078-2a341d0fac2d",
        "layer_id": "udk_nat_domains_pg",
        "timeframe": null,
        "feature_class": "Domain",
        "feature_rank": 2,
        "is_visible": true,
        "is_labeled": true,
        "needs_review": false,
        "review_notes": null,
        "img_url": null,
        "last_edited": "2026-07-14",
        "last_editor": "postgres",
        "name_en": "Gauth Grottoes",
        "name_ru": "Гроты Гаутов",
        "name_abb_en": null,
        "name_abb_ru": null,
        "label_en": "Gauth Grottoes",
        "label_ru": "Гроты Гаутов",
        "descr_en": "A distinct area of the Underdark, located south and down from Darkhold, near the Northdark, Buried Realms, and Darklands but without direct connections to them.",
        "descr_ru": "Обособленная область Подземья, расположенная к югу и ниже Тёмной Твердыни, близ Северного Подземья, Погребённых Царств и Тёмных Земель, но без прямых связей с ними.",
        "descr_html_en": "<!DOCTYPE HTML PUBLIC \"-//W3C//DTD HTML 4.0//EN\" \"http://www.w3.org/TR/REC-html40/strict.dtd\">\n<html><head><meta name=\"qrichtext\" content=\"1\" /><style type=\"text/css\">\np, li { white-space: pre-wrap; }\n</style></head><body style=\" font-family:'MS Shell Dlg 2'; font-size:10pt; font-weight:400; font-style:normal;\">\n<p style=\" margin-top:0px; margin-bottom:0px; margin-left:0px; margin-right:0px; -qt-block-indent:0; text-indent:0px;\">—</p></body></html>",
        "descr_html_ru": null,
        "url_en": "https://forgottenrealms.fandom.com/wiki/Gauth_Grottoes",
        "url_ru": null,
        "source_name": "WotC Underdark 3e",
        "source_url": "https://forgottenrealms.fandom.com/wiki/Underdark_(sourcebook)",
        "dnd_editions_str": "5e, 3e",
        "feature_levels_str": "Lowerdark, Middledark, Upperdark",
        "extra_str": "topical_tags: [\"underdark\", \"domain\", \"grottoes\"] | related_location_tags: [\"Darkhold\", \"Northdark\", \"Buried Realms\", \"Darklands\", \"Middledark\"]",
        "location_en": "western Faerûn → Underdark",
        "name_alt_en_str": null,
        "location_ru": "западный Фаэрун → Подземье",
        "name_alt_ru_str": null,
        "geog_extent_area_sq_km": 65379.0,
        "geog_extent_area_sq_miles": 25243.0,
        "geog_extent_perimeter_km": 1147.0,
        "geog_extent_perimeter_miles": 713.0,
        "geog_extent_centroid_md": "38° 01′ 19″ N 009° 34′ 30″ W",
        "geog_extent_centroid_fria": "38° 01′ 19″ N 063° 03′ 23″ W",
        "geog_extent_length_km": null,
        "geog_extent_length_miles": null,
        "geog_extent_bbox_md": {
          "east": -8.19827212904,
          "west": -11.061278433512,
          "north": 39.84975007951803,
          "south": 36.12430730802002
        },
        "geog_extent_bbox_fria": {
          "east": -61.67977361703012,
          "west": -64.54277992150203,
          "north": 39.84975007951803,
          "south": 36.12430730802002
        },
        "name_it": "Grotte di Gauth",
        "name_abb_it": null,
        "label_it": "Grotte di Gauth",
        "descr_it": "Un'area distinta del Sottosuolo, situata a sud e in profondità rispetto a Darkhold, vicino al Sottosuolo Settentrionale, ai Reami Sepolti e alle Terre Oscure, ma senza collegamenti diretti con essi.",
        "descr_html_it": null,
        "url_it": null,
        "location_it": "Faerûn occidentale → Underdark",
        "name_alt_it_str": null,
        "topical_tags": "underdark, domain, grottoes",
        "related_location_tags": "Darkhold, Northdark, Buried Realms, Darklands, Middledark",
        "related_cultures_tags": "",
        "related_factions_tags": ""
      },
      "geometry": {
        "type": "MultiPolygon",
        "coordinates": [
          [
            [
              [
                -62.75428462512822,
                36.12430730802002
              ],
              [
                -62.535140932687156,
                36.30103609224668
              ],
              [
                -62.47858772173463,
                36.41414251415175
              ],
              [
                -62.43617281352023,
                36.52724893605681
              ],
              [
                -62.3796196025677,
                36.654493660700005
              ],
              [
                -62.28065148340077,
                36.75346177986693
              ],
              [
                -62.231167423817304,
                36.760530931236
              ],
              [
                -62.209959969710106,
                36.76760008260507
              ],
              [
                -62.05443863959064,
                36.73225432575973
              ],
              [
                -61.88477900673305,
                36.7181160230216
              ],
              [
                -61.81408749304238,
                36.760530931236
              ],
              [
                -61.72218852524452,
                36.866568201772
              ],
              [
                -61.68684276839919,
                36.944328866831725
              ],
              [
                -61.67977361703012,
                37.07157359147492
              ],
              [
                -61.77167258482798,
                37.191749164749055
              ],
              [
                -61.93426306631651,
                37.29778643528505
              ],
              [
                -62.07564609369784,
                37.38261625171385
              ],
              [
                -62.266513180662635,
                37.54520673320238
              ],
              [
                -62.3796196025677,
                37.644174852369304
              ],
              [
                -62.47858772173463,
                37.7502121229053
              ],
              [
                -62.584624992270626,
                37.9410792098701
              ],
              [
                -62.57048668953249,
                38.124877145465824
              ],
              [
                -62.50686432721089,
                38.28746762695435
              ],
              [
                -62.4008270566749,
                38.478334713919146
              ],
              [
                -62.2947897861389,
                38.591441135824205
              ],
              [
                -62.13219930465037,
                38.824723131003395
              ],
              [
                -62.06150779095971,
                39.00852106659912
              ],
              [
                -62.012023731376246,
                39.164042396718585
              ],
              [
                -61.99081627726905,
                39.29835627273085
              ],
              [
                -61.99081627726905,
                39.432670148743114
              ],
              [
                -62.13926845601944,
                39.62353723570791
              ],
              [
                -62.2735823320317,
                39.69422874939857
              ],
              [
                -62.38668875393677,
                39.7295745062439
              ],
              [
                -62.54221008405622,
                39.80026601993457
              ],
              [
                -62.67652396006849,
                39.84975007951803
              ],
              [
                -62.803768684711685,
                39.842680928148965
              ],
              [
                -62.88859850114048,
                39.77905856582737
              ],
              [
                -62.98756662030741,
                39.7083670521367
              ],
              [
                -63.16429540453407,
                39.665952143922304
              ],
              [
                -63.22791776685567,
                39.665952143922304
              ],
              [
                -63.4965455188802,
                39.69422874939857
              ],
              [
                -63.666205151737785,
                39.71543620350577
              ],
              [
                -63.83586478459538,
                39.71543620350577
              ],
              [
                -64.11156168798897,
                39.61646808433884
              ],
              [
                -64.2953596235847,
                39.51043081380284
              ],
              [
                -64.44381180233509,
                39.34077118094525
              ],
              [
                -64.50036501328762,
                39.24180306177832
              ],
              [
                -64.53571077013297,
                39.13576579124232
              ],
              [
                -64.54277992150203,
                38.987313612491924
              ],
              [
                -64.50036501328762,
                38.789377374158065
              ],
              [
                -64.45795010507322,
                38.66920180088394
              ],
              [
                -64.41553519685883,
                38.59851028719327
              ],
              [
                -64.2953596235847,
                38.38643574612128
              ],
              [
                -64.2317372612631,
                38.18849950778742
              ],
              [
                -64.20346065578684,
                38.018839874929824
              ],
              [
                -64.18932235304871,
                37.905733453024766
              ],
              [
                -64.18932235304871,
                37.6653823064765
              ],
              [
                -64.17518405031058,
                37.54520673320238
              ],
              [
                -64.14690744483431,
                37.446238614035444
              ],
              [
                -64.06914677977457,
                37.23416407296345
              ],
              [
                -64.00552441745297,
                37.09985019695119
              ],
              [
                -63.93483290376231,
                36.993812926415195
              ],
              [
                -63.82172648185725,
                36.8453607476648
              ],
              [
                -63.75810411953565,
                36.760530931236
              ],
              [
                -63.63792854626152,
                36.675701114807204
              ],
              [
                -63.51068382161833,
                36.64742450933094
              ],
              [
                -63.341024188760734,
                36.56259469290214
              ],
              [
                -63.25619437233193,
                36.48483402784241
              ],
              [
                -63.143087950426874,
                36.350520151830146
              ],
              [
                -63.093603890843404,
                36.29396694087762
              ],
              [
                -63.02998152852181,
                36.23034457855602
              ],
              [
                -62.97342831756928,
                36.173791367603485
              ],
              [
                -62.92394425798581,
                36.13137645938909
              ],
              [
                -62.75428462512822,
                36.12430730802002
              ]
            ]
          ]
        ]
      }
    },
    {
      "type": "Feature",
      "properties": {
        "uuid": "7895c7a5-a3c8-48b8-88ea-60b3388f1932",
        "layer_id": "udk_nat_domains_pg",
        "timeframe": null,
        "feature_class": "Domain",
        "feature_rank": 2,
        "is_visible": true,
        "is_labeled": true,
        "needs_review": false,
        "review_notes": null,
        "img_url": null,
        "last_edited": "2026-07-14",
        "last_editor": "postgres",
        "name_en": "Glimmersea",
        "name_ru": "Мерцающее Море",
        "name_abb_en": null,
        "name_abb_ru": null,
        "label_en": "Glimmersea",
        "label_ru": "Мерцающее Море",
        "descr_en": "A vast subterranean sea located deep beneath the Sea of Fallen Stars in central Faerûn, filling numerous vaulted caverns. It is known for its luminescent ceiling rocks that create a starry reflection on the water's surface.",
        "descr_ru": "Огромное подземное море, расположенное глубоко под Морем Упавших Звёзд в центральном Фаэруне, заполняющее множество сводчатых пещер. Оно известно своими светящимися потолочными камнями, создающими звёздное отражение на поверхности воды.",
        "descr_html_en": "<!DOCTYPE HTML PUBLIC \"-//W3C//DTD HTML 4.0//EN\" \"http://www.w3.org/TR/REC-html40/strict.dtd\">\n<html><head><meta name=\"qrichtext\" content=\"1\" /><style type=\"text/css\">\np, li { white-space: pre-wrap; }\n</style></head><body style=\" font-family:'MS Shell Dlg 2'; font-size:10pt; font-weight:400; font-style:normal;\">\n<p style=\" margin-top:0px; margin-bottom:0px; margin-left:0px; margin-right:0px; -qt-block-indent:0; text-indent:0px;\">—</p></body></html>",
        "descr_html_ru": null,
        "url_en": "https://forgottenrealms.fandom.com/wiki/Glimmersea",
        "url_ru": null,
        "source_name": "WotC Underdark 3e",
        "source_url": "https://forgottenrealms.fandom.com/wiki/Underdark_(sourcebook)",
        "dnd_editions_str": "5e, 3e",
        "feature_levels_str": "Lowerdark, Middledark, Upperdark",
        "extra_str": "topical_tags: [\"sea\", \"underdark\", \"subterranean\", \"cavern\", \"luminescent\", \"waterbody\"] | related_cultures_tags: [\"aboleth\", \"kuo-toa\", \"sahuagin\"] | related_location_tags: [\"Sea of Fallen Stars\", \"Underdark\", \"Altumbel\", \"Aglarond\", \"Easting Reach\", \"Faerûn\"]",
        "location_en": "central Faerûn → Underdark",
        "name_alt_en_str": "Sea of Starry Night",
        "location_ru": "центральный Фаэрун → Подземье",
        "name_alt_ru_str": "Море Звёздной Ночи",
        "geog_extent_area_sq_km": 1072181.0,
        "geog_extent_area_sq_miles": 413971.0,
        "geog_extent_perimeter_km": 8287.0,
        "geog_extent_perimeter_miles": 5150.0,
        "geog_extent_centroid_md": "33° 01′ 58″ N 008° 11′ 11″ E",
        "geog_extent_centroid_fria": "33° 01′ 58″ N 045° 17′ 41″ W",
        "geog_extent_length_km": null,
        "geog_extent_length_miles": null,
        "geog_extent_bbox_md": {
          "east": 17.521501086546,
          "west": -7.366571403701,
          "north": 38.44184260301709,
          "south": 25.608613963788823
        },
        "geog_extent_bbox_fria": {
          "east": -35.960000401444276,
          "west": -60.84807289169049,
          "north": 38.44184260301709,
          "south": 25.608613963788823
        },
        "name_it": "Mare Scintillante",
        "name_abb_it": null,
        "label_it": "Mare Scintillante",
        "descr_it": "Un vasto mare sotterraneo situato in profondità sotto il Mare delle Stelle Cadute nella Faerûn centrale, che riempie numerose caverne voltate. È noto per le sue rocce del soffitto luminescenti che creano un riflesso stellato sulla superficie dell'acqua.",
        "descr_html_it": null,
        "url_it": null,
        "location_it": "Faerûn centrale → Underdark",
        "name_alt_it_str": "Mare della Notte Stellata",
        "topical_tags": "sea, underdark, subterranean, cavern, luminescent, waterbody",
        "related_location_tags": "Sea of Fallen Stars, Underdark, Altumbel, Aglarond, Easting Reach, Faerûn",
        "related_cultures_tags": "aboleth, kuo-toa, sahuagin",
        "related_factions_tags": ""
      },
      "geometry": {
        "type": "MultiPolygon",
        "coordinates": [
          [
            [
              [
                -35.960000401444276,
                29.31648388804512
              ],
              [
                -36.217317511278296,
                29.44514244296213
              ],
              [
                -36.29083668551659,
                29.57380099787914
              ],
              [
                -36.32759627263573,
                29.67488986245679
              ],
              [
                -36.35516596297509,
                29.840308004492943
              ],
              [
                -36.33678616941552,
                29.987346352969524
              ],
              [
                -36.309216479076156,
                30.15276449500568
              ],
              [
                -36.33678616941552,
                30.37332201772055
              ],
              [
                -36.391925550094236,
                30.48360077907799
              ],
              [
                -36.4838245178921,
                30.511170469417348
              ],
              [
                -36.566533588910175,
                30.52036036619713
              ],
              [
                -36.71357193738676,
                30.52955026297692
              ],
              [
                -36.869800182643125,
                30.52955026297692
              ],
              [
                -37.044408221459065,
                30.511170469417348
              ],
              [
                -37.13630718925693,
                30.50198057263756
              ],
              [
                -37.209826363495225,
                30.575499746875852
              ],
              [
                -37.26496574417394,
                30.63063912755457
              ],
              [
                -37.393624299090945,
                30.768487579251364
              ],
              [
                -37.53147275078774,
                30.989045101966237
              ],
              [
                -37.63256161536539,
                31.163653140782177
              ],
              [
                -37.77041006706219,
                31.20960262468111
              ],
              [
                -37.83473934452069,
                31.329071282818333
              ],
              [
                -37.84392924130048,
                31.494489424854486
              ],
              [
                -37.88987872519941,
                31.669097463670425
              ],
              [
                -37.94501810587813,
                31.816135812147007
              ],
              [
                -38.09205645435471,
                31.963174160623588
              ],
              [
                -38.23909480283129,
                32.07345292198102
              ],
              [
                -38.42289273842702,
                32.16535188977888
              ],
              [
                -38.569931086903594,
                32.16535188977888
              ],
              [
                -38.726159332159966,
                32.16535188977888
              ],
              [
                -38.854817887076976,
                32.17454178655867
              ],
              [
                -38.9742865452142,
                32.2204912704576
              ],
              [
                -39.10294510013121,
                32.24806096079696
              ],
              [
                -39.204033964708856,
                32.31239023825547
              ],
              [
                -39.26836324216736,
                32.413479102833115
              ],
              [
                -39.34188241640565,
                32.542137657750125
              ],
              [
                -39.43378138420351,
                32.624846728768205
              ],
              [
                -39.47973086810244,
                32.65241641910756
              ],
              [
                -39.60838942301945,
                32.6891760062267
              ],
              [
                -39.82894694573432,
                32.670796212667135
              ],
              [
                -40.05869436522899,
                32.56970734808948
              ],
              [
                -40.19654281692578,
                32.52375786419055
              ],
              [
                -40.35277106218215,
                32.47780838029162
              ],
              [
                -40.508999307438515,
                32.459428586732045
              ],
              [
                -40.637657862355525,
                32.45023868995226
              ],
              [
                -40.766316417272535,
                32.52375786419055
              ],
              [
                -40.84902548829061,
                32.588087141649055
              ],
              [
                -40.99606383676719,
                32.799454767584145
              ],
              [
                -41.244191049821424,
                33.148670845216024
              ],
              [
                -41.464748572536294,
                33.48869702606812
              ],
              [
                -41.593407127453304,
                33.626545477764914
              ],
              [
                -41.7312555791501,
                33.746014135902136
              ],
              [
                -41.841534340507536,
                33.85629289725957
              ],
              [
                -41.91505351474583,
                33.91143227793829
              ],
              [
                -42.052901966442626,
                34.03090093607551
              ],
              [
                -42.12642114068091,
                34.12279990387338
              ],
              [
                -42.29183928271707,
                34.15955949099252
              ],
              [
                -42.42968773441386,
                34.196319078111664
              ],
              [
                -42.576726082890445,
                34.223888768451026
              ],
              [
                -42.705384637807455,
                34.223888768451026
              ],
              [
                -42.93513205730211,
                34.196319078111664
              ],
              [
                -43.06379061221912,
                34.16874938777231
              ],
              [
                -43.183259270356345,
                34.13198980065316
              ],
              [
                -43.30272792849357,
                34.067660523194654
              ],
              [
                -43.36705720595207,
                34.049280729635086
              ],
              [
                -43.54166524476801,
                34.33416752980846
              ],
              [
                -43.73465307714353,
                34.59148463964248
              ],
              [
                -43.80817225138181,
                34.67419371066055
              ],
              [
                -43.89088132239989,
                34.80285226557756
              ],
              [
                -44.010349980537114,
                34.913131026935
              ],
              [
                -44.03791967087648,
                34.9774603043935
              ],
              [
                -44.0195398773169,
                35.03259968507222
              ],
              [
                -43.90926111595947,
                35.07854916897116
              ],
              [
                -43.85412173528075,
                35.15206834320944
              ],
              [
                -43.84493183850096,
                35.23477741422752
              ],
              [
                -43.82655204494139,
                35.3174864852456
              ],
              [
                -43.76222276748288,
                35.34505617558496
              ],
              [
                -43.615184419006304,
                35.3174864852456
              ],
              [
                -43.532475347988225,
                35.2531572077871
              ],
              [
                -43.39462689629143,
                35.18882793032859
              ],
              [
                -43.275158238154205,
                35.18882793032859
              ],
              [
                -43.10974009611805,
                35.19801782710838
              ],
              [
                -43.02703102509997,
                35.19801782710838
              ],
              [
                -42.925942160522325,
                35.21639762066795
              ],
              [
                -42.834043192724465,
                35.2531572077871
              ],
              [
                -42.7421442249266,
                35.29910669168603
              ],
              [
                -42.72376443136702,
                35.36343596914453
              ],
              [
                -42.69619474102767,
                35.47371473050197
              ],
              [
                -42.68700484424788,
                35.59318338863919
              ],
              [
                -42.76971391526596,
                35.73103184033599
              ],
              [
                -42.82485329594468,
                35.82293080813385
              ],
              [
                -42.89837247018296,
                35.93320956949128
              ],
              [
                -43.01784112832019,
                35.988348950170014
              ],
              [
                -43.11892999289784,
                36.02510853728916
              ],
              [
                -43.220018857475495,
                36.04348833084873
              ],
              [
                -43.38543699951165,
                36.04348833084873
              ],
              [
                -43.523285451208444,
                36.04348833084873
              ],
              [
                -43.65194400612545,
                36.117007505087024
              ],
              [
                -43.7530328707031,
                36.19052667932531
              ],
              [
                -43.872501528840324,
                36.30999533746253
              ],
              [
                -43.918451012739254,
                36.43865389237954
              ],
              [
                -43.9552105998584,
                36.59488213763591
              ],
              [
                -43.94602070307862,
                36.677591208653986
              ],
              [
                -43.835741941721174,
                36.732730589332704
              ],
              [
                -43.6887035932446,
                36.76949017645185
              ],
              [
                -43.57842483188716,
                36.806249763570996
              ],
              [
                -43.46814607052973,
                36.8705790410295
              ],
              [
                -43.394626896291435,
                36.96247800882737
              ],
              [
                -43.33948751561272,
                37.11870625408373
              ],
              [
                -43.33948751561272,
                37.38521326069754
              ],
              [
                -43.4221965866308,
                37.79875861578791
              ],
              [
                -43.45895617374994,
                37.96417675782406
              ],
              [
                -43.50490565764887,
                38.0744555191815
              ],
              [
                -43.569234935107374,
                38.18473428053894
              ],
              [
                -43.651944006125454,
                38.26744335155701
              ],
              [
                -43.697893490024384,
                38.30420293867616
              ],
              [
                -43.80817225138182,
                38.36853221613467
              ],
              [
                -43.84493183850097,
                38.37772211291445
              ],
              [
                -44.105059764493944,
                38.289583958144895
              ],
              [
                -44.262756218111576,
                38.2297680619451
              ],
              [
                -44.44220390671096,
                38.2297680619451
              ],
              [
                -44.58902474283772,
                38.240643679435976
              ],
              [
                -44.714094343982744,
                38.29502176689033
              ],
              [
                -44.86091518010951,
                38.27870834065402
              ],
              [
                -44.96423354627278,
                38.2297680619451
              ],
              [
                -45.08386533867237,
                38.2297680619451
              ],
              [
                -45.165432469853904,
                38.25695710567228
              ],
              [
                -45.26331302727175,
                38.34396204559925
              ],
              [
                -45.32312892347154,
                38.39834013305361
              ],
              [
                -45.43732290712569,
                38.44184260301709
              ],
              [
                -45.584143743252454,
                38.42009136803535
              ],
              [
                -45.6983377269066,
                38.376588898071866
              ],
              [
                -45.828845136797064,
                38.29502176689033
              ],
              [
                -45.90497445923316,
                38.2297680619451
              ],
              [
                -46.002855016651004,
                38.18082778323618
              ],
              [
                -46.10617338281428,
                38.164514356999874
              ],
              [
                -46.19861613148669,
                38.186265591981616
              ],
              [
                -46.280183262668224,
                38.20801682696336
              ],
              [
                -46.34543696761345,
                38.21345463570879
              ],
              [
                -46.47594437750391,
                38.15907654825444
              ],
              [
                -46.57382493492175,
                38.12644969578182
              ],
              [
                -46.69345672732134,
                38.099260652054646
              ],
              [
                -46.878342224666156,
                38.12644969578182
              ],
              [
                -47.030600869538354,
                38.164514356999874
              ],
              [
                -47.373182820500816,
                38.21345463570879
              ],
              [
                -47.471063377918654,
                38.21345463570879
              ],
              [
                -47.63963544902717,
                38.17538997449074
              ],
              [
                -47.76470505017218,
                38.09926065205464
              ],
              [
                -47.88433684257177,
                38.006817903382235
              ],
              [
                -47.949590547517,
                37.919812963455264
              ],
              [
                -47.98765520873505,
                37.84368364101916
              ],
              [
                -48.0257198699531,
                37.745803083601324
              ],
              [
                -48.07466014866202,
                37.658798143674346
              ],
              [
                -48.16166508858899,
                37.63160909994717
              ],
              [
                -48.27585907224314,
                37.6207334824563
              ],
              [
                -48.395490864642724,
                37.626171291201736
              ],
              [
                -48.449868952097084,
                37.691424996146964
              ],
              [
                -48.50968484829688,
                37.7729921273285
              ],
              [
                -48.59668978822385,
                37.79474336231024
              ],
              [
                -48.67281911065995,
                37.78386774481937
              ],
              [
                -48.70000815438713,
                37.729489657365015
              ],
              [
                -48.74351062435061,
                37.691424996146964
              ],
              [
                -48.87401803424107,
                37.65336033492891
              ],
              [
                -48.96646078291348,
                37.642484717438045
              ],
              [
                -49.042590105349575,
                37.63160909994717
              ],
              [
                -49.11871942778568,
                37.56635539500194
              ],
              [
                -49.1676597064946,
                37.51741511629302
              ],
              [
                -49.21116217645808,
                37.446723602602354
              ],
              [
                -49.24922683767613,
                37.397783323893435
              ],
              [
                -49.29816711638505,
                37.36515647142082
              ],
              [
                -49.3960476738029,
                37.359718662675384
              ],
              [
                -49.553744127420536,
                37.37059428016626
              ],
              [
                -49.64618687609294,
                37.37059428016626
              ],
              [
                -49.78756990347427,
                37.327091810202774
              ],
              [
                -49.831072373437756,
                37.24552467902124
              ],
              [
                -49.82563456469232,
                37.14220631285796
              ],
              [
                -49.79844552096514,
                37.07695260791273
              ],
              [
                -49.793007712219705,
                36.98450985924032
              ],
              [
                -49.793007712219705,
                36.89750491931335
              ],
              [
                -49.82019675594688,
                36.843126831858996
              ],
              [
                -49.8528236084195,
                36.805062170640944
              ],
              [
                -50.05946034074606,
                36.74524627444115
              ],
              [
                -50.28784830805436,
                36.77787312691376
              ],
              [
                -50.4618581879083,
                36.88119149307704
              ],
              [
                -50.83706699134336,
                36.98994766798576
              ],
              [
                -51.11439523736058,
                36.98450985924032
              ],
              [
                -51.35365882215975,
                36.98994766798576
              ],
              [
                -51.9409421666668,
                36.95188300676771
              ],
              [
                -52.093200811539,
                36.95188300676771
              ],
              [
                -52.25633507390207,
                36.984509859240326
              ],
              [
                -52.39228029253796,
                37.06607699042186
              ],
              [
                -52.49016084995581,
                37.14220631285796
              ],
              [
                -52.59891702486452,
                37.21833563529406
              ],
              [
                -52.84905622715456,
                37.40865894138431
              ],
              [
                -52.94149897582697,
                37.51741511629302
              ],
              [
                -53.03394172449938,
                37.61529567371087
              ],
              [
                -53.13726009066266,
                37.67511156991066
              ],
              [
                -53.27864311804398,
                37.696862804892405
              ],
              [
                -53.392837101698134,
                37.65879814367435
              ],
              [
                -53.44177738040705,
                37.555479777511074
              ],
              [
                -53.430901762916186,
                37.49022607256585
              ],
              [
                -53.39827491044357,
                37.37059428016626
              ],
              [
                -53.36564805797096,
                37.2400868702758
              ],
              [
                -53.38196148420726,
                37.16939535658514
              ],
              [
                -53.49071765911597,
                37.087828225403605
              ],
              [
                -53.583160407788384,
                37.049763564185554
              ],
              [
                -53.6919165826971,
                37.017136711712936
              ],
              [
                -53.78979714011494,
                37.000823285476635
              ],
              [
                -53.914866741259964,
                37.017136711712936
              ],
              [
                -54.00730948993237,
                37.06607699042186
              ],
              [
                -54.06168757738673,
                37.125892886621656
              ],
              [
                -54.17044375229544,
                37.1476441216034
              ],
              [
                -54.25744869222241,
                37.11501726913078
              ],
              [
                -54.65440873063922,
                37.02801232920381
              ],
              [
                -54.839294227984034,
                36.97907205049489
              ],
              [
                -55.01874191658341,
                36.92469396304053
              ],
              [
                -55.192751796437356,
                36.89206711056792
              ],
              [
                -55.32325920632781,
                36.85400244934987
              ],
              [
                -55.480955659945444,
                36.81593778813182
              ],
              [
                -55.61146306983591,
                36.74524627444116
              ],
              [
                -55.709343627253745,
                36.669116952005055
              ],
              [
                -55.747408288471796,
                36.57667420333265
              ],
              [
                -55.780035140944406,
                36.45160460218763
              ],
              [
                -55.8235376109079,
                36.35916185351522
              ],
              [
                -55.84528884588964,
                36.26128129609738
              ],
              [
                -55.883353507107685,
                36.19602759115215
              ],
              [
                -55.986671873270964,
                36.17971416491584
              ],
              [
                -56.11717928316143,
                36.163400738679535
              ],
              [
                -56.55764179154172,
                36.19058978240671
              ],
              [
                -56.775154141359145,
                36.22321663487933
              ],
              [
                -57.1340495185579,
                36.337410618533475
              ],
              [
                -57.335248442139026,
                36.34828623602435
              ],
              [
                -57.50382051324753,
                36.38091308849696
              ],
              [
                -57.6506413493743,
                36.39722651473327
              ],
              [
                -57.819213420482804,
                36.44616679344219
              ],
              [
                -57.971472065355,
                36.51142049838742
              ],
              [
                -58.07479043151828,
                36.631052290787004
              ],
              [
                -58.205297841408736,
                36.718057230713974
              ],
              [
                -58.37930772126268,
                36.74524627444116
              ],
              [
                -58.54244198362575,
                36.718057230713974
              ],
              [
                -58.90677516956994,
                36.620176673296136
              ],
              [
                -58.99378010949691,
                36.65824133451419
              ],
              [
                -59.053596005696704,
                36.718057230713974
              ],
              [
                -59.10253628440563,
                36.78874874440464
              ],
              [
                -59.146038754369116,
                36.89206711056792
              ],
              [
                -59.27110835551413,
                36.97907205049489
              ],
              [
                -59.3417998692048,
                37.071514799167296
              ],
              [
                -59.385302339168284,
                37.1476441216034
              ],
              [
                -59.41249138289546,
                37.2400868702758
              ],
              [
                -59.46143166160439,
                37.327091810202774
              ],
              [
                -59.48862070533156,
                37.38690770640257
              ],
              [
                -59.84751608253032,
                37.35428085392996
              ],
              [
                -60.04871500611144,
                37.327091810202774
              ],
              [
                -60.260789547183435,
                37.28902714898473
              ],
              [
                -60.40217257456476,
                37.223773444039495
              ],
              [
                -60.538117793200655,
                37.174833165330575
              ],
              [
                -60.641436159363934,
                37.10957946038535
              ],
              [
                -60.72300329054547,
                37.02801232920381
              ],
              [
                -60.79369480423613,
                36.93556958053141
              ],
              [
                -60.81000823047244,
                36.87031587558618
              ],
              [
                -60.831759465454184,
                36.756121891932025
              ],
              [
                -60.84807289169049,
                36.565798585841776
              ],
              [
                -60.84807289169049,
                36.38091308849696
              ],
              [
                -60.815446039217875,
                36.24496786986107
              ],
              [
                -60.77194356925439,
                36.163400738679535
              ],
              [
                -60.66862520309111,
                36.04376894627995
              ],
              [
                -60.59793368940045,
                36.01114209380734
              ],
              [
                -60.37498353083758,
                35.91326153638949
              ],
              [
                -60.13028213729298,
                35.815380978971646
              ],
              [
                -59.89645636123924,
                35.67399795159032
              ],
              [
                -59.69525743765812,
                35.54349054169987
              ],
              [
                -59.472307279095254,
                35.42929655804571
              ],
              [
                -59.23848150304152,
                35.31510257439157
              ],
              [
                -59.13516313687824,
                35.26616229568264
              ],
              [
                -58.84152146462471,
                35.19547078199198
              ],
              [
                -58.68382501100708,
                35.184595164501104
              ],
              [
                -58.47718827868052,
                35.222659825719155
              ],
              [
                -58.39018333875355,
                35.26616229568264
              ],
              [
                -58.216173458899604,
                35.34772942686418
              ],
              [
                -58.0476013877911,
                35.42929655804571
              ],
              [
                -57.98234768284587,
                35.48367464550007
              ],
              [
                -57.80833780299193,
                35.570679585427044
              ],
              [
                -57.6669547756106,
                35.61418205539053
              ],
              [
                -57.53644736572014,
                35.6250576728814
              ],
              [
                -57.329810633393585,
                35.53805273295443
              ],
              [
                -57.17755198852139,
                35.46192341051833
              ],
              [
                -56.97635306494027,
                35.28791353066438
              ],
              [
                -56.775154141359145,
                35.17915735575567
              ],
              [
                -56.650084540214124,
                35.05408775461065
              ],
              [
                -56.459761234123874,
                34.92901815346563
              ],
              [
                -56.34012944172429,
                34.874640066011274
              ],
              [
                -56.1443683268886,
                34.77675950859343
              ],
              [
                -55.986671873270964,
                34.716943612393635
              ],
              [
                -55.77459733219897,
                34.64625209870297
              ],
              [
                -55.606025261090466,
                34.613625246230356
              ],
              [
                -55.46464223370914,
                34.60818743748492
              ],
              [
                -55.21994084016453,
                34.61906305497579
              ],
              [
                -55.138373708982996,
                34.64081428995753
              ],
              [
                -54.93717478540187,
                34.6353764812121
              ],
              [
                -54.79579175802055,
                34.58643620250318
              ],
              [
                -54.51846351200332,
                34.51574468881252
              ],
              [
                -54.31182677967677,
                34.46680441010359
              ],
              [
                -54.056249768641294,
                34.439615366376415
              ],
              [
                -53.936617976241706,
                34.439615366376415
              ],
              [
                -53.66472753896992,
                34.455928792612724
              ],
              [
                -53.54509574657033,
                34.52118249755795
              ],
              [
                -53.41458833667988,
                34.58643620250318
              ],
              [
                -53.25689188306224,
                34.64081428995753
              ],
              [
                -53.13182228191722,
                34.65712771619384
              ],
              [
                -52.77292690471846,
                34.50486907132164
              ],
              [
                -52.48472304121037,
                34.29279453024965
              ],
              [
                -52.38684248379253,
                34.211227399068115
              ],
              [
                -52.21283260393859,
                34.075282180432225
              ],
              [
                -52.07144957655726,
                33.97740162301438
              ],
              [
                -51.913753122939625,
                33.86864544810567
              ],
              [
                -51.82131037426721,
                33.7816405081787
              ],
              [
                -51.701678581867625,
                33.69463556825172
              ],
              [
                -51.652738303158706,
                33.60763062832475
              ],
              [
                -51.62554925943153,
                33.4934366446706
              ],
              [
                -51.620111450686096,
                33.39555608725276
              ],
              [
                -51.69080296437676,
                33.25417305987143
              ],
              [
                -51.707116390613066,
                33.17804373743533
              ],
              [
                -51.67448953814045,
                33.02034728381769
              ],
              [
                -51.32646977843256,
                32.83002397772743
              ],
              [
                -51.17421113356036,
                32.72670561156415
              ],
              [
                -51.021952488688164,
                32.66688971536436
              ],
              [
                -50.88600727005227,
                32.563571349201084
              ],
              [
                -50.73374862518007,
                32.43850174805606
              ],
              [
                -50.673932728980276,
                32.356934616874526
              ],
              [
                -50.57605217156244,
                32.25905405945668
              ],
              [
                -50.450982570417416,
                32.11767103207535
              ],
              [
                -50.35310201299957,
                32.03066609214838
              ],
              [
                -50.19540555938193,
                31.87840744727618
              ],
              [
                -50.168216515654755,
                31.802278124840083
              ],
              [
                -50.130151854436704,
                31.70439756742224
              ],
              [
                -50.14646528067301,
                31.568452348786348
              ],
              [
                -50.222594603109115,
                31.427069321405018
              ],
              [
                -50.271534881818035,
                31.340064381478047
              ],
              [
                -50.47273380539916,
                31.176930119114974
              ],
              [
                -50.5107984666172,
                31.127989840406055
              ],
              [
                -50.7228730076892,
                31.062736135460824
              ],
              [
                -50.84794260883422,
                31.035547091733648
              ],
              [
                -51.01107687119729,
                31.03010928298821
              ],
              [
                -51.108957428615135,
                30.992044621770162
              ],
              [
                -51.20683798603298,
                30.86697502062514
              ],
              [
                -51.26665388223277,
                30.747343228225553
              ],
              [
                -51.27752949972364,
                30.682089523280325
              ],
              [
                -51.31015635219626,
                30.51351745217182
              ],
              [
                -51.32103196968713,
                30.366696616045058
              ],
              [
                -51.369972248396046,
                30.2361892061546
              ],
              [
                -51.38084786588691,
                30.165497692463934
              ],
              [
                -51.39172348337779,
                30.040428091318915
              ],
              [
                -51.37541005714148,
                29.991487812609993
              ],
              [
                -51.22315141226928,
                29.947985342646508
              ],
              [
                -51.03282810617903,
                29.84466697648323
              ],
              [
                -50.858818226325084,
                29.773975462792563
              ],
              [
                -50.690246155216585,
                29.708721757847336
              ],
              [
                -50.55430093658069,
                29.670657096629284
              ],
              [
                -50.445544761671975,
                29.643468052902108
              ],
              [
                -50.24978364683629,
                29.659781479138413
              ],
              [
                -50.09752500196409,
                29.7032839491019
              ],
              [
                -49.96701759207363,
                29.784851080283435
              ],
              [
                -49.87457484340123,
                29.86641821146497
              ],
              [
                -49.749505242256205,
                29.95342315139194
              ],
              [
                -49.624435641111184,
                30.02955247382804
              ],
              [
                -49.49392823122072,
                30.067617135046092
              ],
              [
                -49.33623177760309,
                30.105681796264143
              ],
              [
                -49.151346280258274,
                30.116557413755014
              ],
              [
                -49.03715229660413,
                30.14918426622763
              ],
              [
                -48.857704608004745,
                30.198124544936547
              ],
              [
                -48.70544596313255,
                30.230751397409165
              ],
              [
                -48.6075654057147,
                30.268816058627213
              ],
              [
                -48.5151226570423,
                30.366696616045058
              ],
              [
                -48.438993334606195,
                30.486328408444642
              ],
              [
                -48.37373962966097,
                30.622273627080535
              ],
              [
                -48.36830182091553,
                30.75278103697099
              ],
              [
                -48.3628640121701,
                30.88328844686145
              ],
              [
                -48.33023715969748,
                30.992044621770162
              ],
              [
                -48.28129688098856,
                31.100800796678875
              ],
              [
                -48.23235660227964,
                31.176930119114978
              ],
              [
                -48.03115767869852,
                31.18780573660585
              ],
              [
                -47.94415273877155,
                31.182367927860412
              ],
              [
                -47.829958755117396,
                31.176930119114978
              ],
              [
                -47.72120258020868,
                31.182367927860412
              ],
              [
                -47.68313791899063,
                31.231308206569334
              ],
              [
                -47.66682449275433,
                31.318313146496305
              ],
              [
                -47.66138668400889,
                31.421631512659584
              ],
              [
                -47.672262301499764,
                31.508636452586554
              ],
              [
                -47.69945134522694,
                31.611954818749833
              ],
              [
                -47.73751600644499,
                31.709835376167675
              ],
              [
                -47.759267241426734,
                31.758775654876597
              ],
              [
                -47.77014285891761,
                31.834904977312696
              ],
              [
                -47.759267241426734,
                31.900158682257928
              ],
              [
                -47.520003656627566,
                31.878407447276185
              ],
              [
                -47.42212309920972,
                31.88384525602162
              ],
              [
                -47.3731828205008,
                31.900158682257928
              ],
              [
                -47.30249130681013,
                31.93278553473054
              ],
              [
                -47.21548636688316,
                31.987163622184898
              ],
              [
                -47.150232661937935,
                32.01979047465751
              ],
              [
                -47.05235210452009,
                32.03066609214839
              ],
              [
                -46.98166059082943,
                31.954536769712284
              ],
              [
                -46.9164068858842,
                31.867531829785314
              ],
              [
                -46.90009345964789,
                31.79684031609465
              ],
              [
                -46.82396413721179,
                31.65545728871332
              ],
              [
                -46.437879716285856,
                31.535825496313738
              ],
              [
                -46.19317832274125,
                31.389004660186973
              ],
              [
                -45.964790355432946,
                31.285686294023698
              ],
              [
                -45.79621828432444,
                31.220432589078467
              ],
              [
                -45.616770595725065,
                31.171492310369548
              ],
              [
                -45.442760715871124,
                31.133427649151496
              ],
              [
                -45.27418864476262,
                31.08992517918801
              ],
              [
                -45.10017876490867,
                31.06817394420627
              ],
              [
                -44.79566147516427,
                31.019233665497346
              ],
              [
                -44.779348048927964,
                31.002920239261037
              ],
              [
                -44.54552227287423,
                30.905039681843196
              ],
              [
                -44.43676609796552,
                30.83434816815253
              ],
              [
                -44.28450745309331,
                30.731029801989255
              ],
              [
                -44.219253748148084,
                30.616835818335105
              ],
              [
                -44.083308529512195,
                30.513517452171826
              ],
              [
                -43.90386084091281,
                30.426512512244855
              ],
              [
                -43.78422904851323,
                30.372134424790495
              ],
              [
                -43.57215450744124,
                30.301442911099834
              ],
              [
                -43.36007996636924,
                30.23075139740917
              ],
              [
                -43.14800542529725,
                30.170935501209375
              ],
              [
                -43.04468705913397,
                30.149184266227632
              ],
              [
                -42.963119927952434,
                30.149184266227632
              ],
              [
                -42.94680650171613,
                30.31775633733614
              ],
              [
                -42.957682119207,
                30.410199086008546
              ],
              [
                -42.98487116293418,
                30.589646774607925
              ],
              [
                -43.02293582415223,
                30.692965140771204
              ],
              [
                -43.0338114416431,
                30.823472550661663
              ],
              [
                -43.02837363289767,
                30.932228725570376
              ],
              [
                -43.01206020666136,
                31.008358048006475
              ],
              [
                -42.93593088422526,
                31.138865457896934
              ],
              [
                -42.88699060551634,
                31.198681354096724
              ],
              [
                -42.78911004809849,
                31.25305944155108
              ],
              [
                -42.68579168193522,
                31.3455021902235
              ],
              [
                -42.642289211971736,
                31.350939998968933
              ],
              [
                -42.51178180208128,
                31.361815616459804
              ],
              [
                -42.39215000968169,
                31.31831314649632
              ],
              [
                -42.29970726100929,
                31.25849725029653
              ],
              [
                -42.20726451233688,
                31.220432589078477
              ],
              [
                -42.136572998646216,
                31.209556971587606
              ],
              [
                -42.01694120624663,
                31.193243545351297
              ],
              [
                -41.957125310046834,
                31.236746015314786
              ],
              [
                -41.92993626631966,
                31.334626572732628
              ],
              [
                -41.92993626631966,
                31.410755895168727
              ],
              [
                -41.94081188381053,
                31.503198643841134
              ],
              [
                -41.957125310046834,
                31.5738901575318
              ],
              [
                -41.98431435377402,
                31.628268244986156
              ],
              [
                -41.98975216251945,
                31.66089509745877
              ],
              [
                -41.766802003956585,
                31.62283043624072
              ],
              [
                -41.68523487277505,
                31.628268244986156
              ],
              [
                -41.56016527163003,
                31.66089509745877
              ],
              [
                -41.43509567048501,
                31.666332906204204
              ],
              [
                -41.23933455564932,
                31.611954818749847
              ],
              [
                -41.13601618948604,
                31.568452348786362
              ],
              [
                -40.967444118377536,
                31.486885217604826
              ],
              [
                -40.831498899741646,
                31.41619370391416
              ],
              [
                -40.744493959814676,
                31.361815616459804
              ],
              [
                -40.64661340239683,
                31.25849725029653
              ],
              [
                -40.619424358669654,
                31.171492310369555
              ],
              [
                -40.67380244612401,
                31.106238605424327
              ],
              [
                -40.85868794346882,
                30.959417769297563
              ],
              [
                -40.99463316210472,
                30.86153721187972
              ],
              [
                -41.108827145758866,
                30.752781036971005
              ],
              [
                -41.17951865944953,
                30.638587053316854
              ],
              [
                -41.212145511922145,
                30.486328408444656
              ],
              [
                -41.16320523321322,
                30.399323468517686
              ],
              [
                -41.08707591077712,
                30.334069763572458
              ],
              [
                -40.89131479594144,
                30.25250263239092
              ],
              [
                -40.78255862103272,
                30.17637330995482
              ],
              [
                -40.63029997616052,
                30.02411466508262
              ],
              [
                -40.5813596974516,
                29.893607255192165
              ],
              [
                -40.55960846246986,
                29.7467864190654
              ],
              [
                -40.565046271215294,
                29.638030244156685
              ],
              [
                -40.66292682863314,
                29.474895981793615
              ],
              [
                -40.76624519479642,
                29.355264189394028
              ],
              [
                -40.83693670848709,
                29.311761719430542
              ],
              [
                -40.940255074650366,
                29.230194588249006
              ],
              [
                -40.98375754461385,
                29.14862745706747
              ],
              [
                -41.01094658834103,
                29.023557855922448
              ],
              [
                -40.97831973586841,
                28.898488254777426
              ],
              [
                -40.92937945715949,
                28.79516988861415
              ],
              [
                -40.92394164841406,
                28.719040566178048
              ],
              [
                -40.940255074650366,
                28.604846582523898
              ],
              [
                -41.00007097085015,
                28.534155068833236
              ],
              [
                -41.06532467579538,
                28.46890136388801
              ],
              [
                -41.11970276324974,
                28.425398893924523
              ],
              [
                -41.163205233213226,
                28.371020806470163
              ],
              [
                -41.179518659449535,
                28.305767101524935
              ],
              [
                -41.19583208568584,
                28.240513396579708
              ],
              [
                -40.97831973586841,
                28.12088160418012
              ],
              [
                -40.80430985601447,
                28.06106570798033
              ],
              [
                -40.69011587236032,
                28.039314472998587
              ],
              [
                -40.51066818376094,
                28.001249811780536
              ],
              [
                -40.38559858261592,
                27.968622959307922
              ],
              [
                -40.21158870276198,
                27.93055829808987
              ],
              [
                -40.081081292871524,
                27.908807063108128
              ],
              [
                -39.93426045674476,
                27.887055828126385
              ],
              [
                -39.836379899326914,
                27.85442897565377
              ],
              [
                -39.782001811872554,
                27.810926505690286
              ],
              [
                -39.749374959399944,
                27.772861844472235
              ],
              [
                -39.71131029818189,
                27.62604100834547
              ],
              [
                -39.65693221072753,
                27.52816045092763
              ],
              [
                -39.60255412327319,
                27.43571770225522
              ],
              [
                -39.526424800837084,
                27.348712762328248
              ],
              [
                -39.46117109589186,
                27.261707822401277
              ],
              [
                -39.439419860910114,
                27.10401136878364
              ],
              [
                -39.439419860910114,
                27.000693002620363
              ],
              [
                -39.46117109589186,
                26.89193682771165
              ],
              [
                -39.526424800837084,
                26.745115991584886
              ],
              [
                -39.55361384456427,
                26.652673242912478
              ],
              [
                -39.618867549509496,
                26.50041459804028
              ],
              [
                -39.64605659323667,
                26.456912128076794
              ],
              [
                -39.423106434673805,
                26.228524160768494
              ],
              [
                -39.194718467365504,
                26.05451428091455
              ],
              [
                -39.1022757186931,
                26.000136193460193
              ],
              [
                -38.89020117762111,
                25.885942209806043
              ],
              [
                -38.67268882780368,
                25.76087260866102
              ],
              [
                -38.45517647798625,
                25.652116433752308
              ],
              [
                -38.292042215623184,
                25.614051772534257
              ],
              [
                -38.1125945270238,
                25.608613963788823
              ],
              [
                -37.98208711713335,
                25.630365198770566
              ],
              [
                -37.77545038480679,
                25.70105671246123
              ],
              [
                -37.55250022624392,
                25.798937269879072
              ],
              [
                -37.35673911140824,
                25.95119591475127
              ],
              [
                -37.03590839542753,
                26.17958388205957
              ],
              [
                -36.97609249922774,
                26.288340056968288
              ],
              [
                -36.89996317679164,
                26.337280335677207
              ],
              [
                -37.07941086539102,
                26.51129021553115
              ],
              [
                -37.15010237908168,
                26.58741953796725
              ],
              [
                -37.20448046653604,
                26.67442447789422
              ],
              [
                -37.20448046653604,
                26.783180652802937
              ],
              [
                -37.155540187827114,
                26.88106121022078
              ],
              [
                -37.057659630409276,
                26.96806615014775
              ],
              [
                -36.88908755930077,
                27.038757663838414
              ],
              [
                -36.742266723174005,
                27.076822325056465
              ],
              [
                -36.64438616575616,
                27.12032479501995
              ],
              [
                -36.513878755865704,
                27.185578499965178
              ],
              [
                -36.38337134597525,
                27.28345905738302
              ],
              [
                -36.307242023539146,
                27.370463997309994
              ],
              [
                -36.24742612733935,
                27.47378236347327
              ],
              [
                -36.236550509848485,
                27.517284833436758
              ],
              [
                -36.38880915472068,
                27.74023499199962
              ],
              [
                -36.48125190339309,
                27.870742401890077
              ],
              [
                -36.50844094712027,
                27.979498576798793
              ],
              [
                -36.54106779959288,
                28.077379134216635
              ],
              [
                -36.61175931328354,
                28.191573117870785
              ],
              [
                -36.75314234066487,
                28.305767101524935
              ],
              [
                -36.861898515573586,
                28.365582997724726
              ],
              [
                -36.8945253680462,
                28.409085467688215
              ],
              [
                -36.861898515573586,
                28.490652598869747
              ],
              [
                -36.72051548819226,
                28.555906303814975
              ],
              [
                -36.39424696346612,
                28.773418653632405
              ],
              [
                -36.269177362321095,
                28.80604550610502
              ],
              [
                -36.15498337866694,
                28.844110167323066
              ],
              [
                -36.05166501250366,
                28.898488254777426
              ],
              [
                -35.986411307558434,
                28.980055385958963
              ],
              [
                -35.97009788132213,
                29.09424936961311
              ],
              [
                -35.960000401444276,
                29.31648388804512
              ]
            ]
          ]
        ]
      }
    },
    {
      "type": "Feature",
      "properties": {
        "uuid": "e7b4ea3f-a243-40e5-86cd-bfe048abc908",
        "layer_id": "udk_nat_domains_pg",
        "timeframe": null,
        "feature_class": "Domain",
        "feature_rank": 2,
        "is_visible": true,
        "is_labeled": true,
        "needs_review": false,
        "review_notes": null,
        "img_url": null,
        "last_edited": "2026-07-14",
        "last_editor": "postgres",
        "name_en": "Netherese Caverns",
        "name_ru": "Незерильские Пещеры",
        "name_abb_en": null,
        "name_abb_ru": null,
        "label_en": "Netherese Caverns",
        "label_ru": "Незерильские Пещеры",
        "descr_en": "A vast cavern network in the Upperdark beneath the Wood of Sharp Teeth, centered on the ruined Netherese city of Philock. Its tombs attract treasure hunters, but an unknown evil preys on intruders.",
        "descr_ru": "Обширная сеть пещер в Верхнем Подземье под Лесом Острых Зубов, сосредоточенная вокруг руин нетерильского города Филок. Его гробницы привлекают искателей сокровищ, но неведомое зло охотится на непрошеных гостей.",
        "descr_html_en": "<!DOCTYPE HTML PUBLIC \"-//W3C//DTD HTML 4.0//EN\" \"http://www.w3.org/TR/REC-html40/strict.dtd\">\n<html><head><meta name=\"qrichtext\" content=\"1\" /><style type=\"text/css\">\np, li { white-space: pre-wrap; }\n</style></head><body style=\" font-family:'MS Shell Dlg 2'; font-size:10pt; font-weight:400; font-style:normal;\">\n<p style=\" margin-top:0px; margin-bottom:0px; margin-left:0px; margin-right:0px; -qt-block-indent:0; text-indent:0px;\">—</p></body></html>",
        "descr_html_ru": null,
        "url_en": "https://forgottenrealms.fandom.com/wiki/Netherese_Caverns",
        "url_ru": null,
        "source_name": "WotC Underdark 3e",
        "source_url": "https://forgottenrealms.fandom.com/wiki/Underdark_(sourcebook)",
        "dnd_editions_str": "5e, 3e",
        "feature_levels_str": "Lowerdark, Middledark, Upperdark",
        "extra_str": "topical_tags: [\"caverns\", \"ruins\", \"tombs\", \"treasure\", \"upperdark\"] | related_cultures_tags: [\"Netherese\"] | related_location_tags: [\"Upperdark\", \"Wood of Sharp Teeth\", \"Philock\"]",
        "location_en": "western Faerûn → Underdark",
        "name_alt_en_str": null,
        "location_ru": "западный Фаэрун → Подземье",
        "name_alt_ru_str": null,
        "geog_extent_area_sq_km": 66541.0,
        "geog_extent_area_sq_miles": 25691.0,
        "geog_extent_perimeter_km": 1025.0,
        "geog_extent_perimeter_miles": 637.0,
        "geog_extent_centroid_md": "36° 31′ 56″ N 013° 08′ 18″ W",
        "geog_extent_centroid_fria": "36° 31′ 56″ N 066° 37′ 12″ W",
        "geog_extent_length_km": null,
        "geog_extent_length_miles": null,
        "geog_extent_bbox_md": {
          "east": -11.745572286038,
          "west": -14.309553487598,
          "north": 38.27898464531146,
          "south": 34.970621804588376
        },
        "geog_extent_bbox_fria": {
          "east": -65.22707377402764,
          "west": -67.79105497558804,
          "north": 38.27898464531146,
          "south": 34.970621804588376
        },
        "name_it": "Caverne di Netheril",
        "name_abb_it": null,
        "label_it": "Caverne di Netheril",
        "descr_it": "Una vasta rete di caverne nel Sottosuolo superiore sotto la Foresta dei Denti Aguzzi, incentrata sulla città in rovina di Netheril, Philock. Le sue tombe attirano cacciatori di tesori, ma un male sconosciuto preda gli intrusi.",
        "descr_html_it": null,
        "url_it": null,
        "location_it": "Faerûn occidentale → Underdark",
        "name_alt_it_str": null,
        "topical_tags": "caverns, ruins, tombs, treasure, upperdark",
        "related_location_tags": "Upperdark, Wood of Sharp Teeth, Philock",
        "related_cultures_tags": "Netherese",
        "related_factions_tags": ""
      },
      "geometry": {
        "type": "MultiPolygon",
        "coordinates": [
          [
            [
              [
                -67.77267518202846,
                35.45768633391705
              ],
              [
                -67.60725703999232,
                35.31064798544047
              ],
              [
                -67.38669951727745,
                35.227938914422396
              ],
              [
                -67.13857230422322,
                35.11766015306495
              ],
              [
                -66.83530571049026,
                35.03495108204688
              ],
              [
                -66.56879870387645,
                34.989001598147944
              ],
              [
                -66.3390512843818,
                34.970621804588376
              ],
              [
                -66.01740489708928,
                34.989001598147944
              ],
              [
                -65.68656861301697,
                35.0900904627256
              ],
              [
                -65.55791005809996,
                35.191179327303246
              ],
              [
                -65.4568211935223,
                35.29226819188089
              ],
              [
                -65.30059294826594,
                35.45768633391705
              ],
              [
                -65.23626367080743,
                35.60472468239363
              ],
              [
                -65.22707377402764,
                35.87123168900744
              ],
              [
                -65.33735253538508,
                36.055029624603165
              ],
              [
                -65.43844139996274,
                36.20206797307975
              ],
              [
                -65.48439088386166,
                36.39505580545526
              ],
              [
                -65.54872016132018,
                36.578853741050985
              ],
              [
                -65.51196057420103,
                36.67075270884885
              ],
              [
                -65.44763129674251,
                36.9096900251233
              ],
              [
                -65.42006160640317,
                37.12105765105838
              ],
              [
                -65.46601109030209,
                37.387564657672186
              ],
              [
                -65.54872016132018,
                37.5805524900477
              ],
              [
                -65.63142923233825,
                37.72759083852428
              ],
              [
                -65.67737871623719,
                37.8470594966615
              ],
              [
                -65.76927768403505,
                38.03085743225723
              ],
              [
                -65.97145541319034,
                38.11356650327531
              ],
              [
                -66.11849376166693,
                38.15032609039445
              ],
              [
                -66.34824118116158,
                38.168705883954026
              ],
              [
                -66.53203911675732,
                38.23303516141253
              ],
              [
                -66.70664715557325,
                38.27898464531146
              ],
              [
                -66.82611581371047,
                38.27898464531146
              ],
              [
                -66.95477436862748,
                38.23303516141253
              ],
              [
                -67.12019251066364,
                38.11356650327531
              ],
              [
                -67.20290158168172,
                38.01247763869766
              ],
              [
                -67.31318034303915,
                37.948148361239156
              ],
              [
                -67.4877883818551,
                37.88381908378065
              ],
              [
                -67.58887724643274,
                37.837869599881714
              ],
              [
                -67.6807762142306,
                37.68164135462535
              ],
              [
                -67.68996611101039,
                37.562172696488126
              ],
              [
                -67.69915600779018,
                37.387564657672186
              ],
              [
                -67.6256368335519,
                37.093487960719024
              ],
              [
                -67.57968734965296,
                36.99239909614137
              ],
              [
                -67.47859848507531,
                36.80860116054565
              ],
              [
                -67.43264900117637,
                36.661562812069064
              ],
              [
                -67.44183889795616,
                36.532904257152055
              ],
              [
                -67.56130755609338,
                36.34910632155633
              ],
              [
                -67.70834590456997,
                36.22044776663932
              ],
              [
                -67.77267518202846,
                36.11016900528188
              ],
              [
                -67.79105497558804,
                35.89880137934679
              ],
              [
                -67.77267518202846,
                35.45768633391705
              ]
            ]
          ]
        ]
      }
    },
    {
      "type": "Feature",
      "properties": {
        "uuid": "f1f74e3c-7dbd-45ef-bc3d-7094a29cf275",
        "layer_id": "udk_nat_domains_pg",
        "timeframe": null,
        "feature_class": "Domain",
        "feature_rank": 1,
        "is_visible": true,
        "is_labeled": true,
        "needs_review": false,
        "review_notes": null,
        "img_url": null,
        "last_edited": "2026-07-14",
        "last_editor": "postgres",
        "name_en": "Great Bhaerynden",
        "name_ru": "Великий Бхаэринден",
        "name_abb_en": null,
        "name_abb_ru": null,
        "label_en": "Great Bhaerynden",
        "label_ru": "Великий Бхаэринден",
        "descr_en": "An expansive Underdark domain in south-central Faerûn beneath the Shaar plains, serving as the ancient dwarven homeland and later a contested region of drow, gold dwarf, and other settlements.",
        "descr_ru": "Обширная область Подземья в южно-центральном Фаэруне под равнинами Шаар, служившая древней родиной дварфов, а позднее — спорным регионом с поселениями дроу, золотых дварфов и других.",
        "descr_html_en": "<!DOCTYPE HTML PUBLIC \"-//W3C//DTD HTML 4.0//EN\" \"http://www.w3.org/TR/REC-html40/strict.dtd\">\n<html><head><meta name=\"qrichtext\" content=\"1\" /><style type=\"text/css\">\np, li { white-space: pre-wrap; }\n</style></head><body style=\" font-family:'MS Shell Dlg 2'; font-size:10pt; font-weight:400; font-style:normal;\">\n<p style=\" margin-top:0px; margin-bottom:0px; margin-left:0px; margin-right:0px; -qt-block-indent:0; text-indent:0px;\">—</p></body></html>",
        "descr_html_ru": null,
        "url_en": "https://forgottenrealms.fandom.com/wiki/Great_Bhaerynden",
        "url_ru": null,
        "source_name": "WotC Underdark 3e",
        "source_url": "https://forgottenrealms.fandom.com/wiki/Underdark_(sourcebook)",
        "dnd_editions_str": "5e, 3e",
        "feature_levels_str": "Lowerdark, Middledark, Upperdark",
        "extra_str": "topical_tags: [\"underdark\", \"domain\", \"faerûn\", \"underground\", \"cavern\", \"rift\", \"spellplague\", \"dwarven\", \"drow\"] | related_cultures_tags: [\"gold dwarves\", \"drow\", \"half-drow\", \"duergar\", \"halflings\", \"earth genasi\", \"urdunnir dwarves\", \"Halruaan humans\"] | related_factions_tags: [\"Deep Realm\", \"Telantiwar\", \"wild drow\"] | related_location_tags: [\"Shaar\", \"Underdark\", \"Faerûn\", \"Great Rift\", \"Underchasm\", \"Sea of Fallen Stars\", \"Lake of Salt\", \"Lightless Sea\"]",
        "location_en": "southern Faerûn → Underdark",
        "name_alt_en_str": "Deeps, Deep Lands, Deepwilds",
        "location_ru": "южный Фаэрун → Подземье",
        "name_alt_ru_str": "Глубинные Земли, Глубинные Дебри, Глубины",
        "geog_extent_area_sq_km": 3391699.0,
        "geog_extent_area_sq_miles": 1309542.0,
        "geog_extent_perimeter_km": 8782.0,
        "geog_extent_perimeter_miles": 5457.0,
        "geog_extent_centroid_md": "16° 28′ 00″ N 007° 32′ 24″ E",
        "geog_extent_centroid_fria": "16° 28′ 00″ N 045° 56′ 29″ W",
        "geog_extent_length_km": null,
        "geog_extent_length_miles": null,
        "geog_extent_bbox_md": {
          "east": 18.004845251581,
          "west": -2.197304839423,
          "north": 26.583514107029806,
          "south": 5.365880421859077
        },
        "geog_extent_bbox_fria": {
          "east": -35.47665623640872,
          "west": -55.67880632741305,
          "north": 26.583514107029806,
          "south": 5.365880421859077
        },
        "name_it": "Grande Bhaerynden",
        "name_abb_it": null,
        "label_it": "Grande Bhaerynden",
        "descr_it": "Un vasto dominio del Sottosuolo nella Faerûn centro-meridionale sotto le pianure dello Shaar, che fungeva da antica patria dei nani e in seguito da regione contesa tra elfi scuri, nani dell'oro e altri insediamenti.",
        "descr_html_it": null,
        "url_it": null,
        "location_it": "Faerûn meridionale → Underdark",
        "name_alt_it_str": "Terre Profonde, Selvaggi Profondi, Profondità",
        "topical_tags": "underdark, domain, faerûn, underground, cavern, rift, spellplague, dwarven, drow",
        "related_location_tags": "Shaar, Underdark, Faerûn, Great Rift, Underchasm, Sea of Fallen Stars, Lake of Salt, Lightless Sea",
        "related_cultures_tags": "gold dwarves, drow, half-drow, duergar, halflings, earth genasi, urdunnir dwarves, Halruaan humans",
        "related_factions_tags": "Deep Realm, Telantiwar, wild drow"
      },
      "geometry": {
        "type": "MultiPolygon",
        "coordinates": [
          [
            [
              [
                -46.073526213180365,
                26.452098583078865
              ],
              [
                -46.15715427387642,
                26.081745742853474
              ],
              [
                -46.19299487131759,
                25.878649024020195
              ],
              [
                -46.061579347366646,
                25.771127231696696
              ],
              [
                -45.76290770202359,
                25.771127231696696
              ],
              [
                -45.765,
                25.587
              ],
              [
                -45.765,
                25.587
              ],
              [
                -45.94211068922942,
                25.20962453845175
              ],
              [
                -46.242,
                25.029
              ],
              [
                -46.278,
                24.813
              ],
              [
                -46.31246352945481,
                24.445025126373523
              ],
              [
                -46.15715427387642,
                24.349450199863746
              ],
              [
                -45.792,
                24.399
              ],
              [
                -45.51202351993542,
                24.492812589628414
              ],
              [
                -45.320873666915865,
                24.456971992187245
              ],
              [
                -45.18,
                24.255
              ],
              [
                -45.08193635064142,
                24.074672286148136
              ],
              [
                -44.61600858390625,
                24.19414094428536
              ],
              [
                -44.377071267631806,
                24.289715870795135
              ],
              [
                -44.102293353916195,
                24.349450199863746
              ],
              [
                -43.88724976926919,
                24.26582213916769
              ],
              [
                -43.87530290345547,
                24.062725420334413
              ],
              [
                -43.93503723252408,
                23.871575567314856
              ],
              [
                -43.99477156159269,
                23.58485078778552
              ],
              [
                -43.911143500896635,
                23.345913471511075
              ],
              [
                -43.624418721367306,
                23.322019739883633
              ],
              [
                -43.39742827090658,
                23.405647800579686
              ],
              [
                -43.110703491377244,
                23.51316959290319
              ],
              [
                -42.895659906730245,
                23.63263825104041
              ],
              [
                -42.72840378533813,
                23.752106909177634
              ],
              [
                -42.46557273743625,
                23.704319445922746
              ],
              [
                -42.429732139995075,
                23.6804257142953
              ],
              [
                -42.27442288441669,
                23.704319445922746
              ],
              [
                -42.17884795790691,
                23.799894372432522
              ],
              [
                -42.03548556814224,
                23.7879475066188
              ],
              [
                -41.83238884930896,
                23.728213177550188
              ],
              [
                -41.59345153303452,
                23.752106909177634
              ],
              [
                -41.37840794838752,
                23.728213177550188
              ],
              [
                -41.187258095367966,
                23.560957056158077
              ],
              [
                -40.984161376534686,
                23.322019739883633
              ],
              [
                -40.673542865377904,
                23.214497947560133
              ],
              [
                -40.44655241491718,
                23.154763618491522
              ],
              [
                -40.21956196445646,
                23.04724182616802
              ],
              [
                -40.04035897725063,
                22.784410778266132
              ],
              [
                -39.992571513995735,
                22.62910152268774
              ],
              [
                -40.00451837980946,
                22.342376743158407
              ],
              [
                -39.992571513995735,
                22.15122689013885
              ],
              [
                -39.93283718492712,
                21.960077037119294
              ],
              [
                -39.908943453299685,
                21.709192855031127
              ],
              [
                -39.86115599004479,
                21.494149270384128
              ],
              [
                -39.65805927121151,
                21.434414941315517
              ],
              [
                -39.514696881446845,
                21.458308672942962
              ],
              [
                -39.2757595651724,
                21.56583046526646
              ],
              [
                -39.048769114711675,
                21.61361792852135
              ],
              [
                -38.80983179843723,
                21.61361792852135
              ],
              [
                -38.54700075053535,
                21.482202404570405
              ],
              [
                -38.32001030007462,
                21.422468075501794
              ],
              [
                -38.17664791030995,
                21.267158819923402
              ],
              [
                -38.093019849613896,
                21.016274637835238
              ],
              [
                -38.00939178891784,
                19.690172532512065
              ],
              [
                -37.93771059403551,
                19.41539461879645
              ],
              [
                -37.770454472643394,
                18.937519986247562
              ],
              [
                -37.68682641194734,
                18.638848340904506
              ],
              [
                -37.567357753810114,
                18.352123561375173
              ],
              [
                -37.37620790079056,
                17.945930123708614
              ],
              [
                -37.32842043753567,
                17.65920534417928
              ],
              [
                -37.185058047771,
                17.264958772326445
              ],
              [
                -37.05364252382006,
                16.834871603032447
              ],
              [
                -36.874439536614226,
                16.512306226061945
              ],
              [
                -36.754970878477,
                16.28531577560122
              ],
              [
                -36.59966162289861,
                15.938856667003275
              ],
              [
                -36.49213983057511,
                15.783547411424886
              ],
              [
                -36.336830574996725,
                15.735759948169996
              ],
              [
                -36.157627587790884,
                15.903016069562108
              ],
              [
                -36.12178699034972,
                16.07027219095422
              ],
              [
                -36.09789325872228,
                16.23752831234633
              ],
              [
                -35.99037146639878,
                16.32115637304239
              ],
              [
                -35.84700907663411,
                16.17779398327772
              ],
              [
                -35.79922161337922,
                15.926909801189552
              ],
              [
                -35.81116847919294,
                15.64018502166022
              ],
              [
                -35.76338101593805,
                15.413194571199497
              ],
              [
                -35.727540418496886,
                15.102576060042718
              ],
              [
                -35.596124894545945,
                14.732223219817328
              ],
              [
                -35.52444369966361,
                14.302136050523327
              ],
              [
                -35.51249683384989,
                13.931783210297937
              ],
              [
                -35.48860310222244,
                13.597270967513712
              ],
              [
                -35.47665623640872,
                13.406121114494157
              ],
              [
                -35.62001862617339,
                13.179130664033433
              ],
              [
                -35.73948728431061,
                12.952140213572712
              ],
              [
                -35.858955942447835,
                12.84461842124921
              ],
              [
                -36.002318332212496,
                12.725149763111988
              ],
              [
                -35.942584003143885,
                12.533999910092431
              ],
              [
                -35.82311534500666,
                12.426478117768932
              ],
              [
                -35.858955942447835,
                12.211434533121931
              ],
              [
                -36.03815892965366,
                12.056125277543543
              ],
              [
                -36.336830574996725,
                11.924709753592598
              ],
              [
                -36.49213983057511,
                11.853028558710264
              ],
              [
                -36.58771475708489,
                11.494622584298597
              ],
              [
                -36.69523654940839,
                11.243738402210429
              ],
              [
                -36.826652073359334,
                11.100376012445762
              ],
              [
                -37.17311118195728,
                10.957013622681096
              ],
              [
                -37.31647357172194,
                10.76586376966154
              ],
              [
                -37.364261034976835,
                10.586660782455706
              ],
              [
                -37.20895177939845,
                10.28798913711265
              ],
              [
                -37.11337685288866,
                10.132679881534258
              ],
              [
                -37.220898645212166,
                9.905689431073537
              ],
              [
                -37.352314169163115,
                9.810114504563758
              ],
              [
                -37.7226670093885,
                9.786220772936314
              ],
              [
                -37.96160432566295,
                9.86984883363237
              ],
              [
                -38.296116568447175,
                9.953476894328425
              ],
              [
                -38.52310701890789,
                9.965423760142148
              ],
              [
                -38.76204433518234,
                9.905689431073537
              ],
              [
                -38.92930045657445,
                9.857901967818648
              ],
              [
                -39.251865833544954,
                9.86984883363237
              ],
              [
                -39.46690941819195,
                9.845955102004925
              ],
              [
                -39.68195300283895,
                9.76232704130887
              ],
              [
                -39.82531539260362,
                9.595070919916758
              ],
              [
                -39.849209124231066,
                9.463655395965812
              ],
              [
                -39.849209124231066,
                9.272505542946258
              ],
              [
                -39.83726225841734,
                9.093302555740422
              ],
              [
                -39.93283718492712,
                8.890205836907144
              ],
              [
                -40.11204017213295,
                8.722949715515034
              ],
              [
                -40.255402561897625,
                8.579587325750365
              ],
              [
                -40.482393012358344,
                8.472065533426866
              ],
              [
                -40.82885212095629,
                8.352596875289644
              ],
              [
                -41.020001973975845,
                8.221181351338698
              ],
              [
                -41.223098692809124,
                8.030031498319142
              ],
              [
                -41.53371720396591,
                7.791094182044697
              ],
              [
                -41.71292019117173,
                7.635784926466307
              ],
              [
                -41.975751239073624,
                7.38490074437814
              ],
              [
                -42.19079482372063,
                7.241538354613473
              ],
              [
                -42.47751960324996,
                7.014547904152751
              ],
              [
                -42.46557273743623,
                6.907026111829248
              ],
              [
                -42.3938915425539,
                6.751716856250859
              ],
              [
                -42.310263481857845,
                6.668088795554803
              ],
              [
                -42.23858228697551,
                6.536673271603859
              ],
              [
                -42.25052915278923,
                6.405257747652914
              ],
              [
                -42.53725393231856,
                6.190214163005913
              ],
              [
                -42.68061632208323,
                6.082692370682413
              ],
              [
                -43.122650357190956,
                5.831808188594246
              ],
              [
                -43.43326886834774,
                5.676498933015856
              ],
              [
                -43.791674842759406,
                5.521189677437467
              ],
              [
                -44.04255902484757,
                5.473402214182578
              ],
              [
                -44.544327389023906,
                5.365880421859077
              ],
              [
                -44.98636142413163,
                5.3778272876728
              ],
              [
                -45.45228919086679,
                5.485349079996301
              ],
              [
                -45.703173372954964,
                5.521189677437467
              ],
              [
                -45.977951286670574,
                5.652605201388412
              ],
              [
                -46.08547307899408,
                5.784020725339357
              ],
              [
                -46.19299487131757,
                5.903489383476579
              ],
              [
                -46.46777278503319,
                5.96322371254519
              ],
              [
                -46.706710101307635,
                5.975170578358913
              ],
              [
                -47.04122234409186,
                5.999064309986357
              ],
              [
                -47.36378772106236,
                6.034904907427524
              ],
              [
                -47.662459366405415,
                6.07074550486869
              ],
              [
                -48.0328122066308,
                6.082692370682413
              ],
              [
                -48.271749522905246,
                6.034904907427524
              ],
              [
                -48.415111912669914,
                5.939329980917746
              ],
              [
                -48.51068683917969,
                5.807914456966801
              ],
              [
                -48.65404922894436,
                5.664552067202134
              ],
              [
                -48.71378355801297,
                5.5928708723198
              ],
              [
                -48.92882714265997,
                5.545083409064912
              ],
              [
                -49.19165819056186,
                5.5928708723198
              ],
              [
                -49.31112684869908,
                5.5928708723198
              ],
              [
                -49.50227670171864,
                5.5928708723198
              ],
              [
                -49.681479688924476,
                5.568977140692356
              ],
              [
                -49.824842078689144,
                5.557030274878634
              ],
              [
                -49.968204468453806,
                5.580924006506078
              ],
              [
                -50.07572626077731,
                5.748180127898189
              ],
              [
                -50.13546058984592,
                5.831808188594246
              ],
              [
                -50.3385573086792,
                6.07074550486869
              ],
              [
                -50.434132235188976,
                6.202161028819636
              ],
              [
                -50.48191969844387,
                6.393310881839191
              ],
              [
                -50.577494624953644,
                6.620301332299915
              ],
              [
                -50.61333522239481,
                6.715876258809693
              ],
              [
                -50.6611226856497,
                6.918972977642971
              ],
              [
                -50.625282088208536,
                7.062335367407638
              ],
              [
                -50.52970716169875,
                7.205697757172305
              ],
              [
                -50.38634477193409,
                7.361007012750695
              ],
              [
                -50.26687611379687,
                7.516316268329083
              ],
              [
                -50.171301187287085,
                7.719412987162363
              ],
              [
                -50.111566858218474,
                7.910562840181918
              ],
              [
                -50.13546058984592,
                8.07781896157403
              ],
              [
                -50.147407455659646,
                8.23312821715242
              ],
              [
                -50.26687611379687,
                8.424278070171976
              ],
              [
                -50.35050417449292,
                8.543746728309198
              ],
              [
                -50.54165402751248,
                8.734896581328755
              ],
              [
                -50.80448507541437,
                8.746843447142476
              ],
              [
                -51.174837915639756,
                8.699055983887588
              ],
              [
                -51.56908448749259,
                8.651268520632698
              ],
              [
                -51.68855314562982,
                8.734896581328755
              ],
              [
                -51.74828747469843,
                8.806577776211089
              ],
              [
                -51.784128072139595,
                9.045515092485534
              ],
              [
                -51.784128072139595,
                9.23666494550509
              ],
              [
                -51.86775613283565,
                9.403921066897201
              ],
              [
                -51.95138419353171,
                9.49949599340698
              ],
              [
                -52.08279971748266,
                9.595070919916758
              ],
              [
                -52.500940020962936,
                9.678698980612813
              ],
              [
                -52.76377106886482,
                9.678698980612813
              ],
              [
                -53.08633644583532,
                9.60701778573048
              ],
              [
                -53.36111435955094,
                9.535336590848146
              ],
              [
                -53.58810481001166,
                9.535336590848146
              ],
              [
                -53.874829589540994,
                9.571177188289314
              ],
              [
                -54.0420857109331,
                9.654805248985369
              ],
              [
                -54.12571377162916,
                9.845955102004925
              ],
              [
                -54.18544810069777,
                9.965423760142148
              ],
              [
                -54.32881049046243,
                10.049051820838203
              ],
              [
                -54.50801347766826,
                10.096839284093093
              ],
              [
                -54.72305706231526,
                10.132679881534258
              ],
              [
                -54.87836631789365,
                10.156573613161704
              ],
              [
                -55.02172870765832,
                10.28798913711265
              ],
              [
                -55.069516170913204,
                10.431351526877314
              ],
              [
                -55.069516170913204,
                10.658341977338038
              ],
              [
                -55.117303634168096,
                10.873385561985039
              ],
              [
                -55.117303634168096,
                11.04064168337715
              ],
              [
                -55.03367557347204,
                11.207897804769262
              ],
              [
                -54.985888110217154,
                11.327366462906486
              ],
              [
                -54.97394124440343,
                11.494622584298597
              ],
              [
                -54.97394124440343,
                11.661878705690707
              ],
              [
                -54.985888110217154,
                11.817187961269097
              ],
              [
                -54.985888110217154,
                11.960550351033763
              ],
              [
                -54.914206915334816,
                12.091965874984709
              ],
              [
                -54.81863198882504,
                12.235328264749377
              ],
              [
                -54.74695079394271,
                12.378690654514044
              ],
              [
                -54.74695079394271,
                12.557893641719877
              ],
              [
                -54.77084452557015,
                12.72514976311199
              ],
              [
                -54.80668512301132,
                12.808777823808045
              ],
              [
                -54.9022600495211,
                12.880459018690377
              ],
              [
                -55.02172870765832,
                12.976033945200157
              ],
              [
                -55.057569305099484,
                13.167183798219712
              ],
              [
                -55.057569305099484,
                13.394174248680436
              ],
              [
                -55.08146303672693,
                13.752580223092103
              ],
              [
                -55.08146303672693,
                14.063198734248882
              ],
              [
                -55.08146303672693,
                14.42160470866055
              ],
              [
                -54.98588811021716,
                14.803904414699666
              ],
              [
                -54.961994378589715,
                14.947266804464334
              ],
              [
                -54.92615378114854,
                15.126469791670168
              ],
              [
                -54.902260049521104,
                15.233991583993667
              ],
              [
                -54.74695079394271,
                15.317619644689723
              ],
              [
                -54.72305706231527,
                15.317619644689723
              ],
              [
                -54.508013477668264,
                15.257885315621111
              ],
              [
                -54.24518242976637,
                15.210097852366223
              ],
              [
                -54.19739496651149,
                15.293725913062278
              ],
              [
                -54.18544810069777,
                15.401247705385778
              ],
              [
                -54.1496075032566,
                15.61629129003278
              ],
              [
                -54.10182004000171,
                15.855228606307225
              ],
              [
                -54.11376690581543,
                16.118059654209112
              ],
              [
                -54.11376690581543,
                16.285315775601227
              ],
              [
                -54.077926308374266,
                16.583987420944283
              ],
              [
                -54.11376690581543,
                16.810977871405004
              ],
              [
                -54.16155436907032,
                17.061862053493172
              ],
              [
                -54.16155436907032,
                17.26495877232645
              ],
              [
                -54.18544810069777,
                17.539736686042062
              ],
              [
                -54.13766063744288,
                17.73088653906162
              ],
              [
                -54.077926308374266,
                17.99371758696351
              ],
              [
                -54.06597944256055,
                18.149026842541897
              ],
              [
                -54.018191979305655,
                18.459645353698676
              ],
              [
                -53.97040451605076,
                18.62690147509079
              ],
              [
                -53.9345639186096,
                18.73442326741429
              ],
              [
                -53.98235138186449,
                18.818051328110343
              ],
              [
                -54.13766063744288,
                18.806104462296624
              ],
              [
                -54.34075735627616,
                18.73442326741429
              ],
              [
                -54.66332273324666,
                18.614954609277067
              ],
              [
                -54.92615378114854,
                18.555220280208456
              ],
              [
                -55.1173036341681,
                18.507432816953568
              ],
              [
                -55.40402841369743,
                18.495485951139845
              ],
              [
                -55.5473908034621,
                18.56716714602218
              ],
              [
                -55.642965729971884,
                18.710529535786844
              ],
              [
                -55.67880632741305,
                18.9016793888064
              ],
              [
                -55.6549125957856,
                19.152563570894568
              ],
              [
                -55.571284535089546,
                19.451235216237624
              ],
              [
                -55.439869011138605,
                19.941056714600236
              ],
              [
                -55.24871915811905,
                20.383090749707957
              ],
              [
                -55.08146303672694,
                20.693709260864736
              ],
              [
                -54.961994378589715,
                20.93264657713918
              ],
              [
                -54.91420691533483,
                21.20742449085479
              ],
              [
                -54.890313183707384,
                21.386627478060625
              ],
              [
                -54.950047512775996,
                21.637511660148792
              ],
              [
                -55.03367557347205,
                21.792820915727184
              ],
              [
                -55.14119736579555,
                21.93618330549185
              ],
              [
                -55.24871915811905,
                22.067598829442794
              ],
              [
                -55.34429408462883,
                22.234854950834908
              ],
              [
                -55.34429408462883,
                22.342376743158407
              ],
              [
                -55.24871915811905,
                22.473792267109353
              ],
              [
                -55.021728707658326,
                22.533526596177964
              ],
              [
                -54.66332273324666,
                22.56936719361913
              ],
              [
                -54.51996034348199,
                22.581314059432852
              ],
              [
                -54.31686362464871,
                22.652995254315186
              ],
              [
                -54.08987317418799,
                22.760517046638686
              ],
              [
                -53.77925466303121,
                22.856091973148462
              ],
              [
                -53.62394540745282,
                22.915826302217074
              ],
              [
                -53.5044767493156,
                22.951666899658242
              ],
              [
                -53.2894331646686,
                23.023348094540573
              ],
              [
                -53.08633644583532,
                23.059188691981742
              ],
              [
                -52.931027190256934,
                23.083082423609184
              ],
              [
                -52.6443024107276,
                23.298126008256187
              ],
              [
                -52.35757763119826,
                23.345913471511075
              ],
              [
                -52.262002704688484,
                23.47732899546202
              ],
              [
                -52.16642777817871,
                23.596797653599243
              ],
              [
                -51.87970299864937,
                23.429541532207132
              ],
              [
                -51.6766062798161,
                23.381754068952244
              ],
              [
                -51.437668963541654,
                23.393700934765967
              ],
              [
                -51.21067851308093,
                23.501222727089466
              ],
              [
                -51.103156720757426,
                23.560957056158077
              ],
              [
                -50.91200686773787,
                23.62069138522669
              ],
              [
                -50.625282088208536,
                23.692372580109023
              ],
              [
                -50.422185369375256,
                23.704319445922742
              ],
              [
                -50.19519491891454,
                23.668478848481577
              ],
              [
                -50.03988566333614,
                23.560957056158077
              ],
              [
                -49.95625760264009,
                23.441488398020855
              ],
              [
                -49.872629541944036,
                23.357860337324798
              ],
              [
                -49.824842078689144,
                23.345913471511075
              ],
              [
                -49.76510774962053,
                23.453435263834578
              ],
              [
                -49.74121401799309,
                23.64458511685413
              ],
              [
                -49.74121401799309,
                23.799894372432522
              ],
              [
                -49.6934265547382,
                23.919363030569745
              ],
              [
                -49.478382970091204,
                24.074672286148132
              ],
              [
                -49.287233117071644,
                24.12245974940302
              ],
              [
                -49.06024266661092,
                24.09856601777558
              ],
              [
                -48.881039679405085,
                23.931309896383468
              ],
              [
                -48.78546475289531,
                23.835734969873688
              ],
              [
                -48.654049228944366,
                23.704319445922742
              ],
              [
                -48.57042116824831,
                23.6804257142953
              ],
              [
                -48.35537758360131,
                23.764053774991353
              ],
              [
                -48.24785579127781,
                23.931309896383468
              ],
              [
                -48.09254653569942,
                24.26582213916769
              ],
              [
                -48.00891847500336,
                24.42113139474608
              ],
              [
                -47.88944981686614,
                24.683962442647967
              ],
              [
                -47.722193695474026,
                24.95874035636358
              ],
              [
                -47.61467190315053,
                25.281305733334083
              ],
              [
                -47.590778171523084,
                25.795020963324138
              ],
              [
                -47.51909697664075,
                26.045905145412306
              ],
              [
                -47.39962831850353,
                26.260948730059308
              ],
              [
                -47.172637868042806,
                26.416257985637696
              ],
              [
                -46.89785995432719,
                26.559620375402364
              ],
              [
                -46.694763235493916,
                26.583514107029806
              ],
              [
                -46.51556024828808,
                26.54767350958864
              ],
              [
                -46.39609159015086,
                26.499886046333753
              ],
              [
                -46.372197858523414,
                26.48793918052003
              ],
              [
                -46.073526213180365,
                26.452098583078865
              ]
            ]
          ]
        ]
      }
    }
  ]
}