{
  "type": "FeatureCollection",
  "name": "sql_statement",
  "crs": {
    "type": "name",
    "properties": {
      "name": "urn:ogc:def:crs:OGC:1.3:CRS84"
    }
  },
  "features": [
    {
      "type": "Feature",
      "properties": {
        "uuid": "3dc3b996-54c7-4544-86d2-ecaeda515529",
        "layer_id": "udk_con_named_regions_pg",
        "timeframe": null,
        "feature_class": "Macroregion",
        "feature_rank": 1,
        "is_visible": true,
        "is_labeled": true,
        "needs_review": false,
        "review_notes": null,
        "img_url": null,
        "last_edited": "2026-03-06",
        "last_editor": "postgres",
        "name_en": "Underdark",
        "name_ru": "Подземье",
        "name_abb_en": null,
        "name_abb_ru": null,
        "label_en": "Underdark",
        "label_ru": "Подземье",
        "descr_en": "An outline showing how far the hidden world beneath Faerûn reaches, with many domains, realms and layers of depth lying inside it.",
        "descr_ru": "Контур, обозначающий предел скрытого мира под Фаэруном, внутри которого находятся разные домены, области и уровни глубин.",
        "descr_html_en": "<!DOCTYPE HTML PUBLIC \"-//W3C//DTD HTML 4.0//EN\" \"http://www.w3.org/TR/REC-html40/strict.dtd\">\n<html><head><meta name=\"qrichtext\" content=\"1\" /><style type=\"text/css\">\np, li { white-space: pre-wrap; }\n</style></head><body style=\" font-family:'MS Shell Dlg 2'; font-size:10pt; font-weight:400; font-style:normal;\">\n<p style=\" margin-top:0px; margin-bottom:0px; margin-left:0px; margin-right:0px; -qt-block-indent:0; text-indent:0px;\">—</p></body></html>",
        "descr_html_ru": null,
        "url_en": "https://forgottenrealms.fandom.com/wiki/https://forgottenrealms.fandom.com/wiki/Underdark",
        "url_ru": "https://dnd.fandom.com/ru/wiki/%D0%9F%D0%BE%D0%B4%D0%B7%D0%B5%D0%BC%D1%8C%D0%B5",
        "source_name": "WotC Underdark 3e",
        "source_url": "https://forgottenrealms.fandom.com/wiki/Underdark_(sourcebook)",
        "dnd_editions_str": "5e, 3e",
        "feature_levels_str": "Lowerdark, Middledark, Upperdark",
        "extra_str": null,
        "location_en": "central Faerûn → Underdark",
        "name_alt_en_str": null,
        "location_ru": "центральный Фаэрун → Подземье",
        "name_alt_ru_str": null,
        "geog_extent_area_sq_km": 20865671.0,
        "geog_extent_area_sq_miles": 8056277.0,
        "geog_extent_perimeter_km": 27208.0,
        "geog_extent_perimeter_miles": 16906.0,
        "geog_extent_centroid_md": "28° 57′ 51″ N 001° 54′ 54″ W",
        "geog_extent_centroid_fria": "28° 57′ 51″ N 055° 23′ 47″ W",
        "geog_extent_length_km": null,
        "geog_extent_length_miles": null,
        "geog_extent_bbox_md": {
          "east": 34.963024276585,
          "west": -27.409161687885,
          "north": 56.44572207784155,
          "south": 4.651864411962124
        },
        "geog_extent_bbox_fria": {
          "east": -18.518477211405372,
          "west": -80.89066317587498,
          "north": 56.44572207784155,
          "south": 4.651864411962124
        },
        "name_it": "Sottosuolo",
        "name_abb_it": null,
        "label_it": "Sottosuolo",
        "descr_it": null,
        "descr_html_it": null,
        "url_it": null,
        "location_it": "Faerûn centrale → Underdark",
        "name_alt_it_str": null,
        "topical_tags": "",
        "related_location_tags": "",
        "related_cultures_tags": "",
        "related_factions_tags": ""
      },
      "geometry": {
        "type": "MultiPolygon",
        "coordinates": [
          [
            [
              [
                -80.63940751919071,
                14.0310876773456
              ],
              [
                -80.68600029586422,
                14.232989709597504
              ],
              [
                -80.73156059589628,
                14.574608398615812
              ],
              [
                -80.81525497377352,
                14.741997154370297
              ],
              [
                -80.89066317587498,
                15.06143142453309
              ],
              [
                -80.89066317587498,
                15.263333456784997
              ],
              [
                -80.86318062653442,
                15.459560369095398
              ],
              [
                -80.80105692430307,
                15.676993326905142
              ],
              [
                -80.65994571819512,
                15.986571791451633
              ],
              [
                -80.54515787229636,
                16.152452563814087
              ],
              [
                -80.38856953004885,
                16.27962477492101
              ],
              [
                -80.23326027447047,
                16.372810328268045
              ],
              [
                -79.83946785731794,
                16.527064691594667
              ],
              [
                -79.646297546841,
                16.566394372512562
              ],
              [
                -79.45740035084701,
                16.578200447262187
              ],
              [
                -79.0496244417656,
                16.67334815938118
              ],
              [
                -78.80135861851527,
                16.68762222011206
              ],
              [
                -78.65327310427631,
                16.87728665287959
              ],
              [
                -78.54455662537144,
                16.970472206226624
              ],
              [
                -78.25294903931312,
                17.12110309831677
              ],
              [
                -77.95546407867695,
                17.173491467165654
              ],
              [
                -77.55243554257517,
                17.173491467165654
              ],
              [
                -77.45102384563144,
                17.274903164109375
              ],
              [
                -77.26538818758021,
                17.408701776220987
              ],
              [
                -77.14114078311749,
                17.470825478452344
              ],
              [
                -76.9617877070986,
                17.532362908846167
              ],
              [
                -76.8064784515202,
                17.563424759961844
              ],
              [
                -76.35173856756471,
                17.631707518161456
              ],
              [
                -75.99037770968381,
                17.62178439584228
              ],
              [
                -75.48837558298727,
                17.522116083204313
              ],
              [
                -75.25541169961969,
                17.459992380972956
              ],
              [
                -74.98114169868694,
                17.358845667263513
              ],
              [
                -74.81476979668885,
                17.267892411709255
              ],
              [
                -74.67819047407048,
                17.13636981629886
              ],
              [
                -74.58102818819579,
                16.97354600147441
              ],
              [
                -74.53443541152228,
                16.86482952256954
              ],
              [
                -74.47668258695457,
                16.58346212920131
              ],
              [
                -74.49464619223112,
                16.379579852362493
              ],
              [
                -74.39888212593183,
                16.39694518927371
              ],
              [
                -74.18144916812209,
                16.39694518927371
              ],
              [
                -73.86201489795927,
                16.321536987172244
              ],
              [
                -73.62341847254332,
                16.17839500277687
              ],
              [
                -73.48996500435226,
                16.062302227059238
              ],
              [
                -73.34832931854086,
                15.986763194626494
              ],
              [
                -73.18681433798275,
                15.868906078136833
              ],
              [
                -73.09648930614956,
                15.752420037398277
              ],
              [
                -69.41930089284622,
                15.44680935233837
              ],
              [
                -68.94646029725783,
                15.821299529252082
              ],
              [
                -68.75639845174392,
                15.925280174495414
              ],
              [
                -68.54390565905771,
                15.967497383803792
              ],
              [
                -68.32853037454784,
                15.9440673490693
              ],
              [
                -68.20865131507466,
                15.912099599876456
              ],
              [
                -68.0518924014193,
                15.997604461870294
              ],
              [
                -67.89147755265168,
                16.117915598446
              ],
              [
                -67.72486889623286,
                16.27312533592257
              ],
              [
                -67.41673409159847,
                16.500172034074218
              ],
              [
                -67.25918325678997,
                16.65770286974125
              ],
              [
                -66.95633020841211,
                16.879795105218346
              ],
              [
                -66.71355079571318,
                16.99512262872805
              ],
              [
                -66.44533777099632,
                17.012559781063104
              ],
              [
                -66.19979358386126,
                16.981866757671224
              ],
              [
                -65.34901605507038,
                18.15180889130321
              ],
              [
                -65.30927658485206,
                18.38515372500908
              ],
              [
                -65.1930212524521,
                18.59492830873728
              ],
              [
                -65.00108892644691,
                18.83838800279217
              ],
              [
                -64.87032929880202,
                19.353420192119426
              ],
              [
                -64.80820559657066,
                19.477667596582137
              ],
              [
                -64.65199144268017,
                19.68476538434852
              ],
              [
                -64.4656203359861,
                19.855605565484748
              ],
              [
                -64.22706507139962,
                20.000346092639234
              ],
              [
                -64.04989006061463,
                20.06814342782778
              ],
              [
                -63.19899416425328,
                21.500939680098178
              ],
              [
                -63.323134020917784,
                21.500319075355957
              ],
              [
                -63.52305476909647,
                21.535130214822903
              ],
              [
                -63.70511751869217,
                21.62475876045967
              ],
              [
                -63.914406793273905,
                21.83503445308307
              ],
              [
                -64.15420594586978,
                22.026873775159768
              ],
              [
                -64.31386195443278,
                22.18738544514687
              ],
              [
                -64.64344400056983,
                22.396791395702472
              ],
              [
                -65.0381283773464,
                22.16756104027362
              ],
              [
                -65.2091769454177,
                22.097378702788387
              ],
              [
                -65.39250888202713,
                22.073450181037853
              ],
              [
                -65.54781813760552,
                22.073450181037853
              ],
              [
                -65.98527492413514,
                22.09865211292531
              ],
              [
                -66.30196806417307,
                22.19464347558139
              ],
              [
                -66.73205523346708,
                22.44552765766956
              ],
              [
                -66.90771760333617,
                22.584808154751396
              ],
              [
                -67.12480442501686,
                22.563271679400465
              ],
              [
                -67.33043517837162,
                22.59351095352117
              ],
              [
                -67.47870555971379,
                22.66295708537341
              ],
              [
                -67.57813346139656,
                22.617067284596743
              ],
              [
                -67.87745697128136,
                22.551324813586742
              ],
              [
                -68.02081936104602,
                22.551324813586742
              ],
              [
                -68.22599907550347,
                22.583397938725263
              ],
              [
                -68.38451518374819,
                22.506991921141896
              ],
              [
                -68.57874844998616,
                22.4397573289826
              ],
              [
                -68.86420738233878,
                22.28871763140689
              ],
              [
                -69.0434103695446,
                22.240930168151998
              ],
              [
                -69.27415115357883,
                22.201224665097147
              ],
              [
                -69.64559311171226,
                22.192918839175075
              ],
              [
                -69.96502738187506,
                22.268327041276528
              ],
              [
                -70.08449604001228,
                22.32806137034514
              ],
              [
                -70.39046990063281,
                22.552535870963553
              ],
              [
                -70.63127777355466,
                22.776656743780737
              ],
              [
                -70.80696427525503,
                22.906617278095986
              ],
              [
                -70.91527908957619,
                22.90973078799841
              ],
              [
                -71.1455955438711,
                22.8682882322465
              ],
              [
                -71.34815123436788,
                22.851229034037008
              ],
              [
                -71.55124795320116,
                22.86317589985073
              ],
              [
                -71.78290863731242,
                22.89210276289562
              ],
              [
                -71.97860242636575,
                22.947399462657327
              ],
              [
                -72.08612421868925,
                22.995186925912215
              ],
              [
                -72.61536333469087,
                23.326461267754347
              ],
              [
                -72.75355237776105,
                23.501643807644665
              ],
              [
                -72.83094717168592,
                23.71091678674231
              ],
              [
                -72.86678776912709,
                23.890119773948143
              ],
              [
                -72.87876586310699,
                24.082164504679337
              ],
              [
                -72.82569690509074,
                24.307816100885695
              ],
              [
                -72.83234335180225,
                24.48062371538516
              ],
              [
                -72.78883099991174,
                24.755004898183703
              ],
              [
                -72.70520293921568,
                24.981995348644425
              ],
              [
                -72.51597203623777,
                25.33800156137173
              ],
              [
                -72.4236353873853,
                25.551199636369745
              ],
              [
                -72.22472437122231,
                25.86401481157629
              ],
              [
                -71.94880300736438,
                26.19380569193424
              ],
              [
                -71.95866481733708,
                26.509617201096457
              ],
              [
                -72.23503387637896,
                27.038848275819483
              ],
              [
                -72.34443354543728,
                27.312672708857917
              ],
              [
                -72.37291939939956,
                27.476466369140987
              ],
              [
                -72.71010104128223,
                27.689139455685236
              ],
              [
                -72.93709149174295,
                27.88028930870479
              ],
              [
                -73.07300401222216,
                28.032984214606948
              ],
              [
                -73.16009999434995,
                28.21792268385734
              ],
              [
                -73.2946155093103,
                28.668763746360305
              ],
              [
                -73.60598713083566,
                28.72528722538692
              ],
              [
                -74.00737710533438,
                28.899257731608362
              ],
              [
                -74.53514915614817,
                29.2398676972522
              ],
              [
                -74.74812927239103,
                29.458570960325364
              ],
              [
                -74.83635571657202,
                29.65209770706435
              ],
              [
                -74.90803691145435,
                29.90298188915252
              ],
              [
                -74.98694796394146,
                30.36095073145681
              ],
              [
                -74.99960184401712,
                30.51683111547073
              ],
              [
                -75.07577381444229,
                30.797247444781252
              ],
              [
                -75.07057602463752,
                30.972419123772667
              ],
              [
                -75.04668229301008,
                31.12772837935106
              ],
              [
                -74.99096497844185,
                31.31468728818176
              ],
              [
                -74.93123064937323,
                31.4461028121327
              ],
              [
                -74.81189476888301,
                31.62835894237236
              ],
              [
                -74.70437297655951,
                31.74782760050958
              ],
              [
                -74.50545448456708,
                31.926188909049426
              ],
              [
                -74.30887044396579,
                32.143466006556125
              ],
              [
                -74.18078688144226,
                32.25494799072346
              ],
              [
                -74.03000799130767,
                32.333046377853975
              ],
              [
                -73.34517740078688,
                32.592788531677755
              ],
              [
                -73.08629046606424,
                32.6413560133895
              ],
              [
                -72.83540628397607,
                32.6413560133895
              ],
              [
                -72.52963416417836,
                32.57259819053539
              ],
              [
                -72.43174749763224,
                32.526230822171435
              ],
              [
                -72.30832487557996,
                32.521887355252275
              ],
              [
                -72.42033273241029,
                32.92531333894497
              ],
              [
                -72.43593924530995,
                33.14780277506827
              ],
              [
                -72.38594467844023,
                33.64725687313597
              ],
              [
                -72.30807889895452,
                33.98777867252573
              ],
              [
                -72.33011546104163,
                34.30280461322563
              ],
              [
                -72.29890315585396,
                34.67594752602664
              ],
              [
                -72.2322278139065,
                34.98792159384746
              ],
              [
                -72.11644097413254,
                35.23175054433898
              ],
              [
                -72.64324388623268,
                40.67718621300837
              ],
              [
                -72.8206348102854,
                40.85232493929906
              ],
              [
                -72.93960709918582,
                41.04719849765461
              ],
              [
                -72.99580141702351,
                41.34152520657374
              ],
              [
                -73.09890988977004,
                41.6336658793556
              ],
              [
                -73.1577072757943,
                41.880078784590275
              ],
              [
                -73.16269374511796,
                42.153871361718885
              ],
              [
                -73.15152586223319,
                42.21715603139927
              ],
              [
                -73.2863328177316,
                42.43523492210201
              ],
              [
                -73.36629380328209,
                42.60536249259035
              ],
              [
                -73.40148917598891,
                42.845383320434
              ],
              [
                -73.45048368243944,
                42.92946096268088
              ],
              [
                -73.54905209886218,
                43.188161049306814
              ],
              [
                -73.59205625620557,
                43.496175863396424
              ],
              [
                -73.69609174656676,
                43.52590028921391
              ],
              [
                -73.91502975784019,
                43.63146358928298
              ],
              [
                -74.24392658300889,
                43.91603315649511
              ],
              [
                -74.37872354033934,
                44.07006820592002
              ],
              [
                -74.4642999347889,
                44.256008241603276
              ],
              [
                -74.48807209518787,
                44.42020673470877
              ],
              [
                -74.5597595914559,
                44.50019632564451
              ],
              [
                -74.70902958991383,
                44.60237028287318
              ],
              [
                -74.91100286746652,
                44.7949546502815
              ],
              [
                -75.15700737192034,
                44.86754347725256
              ],
              [
                -75.51351556988936,
                45.12073471643034
              ],
              [
                -75.67747489697514,
                45.26152962456873
              ],
              [
                -76.12997176542704,
                45.76815337191821
              ],
              [
                -76.22826969479246,
                45.82713212953746
              ],
              [
                -76.45509151638824,
                46.04340993398627
              ],
              [
                -76.71237931106756,
                46.357918073831954
              ],
              [
                -76.80872926854107,
                46.504119548987155
              ],
              [
                -76.86661532620035,
                46.66936902696324
              ],
              [
                -76.9000787646338,
                46.82330084375711
              ],
              [
                -76.97257460350069,
                47.38627689377583
              ],
              [
                -77.0907459919844,
                47.75201048966352
              ],
              [
                -77.13090211810454,
                47.91932768183077
              ],
              [
                -77.15052604165534,
                48.09792351339521
              ],
              [
                -77.15774489494424,
                48.79614929272457
              ],
              [
                -77.11361696805197,
                49.174382274754
              ],
              [
                -77.06771683407081,
                49.406554299295394
              ],
              [
                -77.10377641228868,
                49.72633210867454
              ],
              [
                -77.14062708180323,
                49.83795068246696
              ],
              [
                -77.47761202610386,
                50.07642217658507
              ],
              [
                -77.62534449285627,
                50.24175784710667
              ],
              [
                -77.71525864138407,
                50.444430518116114
              ],
              [
                -77.73653869668456,
                50.70794856374668
              ],
              [
                -77.84969849066748,
                50.80261485531248
              ],
              [
                -77.97600295921146,
                51.028544597794216
              ],
              [
                -78.04807805737583,
                51.24065131524931
              ],
              [
                -78.08472485282441,
                51.42685710700363
              ],
              [
                -78.0710432385259,
                51.616141015272895
              ],
              [
                -78.014837341722,
                51.84481785422805
              ],
              [
                -77.91805752289389,
                52.0862429691457
              ],
              [
                -77.78584342170399,
                52.28731145524432
              ],
              [
                -77.6182904638955,
                52.51579332327914
              ],
              [
                -77.47086017583506,
                52.664817405975164
              ],
              [
                -77.36789574988599,
                52.74204072543697
              ],
              [
                -77.08467626118637,
                52.94015283791592
              ],
              [
                -76.91340327320746,
                53.0313401842601
              ],
              [
                -76.70584320774937,
                53.096462652048835
              ],
              [
                -76.74228069562363,
                53.302149380093326
              ],
              [
                -76.70985738420309,
                53.52657534997473
              ],
              [
                -76.62679193918314,
                53.7553764929228
              ],
              [
                -76.49140328147548,
                53.97376046337178
              ],
              [
                -76.23941615769658,
                54.18406295824118
              ],
              [
                -76.18793394472203,
                54.209804064728445
              ],
              [
                -75.93459982815502,
                54.2821471908333
              ],
              [
                -75.70068017988062,
                54.26037388750812
              ],
              [
                -75.70068017988062,
                54.47918472569963
              ],
              [
                -75.68298252217355,
                54.63720005249703
              ],
              [
                -75.57837648289934,
                55.09833493460397
              ],
              [
                -75.50313711722892,
                55.29263795575858
              ],
              [
                -75.37502496934206,
                55.456960515804724
              ],
              [
                -75.20494171747829,
                55.577319618542084
              ],
              [
                -75.00736056278464,
                55.64347332959614
              ],
              [
                -74.69066258145047,
                55.70002654054867
              ],
              [
                -74.46750250192444,
                55.70445045193455
              ],
              [
                -74.17491860775607,
                55.66409405273892
              ],
              [
                -73.82470095576095,
                55.646536097351365
              ],
              [
                -73.52556462991171,
                55.601212411616636
              ],
              [
                -72.6789142636226,
                55.67708036609365
              ],
              [
                -72.1706557794148,
                55.68704621872517
              ],
              [
                -71.97723276860361,
                55.720878193145495
              ],
              [
                -71.63791350288842,
                55.743499477526505
              ],
              [
                -71.46754418999647,
                55.734436457782486
              ],
              [
                -70.61512315277461,
                55.586732497090594
              ],
              [
                -69.85765466468185,
                55.60864936636689
              ],
              [
                -69.63800169553801,
                55.58418539848972
              ],
              [
                -68.90080383122017,
                55.403418916159
              ],
              [
                -68.699520316609,
                55.39731941571623
              ],
              [
                -68.63319179122223,
                55.41517709562805
              ],
              [
                -68.413209474841,
                55.57126062030423
              ],
              [
                -68.08498015178252,
                55.771968968735855
              ],
              [
                -67.81352473921038,
                55.91900731721243
              ],
              [
                -67.61712452347315,
                55.99987325099524
              ],
              [
                -67.3891672836831,
                56.14892221547336
              ],
              [
                -67.0938958810129,
                56.28214744542193
              ],
              [
                -66.95480718981518,
                56.32200017063329
              ],
              [
                -66.51369214438544,
                56.401174665966835
              ],
              [
                -66.2060247473718,
                56.41240937699755
              ],
              [
                -65.90534369562644,
                56.44572207784155
              ],
              [
                -65.58297524875205,
                56.43046304360111
              ],
              [
                -65.08530699236978,
                56.37390983264858
              ],
              [
                -64.80885872595634,
                56.30164885606702
              ],
              [
                -64.64182634380421,
                56.225582894775506
              ],
              [
                -64.31123345750817,
                56.02007920869958
              ],
              [
                -63.95860285046326,
                55.92310579176223
              ],
              [
                -63.70670239387381,
                55.79604520632448
              ],
              [
                -63.590984932400566,
                55.70512434373836
              ],
              [
                -63.37803914395987,
                55.584763680706665
              ],
              [
                -63.11112210561902,
                55.36505588602121
              ],
              [
                -62.95490795172853,
                55.157958098254824
              ],
              [
                -62.773263331029355,
                54.81629988851479
              ],
              [
                -62.54611680334687,
                54.90245891625643
              ],
              [
                -62.35467305248607,
                54.94620341099083
              ],
              [
                -62.09452828210443,
                54.96882469537184
              ],
              [
                -61.64839995465458,
                54.959850800895296
              ],
              [
                -61.412343134444335,
                54.91891308384814
              ],
              [
                -61.123479435483425,
                54.91654888326446
              ],
              [
                -60.7518085443867,
                54.85460373474834
              ],
              [
                -60.55397630044875,
                54.841840364171695
              ],
              [
                -60.18131506822378,
                54.925280134665
              ],
              [
                -59.90723649578756,
                54.93725030415196
              ],
              [
                -59.533985303500856,
                54.92593966196146
              ],
              [
                -59.31266882982275,
                54.88367951178472
              ],
              [
                -58.78106864686895,
                54.691398594546115
              ],
              [
                -58.21218173391254,
                54.454915432904166
              ],
              [
                -57.96229318880405,
                54.377899883216166
              ],
              [
                -57.272344015183165,
                54.03858061750098
              ],
              [
                -57.15401338104638,
                53.972547721312594
              ],
              [
                -56.97608534798039,
                53.82865789821054
              ],
              [
                -55.962849194420016,
                52.68893238547388
              ],
              [
                -55.7479469928004,
                52.38354504633021
              ],
              [
                -55.58951616581472,
                52.11545984442028
              ],
              [
                -55.45523368908601,
                51.794836650059075
              ],
              [
                -55.36069132700196,
                51.61520616209939
              ],
              [
                -55.275642132004805,
                51.36545217425759
              ],
              [
                -55.20030881076799,
                51.27688560571245
              ],
              [
                -54.84714862834681,
                51.48349821580044
              ],
              [
                -54.649069991503815,
                51.56794557358387
              ],
              [
                -54.20189400882362,
                51.682933683415925
              ],
              [
                -53.44699438881204,
                52.01878666998886
              ],
              [
                -52.78904659797962,
                52.205507431038676
              ],
              [
                -52.20501027783063,
                52.33607748448588
              ],
              [
                -52.013500814395734,
                52.35239411562654
              ],
              [
                -51.51651119654489,
                52.327544634734
              ],
              [
                -51.34421050445908,
                52.297488970506706
              ],
              [
                -50.77267244393061,
                52.12354260425891
              ],
              [
                -50.16986380023067,
                51.87031688329437
              ],
              [
                -49.551797458280554,
                51.53751192993662
              ],
              [
                -48.97916888013664,
                51.27533583100943
              ],
              [
                -48.740506608201606,
                51.225091142181
              ],
              [
                -48.54449294829724,
                51.26429387416187
              ],
              [
                -47.752438708883815,
                51.5214475756866
              ],
              [
                -47.33786479560753,
                51.63338222860787
              ],
              [
                -46.57148149899173,
                51.72653253556939
              ],
              [
                -46.014163340987245,
                51.7418839522105
              ],
              [
                -45.41777579956623,
                51.61763654774779
              ],
              [
                -45.25730647493744,
                51.563713815522085
              ],
              [
                -45.11403391868365,
                51.473541536954826
              ],
              [
                -44.59219481994027,
                51.05110036178161
              ],
              [
                -44.417301399646604,
                50.84295107811512
              ],
              [
                -44.33285547169262,
                50.58452755363471
              ],
              [
                -44.308005990800076,
                50.385731706494376
              ],
              [
                -44.3024902577345,
                50.16455292987253
              ],
              [
                -44.252157784689054,
                50.01355551073619
              ],
              [
                -43.473809716136536,
                49.57781074756335
              ],
              [
                -43.26345844697676,
                49.4179333361827
              ],
              [
                -42.88833038619483,
                49.20431053958219
              ],
              [
                -42.58906871138959,
                49.19740121759567
              ],
              [
                -41.813369944662305,
                49.270367650042125
              ],
              [
                -41.440627731274176,
                49.245518169149584
              ],
              [
                -41.22853137397356,
                49.19825131106486
              ],
              [
                -41.04046227783477,
                49.08939803490411
              ],
              [
                -40.89382653964545,
                48.9290328861371
              ],
              [
                -40.545933807149865,
                48.40719378739371
              ],
              [
                -40.44729775623113,
                48.18422189438377
              ],
              [
                -40.40577421467812,
                48.01812772817171
              ],
              [
                -40.26789607017285,
                47.627472985406804
              ],
              [
                -40.230720210967675,
                47.46082050817845
              ],
              [
                -40.20232591046504,
                47.141252506971334
              ],
              [
                -40.20232591046504,
                46.793359774475746
              ],
              [
                -40.22399889574199,
                46.61874219130106
              ],
              [
                -40.28770262383852,
                46.45472129729305
              ],
              [
                -40.628492811088925,
                45.84055324810031
              ],
              [
                -40.74402327786855,
                45.56780534530967
              ],
              [
                -40.84581905758311,
                45.420766996833095
              ],
              [
                -40.95697714479779,
                45.294887553659116
              ],
              [
                -41.24149168917325,
                45.11926592188187
              ],
              [
                -41.40551258318127,
                45.05556219378534
              ],
              [
                -41.48769670321985,
                45.04536175926316
              ],
              [
                -41.56141785233372,
                44.97164061014929
              ],
              [
                -41.81568847250019,
                44.80791238356988
              ],
              [
                -41.90617361002424,
                44.77398045699836
              ],
              [
                -42.121303639716515,
                44.72939304468671
              ],
              [
                -42.45468228423224,
                44.70714999660406
              ],
              [
                -42.49451425049614,
                44.68325081684572
              ],
              [
                -42.5519851552382,
                44.62577991210366
              ],
              [
                -43.18542273334435,
                43.71062675348995
              ],
              [
                -43.31687896554618,
                43.57298768822118
              ],
              [
                -43.42998538745125,
                43.482502550697134
              ],
              [
                -43.63975997117944,
                43.36624721829718
              ],
              [
                -43.876190531028726,
                43.32598223774195
              ],
              [
                -44.06500835117675,
                43.32598223774195
              ],
              [
                -44.3266252306828,
                43.1157949469546
              ],
              [
                -44.49675642037525,
                42.89683690202897
              ],
              [
                -44.750172233339576,
                42.471346673268265
              ],
              [
                -44.307104064350845,
                42.353242553923316
              ],
              [
                -44.10896229742372,
                42.263878210388036
              ],
              [
                -44.00777922684606,
                42.198099347952976
              ],
              [
                -43.5517368513263,
                42.206902848783315
              ],
              [
                -43.38869045672482,
                42.19638372655096
              ],
              [
                -43.27497660499445,
                42.236412260961735
              ],
              [
                -43.054279937961155,
                42.44115835603348
              ],
              [
                -42.95976204400868,
                42.592999674360435
              ],
              [
                -42.81554825415117,
                42.780286790700664
              ],
              [
                -42.68688969923416,
                42.89975544883789
              ],
              [
                -42.50963268099156,
                43.02256520012223
              ],
              [
                -42.209674806702736,
                43.33171297119084
              ],
              [
                -42.09263663177023,
                43.42632847986644
              ],
              [
                -41.86991950151275,
                43.56778885152604
              ],
              [
                -41.682422392977166,
                43.64652730418509
              ],
              [
                -41.4803352913354,
                43.66923661915446
              ],
              [
                -41.28003890398902,
                43.63407603252205
              ],
              [
                -41.09776878723061,
                43.543895579134286
              ],
              [
                -40.950730438754036,
                43.44280671455664
              ],
              [
                -40.7468642416255,
                43.26472767295685
              ],
              [
                -40.64938631730676,
                43.334354761755954
              ],
              [
                -40.38136988903303,
                43.45207922146157
              ],
              [
                -40.059613354906965,
                43.504160198284744
              ],
              [
                -39.751334938538726,
                43.52007270729591
              ],
              [
                -39.48677157206989,
                43.49241628823603
              ],
              [
                -39.20325657494689,
                43.409482347087184
              ],
              [
                -39.04651259200075,
                43.51146106720136
              ],
              [
                -38.53592605023084,
                43.78036593546669
              ],
              [
                -38.23598570130369,
                43.90227108637111
              ],
              [
                -37.83966041338079,
                44.03589739972788
              ],
              [
                -37.451025820394335,
                44.403953036578116
              ],
              [
                -37.19768217547425,
                44.551913691598955
              ],
              [
                -36.869650717898246,
                44.647098557655916
              ],
              [
                -35.74241318622664,
                44.81557291420735
              ],
              [
                -35.45499253107259,
                44.92584038130433
              ],
              [
                -35.324898724080946,
                45.09851243718738
              ],
              [
                -35.23188842860816,
                45.272199474052584
              ],
              [
                -34.97005833250023,
                45.64458225117753
              ],
              [
                -34.77720285491385,
                45.82172167188972
              ],
              [
                -34.630164506437275,
                45.91362063968758
              ],
              [
                -34.477472728657496,
                45.98553758924563
              ],
              [
                -34.2198302749382,
                46.064716145382576
              ],
              [
                -34.02684244256269,
                46.101475732501726
              ],
              [
                -33.73824423492643,
                46.09708185466466
              ],
              [
                -33.490117021872194,
                46.04194247398594
              ],
              [
                -33.28655074998027,
                45.96245992444334
              ],
              [
                -33.11654341739962,
                45.82514929265329
              ],
              [
                -33.02464444960175,
                45.72406042807564
              ],
              [
                -32.6761699001665,
                45.28854620012869
              ],
              [
                -32.5391724242872,
                45.17209834563129
              ],
              [
                -32.397859568615885,
                45.00928158618246
              ],
              [
                -32.292133062619506,
                44.84188128502152
              ],
              [
                -32.05398306035115,
                44.697110431006045
              ],
              [
                -31.93374302055743,
                44.561556468039996
              ],
              [
                -31.79589456886064,
                44.3593787388847
              ],
              [
                -31.60176674090447,
                43.859771357913914
              ],
              [
                -31.509948958239907,
                43.53564245142505
              ],
              [
                -31.31120601522462,
                43.340902867970634
              ],
              [
                -31.16602234150185,
                43.131402758818815
              ],
              [
                -31.120072857602917,
                43.03031389424117
              ],
              [
                -31.056049717112636,
                42.73474407517897
              ],
              [
                -31.064465205666743,
                42.45259927854167
              ],
              [
                -30.97599949767963,
                42.501981178035535
              ],
              [
                -30.47986762945044,
                42.70474443886191
              ],
              [
                -29.905517370781272,
                42.886577254541926
              ],
              [
                -29.272566436139495,
                43.00671016779468
              ],
              [
                -28.97659783848465,
                43.017095668956074
              ],
              [
                -28.817439265135757,
                42.99913768493048
              ],
              [
                -28.495792877843233,
                42.925618510692196
              ],
              [
                -27.91716407139912,
                42.72911186932238
              ],
              [
                -27.59243204482642,
                42.66250017156388
              ],
              [
                -27.273494984326497,
                42.55130867445718
              ],
              [
                -26.801896143302944,
                42.478565922662874
              ],
              [
                -26.591167759588345,
                42.41833918471846
              ],
              [
                -26.386022025968078,
                42.32804842634873
              ],
              [
                -26.201769391503742,
                42.216012779245716
              ],
              [
                -26.05934965722891,
                42.0540941613603
              ],
              [
                -25.971743568409305,
                41.85705052982004
              ],
              [
                -25.946935919627535,
                41.64284128611016
              ],
              [
                -25.98718778636669,
                41.4309903792137
              ],
              [
                -26.042327167045407,
                41.27476213395734
              ],
              [
                -26.125559400485827,
                41.11035717754589
              ],
              [
                -26.248081579160107,
                40.97271666712458
              ],
              [
                -26.460733439076645,
                40.78372171092584
              ],
              [
                -26.7001018840314,
                40.51065583598641
              ],
              [
                -26.64579043813717,
                40.27076142943234
              ],
              [
                -26.627619203152538,
                39.92549701836354
              ],
              [
                -26.654089159594967,
                39.68913263631612
              ],
              [
                -26.663279056374755,
                39.33656753776531
              ],
              [
                -26.621295131481606,
                39.17989658928578
              ],
              [
                -26.6326336391301,
                38.95766866037917
              ],
              [
                -26.726145224435125,
                38.73185821961406
              ],
              [
                -26.452371310469115,
                38.37479846170628
              ],
              [
                -26.33857426522669,
                38.11233614177998
              ],
              [
                -26.301814678107544,
                37.93772810296404
              ],
              [
                -26.286917569250235,
                37.76596400553046
              ],
              [
                -26.29610746603002,
                37.499456998916656
              ],
              [
                -26.319800782532777,
                37.34003016235275
              ],
              [
                -26.383530208544524,
                37.12094842686933
              ],
              [
                -26.475429176342388,
                36.89120100737467
              ],
              [
                -26.65920636570461,
                36.58340629052894
              ],
              [
                -26.81956363919948,
                36.40886286379779
              ],
              [
                -27.2790848218912,
                36.06418113440134
              ],
              [
                -27.66162932957847,
                35.86639395301632
              ],
              [
                -27.630107246115482,
                35.803349786090344
              ],
              [
                -27.55568629637588,
                35.521457068036234
              ],
              [
                -27.53682727096142,
                35.10776476954396
              ],
              [
                -27.554843514611385,
                34.63033431281991
              ],
              [
                -27.47664257958234,
                34.56635172961433
              ],
              [
                -27.30515371035618,
                34.36148309936371
              ],
              [
                -27.22093856968659,
                34.107933502615396
              ],
              [
                -27.202558776127017,
                33.9700850509186
              ],
              [
                -27.214584842919066,
                33.71507166351637
              ],
              [
                -27.24215453325843,
                33.59560300537915
              ],
              [
                -27.341623966239883,
                33.36332755842447
              ],
              [
                -27.51574219112319,
                33.18021858781099
              ],
              [
                -27.72910450320057,
                33.030735845193064
              ],
              [
                -28.142649858290955,
                32.8009884256984
              ],
              [
                -28.3744186889255,
                32.70569872453057
              ],
              [
                -28.17699099735502,
                32.455906509029425
              ],
              [
                -27.78302797670937,
                31.69593435136547
              ],
              [
                -27.689156242239413,
                31.61243045613469
              ],
              [
                -27.46036075072252,
                31.505023709794866
              ],
              [
                -27.28575271190658,
                31.385555051657644
              ],
              [
                -27.10964187428998,
                31.21370222698396
              ],
              [
                -27.002299106550094,
                30.992284181901162
              ],
              [
                -26.946797599352088,
                30.778799153594534
              ],
              [
                -26.919227909012733,
                30.604191114778594
              ],
              [
                -26.93873334282393,
                30.287275642143104
              ],
              [
                -25.670528985486385,
                28.184162387348596
              ],
              [
                -25.390786440418022,
                28.054749061506485
              ],
              [
                -25.2219924038409,
                27.945477958218998
              ],
              [
                -24.78234774189592,
                27.56317825217989
              ],
              [
                -24.440131243797065,
                27.223411241374187
              ],
              [
                -24.276403017217653,
                26.96914062120771
              ],
              [
                -24.02826751743174,
                26.404268552825584
              ],
              [
                -23.96331463535664,
                26.1066617834976
              ],
              [
                -23.96331463535664,
                25.999259245528762
              ],
              [
                -23.923004268145437,
                25.862203997010674
              ],
              [
                -23.770660653843272,
                25.76598697745141
              ],
              [
                -23.444398384910883,
                25.6261602907661
              ],
              [
                -23.097832496206244,
                25.505615633825357
              ],
              [
                -22.806715873078794,
                25.467643900373947
              ],
              [
                -22.49177408026302,
                25.493889049775262
              ],
              [
                -22.03033325208525,
                25.62124012066331
              ],
              [
                -20.63145318470238,
                25.923691218009104
              ],
              [
                -20.27858232780701,
                25.958660274835957
              ],
              [
                -19.74592516987916,
                25.96076418733666
              ],
              [
                -19.459629598812146,
                25.90087732163419
              ],
              [
                -19.15378983398086,
                25.7670724245205
              ],
              [
                -18.986065964055808,
                25.664096740552555
              ],
              [
                -18.85281264475159,
                25.519255997231795
              ],
              [
                -18.680777777033992,
                25.270761188306373
              ],
              [
                -18.56207962082529,
                24.972798649102025
              ],
              [
                -18.52384965022138,
                24.724303840176603
              ],
              [
                -18.518477211405372,
                24.551025352188617
              ],
              [
                -18.545527559640114,
                24.281297269437406
              ],
              [
                -18.60287251554598,
                23.95634251930416
              ],
              [
                -18.739777441737633,
                23.573482019045247
              ],
              [
                -18.823595121561848,
                23.238211299748396
              ],
              [
                -18.963316500457374,
                22.893928071309098
              ],
              [
                -18.99341845684819,
                22.733384303891405
              ],
              [
                -19.010427485927607,
                22.45367109249581
              ],
              [
                -19.103502418560435,
                22.047978417192777
              ],
              [
                -19.220875934782033,
                21.67909022335348
              ],
              [
                -19.304032408418934,
                21.236736218575736
              ],
              [
                -19.465035569733296,
                20.814144926609295
              ],
              [
                -19.57950228286431,
                20.62215182153832
              ],
              [
                -19.866227062393644,
                20.27808208610312
              ],
              [
                -20.095515385284806,
                20.096482373322477
              ],
              [
                -20.24843526770045,
                20.020022432114654
              ],
              [
                -20.404272068682104,
                19.963601728420382
              ],
              [
                -20.66398029054526,
                19.902493911511403
              ],
              [
                -20.860105921620555,
                19.815326964366832
              ],
              [
                -21.092316142211978,
                19.626656160136296
              ],
              [
                -21.332675106161425,
                19.49832562306129
              ],
              [
                -22.159793175408545,
                19.243219436308166
              ],
              [
                -22.564165461709823,
                18.9788221721881
              ],
              [
                -22.81439579924385,
                18.76195587965861
              ],
              [
                -23.011748815123813,
                18.640630351159547
              ],
              [
                -23.432278491766834,
                18.468595483441945
              ],
              [
                -23.58136656854506,
                18.42580090701815
              ],
              [
                -24.065574646979293,
                18.342316755563974
              ],
              [
                -24.54939172280711,
                18.155032726211267
              ],
              [
                -24.93388643933949,
                17.94676475475623
              ],
              [
                -25.26131088261148,
                17.733954119570765
              ],
              [
                -25.587432200257293,
                17.585717157004485
              ],
              [
                -26.26795632117679,
                16.994861142046062
              ],
              [
                -26.37723125990707,
                16.916715583781436
              ],
              [
                -26.863588874098838,
                16.63394952901878
              ],
              [
                -27.10517260395874,
                16.546888667463676
              ],
              [
                -27.376628016530887,
                16.50164609870165
              ],
              [
                -27.765509802213813,
                16.49192759493926
              ],
              [
                -28.018663881610674,
                16.524267383082666
              ],
              [
                -28.37090176784194,
                16.6324665796097
              ],
              [
                -28.63439720293218,
                16.649528843009456
              ],
              [
                -28.894541973313824,
                16.694771411771484
              ],
              [
                -29.165982717130774,
                16.769786000298225
              ],
              [
                -29.37024321942944,
                16.86663920198765
              ],
              [
                -29.827118844525206,
                16.97978152209949
              ],
              [
                -30.132150637757235,
                17.08005161589856
              ],
              [
                -30.537723490356974,
                17.163311764597704
              ],
              [
                -30.89966404045317,
                17.26510754431226
              ],
              [
                -31.198768825892074,
                17.38346898708666
              ],
              [
                -31.278144453926682,
                17.180869378693714
              ],
              [
                -31.34600830706972,
                17.056452314598147
              ],
              [
                -31.51579986953717,
                16.849762661550972
              ],
              [
                -31.583663722680207,
                16.79320945059844
              ],
              [
                -31.820259310313148,
                16.6625981154853
              ],
              [
                -32.1439645834245,
                16.6329385815267
              ],
              [
                -34.80619340351548,
                14.190473482315937
              ],
              [
                -34.763770491879036,
                13.450676473527253
              ],
              [
                -34.78466399432847,
                13.229095687865795
              ],
              [
                -34.87274317699353,
                13.024702340126668
              ],
              [
                -35.13297342517836,
                12.586614748541653
              ],
              [
                -35.11904198208747,
                12.546777595738973
              ],
              [
                -35.118557106341996,
                12.309051744658136
              ],
              [
                -35.15439770378317,
                12.094008160011136
              ],
              [
                -35.23589839873907,
                11.862163059909747
              ],
              [
                -35.39115429095073,
                11.671663396779135
              ],
              [
                -35.57035727815656,
                11.516354141200747
              ],
              [
                -35.750492104206145,
                11.40233703789009
              ],
              [
                -35.88938372413832,
                11.341224725119936
              ],
              [
                -36.038712631549075,
                10.962371008842144
              ],
              [
                -36.16870449147918,
                10.761084015775328
              ],
              [
                -36.300120015430124,
                10.617721626010663
              ],
              [
                -36.494703268246056,
                10.481551431454486
              ],
              [
                -36.416364655764006,
                10.28877364128036
              ],
              [
                -36.403498361527625,
                10.053535758093602
              ],
              [
                -36.46785793331572,
                9.826907761736539
              ],
              [
                -36.57537972563922,
                9.599917311275817
              ],
              [
                -36.67101128019587,
                9.449821960674909
              ],
              [
                -36.80078128100905,
                9.328028055294233
              ],
              [
                -36.93219680496,
                9.232453128784455
              ],
              [
                -37.1096651886437,
                9.138316367453285
              ],
              [
                -37.3063274053647,
                9.09731966568825
              ],
              [
                -37.676680245590084,
                9.073425934060808
              ],
              [
                -37.95862863462269,
                9.112044700838636
              ],
              [
                -38.16663459758721,
                9.184846787876218
              ],
              [
                -38.45373470627146,
                9.24650722456404
              ],
              [
                -38.73307354426403,
                9.171107774732153
              ],
              [
                -38.95573702487526,
                9.144114623696684
              ],
              [
                -39.12520590695961,
                9.150391248959066
              ],
              [
                -39.13538980704652,
                8.96076453561438
              ],
              [
                -39.190971303322144,
                8.789165635695603
              ],
              [
                -39.28654622983193,
                8.586068916862326
              ],
              [
                -39.44547312776143,
                8.368030061372496
              ],
              [
                -39.75033263368363,
                8.074517397536342
              ],
              [
                -39.94963044209991,
                7.934068406177419
              ],
              [
                -40.24954544901539,
                7.796807599732295
              ],
              [
                -40.50420851443294,
                7.708992749588313
              ],
              [
                -40.570282284333004,
                7.66356703278202
              ],
              [
                -40.787596476726684,
                7.463878617411964
              ],
              [
                -41.08168001972434,
                7.237660507413771
              ],
              [
                -41.57925548584647,
                6.790815770531958
              ],
              [
                -41.53916647776911,
                6.681617366358937
              ],
              [
                -41.527238931654516,
                6.472005693847421
              ],
              [
                -41.539185797468235,
                6.340590169896476
              ],
              [
                -41.584470238317095,
                6.147271726278852
              ],
              [
                -41.68122134156696,
                5.973887974890007
              ],
              [
                -41.82196310733299,
                5.833836353711266
              ],
              [
                -42.32804537960048,
                5.461495948212805
              ],
              [
                -42.770079414708206,
                5.210611766124638
              ],
              [
                -43.14926712302954,
                5.02111028997386
              ],
              [
                -43.507673097441206,
                4.865801034395471
              ],
              [
                -43.658025015867075,
                4.819528086252754
              ],
              [
                -44.394665634081505,
                4.66745889879455
              ],
              [
                -44.56362511902112,
                4.651864411962124
              ],
              [
                -45.00565915412884,
                4.663811277775847
              ],
              [
                -45.804187358597765,
                4.814091777937851
              ],
              [
                -46.01135200007152,
                4.876816184375588
              ],
              [
                -46.28612991378713,
                5.008231708326533
              ],
              [
                -46.53077098512316,
                5.200298175381738
              ],
              [
                -46.57419825955976,
                5.253375955248682
              ],
              [
                -47.12010101479785,
                5.289156273632445
              ],
              [
                -47.71662816479971,
                5.357844607643199
              ],
              [
                -47.95212827882937,
                5.365441385515124
              ],
              [
                -48.165060964959004,
                5.135602044774835
              ],
              [
                -48.34204698981171,
                4.982950231060492
              ],
              [
                -48.55883517726905,
                4.895603158972158
              ],
              [
                -48.77387876191605,
                4.847815695717269
              ],
              [
                -49.05660085072509,
                4.842328014706745
              ],
              [
                -49.25606448424807,
                4.878594129892741
              ],
              [
                -49.45486802919989,
                4.878594129892741
              ],
              [
                -49.76552462386592,
                4.845220816999977
              ],
              [
                -49.942268451799926,
                4.852472036213966
              ],
              [
                -50.08563084156459,
                4.87636576784141
              ],
              [
                -50.27454313545867,
                4.935673755928914
              ],
              [
                -50.43991504794646,
                5.04456554990553
              ],
              [
                -50.83745130916834,
                5.554802320739896
              ],
              [
                -58.983991025364304,
                6.522214344438047
              ],
              [
                -59.219099477645344,
                6.29704542916548
              ],
              [
                -59.50541156513953,
                6.14443431400964
              ],
              [
                -59.808264613517395,
                6.063673501108877
              ],
              [
                -60.13238824634864,
                6.053426675467027
              ],
              [
                -60.435241294726495,
                6.1139972851426
              ],
              [
                -60.69136954976601,
                6.220089082086922
              ],
              [
                -60.99422259814387,
                6.421991114338828
              ],
              [
                -61.268839597857266,
                6.650345360439411
              ],
              [
                -61.4441195422237,
                6.66982090981346
              ],
              [
                -61.70351218130495,
                6.75063134980649
              ],
              [
                -61.91396346457167,
                6.922460118622401
              ],
              [
                -62.23117928157436,
                7.320659648451524
              ],
              [
                -62.36715641745683,
                7.411311072373167
              ],
              [
                -62.57665243444186,
                7.627059329793021
              ],
              [
                -62.71035094462756,
                7.840976946090142
              ],
              [
                -63.62957120728338,
                8.563514961376871
              ],
              [
                -63.90037713374659,
                8.756947765993447
              ],
              [
                -64.07563107519661,
                8.936187578781078
              ],
              [
                -64.17816243485659,
                9.164941102837416
              ],
              [
                -64.2156170574015,
                9.314759593017097
              ],
              [
                -64.31868566233702,
                9.257090562680089
              ],
              [
                -64.60134850748967,
                9.176329749779326
              ],
              [
                -64.8505004326094,
                9.150810663619003
              ],
              [
                -65.09314523886228,
                9.212870340929028
              ],
              [
                -65.31523747433938,
                9.313821357054982
              ],
              [
                -65.47212443991262,
                9.411319842366236
              ],
              [
                -65.84746598751003,
                9.411319842366236
              ],
              [
                -65.98754718165392,
                9.42519061407386
              ],
              [
                -66.33436147457525,
                9.496008049391284
              ],
              [
                -66.86032002816329,
                9.643345578226427
              ],
              [
                -67.03364003287291,
                9.721793150876774
              ],
              [
                -67.19516165867444,
                9.822744167002726
              ],
              [
                -67.81607212668503,
                10.301218877361192
              ],
              [
                -68.27089512582619,
                10.543528469213738
              ],
              [
                -68.37114486119282,
                10.566663023529117
              ],
              [
                -68.67333497750468,
                10.583451363324219
              ],
              [
                -68.86727235621781,
                10.621615946609698
              ],
              [
                -69.04332484782277,
                10.711470064373758
              ],
              [
                -69.22198969704988,
                10.83653545883274
              ],
              [
                -71.74767705929791,
                10.747007439659942
              ],
              [
                -71.95610005390475,
                10.563497377362415
              ],
              [
                -72.09541054577588,
                10.468114832797744
              ],
              [
                -72.25321702391282,
                10.408095182590309
              ],
              [
                -72.4395881306069,
                10.361502405916792
              ],
              [
                -72.61282568678035,
                10.340175888183582
              ],
              [
                -73.0347045523671,
                10.35864020084749
              ],
              [
                -73.15218368312999,
                10.392060104318542
              ],
              [
                -73.43596474134581,
                10.37123773929926
              ],
              [
                -73.67912258977917,
                10.41390036222207
              ],
              [
                -73.89323356889075,
                10.53679188867234
              ],
              [
                -73.96259368198598,
                10.594591982918365
              ],
              [
                -74.11489870644436,
                10.454780898457543
              ],
              [
                -74.39731458914085,
                10.303220568934117
              ],
              [
                -74.56815477027708,
                10.2566277922606
              ],
              [
                -74.80698352453503,
                10.233274600885142
              ],
              [
                -75.02441648234478,
                10.24880552644298
              ],
              [
                -75.32100909174869,
                10.282944549984078
              ],
              [
                -75.53227881681961,
                10.326123066147325
              ],
              [
                -75.72104694599699,
                10.397251637147413
              ],
              [
                -75.88240036428967,
                10.518320851280933
              ],
              [
                -76.09589201431353,
                10.75142873477429
              ],
              [
                -76.27788479601115,
                11.056487967415677
              ],
              [
                -76.35994488879493,
                11.107775525405536
              ],
              [
                -76.5735016579551,
                11.178845868306885
              ],
              [
                -77.10587060023539,
                11.133144266955355
              ],
              [
                -77.41648911139217,
                11.148675192513195
              ],
              [
                -77.56875847652195,
                11.172952400173097
              ],
              [
                -77.73959865765818,
                11.219545176846612
              ],
              [
                -78.05483283560042,
                11.365216975000953
              ],
              [
                -78.26608258983373,
                11.365216975000953
              ],
              [
                -78.50251314968301,
                11.405481955556183
              ],
              [
                -78.7122877334112,
                11.52173728795613
              ],
              [
                -78.7899423612004,
                11.583860990187485
              ],
              [
                -78.98260575794855,
                11.822183149496603
              ],
              [
                -79.15400419937603,
                12.186567335304627
              ],
              [
                -79.28137817572173,
                12.233825948034193
              ],
              [
                -79.57887008539764,
                12.268114569856314
              ],
              [
                -79.87846806469942,
                12.360121516591375
              ],
              [
                -80.09590102250917,
                12.484368921054086
              ],
              [
                -80.28383985043217,
                12.639689662013645
              ],
              [
                -80.3770254037792,
                12.748406140918519
              ],
              [
                -80.47357461150106,
                12.893817012987462
              ],
              [
                -80.56303563563878,
                13.198081232426873
              ],
              [
                -80.57741714524816,
                13.414239483591112
              ],
              [
                -80.52633582419706,
                13.624767191992406
              ],
              [
                -80.49660817411736,
                13.674080016084105
              ],
              [
                -80.63940751919071,
                14.0310876773456
              ]
            ],
            [
              [
                -37.33823006926058,
                38.54123399181817
              ],
              [
                -37.67477009487607,
                38.38091948708398
              ],
              [
                -38.12349012903004,
                38.24176901539219
              ],
              [
                -38.347850146107035,
                38.14531918574773
              ],
              [
                -38.73424795329517,
                37.94139426941207
              ],
              [
                -39.033394642731146,
                37.79086590357004
              ],
              [
                -39.36993466834662,
                37.54307617242776
              ],
              [
                -39.56936579463728,
                37.34872650474504
              ],
              [
                -39.69401024856894,
                37.09984556978457
              ],
              [
                -39.73140358474844,
                37.002291054778276
              ],
              [
                -39.69401024856894,
                36.92635070798966
              ],
              [
                -39.544436903850944,
                36.861214013077934
              ],
              [
                -39.38239911373979,
                36.80690174265206
              ],
              [
                -39.17050354205597,
                36.65467423963848
              ],
              [
                -38.796570180260986,
                36.524014085780934
              ],
              [
                -38.55974571779084,
                36.436815412432004
              ],
              [
                -38.39770792767968,
                36.38227894179062
              ],
              [
                -38.1359545744232,
                36.24034998163198
              ],
              [
                -38.061167902064206,
                36.19664058900119
              ],
              [
                -37.97391678431204,
                36.06540259500502
              ],
              [
                -37.99884567509837,
                35.93400009206326
              ],
              [
                -38.07363234745737,
                35.7804896379165
              ],
              [
                -38.14841901981637,
                35.6157666647464
              ],
              [
                -38.27306347374802,
                35.318622153822474
              ],
              [
                -38.347850146107035,
                35.02065416884004
              ],
              [
                -38.43510126385918,
                34.6553592156012
              ],
              [
                -38.47249460003867,
                34.53332383035888
              ],
              [
                -38.47249460003867,
                34.400040786769694
              ],
              [
                -38.38524348228652,
                34.255470559396365
              ],
              [
                -38.27306347374802,
                34.155273968960785
              ],
              [
                -38.1359545744232,
                34.08842658463564
              ],
              [
                -37.81187899420088,
                34.06613530840283
              ],
              [
                -37.6623056494829,
                34.08842658463564
              ],
              [
                -37.25097895150842,
                34.19981683152575
              ],
              [
                -37.10140560679043,
                34.21094978697426
              ],
              [
                -36.901974480499774,
                34.22208163777118
              ],
              [
                -36.80225891735444,
                34.19981683152575
              ],
              [
                -36.71500779960229,
                34.06613530840283
              ],
              [
                -36.67761446342279,
                33.898810540877776
              ],
              [
                -36.67761446342279,
                33.68651185171075
              ],
              [
                -36.690078908815956,
                33.46261434248169
              ],
              [
                -36.62775668185012,
                33.283184062515396
              ],
              [
                -36.552970009491126,
                33.15966551666049
              ],
              [
                -36.415861110166304,
                33.05850815617306
              ],
              [
                -36.191501093089315,
                32.99102168847412
              ],
              [
                -35.929747739832834,
                32.96851764182385
              ],
              [
                -35.74278105893536,
                33.00227210819058
              ],
              [
                -35.48102770567886,
                33.0809950783457
              ],
              [
                -35.4311699241062,
                33.10347771219442
              ],
              [
                -35.094629898490716,
                33.092236931489545
              ],
              [
                -34.8453409906274,
                33.0809950783457
              ],
              [
                -34.583587637370925,
                33.05850815617306
              ],
              [
                -34.4090854018666,
                33.047263087861914
              ],
              [
                -34.209654275575936,
                33.05850815617306
              ],
              [
                -34.03515204007162,
                33.15966551666049
              ],
              [
                -33.93543647692629,
                33.3168483114179
              ],
              [
                -33.873114249960466,
                33.47381953655
              ],
              [
                -33.8232564683878,
                33.75359617140407
              ],
              [
                -33.8232564683878,
                34.13299591725736
              ],
              [
                -33.83572091378097,
                34.322218538675806
              ],
              [
                -33.76093424142197,
                34.66644665357346
              ],
              [
                -33.68614756906297,
                34.92114926076779
              ],
              [
                -33.57396756052448,
                35.19732695394777
              ],
              [
                -33.54903866973815,
                35.34066114961966
              ],
              [
                -33.52410977895182,
                35.49480745939551
              ],
              [
                -33.49918088816548,
                35.62675614928965
              ],
              [
                -33.54903866973815,
                35.890162749790676
              ],
              [
                -33.611360896703985,
                35.97781918759727
              ],
              [
                -33.7110764598493,
                36.141978101840394
              ],
              [
                -33.84818535917413,
                36.349543296066905
              ],
              [
                -33.96036536771262,
                36.60025262427805
              ],
              [
                -33.99775870389212,
                36.85035386330604
              ],
              [
                -34.01022314928529,
                37.05649954952547
              ],
              [
                -33.99775870389212,
                37.18648218320111
              ],
              [
                -33.94790092231946,
                37.381144150346564
              ],
              [
                -33.94790092231946,
                37.52150028306162
              ],
              [
                -33.9728298131058,
                37.58621405667839
              ],
              [
                -34.22211872096911,
                37.73705070894613
              ],
              [
                -34.42154984725976,
                37.801625465362015
              ],
              [
                -35.16941657084972,
                37.86615849225811
              ],
              [
                -35.406241033319866,
                37.909157322346296
              ],
              [
                -35.60567215961052,
                37.9306497800401
              ],
              [
                -35.76770994972168,
                37.94139426941207
              ],
              [
                -36.029463302978165,
                37.984360629530386
              ],
              [
                -36.26628776544832,
                38.00583685066816
              ],
              [
                -36.50311222791847,
                38.00583685066816
              ],
              [
                -36.71500779960229,
                38.02730843216142
              ],
              [
                -36.78979447196129,
                38.07023767519172
              ],
              [
                -36.87704558971344,
                38.220343842689985
              ],
              [
                -36.88951003510661,
                38.3702225681522
              ],
              [
                -36.92690337128611,
                38.434386672086994
              ],
              [
                -36.96429670746561,
                38.54123399181817
              ],
              [
                -37.16372783375626,
                38.61595805532176
              ],
              [
                -37.33823006926058,
                38.54123399181817
              ]
            ]
          ]
        ]
      }
    },
    {
      "type": "Feature",
      "properties": {
        "uuid": "50dcec98-25ec-4329-93a0-22038d9d39a9",
        "layer_id": "udk_con_named_regions_pg",
        "timeframe": null,
        "feature_class": "Subregion",
        "feature_rank": 2,
        "is_visible": true,
        "is_labeled": true,
        "needs_review": false,
        "review_notes": null,
        "img_url": null,
        "last_edited": "2026-07-14",
        "last_editor": "postgres",
        "name_en": "Undrek'Thoz",
        "name_ru": "Ундрек'Тоз",
        "name_abb_en": null,
        "name_abb_ru": null,
        "label_en": "Undrek'Thoz",
        "label_ru": "Ундрек'Тоз",
        "descr_en": "A confederation of ten drow city-segments in the Underdark beneath Thay, interconnected by a network of portals. Its political power is uniquely divided, with the ruling Matron Mothers held in check by the monastic order known as the Blackened Fist.",
        "descr_ru": "Конфедерация городов дроу, известных как сегменты, расположенная в области Средних Глубин Подземья под Тэем. Десять городов были соединены порталами и управлялись матерями-матриархами, чью власть уравновешивал монашеский орден «Чёрный Кулак».",
        "descr_html_en": "<!DOCTYPE HTML PUBLIC \"-//W3C//DTD HTML 4.0//EN\" \"http://www.w3.org/TR/REC-html40/strict.dtd\">\n<html><head><meta name=\"qrichtext\" content=\"1\" /><style type=\"text/css\">\np, li { white-space: pre-wrap; }\n</style></head><body style=\" font-family:'MS Shell Dlg 2'; font-size:10pt; font-weight:400; font-style:normal;\">\n<p style=\" margin-top:0px; margin-bottom:0px; margin-left:0px; margin-right:0px; -qt-block-indent:0; text-indent:0px;\">—</p></body></html>",
        "descr_html_ru": null,
        "url_en": "https://forgottenrealms.fandom.com/wiki/Undrek%27Thoz",
        "url_ru": null,
        "source_name": "WotC Undrek'Thoz 3e",
        "source_url": "https://forgottenrealms.fandom.com/wiki/Underdark_(sourcebook)",
        "dnd_editions_str": "5e, 3e",
        "feature_levels_str": "Middledark",
        "extra_str": "topical_tags: [\"confederation\", \"drow\", \"metropolis\", \"underdark\", \"portal\", \"matron_mothers\", \"monastic_order\"] | related_cultures_tags: [\"drow\"] | related_factions_tags: [\"Blackened Fist\"] | related_location_tags: [\"Thay\", \"Middledark\", \"Earthroot\", \"Underdark\", \"Mezrylornyl\", \"Sshurlynder\"]",
        "location_en": "eastern Faerûn → Middledark → Earthroot",
        "name_alt_en_str": null,
        "location_ru": "восточный Фаэрун → Среднее Подземье → Корень Земли",
        "name_alt_ru_str": null,
        "geog_extent_area_sq_km": 224198.0,
        "geog_extent_area_sq_miles": 86563.0,
        "geog_extent_perimeter_km": 2073.0,
        "geog_extent_perimeter_miles": 1288.0,
        "geog_extent_centroid_md": "35° 56′ 12″ N 017° 16′ 57″ E",
        "geog_extent_centroid_fria": "35° 56′ 12″ N 036° 11′ 55″ W",
        "geog_extent_length_km": null,
        "geog_extent_length_miles": null,
        "geog_extent_bbox_md": {
          "east": 19.982320599825,
          "west": 13.750097903242,
          "north": 38.61595805532176,
          "south": 32.96851764182385
        },
        "geog_extent_bbox_fria": {
          "east": -33.49918088816548,
          "west": -39.73140358474844,
          "north": 38.61595805532176,
          "south": 32.96851764182385
        },
        "name_it": "Undrek'Thoz",
        "name_abb_it": null,
        "label_it": "Undrek'Thoz",
        "descr_it": "Una confederazione di città degli elfi scuri, note come segmenti, situata nella regione del Sottosuolo intermedio sotto Thay. Le dieci città erano collegate da portali e governate da madri matrone, il cui potere era bilanciato dall'ordine monastico del Pugno Annerito.",
        "descr_html_it": null,
        "url_it": null,
        "location_it": "Faerûn orientale → Middledark → Radice della Terra",
        "name_alt_it_str": null,
        "topical_tags": "confederation, drow, metropolis, underdark, portal, matron_mothers, monastic_order",
        "related_location_tags": "Thay, Middledark, Earthroot, Underdark, Mezrylornyl, Sshurlynder",
        "related_cultures_tags": "drow",
        "related_factions_tags": "Blackened Fist"
      },
      "geometry": {
        "type": "MultiPolygon",
        "coordinates": [
          [
            [
              [
                -37.16372783375626,
                38.61595805532176
              ],
              [
                -37.33823006926058,
                38.54123399181817
              ],
              [
                -37.67477009487607,
                38.38091948708398
              ],
              [
                -38.12349012903004,
                38.24176901539219
              ],
              [
                -38.347850146107035,
                38.14531918574773
              ],
              [
                -38.73424795329517,
                37.94139426941207
              ],
              [
                -39.033394642731146,
                37.79086590357004
              ],
              [
                -39.36993466834662,
                37.54307617242776
              ],
              [
                -39.56936579463728,
                37.34872650474504
              ],
              [
                -39.69401024856894,
                37.09984556978457
              ],
              [
                -39.73140358474844,
                37.002291054778276
              ],
              [
                -39.69401024856894,
                36.92635070798966
              ],
              [
                -39.544436903850944,
                36.861214013077934
              ],
              [
                -39.38239911373979,
                36.80690174265206
              ],
              [
                -39.17050354205597,
                36.65467423963848
              ],
              [
                -38.796570180260986,
                36.524014085780934
              ],
              [
                -38.55974571779084,
                36.436815412432004
              ],
              [
                -38.39770792767968,
                36.38227894179062
              ],
              [
                -38.1359545744232,
                36.24034998163198
              ],
              [
                -38.061167902064206,
                36.19664058900119
              ],
              [
                -37.97391678431204,
                36.06540259500502
              ],
              [
                -37.99884567509837,
                35.93400009206326
              ],
              [
                -38.07363234745737,
                35.7804896379165
              ],
              [
                -38.14841901981637,
                35.6157666647464
              ],
              [
                -38.27306347374802,
                35.318622153822474
              ],
              [
                -38.347850146107035,
                35.02065416884004
              ],
              [
                -38.43510126385918,
                34.6553592156012
              ],
              [
                -38.47249460003867,
                34.53332383035888
              ],
              [
                -38.47249460003867,
                34.400040786769694
              ],
              [
                -38.38524348228652,
                34.255470559396365
              ],
              [
                -38.27306347374802,
                34.155273968960785
              ],
              [
                -38.1359545744232,
                34.08842658463564
              ],
              [
                -37.81187899420088,
                34.06613530840283
              ],
              [
                -37.6623056494829,
                34.08842658463564
              ],
              [
                -37.25097895150842,
                34.19981683152575
              ],
              [
                -37.10140560679043,
                34.21094978697426
              ],
              [
                -36.901974480499774,
                34.22208163777118
              ],
              [
                -36.80225891735444,
                34.19981683152575
              ],
              [
                -36.71500779960229,
                34.06613530840283
              ],
              [
                -36.67761446342279,
                33.898810540877776
              ],
              [
                -36.67761446342279,
                33.68651185171075
              ],
              [
                -36.690078908815956,
                33.46261434248169
              ],
              [
                -36.62775668185012,
                33.283184062515396
              ],
              [
                -36.552970009491126,
                33.15966551666049
              ],
              [
                -36.415861110166304,
                33.05850815617306
              ],
              [
                -36.191501093089315,
                32.99102168847412
              ],
              [
                -35.929747739832834,
                32.96851764182385
              ],
              [
                -35.74278105893536,
                33.00227210819058
              ],
              [
                -35.48102770567886,
                33.0809950783457
              ],
              [
                -35.4311699241062,
                33.10347771219442
              ],
              [
                -35.094629898490716,
                33.092236931489545
              ],
              [
                -34.8453409906274,
                33.0809950783457
              ],
              [
                -34.583587637370925,
                33.05850815617306
              ],
              [
                -34.4090854018666,
                33.047263087861914
              ],
              [
                -34.209654275575936,
                33.05850815617306
              ],
              [
                -34.03515204007162,
                33.15966551666049
              ],
              [
                -33.93543647692629,
                33.3168483114179
              ],
              [
                -33.873114249960466,
                33.47381953655
              ],
              [
                -33.8232564683878,
                33.75359617140407
              ],
              [
                -33.8232564683878,
                34.13299591725736
              ],
              [
                -33.83572091378097,
                34.322218538675806
              ],
              [
                -33.76093424142197,
                34.66644665357346
              ],
              [
                -33.68614756906297,
                34.92114926076779
              ],
              [
                -33.57396756052448,
                35.19732695394777
              ],
              [
                -33.54903866973815,
                35.34066114961966
              ],
              [
                -33.52410977895182,
                35.49480745939551
              ],
              [
                -33.49918088816548,
                35.62675614928965
              ],
              [
                -33.54903866973815,
                35.890162749790676
              ],
              [
                -33.611360896703985,
                35.97781918759727
              ],
              [
                -33.7110764598493,
                36.141978101840394
              ],
              [
                -33.84818535917413,
                36.349543296066905
              ],
              [
                -33.96036536771262,
                36.60025262427805
              ],
              [
                -33.99775870389212,
                36.85035386330604
              ],
              [
                -34.01022314928529,
                37.05649954952547
              ],
              [
                -33.99775870389212,
                37.18648218320111
              ],
              [
                -33.94790092231946,
                37.381144150346564
              ],
              [
                -33.94790092231946,
                37.52150028306162
              ],
              [
                -33.9728298131058,
                37.58621405667839
              ],
              [
                -34.22211872096911,
                37.73705070894613
              ],
              [
                -34.42154984725976,
                37.801625465362015
              ],
              [
                -35.16941657084972,
                37.86615849225811
              ],
              [
                -35.406241033319866,
                37.909157322346296
              ],
              [
                -35.60567215961052,
                37.9306497800401
              ],
              [
                -35.76770994972168,
                37.94139426941207
              ],
              [
                -36.029463302978165,
                37.984360629530386
              ],
              [
                -36.26628776544832,
                38.00583685066816
              ],
              [
                -36.50311222791847,
                38.00583685066816
              ],
              [
                -36.71500779960229,
                38.02730843216142
              ],
              [
                -36.78979447196129,
                38.07023767519172
              ],
              [
                -36.87704558971344,
                38.220343842689985
              ],
              [
                -36.88951003510661,
                38.3702225681522
              ],
              [
                -36.92690337128611,
                38.434386672086994
              ],
              [
                -36.96429670746561,
                38.54123399181817
              ],
              [
                -37.16372783375626,
                38.61595805532176
              ]
            ]
          ]
        ]
      }
    }
  ]
}