{
  "type": "FeatureCollection",
  "name": "sql_statement",
  "crs": {
    "type": "name",
    "properties": {
      "name": "urn:ogc:def:crs:OGC:1.3:CRS84"
    }
  },
  "features": [
    {
      "type": "Feature",
      "properties": {
        "uuid": "0ec3f6bb-1cf5-4332-9c1b-df7894ad5093",
        "layer_id": "udk_nat_lakes_pg",
        "timeframe": null,
        "feature_class": "Lake",
        "feature_rank": 3,
        "is_visible": true,
        "is_labeled": true,
        "needs_review": false,
        "review_notes": null,
        "img_url": null,
        "last_edited": "2026-03-06",
        "last_editor": "postgres",
        "name_en": null,
        "name_ru": null,
        "name_abb_en": null,
        "name_abb_ru": null,
        "label_en": null,
        "label_ru": null,
        "descr_en": null,
        "descr_ru": null,
        "descr_html_en": "<!DOCTYPE HTML PUBLIC \"-//W3C//DTD HTML 4.0//EN\" \"http://www.w3.org/TR/REC-html40/strict.dtd\">\n<html><head><meta name=\"qrichtext\" content=\"1\" /><style type=\"text/css\">\np, li { white-space: pre-wrap; }\n</style></head><body style=\" font-family:'MS Shell Dlg 2'; font-size:10pt; font-weight:400; font-style:normal;\">\n<p style=\" margin-top:0px; margin-bottom:0px; margin-left:0px; margin-right:0px; -qt-block-indent:0; text-indent:0px;\">—</p></body></html>",
        "descr_html_ru": null,
        "url_en": null,
        "url_ru": null,
        "source_name": "WotC Underdark 3e",
        "source_url": "https://forgottenrealms.fandom.com/wiki/Underdark_(sourcebook)",
        "dnd_editions_str": "3e, 5e",
        "feature_levels_str": "Upperdark",
        "extra_str": null,
        "location_en": "western Faerûn → Upperdark → Old Shanatar",
        "name_alt_en_str": null,
        "location_ru": "западный Фаэрун → Верхнее Подземье → Старый Шанатар",
        "name_alt_ru_str": null,
        "geog_extent_area_sq_km": 13264.0,
        "geog_extent_area_sq_miles": 5121.0,
        "geog_extent_perimeter_km": 524.0,
        "geog_extent_perimeter_miles": 326.0,
        "geog_extent_centroid_md": "32° 19′ 13″ N 013° 27′ 39″ W",
        "geog_extent_centroid_fria": "32° 19′ 13″ N 066° 56′ 33″ W",
        "geog_extent_length_km": null,
        "geog_extent_length_miles": null,
        "geog_extent_bbox_md": {
          "east": -12.484129751527,
          "west": -14.469838776317,
          "north": 32.78292352573684,
          "south": 31.816782587666633
        },
        "geog_extent_bbox_fria": {
          "east": -65.96563123951711,
          "west": -67.95134026430657,
          "north": 32.78292352573684,
          "south": 31.816782587666633
        },
        "name_it": null,
        "name_abb_it": null,
        "label_it": null,
        "descr_it": null,
        "descr_html_it": null,
        "url_it": null,
        "location_it": "Faerûn occidentale → Upperdark → Antico Shanatar",
        "name_alt_it_str": null,
        "topical_tags": "",
        "related_location_tags": "",
        "related_cultures_tags": "",
        "related_factions_tags": ""
      },
      "geometry": {
        "type": "MultiPolygon",
        "coordinates": [
          [
            [
              [
                -67.28350090619352,
                32.689426015601015
              ],
              [
                -67.36364162916708,
                32.67606922843875
              ],
              [
                -67.50611402556453,
                32.68052149082617
              ],
              [
                -67.63522963479973,
                32.69387827798843
              ],
              [
                -67.8044156055217,
                32.69387827798843
              ],
              [
                -67.89791311565752,
                32.64935565411423
              ],
              [
                -67.95134026430657,
                32.533596832041304
              ],
              [
                -67.94243573953172,
                32.45345610906774
              ],
              [
                -67.79105881835943,
                32.30653145028287
              ],
              [
                -67.74653619448523,
                32.266461088796085
              ],
              [
                -67.65749094673683,
                32.2041294153722
              ],
              [
                -67.55063664943873,
                32.09282285568669
              ],
              [
                -67.43042556497839,
                31.990420820776023
              ],
              [
                -67.31466674290546,
                31.9414459345144
              ],
              [
                -67.19000339605769,
                31.90582783541504
              ],
              [
                -67.10095814830929,
                31.888018785865356
              ],
              [
                -67.00300837578604,
                31.901375573027618
              ],
              [
                -66.92286765281247,
                31.91473236018988
              ],
              [
                -66.74477715731567,
                31.91473236018988
              ],
              [
                -66.6201138104679,
                31.879114261090518
              ],
              [
                -66.48209367645786,
                31.843496161991155
              ],
              [
                -66.3574303296101,
                31.821234850054054
              ],
              [
                -66.25057603231201,
                31.816782587666633
              ],
              [
                -66.13036494785166,
                31.839043899603734
              ],
              [
                -66.10365137352714,
                31.892471048252776
              ],
              [
                -66.10810363591456,
                31.945898196901823
              ],
              [
                -66.17933983411328,
                32.012682132713124
              ],
              [
                -66.25948055708685,
                32.06165701897475
              ],
              [
                -66.33071675528558,
                32.09282285568669
              ],
              [
                -66.37523937915978,
                32.168511316272834
              ],
              [
                -66.37078711677236,
                32.190772628209935
              ],
              [
                -66.32181223051073,
                32.21748620253446
              ],
              [
                -66.23276698276233,
                32.23084298969672
              ],
              [
                -66.13036494785166,
                32.23529525208414
              ],
              [
                -66.01905838816616,
                32.22193846492188
              ],
              [
                -65.96563123951711,
                32.253104301633826
              ],
              [
                -65.96563123951711,
                32.310983712670286
              ],
              [
                -65.98344028906679,
                32.377767648481594
              ],
              [
                -66.04131970010326,
                32.43119479713064
              ],
              [
                -66.11255589830198,
                32.480169683392255
              ],
              [
                -66.23276698276233,
                32.533596832041304
              ],
              [
                -66.3796916415472,
                32.59592850546519
              ],
              [
                -66.45983236452076,
                32.635998866951965
              ],
              [
                -66.59340023614337,
                32.68497375321359
              ],
              [
                -66.67799322150435,
                32.72949637708779
              ],
              [
                -66.72696810776598,
                32.7517576890249
              ],
              [
                -66.7759429940276,
                32.78292352573684
              ],
              [
                -66.90505860326279,
                32.774019000962
              ],
              [
                -66.96293801429925,
                32.756209951412316
              ],
              [
                -67.28350090619352,
                32.689426015601015
              ]
            ]
          ]
        ]
      }
    },
    {
      "type": "Feature",
      "properties": {
        "uuid": "9e391383-b552-49cd-9040-0318e624244a",
        "layer_id": "udk_nat_lakes_pg",
        "timeframe": null,
        "feature_class": "Lake",
        "feature_rank": 3,
        "is_visible": true,
        "is_labeled": true,
        "needs_review": false,
        "review_notes": "exclude from wiki link auto-ageneration",
        "img_url": null,
        "last_edited": "2026-07-13",
        "last_editor": "postgres",
        "name_en": "Deep Reach",
        "name_ru": "озеро Глубокое",
        "name_abb_en": null,
        "name_abb_ru": null,
        "label_en": "Deep Reach",
        "label_ru": "озеро Глубокое",
        "descr_en": null,
        "descr_ru": null,
        "descr_html_en": "<!DOCTYPE HTML PUBLIC \"-//W3C//DTD HTML 4.0//EN\" \"http://www.w3.org/TR/REC-html40/strict.dtd\">\n<html><head><meta name=\"qrichtext\" content=\"1\" /><style type=\"text/css\">\np, li { white-space: pre-wrap; }\n</style></head><body style=\" font-family:'MS Shell Dlg 2'; font-size:10pt; font-weight:400; font-style:normal;\">\n<p style=\" margin-top:0px; margin-bottom:0px; margin-left:0px; margin-right:0px; -qt-block-indent:0; text-indent:0px;\">—</p></body></html>",
        "descr_html_ru": null,
        "url_en": null,
        "url_ru": null,
        "source_name": "WotC Underdark 3e",
        "source_url": "https://forgottenrealms.fandom.com/wiki/Underdark_(sourcebook)",
        "dnd_editions_str": "5e, 3e",
        "feature_levels_str": "Upperdark",
        "extra_str": null,
        "location_en": "central Faerûn → Upperdark → Darklands",
        "name_alt_en_str": null,
        "location_ru": "центральный Фаэрун → Верхнее Подземье → Тёмные Земли",
        "name_alt_ru_str": null,
        "geog_extent_area_sq_km": 17010.0,
        "geog_extent_area_sq_miles": 6568.0,
        "geog_extent_perimeter_km": 618.0,
        "geog_extent_perimeter_miles": 384.0,
        "geog_extent_centroid_md": "28° 18′ 45″ N 003° 52′ 37″ W",
        "geog_extent_centroid_fria": "28° 18′ 45″ N 057° 21′ 30″ W",
        "geog_extent_length_km": null,
        "geog_extent_length_miles": null,
        "geog_extent_bbox_md": {
          "east": -2.737321525972,
          "west": -5.075649731845,
          "north": 28.9107241434616,
          "south": 27.54477004300105
        },
        "geog_extent_bbox_fria": {
          "east": -56.21882301396195,
          "west": -58.5571512198351,
          "north": 28.9107241434616,
          "south": 27.54477004300105
        },
        "name_it": "Golfo Profondo",
        "name_abb_it": null,
        "label_it": "Golfo Profondo",
        "descr_it": null,
        "descr_html_it": null,
        "url_it": null,
        "location_it": "Faerûn centrale → Upperdark → Terre Oscure",
        "name_alt_it_str": null,
        "topical_tags": "",
        "related_location_tags": "",
        "related_cultures_tags": "",
        "related_factions_tags": ""
      },
      "geometry": {
        "type": "MultiPolygon",
        "coordinates": [
          [
            [
              [
                -56.982831239643275,
                28.841268850217844
              ],
              [
                -57.07543829730162,
                28.771813556974088
              ],
              [
                -57.179621237167254,
                28.650266793797513
              ],
              [
                -57.214348883789135,
                28.57502355945011
              ],
              [
                -57.260652412618306,
                28.453476796273534
              ],
              [
                -57.30695594144748,
                28.360869738615193
              ],
              [
                -57.36483535248394,
                28.314566209786022
              ],
              [
                -57.53847358559333,
                28.274050622060496
              ],
              [
                -57.648444466562616,
                28.29720238647508
              ],
              [
                -57.78156711194648,
                28.355081797511545
              ],
              [
                -57.897325934019406,
                28.407173267444364
              ],
              [
                -58.03623652050692,
                28.465052678480827
              ],
              [
                -58.2330265180309,
                28.465052678480827
              ],
              [
                -58.45296827996946,
                28.447688855169886
              ],
              [
                -58.50505974990228,
                28.447688855169886
              ],
              [
                -58.53399945542051,
                28.44190091406624
              ],
              [
                -58.5571512198351,
                28.37823356192613
              ],
              [
                -58.5455753376278,
                28.30299032757873
              ],
              [
                -58.44718033886581,
                28.221959152127678
              ],
              [
                -58.348785340103824,
                28.146715917780277
              ],
              [
                -58.26196622354913,
                28.08883650674381
              ],
              [
                -58.15199534257985,
                27.96728974356724
              ],
              [
                -58.05360034381786,
                27.857318862597957
              ],
              [
                -57.98414505057411,
                27.7878635693542
              ],
              [
                -57.851022405190236,
                27.712620335006797
              ],
              [
                -57.752627406428246,
                27.68946857059221
              ],
              [
                -57.64265652545897,
                27.68946857059221
              ],
              [
                -57.53268564448969,
                27.67789268838492
              ],
              [
                -57.457442410142285,
                27.614225336244807
              ],
              [
                -57.411138881313114,
                27.56213386631199
              ],
              [
                -57.35325947027665,
                27.54477004300105
              ],
              [
                -57.24907653041101,
                27.556345925208344
              ],
              [
                -57.13910564944173,
                27.648952982866685
              ],
              [
                -57.01755888626516,
                27.764711804939616
              ],
              [
                -56.90758800529588,
                27.85153092149431
              ],
              [
                -56.76288947770472,
                27.926774155841713
              ],
              [
                -56.635554773424495,
                28.071472683432873
              ],
              [
                -56.49664418693698,
                28.15250385888392
              ],
              [
                -56.380885364864056,
                28.23353503433497
              ],
              [
                -56.253550660583834,
                28.360869738615193
              ],
              [
                -56.236186837272896,
                28.418749149651656
              ],
              [
                -56.21882301396195,
                28.499780325102705
              ],
              [
                -56.21882301396195,
                28.580811500553754
              ],
              [
                -56.2246109550656,
                28.627115029382928
              ],
              [
                -56.27670242499842,
                28.68499444041939
              ],
              [
                -56.334581836034886,
                28.708146204833977
              ],
              [
                -56.42718889369323,
                28.737085910352206
              ],
              [
                -56.51979595135157,
                28.794965321388673
              ],
              [
                -56.55452359797344,
                28.81232914469961
              ],
              [
                -56.64134271452814,
                28.85863267352878
              ],
              [
                -56.69343418446096,
                28.887572379047015
              ],
              [
                -56.76288947770472,
                28.9107241434616
              ],
              [
                -56.982831239643275,
                28.841268850217844
              ]
            ]
          ]
        ]
      }
    },
    {
      "type": "Feature",
      "properties": {
        "uuid": "7357d091-fec1-4c8e-8bd1-1260839f5442",
        "layer_id": "udk_nat_lakes_pg",
        "timeframe": null,
        "feature_class": "Lake",
        "feature_rank": 3,
        "is_visible": true,
        "is_labeled": true,
        "needs_review": false,
        "review_notes": "exclude from wiki link auto-ageneration",
        "img_url": null,
        "last_edited": "2026-07-13",
        "last_editor": "postgres",
        "name_en": "Darkgulf",
        "name_ru": "Тёмный Залив",
        "name_abb_en": null,
        "name_abb_ru": null,
        "label_en": "Darkgulf",
        "label_ru": "Тёмный Залив",
        "descr_en": null,
        "descr_ru": null,
        "descr_html_en": "<!DOCTYPE HTML PUBLIC \"-//W3C//DTD HTML 4.0//EN\" \"http://www.w3.org/TR/REC-html40/strict.dtd\">\n<html><head><meta name=\"qrichtext\" content=\"1\" /><style type=\"text/css\">\np, li { white-space: pre-wrap; }\n</style></head><body style=\" font-family:'MS Shell Dlg 2'; font-size:10pt; font-weight:400; font-style:normal;\">\n<p style=\" margin-top:0px; margin-bottom:0px; margin-left:0px; margin-right:0px; -qt-block-indent:0; text-indent:0px;\">—</p></body></html>",
        "descr_html_ru": null,
        "url_en": null,
        "url_ru": null,
        "source_name": "WotC Underdark 3e",
        "source_url": "https://forgottenrealms.fandom.com/wiki/Underdark_(sourcebook)",
        "dnd_editions_str": "5e, 3e",
        "feature_levels_str": "Middledark",
        "extra_str": null,
        "location_en": "eastern Great Sea → Middledark → Great Bhaerynden",
        "name_alt_en_str": null,
        "location_ru": "восточный Великое море → Среднее Подземье → Великий Бхаэринден",
        "name_alt_ru_str": null,
        "geog_extent_area_sq_km": 44535.0,
        "geog_extent_area_sq_miles": 17195.0,
        "geog_extent_perimeter_km": 1265.0,
        "geog_extent_perimeter_miles": 786.0,
        "geog_extent_centroid_md": "07° 49′ 20″ N 008° 16′ 45″ E",
        "geog_extent_centroid_fria": "07° 49′ 20″ N 045° 12′ 07″ W",
        "geog_extent_length_km": null,
        "geog_extent_length_miles": null,
        "geog_extent_bbox_md": {
          "east": 10.423753033931,
          "west": 6.560012950192,
          "north": 8.530737986292612,
          "south": 6.721138200237578
        },
        "geog_extent_bbox_fria": {
          "east": -43.05774845405874,
          "west": -46.92148853779787,
          "north": 8.530737986292612,
          "south": 6.721138200237578
        },
        "name_it": "Golfo Oscuro",
        "name_abb_it": null,
        "label_it": "Golfo Oscuro",
        "descr_it": null,
        "descr_html_it": null,
        "url_it": null,
        "location_it": "Mare Grande orientale → Middledark → Grande Bhaerynden",
        "name_alt_it_str": null,
        "topical_tags": "",
        "related_location_tags": "",
        "related_cultures_tags": "",
        "related_factions_tags": ""
      },
      "geometry": {
        "type": "MultiPolygon",
        "coordinates": [
          [
            [
              [
                -46.8627988150069,
                8.530737986292612
              ],
              [
                -46.657384785238484,
                8.530737986292612
              ],
              [
                -46.27590158709715,
                8.423140161175827
              ],
              [
                -46.0313610754681,
                8.31554233605904
              ],
              [
                -45.84551028663001,
                8.22750775187258
              ],
              [
                -45.66944111825709,
                8.139473167686118
              ],
              [
                -45.57162491360547,
                8.061220203964819
              ],
              [
                -45.512935190814495,
                7.89493265605706
              ],
              [
                -45.512935190814495,
                7.816679692335761
              ],
              [
                -45.512935190814495,
                7.748208349079625
              ],
              [
                -45.503153570349326,
                7.669955385358326
              ],
              [
                -45.46402708848868,
                7.621047283032514
              ],
              [
                -45.38577412476738,
                7.611265662567352
              ],
              [
                -45.268394679185434,
                7.611265662567352
              ],
              [
                -45.10210713127768,
                7.611265662567352
              ],
              [
                -45.053199028951866,
                7.640610523962839
              ],
              [
                -44.92603796290475,
                7.7286451081493
              ],
              [
                -44.86734824011378,
                7.738426728614462
              ],
              [
                -44.78909527639248,
                7.7286451081493
              ],
              [
                -44.73040555360151,
                7.7286451081493
              ],
              [
                -44.68149745127569,
                7.777553210475111
              ],
              [
                -44.60324448755439,
                7.865587794661573
              ],
              [
                -44.58368124662407,
                7.934059137917709
              ],
              [
                -44.54455476476342,
                8.041656963034495
              ],
              [
                -44.524991523833094,
                8.119909926755794
              ],
              [
                -44.50542828290277,
                8.178599649546769
              ],
              [
                -44.45652018057696,
                8.198162890477093
              ],
              [
                -44.397830457785986,
                8.178599649546769
              ],
              [
                -44.348922355460175,
                8.10034668582547
              ],
              [
                -44.28045101220404,
                8.02209372210417
              ],
              [
                -44.23154290987822,
                8.002530481173846
              ],
              [
                -44.17285318708725,
                7.973185619778358
              ],
              [
                -44.1337267052266,
                7.963403999313196
              ],
              [
                -44.09460022336595,
                7.943840758382871
              ],
              [
                -44.016347259644654,
                7.953622378848034
              ],
              [
                -43.98700239824917,
                8.02209372210417
              ],
              [
                -43.98700239824917,
                8.071001824429981
              ],
              [
                -44.026128880109816,
                8.129691547220956
              ],
              [
                -44.08481860290079,
                8.18838127001193
              ],
              [
                -44.12394508476144,
                8.217726131407417
              ],
              [
                -44.16307156662209,
                8.27641585419839
              ],
              [
                -44.14350832569176,
                8.335105576989365
              ],
              [
                -44.07503698243563,
                8.364450438384853
              ],
              [
                -43.928312675458194,
                8.27641585419839
              ],
              [
                -43.91853105499303,
                8.256852613268066
              ],
              [
                -43.8207148503414,
                8.168818029081606
              ],
              [
                -43.70333540475946,
                8.090565065360305
              ],
              [
                -43.58595595917751,
                8.012312101639008
              ],
              [
                -43.507702995456214,
                7.973185619778358
              ],
              [
                -43.44901327266524,
                7.904714276522222
              ],
              [
                -43.429450031734916,
                7.816679692335761
              ],
              [
                -43.40988679080459,
                7.757989969544787
              ],
              [
                -43.370760308943936,
                7.669955385358326
              ],
              [
                -43.31207058615296,
                7.630828903497676
              ],
              [
                -43.233817622431665,
                7.591702421637027
              ],
              [
                -43.096874935919395,
                7.542794319311215
              ],
              [
                -43.0675300745239,
                7.503667837450566
              ],
              [
                -43.05774845405874,
                7.415633253264104
              ],
              [
                -43.11643817684972,
                7.347161910007968
              ],
              [
                -43.233817622431665,
                7.249345705356345
              ],
              [
                -43.34141544754845,
                7.171092741635046
              ],
              [
                -43.43923165220008,
                7.073276536983422
              ],
              [
                -43.57617433871235,
                6.926552230005988
              ],
              [
                -43.66420892289881,
                6.838517645819526
              ],
              [
                -43.76202512755043,
                6.750483061633065
              ],
              [
                -43.85984133220205,
                6.721138200237578
              ],
              [
                -43.93809429592336,
                6.721138200237578
              ],
              [
                -44.03591050057498,
                6.750483061633065
              ],
              [
                -44.16307156662209,
                6.818954404889201
              ],
              [
                -44.202198048482735,
                6.838517645819526
              ],
              [
                -44.2902326326692,
                6.887425748145338
              ],
              [
                -44.3684855963905,
                6.887425748145338
              ],
              [
                -44.49564666243761,
                6.906988989075662
              ],
              [
                -44.67171583081053,
                6.887425748145338
              ],
              [
                -44.769532035462156,
                6.848299266284688
              ],
              [
                -44.86734824011378,
                6.828736025354364
              ],
              [
                -44.906474721974426,
                6.848299266284688
              ],
              [
                -44.93581958336991,
                6.93633385047115
              ],
              [
                -44.945601203835075,
                7.02436843465761
              ],
              [
                -44.97494606523056,
                7.073276536983422
              ],
              [
                -45.033635788021535,
                7.131966259774397
              ],
              [
                -45.053199028951866,
                7.151529500704721
              ],
              [
                -45.180360094998974,
                7.161311121169883
              ],
              [
                -45.278176299650596,
                7.102621398378909
              ],
              [
                -45.42490060662803,
                7.014586814192448
              ],
              [
                -45.53249843174482,
                6.965678711866636
              ],
              [
                -45.640096256861604,
                6.946115470936312
              ],
              [
                -45.75747570244355,
                6.955897091401474
              ],
              [
                -45.9531081117468,
                7.004805193727286
              ],
              [
                -46.11939565965456,
                7.06349491651826
              ],
              [
                -46.27590158709715,
                7.141747880239559
              ],
              [
                -46.42262589407459,
                7.210219223495695
              ],
              [
                -46.60847668291267,
                7.356943530473131
              ],
              [
                -46.64760316477332,
                7.444978114659592
              ],
              [
                -46.66716640570365,
                7.601484042102189
              ],
              [
                -46.64760316477332,
                7.709081867218975
              ],
              [
                -46.618258303377836,
                7.806898071870599
              ],
              [
                -46.5497869601217,
                7.914495896987384
              ],
              [
                -46.520442098726214,
                7.943840758382871
              ],
              [
                -46.50087885779589,
                8.012312101639008
              ],
              [
                -46.51066047826105,
                8.061220203964819
              ],
              [
                -46.55956858058686,
                8.119909926755794
              ],
              [
                -46.618258303377836,
                8.18838127001193
              ],
              [
                -46.72585612849463,
                8.237289372337742
              ],
              [
                -46.79432747175076,
                8.27641585419839
              ],
              [
                -46.83345395361141,
                8.305760715593879
              ],
              [
                -46.901925296867546,
                8.354668817919691
              ],
              [
                -46.92148853779787,
                8.413358540710664
              ],
              [
                -46.8627988150069,
                8.530737986292612
              ]
            ]
          ]
        ]
      }
    },
    {
      "type": "Feature",
      "properties": {
        "uuid": "965db37c-365e-49ae-86bb-36b56ed30162",
        "layer_id": "udk_nat_lakes_pg",
        "timeframe": null,
        "feature_class": "Lake",
        "feature_rank": 3,
        "is_visible": true,
        "is_labeled": true,
        "needs_review": false,
        "review_notes": null,
        "img_url": null,
        "last_edited": "2026-03-06",
        "last_editor": "postgres",
        "name_en": null,
        "name_ru": null,
        "name_abb_en": null,
        "name_abb_ru": null,
        "label_en": null,
        "label_ru": null,
        "descr_en": null,
        "descr_ru": null,
        "descr_html_en": "<!DOCTYPE HTML PUBLIC \"-//W3C//DTD HTML 4.0//EN\" \"http://www.w3.org/TR/REC-html40/strict.dtd\">\n<html><head><meta name=\"qrichtext\" content=\"1\" /><style type=\"text/css\">\np, li { white-space: pre-wrap; }\n</style></head><body style=\" font-family:'MS Shell Dlg 2'; font-size:10pt; font-weight:400; font-style:normal;\">\n<p style=\" margin-top:0px; margin-bottom:0px; margin-left:0px; margin-right:0px; -qt-block-indent:0; text-indent:0px;\">—</p></body></html>",
        "descr_html_ru": null,
        "url_en": null,
        "url_ru": null,
        "source_name": "WotC Underdark 3e",
        "source_url": "https://forgottenrealms.fandom.com/wiki/Underdark_(sourcebook)",
        "dnd_editions_str": "5e, 3e",
        "feature_levels_str": "Middledark",
        "extra_str": null,
        "location_en": "central Faerûn → Middledark → Darklands",
        "name_alt_en_str": null,
        "location_ru": "центральный Фаэрун → Среднее Подземье → Тёмные Земли",
        "name_alt_ru_str": null,
        "geog_extent_area_sq_km": 8578.0,
        "geog_extent_area_sq_miles": 3312.0,
        "geog_extent_perimeter_km": 483.0,
        "geog_extent_perimeter_miles": 300.0,
        "geog_extent_centroid_md": "33° 38′ 58″ N 004° 37′ 05″ W",
        "geog_extent_centroid_fria": "33° 38′ 58″ N 058° 05′ 59″ W",
        "geog_extent_length_km": null,
        "geog_extent_length_miles": null,
        "geog_extent_bbox_md": {
          "east": -4.016936324155,
          "west": -5.094383821911,
          "north": 34.417505113998516,
          "south": 32.68557504529202
        },
        "geog_extent_bbox_fria": {
          "east": -57.49843781214549,
          "west": -58.5758853099012,
          "north": 34.417505113998516,
          "south": 32.68557504529202
        },
        "name_it": null,
        "name_abb_it": null,
        "label_it": null,
        "descr_it": null,
        "descr_html_it": null,
        "url_it": null,
        "location_it": "Faerûn centrale → Middledark → Terre Oscure",
        "name_alt_it_str": null,
        "topical_tags": "",
        "related_location_tags": "",
        "related_cultures_tags": "",
        "related_factions_tags": ""
      },
      "geometry": {
        "type": "MultiPolygon",
        "coordinates": [
          [
            [
              [
                -57.79228712971523,
                34.417505113998516
              ],
              [
                -57.894689164625895,
                34.395243802061415
              ],
              [
                -58.050518348185605,
                34.33736439102495
              ],
              [
                -58.13511133354659,
                34.275032717601064
              ],
              [
                -58.206347531745315,
                34.19043973224008
              ],
              [
                -58.23751336845726,
                34.119203534041354
              ],
              [
                -58.250870155619516,
                34.04351507345521
              ],
              [
                -58.331010878593084,
                33.90104267705776
              ],
              [
                -58.34436766575534,
                33.8654245779584
              ],
              [
                -58.37998576485471,
                33.78528385498483
              ],
              [
                -58.41115160156665,
                33.638359196199964
              ],
              [
                -58.44676970066601,
                33.52260037412704
              ],
              [
                -58.48238779976538,
                33.42910286399121
              ],
              [
                -58.52245816125215,
                33.2955349923686
              ],
              [
                -58.5758853099012,
                33.16196712074599
              ],
              [
                -58.5758853099012,
                33.04175603628565
              ],
              [
                -58.5758853099012,
                32.9660675756995
              ],
              [
                -58.5758853099012,
                32.854761016013995
              ],
              [
                -58.53581494841442,
                32.77462029304043
              ],
              [
                -58.486840062152794,
                32.7256454067788
              ],
              [
                -58.41560386395407,
                32.68557504529202
              ],
              [
                -58.34881992814277,
                32.69447957006686
              ],
              [
                -58.2909405171063,
                32.76126350587817
              ],
              [
                -58.250870155619516,
                32.81914291691463
              ],
              [
                -58.197443006970474,
                32.899283639888196
              ],
              [
                -58.15292038309627,
                32.948258526149814
              ],
              [
                -58.063875135347864,
                33.07292187299758
              ],
              [
                -58.00154346192398,
                33.16196712074599
              ],
              [
                -57.95702083804978,
                33.237655581332135
              ],
              [
                -57.908045951788154,
                33.38903250250443
              ],
              [
                -57.908045951788154,
                33.45136417592831
              ],
              [
                -57.939211788500096,
                33.5804797851635
              ],
              [
                -57.9614731004372,
                33.64281145858738
              ],
              [
                -57.983734412374304,
                33.727404443948366
              ],
              [
                -57.99709119953656,
                33.77637933020999
              ],
              [
                -58.005995724311404,
                33.852067790796134
              ],
              [
                -57.983734412374304,
                33.91439946422002
              ],
              [
                -57.93475952611268,
                33.9544698257068
              ],
              [
                -57.872427852688794,
                33.985635662418744
              ],
              [
                -57.77002581777813,
                34.00344471196843
              ],
              [
                -57.70769414435424,
                34.02125376151811
              ],
              [
                -57.62310115899326,
                34.07468091016715
              ],
              [
                -57.59638758466873,
                34.10139448449167
              ],
              [
                -57.5652217479568,
                34.150369370753296
              ],
              [
                -57.534055911244856,
                34.19934425701492
              ],
              [
                -57.50734233692033,
                34.25722366805138
              ],
              [
                -57.49843781214549,
                34.306198554313006
              ],
              [
                -57.50734233692033,
                34.34626891579979
              ],
              [
                -57.53850817363227,
                34.39079153967399
              ],
              [
                -57.560769485569374,
                34.417505113998516
              ],
              [
                -57.79228712971523,
                34.417505113998516
              ]
            ]
          ]
        ]
      }
    },
    {
      "type": "Feature",
      "properties": {
        "uuid": "a3a0c12f-6020-4af7-a129-da2e898f15b9",
        "layer_id": "udk_nat_lakes_pg",
        "timeframe": null,
        "feature_class": "Lake",
        "feature_rank": 3,
        "is_visible": true,
        "is_labeled": true,
        "needs_review": false,
        "review_notes": null,
        "img_url": null,
        "last_edited": "2026-03-06",
        "last_editor": "postgres",
        "name_en": null,
        "name_ru": null,
        "name_abb_en": null,
        "name_abb_ru": null,
        "label_en": null,
        "label_ru": null,
        "descr_en": null,
        "descr_ru": null,
        "descr_html_en": "<!DOCTYPE HTML PUBLIC \"-//W3C//DTD HTML 4.0//EN\" \"http://www.w3.org/TR/REC-html40/strict.dtd\">\n<html><head><meta name=\"qrichtext\" content=\"1\" /><style type=\"text/css\">\np, li { white-space: pre-wrap; }\n</style></head><body style=\" font-family:'MS Shell Dlg 2'; font-size:10pt; font-weight:400; font-style:normal;\">\n<p style=\" margin-top:0px; margin-bottom:0px; margin-left:0px; margin-right:0px; -qt-block-indent:0; text-indent:0px;\">—</p></body></html>",
        "descr_html_ru": null,
        "url_en": null,
        "url_ru": null,
        "source_name": "WotC Underdark 3e",
        "source_url": "https://forgottenrealms.fandom.com/wiki/Underdark_(sourcebook)",
        "dnd_editions_str": "5e, 3e",
        "feature_levels_str": "Upperdark",
        "extra_str": null,
        "location_en": "central Faerûn → Upperdark → Deep Wastes",
        "name_alt_en_str": null,
        "location_ru": "центральный Фаэрун → Верхнее Подземье → Глубинные Пустоши",
        "name_alt_ru_str": null,
        "geog_extent_area_sq_km": 5195.0,
        "geog_extent_area_sq_miles": 2006.0,
        "geog_extent_perimeter_km": 289.0,
        "geog_extent_perimeter_miles": 180.0,
        "geog_extent_centroid_md": "39° 14′ 57″ N 000° 40′ 55″ W",
        "geog_extent_centroid_fria": "39° 14′ 57″ N 054° 09′ 49″ W",
        "geog_extent_length_km": null,
        "geog_extent_length_miles": null,
        "geog_extent_bbox_md": {
          "east": -0.060212148365,
          "west": -1.316195367857,
          "north": 39.53122957685871,
          "south": 38.935071643183136
        },
        "geog_extent_bbox_fria": {
          "east": -53.54171363635533,
          "west": -54.797696855846596,
          "north": 39.53122957685871,
          "south": 38.935071643183136
        },
        "name_it": null,
        "name_abb_it": null,
        "label_it": null,
        "descr_it": null,
        "descr_html_it": null,
        "url_it": null,
        "location_it": "Faerûn centrale → Upperdark → Desolazioni Profonde",
        "name_alt_it_str": null,
        "topical_tags": "",
        "related_location_tags": "",
        "related_cultures_tags": "",
        "related_factions_tags": ""
      },
      "geometry": {
        "type": "MultiPolygon",
        "coordinates": [
          [
            [
              [
                -54.38096509638406,
                39.46177428361496
              ],
              [
                -54.508299800664275,
                39.427046636993076
              ],
              [
                -54.6240586227372,
                39.40389487257849
              ],
              [
                -54.73402950370649,
                39.346015461542024
              ],
              [
                -54.786120973639306,
                39.282348109401916
              ],
              [
                -54.797696855846596,
                39.189741051743574
              ],
              [
                -54.77454509143201,
                39.12607369960347
              ],
              [
                -54.72245362149919,
                39.06240634746335
              ],
              [
                -54.652998328255435,
                39.00452693642689
              ],
              [
                -54.56617921170074,
                38.96401134870136
              ],
              [
                -54.46778421293875,
                38.935071643183136
              ],
              [
                -54.32887362645124,
                38.95822340759772
              ],
              [
                -54.24784245100019,
                38.987163113115955
              ],
              [
                -54.19575098106737,
                39.02189075973783
              ],
              [
                -54.12050774671997,
                39.07398222967065
              ],
              [
                -54.03368863016527,
                39.091346052981585
              ],
              [
                -53.94686951361058,
                39.07398222967065
              ],
              [
                -53.86583833815953,
                39.045042524152414
              ],
              [
                -53.773231280501186,
                39.033466641945125
              ],
              [
                -53.68641216394649,
                39.06240634746335
              ],
              [
                -53.582229224080855,
                39.137649581810756
              ],
              [
                -53.54171363635533,
                39.27077222719463
              ],
              [
                -53.54171363635533,
                39.31128781492015
              ],
              [
                -53.55907745966627,
                39.42125869588943
              ],
              [
                -53.57644128297721,
                39.43862251920037
              ],
              [
                -53.628532752910026,
                39.47335016582225
              ],
              [
                -53.72113981056837,
                39.50228987134048
              ],
              [
                -53.84847451484859,
                39.51965369465142
              ],
              [
                -54.00474892464704,
                39.53122957685871
              ],
              [
                -54.38096509638406,
                39.46177428361496
              ]
            ]
          ]
        ]
      }
    },
    {
      "type": "Feature",
      "properties": {
        "uuid": "5088858e-9855-4347-b110-51174444b125",
        "layer_id": "udk_nat_lakes_pg",
        "timeframe": null,
        "feature_class": "Lake",
        "feature_rank": 3,
        "is_visible": true,
        "is_labeled": true,
        "needs_review": false,
        "review_notes": "exclude from wiki link auto-ageneration",
        "img_url": null,
        "last_edited": "2026-07-13",
        "last_editor": "postgres",
        "name_en": "Reachmere",
        "name_ru": "озеро Длинное",
        "name_abb_en": null,
        "name_abb_ru": null,
        "label_en": "Reachmere",
        "label_ru": "озеро Длинное",
        "descr_en": null,
        "descr_ru": null,
        "descr_html_en": "<!DOCTYPE HTML PUBLIC \"-//W3C//DTD HTML 4.0//EN\" \"http://www.w3.org/TR/REC-html40/strict.dtd\">\n<html><head><meta name=\"qrichtext\" content=\"1\" /><style type=\"text/css\">\np, li { white-space: pre-wrap; }\n</style></head><body style=\" font-family:'MS Shell Dlg 2'; font-size:10pt; font-weight:400; font-style:normal;\">\n<p style=\" margin-top:0px; margin-bottom:0px; margin-left:0px; margin-right:0px; -qt-block-indent:0; text-indent:0px;\">—</p></body></html>",
        "descr_html_ru": null,
        "url_en": null,
        "url_ru": null,
        "source_name": "WotC Underdark 3e",
        "source_url": "https://forgottenrealms.fandom.com/wiki/Underdark_(sourcebook)",
        "dnd_editions_str": "5e, 3e",
        "feature_levels_str": "Middledark",
        "extra_str": null,
        "location_en": "central Faerûn → Middledark → Deep Wastes",
        "name_alt_en_str": null,
        "location_ru": "центральный Фаэрун → Среднее Подземье → Глубинные Пустоши",
        "name_alt_ru_str": null,
        "geog_extent_area_sq_km": 32714.0,
        "geog_extent_area_sq_miles": 12631.0,
        "geog_extent_perimeter_km": 1136.0,
        "geog_extent_perimeter_miles": 706.0,
        "geog_extent_centroid_md": "38° 57′ 25″ N 002° 15′ 25″ E",
        "geog_extent_centroid_fria": "38° 57′ 25″ N 051° 13′ 27″ W",
        "geog_extent_length_km": null,
        "geog_extent_length_miles": null,
        "geog_extent_bbox_md": {
          "east": 5.163395515616,
          "west": 0.213895560244,
          "north": 39.42524484137737,
          "south": 38.07538121718497
        },
        "geog_extent_bbox_fria": {
          "east": -48.318105972373736,
          "west": -53.26760592774588,
          "north": 39.42524484137737,
          "south": 38.07538121718497
        },
        "name_it": "Lago di Reachmere",
        "name_abb_it": null,
        "label_it": "Lago di Reachmere",
        "descr_it": null,
        "descr_html_it": null,
        "url_it": null,
        "location_it": "Faerûn centrale → Middledark → Desolazioni Profonde",
        "name_alt_it_str": null,
        "topical_tags": "",
        "related_location_tags": "",
        "related_cultures_tags": "",
        "related_factions_tags": ""
      },
      "geometry": {
        "type": "MultiPolygon",
        "coordinates": [
          [
            [
              [
                -52.98393893425617,
                39.405681600447046
              ],
              [
                -52.75896166355744,
                39.42524484137737
              ],
              [
                -52.51442115192838,
                39.3665551185864
              ],
              [
                -52.41660494727676,
                39.32742863672575
              ],
              [
                -52.397041706346435,
                39.268738913934776
              ],
              [
                -52.436168188207084,
                39.14157784788766
              ],
              [
                -52.47529467006773,
                39.09266974556185
              ],
              [
                -52.49485791099806,
                39.04376164323604
              ],
              [
                -52.4068233268116,
                38.95572705904958
              ],
              [
                -52.250317399368996,
                38.92638219765409
              ],
              [
                -52.162282815182536,
                38.87747409532828
              ],
              [
                -52.04490336960059,
                38.82856599300247
              ],
              [
                -51.81014447843669,
                38.81878437253731
              ],
              [
                -51.71232827378507,
                38.82856599300247
              ],
              [
                -51.47756938262117,
                38.83834761346763
              ],
              [
                -51.409098039365034,
                38.86769247486312
              ],
              [
                -51.20368400959663,
                38.91660057718893
              ],
              [
                -51.06674132308435,
                38.96550867951474
              ],
              [
                -51.00805160029338,
                39.00463516137539
              ],
              [
                -50.949361877502405,
                38.9752902999799
              ],
              [
                -50.910235395641756,
                38.887255715793444
              ],
              [
                -50.87110891378111,
                38.85791085439796
              ],
              [
                -50.70482136587334,
                38.85791085439796
              ],
              [
                -50.65591326354753,
                38.897037336258606
              ],
              [
                -50.5874419202914,
                38.95572705904958
              ],
              [
                -50.538533817965586,
                39.04376164323604
              ],
              [
                -50.46028085424429,
                39.19048595021347
              ],
              [
                -50.41137275191848,
                39.24917567300445
              ],
              [
                -50.33311978819718,
                39.31764701626059
              ],
              [
                -50.254866824475876,
                39.33721025719091
              ],
              [
                -50.069016035637794,
                39.356773498121235
              ],
              [
                -49.883165246799706,
                39.37633673905156
              ],
              [
                -49.73644093982227,
                39.395899979981884
              ],
              [
                -49.609279873775165,
                39.405681600447046
              ],
              [
                -49.44299232586741,
                39.33721025719091
              ],
              [
                -49.30604963935513,
                39.27852053439994
              ],
              [
                -49.17888857330802,
                39.24917567300445
              ],
              [
                -49.01260102540026,
                39.210049191143796
              ],
              [
                -48.9245664412138,
                39.20026757067863
              ],
              [
                -48.71915241144539,
                39.15135946835282
              ],
              [
                -48.60177296586344,
                39.09266974556185
              ],
              [
                -48.47461189981633,
                39.04376164323604
              ],
              [
                -48.36701407469955,
                38.95572705904958
              ],
              [
                -48.318105972373736,
                38.887255715793444
              ],
              [
                -48.318105972373736,
                38.77965789067666
              ],
              [
                -48.36701407469955,
                38.701404926955355
              ],
              [
                -48.445267038420845,
                38.63293358369922
              ],
              [
                -48.71915241144539,
                38.564462240443085
              ],
              [
                -48.816968616097014,
                38.564462240443085
              ],
              [
                -48.905003200283474,
                38.59380710183857
              ],
              [
                -49.07129074819123,
                38.66227844509471
              ],
              [
                -49.24735991656416,
                38.69162330649019
              ],
              [
                -49.38430260307643,
                38.71118654742052
              ],
              [
                -49.53102691005387,
                38.740531408816004
              ],
              [
                -49.609279873775165,
                38.740531408816004
              ],
              [
                -49.6777512170313,
                38.740531408816004
              ],
              [
                -49.89294686726487,
                38.740531408816004
              ],
              [
                -49.9907630719165,
                38.72096816788568
              ],
              [
                -50.09836089703328,
                38.67206006555987
              ],
              [
                -50.21574034261523,
                38.59380710183857
              ],
              [
                -50.245085204010714,
                38.48620927672179
              ],
              [
                -50.313556547266856,
                38.39817469253532
              ],
              [
                -50.41137275191848,
                38.29057686741854
              ],
              [
                -50.440717613313964,
                38.27101362648821
              ],
              [
                -50.49940733610494,
                38.27101362648821
              ],
              [
                -50.60700516122172,
                38.27101362648821
              ],
              [
                -50.714602986338505,
                38.31014010834886
              ],
              [
                -50.822200811455296,
                38.329703349279185
              ],
              [
                -50.96892511843273,
                38.368829831139834
              ],
              [
                -51.16455752773598,
                38.41773793346565
              ],
              [
                -51.272155352852764,
                38.39817469253532
              ],
              [
                -51.43844290076052,
                38.329703349279185
              ],
              [
                -51.61451206913345,
                38.27101362648821
              ],
              [
                -51.90796068308831,
                38.21232390369724
              ],
              [
                -52.03512174913543,
                38.12428931951078
              ],
              [
                -52.201409297043185,
                38.08516283765013
              ],
              [
                -52.27966226076448,
                38.07538121718497
              ],
              [
                -52.38726008588127,
                38.07538121718497
              ],
              [
                -52.46551304960257,
                38.09494445811529
              ],
              [
                -52.54376601332387,
                38.192760662766915
              ],
              [
                -52.60245573611484,
                38.25145038555789
              ],
              [
                -52.73939842262712,
                38.3003584878837
              ],
              [
                -52.86655948867423,
                38.329703349279185
              ],
              [
                -52.993720554721335,
                38.38839307207016
              ],
              [
                -53.05241027751231,
                38.46664603579146
              ],
              [
                -53.10131837983812,
                38.58402548137341
              ],
              [
                -53.120881620768444,
                38.701404926955355
              ],
              [
                -53.15022648216393,
                38.809002752072146
              ],
              [
                -53.17957134355942,
                38.92638219765409
              ],
              [
                -53.20891620495491,
                39.01441678184055
              ],
              [
                -53.2382610663504,
                39.073106504631525
              ],
              [
                -53.26760592774588,
                39.15135946835282
              ],
              [
                -53.26760592774588,
                39.20026757067863
              ],
              [
                -53.25782430728072,
                39.27852053439994
              ],
              [
                -52.98393893425617,
                39.405681600447046
              ]
            ]
          ]
        ]
      }
    },
    {
      "type": "Feature",
      "properties": {
        "uuid": "05a63f0f-bccb-4264-a4a2-b4b35144818f",
        "layer_id": "udk_nat_lakes_pg",
        "timeframe": null,
        "feature_class": "Lake",
        "feature_rank": 3,
        "is_visible": true,
        "is_labeled": true,
        "needs_review": false,
        "review_notes": null,
        "img_url": null,
        "last_edited": "2026-03-06",
        "last_editor": "postgres",
        "name_en": null,
        "name_ru": null,
        "name_abb_en": null,
        "name_abb_ru": null,
        "label_en": null,
        "label_ru": null,
        "descr_en": null,
        "descr_ru": null,
        "descr_html_en": "<!DOCTYPE HTML PUBLIC \"-//W3C//DTD HTML 4.0//EN\" \"http://www.w3.org/TR/REC-html40/strict.dtd\">\n<html><head><meta name=\"qrichtext\" content=\"1\" /><style type=\"text/css\">\np, li { white-space: pre-wrap; }\n</style></head><body style=\" font-family:'MS Shell Dlg 2'; font-size:10pt; font-weight:400; font-style:normal;\">\n<p style=\" margin-top:0px; margin-bottom:0px; margin-left:0px; margin-right:0px; -qt-block-indent:0; text-indent:0px;\">—</p></body></html>",
        "descr_html_ru": null,
        "url_en": null,
        "url_ru": null,
        "source_name": "WotC Underdark 3e",
        "source_url": "https://forgottenrealms.fandom.com/wiki/Underdark_(sourcebook)",
        "dnd_editions_str": "5e, 3e",
        "feature_levels_str": "Middledark",
        "extra_str": null,
        "location_en": "south-western Faerûn → Middledark → Serpent Deeps",
        "name_alt_en_str": null,
        "location_ru": "юго-западный Фаэрун → Среднее Подземье → Змеиные Глубины",
        "name_alt_ru_str": null,
        "geog_extent_area_sq_km": 37424.0,
        "geog_extent_area_sq_miles": 14450.0,
        "geog_extent_perimeter_km": 1333.0,
        "geog_extent_perimeter_miles": 828.0,
        "geog_extent_centroid_md": "13° 05′ 30″ N 010° 00′ 42″ W",
        "geog_extent_centroid_fria": "13° 05′ 30″ N 063° 29′ 35″ W",
        "geog_extent_length_km": null,
        "geog_extent_length_miles": null,
        "geog_extent_bbox_md": {
          "east": -8.696404738711,
          "west": -11.269723353392,
          "north": 14.338014721358741,
          "south": 11.727074489503867
        },
        "geog_extent_bbox_fria": {
          "east": -62.17790622670117,
          "west": -64.75122484138234,
          "north": 14.338014721358741,
          "south": 11.727074489503867
        },
        "name_it": null,
        "name_abb_it": null,
        "label_it": null,
        "descr_it": null,
        "descr_html_it": null,
        "url_it": null,
        "location_it": "Faerûn sud-occidentale → Middledark → Profondità dei Serpenti",
        "name_alt_it_str": null,
        "topical_tags": "",
        "related_location_tags": "",
        "related_cultures_tags": "",
        "related_factions_tags": ""
      },
      "geometry": {
        "type": "MultiPolygon",
        "coordinates": [
          [
            [
              [
                -63.91602494012617,
                14.27782013388082
              ],
              [
                -63.848306029213504,
                14.330490397924
              ],
              [
                -63.75801414799662,
                14.338014721358741
              ],
              [
                -63.660197943345,
                14.262771487011339
              ],
              [
                -63.615052002736554,
                14.195052576098675
              ],
              [
                -63.562381738693375,
                14.089712048012313
              ],
              [
                -63.52476012151968,
                14.02951746053439
              ],
              [
                -63.494662827780715,
                13.961798549621728
              ],
              [
                -63.41941959343331,
                13.848933698100623
              ],
              [
                -63.35170068252065,
                13.781214787187961
              ],
              [
                -63.27645744817325,
                13.705971552840559
              ],
              [
                -63.22378718413006,
                13.638252641927895
              ],
              [
                -63.14101962634792,
                13.555485084145753
              ],
              [
                -63.080825038869996,
                13.510339143537312
              ],
              [
                -62.983008834218374,
                13.457668879494129
              ],
              [
                -62.87014398269727,
                13.397474292016208
              ],
              [
                -62.75727913117617,
                13.337279704538286
              ],
              [
                -62.63688995622032,
                13.277085117060363
              ],
              [
                -62.59174401561188,
                13.262036470190882
              ],
              [
                -62.47135484065603,
                13.23193917645192
              ],
              [
                -62.38858728287389,
                13.19431755927822
              ],
              [
                -62.32839269539597,
                13.156695942104518
              ],
              [
                -62.23810081417909,
                13.104025678061337
              ],
              [
                -62.200479197005386,
                13.036306767148673
              ],
              [
                -62.17790622670117,
                12.961063532801273
              ],
              [
                -62.185430550135905,
                12.878295975019128
              ],
              [
                -62.20800352044013,
                12.840674357845426
              ],
              [
                -62.30581972509175,
                12.765431123498026
              ],
              [
                -62.350965665700194,
                12.720285182889583
              ],
              [
                -62.350965665700194,
                12.705236536020102
              ],
              [
                -62.34344134226545,
                12.645041948542179
              ],
              [
                -62.31334404852649,
                12.562274390760038
              ],
              [
                -62.29077107822227,
                12.487031156412634
              ],
              [
                -62.26067378448331,
                12.434360892369453
              ],
              [
                -62.23057649074435,
                12.381690628326272
              ],
              [
                -62.19295487357065,
                12.291398747109387
              ],
              [
                -62.19295487357065,
                12.193582542457765
              ],
              [
                -62.23057649074435,
                12.133387954979842
              ],
              [
                -62.29077107822227,
                12.06566904406718
              ],
              [
                -62.38858728287389,
                12.012998780023999
              ],
              [
                -62.5766953687424,
                11.930231222241854
              ],
              [
                -62.62936563278558,
                11.900133928502893
              ],
              [
                -62.71213319056773,
                11.870036634763933
              ],
              [
                -62.77985210148039,
                11.854987987894452
              ],
              [
                -62.87766830613201,
                11.817366370720752
              ],
              [
                -62.97548451078364,
                11.79479340041653
              ],
              [
                -63.065776392000515,
                11.734598812938607
              ],
              [
                -63.1560682732174,
                11.727074489503867
              ],
              [
                -63.17111692008688,
                11.727074489503867
              ],
              [
                -63.18616556695636,
                11.734598812938607
              ],
              [
                -63.18616556695636,
                11.742123136373348
              ],
              [
                -63.1560682732174,
                11.817366370720752
              ],
              [
                -63.11092233260896,
                11.862512311329192
              ],
              [
                -63.035679098261554,
                11.915182575372373
              ],
              [
                -62.930338570175195,
                11.960328515980816
              ],
              [
                -62.87014398269727,
                11.982901486285037
              ],
              [
                -62.80994939521935,
                12.012998780023999
              ],
              [
                -62.749754807741425,
                12.06566904406718
              ],
              [
                -62.71965751400246,
                12.11081498467562
              ],
              [
                -62.6895602202635,
                12.171009572153544
              ],
              [
                -62.6895602202635,
                12.268825776805166
              ],
              [
                -62.6895602202635,
                12.329020364283089
              ],
              [
                -62.70460886713298,
                12.389214951761012
              ],
              [
                -62.71965751400246,
                12.419312245499972
              ],
              [
                -62.80242507178461,
                12.502079803282115
              ],
              [
                -62.85509533582779,
                12.554750067325298
              ],
              [
                -62.89271695300149,
                12.599896007933738
              ],
              [
                -62.95291154047941,
                12.682663565715881
              ],
              [
                -62.983008834218374,
                12.750382476628545
              ],
              [
                -63.02063045139208,
                12.772955446932766
              ],
              [
                -63.11092233260896,
                12.780479770367506
              ],
              [
                -63.20121421382584,
                12.788004093802245
              ],
              [
                -63.2689331247385,
                12.810577064106466
              ],
              [
                -63.27645744817325,
                12.855723004714907
              ],
              [
                -63.29150609504273,
                12.878295975019128
              ],
              [
                -63.329127712216426,
                12.930966239062311
              ],
              [
                -63.381797976259605,
                12.991160826540233
              ],
              [
                -63.42694391686805,
                13.051355414018154
              ],
              [
                -63.51723579808493,
                13.088977031191856
              ],
              [
                -63.600003355867074,
                13.126598648365558
              ],
              [
                -63.66772226677974,
                13.164220265539258
              ],
              [
                -63.7354411776924,
                13.216890529582441
              ],
              [
                -63.77306279486611,
                13.246987823321401
              ],
              [
                -63.90850061669143,
                13.262036470190882
              ],
              [
                -63.946122233865125,
                13.254512146756142
              ],
              [
                -64.00631682134305,
                13.23193917645192
              ],
              [
                -64.01384114477779,
                13.17926891240874
              ],
              [
                -63.98374385103883,
                13.088977031191856
              ],
              [
                -63.91602494012617,
                12.983636503105492
              ],
              [
                -63.81820873547454,
                12.90086894532335
              ],
              [
                -63.742965501127145,
                12.855723004714907
              ],
              [
                -63.63762497304078,
                12.803052740671726
              ],
              [
                -63.562381738693375,
                12.742858153193804
              ],
              [
                -63.494662827780715,
                12.67513924228114
              ],
              [
                -63.44951688717227,
                12.607420331368479
              ],
              [
                -63.42694391686805,
                12.562274390760038
              ],
              [
                -63.41941959343331,
                12.487031156412634
              ],
              [
                -63.43446824030279,
                12.449409539238934
              ],
              [
                -63.509711474650196,
                12.426836568934712
              ],
              [
                -63.59247903243234,
                12.411787922065232
              ],
              [
                -63.68277091364922,
                12.426836568934712
              ],
              [
                -63.78811144173558,
                12.441885215804193
              ],
              [
                -63.87087899951773,
                12.419312245499972
              ],
              [
                -63.946122233865125,
                12.381690628326272
              ],
              [
                -63.97621952760409,
                12.35159333458731
              ],
              [
                -64.02888979164727,
                12.298923070544127
              ],
              [
                -64.09660870255993,
                12.253777129935687
              ],
              [
                -64.17185193690733,
                12.246252806500946
              ],
              [
                -64.29224111186318,
                12.246252806500946
              ],
              [
                -64.38253299308006,
                12.313971717413608
              ],
              [
                -64.45777622742747,
                12.449409539238934
              ],
              [
                -64.51044649147065,
                12.569798714194778
              ],
              [
                -64.5781654023833,
                12.67513924228114
              ],
              [
                -64.62331134299176,
                12.788004093802245
              ],
              [
                -64.67598160703494,
                12.878295975019128
              ],
              [
                -64.69103025390442,
                12.953539209366532
              ],
              [
                -64.72865187107811,
                13.058879737452894
              ],
              [
                -64.75122484138234,
                13.14917161866978
              ],
              [
                -64.73617619451285,
                13.2093662061477
              ],
              [
                -64.68350593046968,
                13.269560793625622
              ],
              [
                -64.63835998986123,
                13.322231057668805
              ],
              [
                -64.60826269612227,
                13.382425645146727
              ],
              [
                -64.60826269612227,
                13.495290496667831
              ],
              [
                -64.63083566642649,
                13.600631024754193
              ],
              [
                -64.63835998986123,
                13.668349935666857
              ],
              [
                -64.66845728360019,
                13.751117493449
              ],
              [
                -64.66845728360019,
                13.80378775749218
              ],
              [
                -64.63835998986123,
                13.909128285578545
              ],
              [
                -64.61578701955702,
                13.961798549621728
              ],
              [
                -64.60826269612227,
                13.999420166795428
              ],
              [
                -64.5781654023833,
                14.104760694881792
              ],
              [
                -64.54054378520961,
                14.134857988620753
              ],
              [
                -64.45777622742747,
                14.112285018316532
              ],
              [
                -64.40510596338429,
                14.082187724577572
              ],
              [
                -64.32986272903688,
                14.04456610740387
              ],
              [
                -64.26966814155897,
                14.006944490230168
              ],
              [
                -64.20194923064629,
                13.954274226186987
              ],
              [
                -64.17937626034208,
                13.886555315274325
              ],
              [
                -64.13423031973363,
                13.833885051231142
              ],
              [
                -64.06651140882097,
                13.818836404361662
              ],
              [
                -64.03641411508201,
                13.856458021535364
              ],
              [
                -63.99879249790831,
                13.969322873056468
              ],
              [
                -63.98374385103883,
                14.05209043083861
              ],
              [
                -63.98374385103883,
                14.157430958924975
              ],
              [
                -63.91602494012617,
                14.27782013388082
              ]
            ]
          ]
        ]
      }
    },
    {
      "type": "Feature",
      "properties": {
        "uuid": "184d069f-2405-450a-b572-a70fa3c526f4",
        "layer_id": "udk_nat_lakes_pg",
        "timeframe": null,
        "feature_class": "Lake",
        "feature_rank": 2,
        "is_visible": true,
        "is_labeled": true,
        "needs_review": false,
        "review_notes": "exclude from wiki link auto-ageneration",
        "img_url": null,
        "last_edited": "2026-07-13",
        "last_editor": "postgres",
        "name_en": "Sea of Buried Ice",
        "name_ru": "море Погребённого Льда",
        "name_abb_en": null,
        "name_abb_ru": null,
        "label_en": "Sea of Buried Ice",
        "label_ru": "море Погребённого Льда",
        "descr_en": null,
        "descr_ru": null,
        "descr_html_en": "<!DOCTYPE HTML PUBLIC \"-//W3C//DTD HTML 4.0//EN\" \"http://www.w3.org/TR/REC-html40/strict.dtd\">\n<html><head><meta name=\"qrichtext\" content=\"1\" /><style type=\"text/css\">\np, li { white-space: pre-wrap; }\n</style></head><body style=\" font-family:'MS Shell Dlg 2'; font-size:10pt; font-weight:400; font-style:normal;\">\n<p style=\" margin-top:0px; margin-bottom:0px; margin-left:0px; margin-right:0px; -qt-block-indent:0; text-indent:0px;\">—</p></body></html>",
        "descr_html_ru": null,
        "url_en": null,
        "url_ru": null,
        "source_name": "WotC Underdark 3e",
        "source_url": "https://forgottenrealms.fandom.com/wiki/Underdark_(sourcebook)",
        "dnd_editions_str": "5e, 3e",
        "feature_levels_str": "Lowerdark",
        "extra_str": null,
        "location_en": "southern Great Ice Sea → Lowerdark",
        "name_alt_en_str": null,
        "location_ru": "южный Великое Ледяное море → Нижнее Подземье",
        "name_alt_ru_str": null,
        "geog_extent_area_sq_km": 1157941.0,
        "geog_extent_area_sq_miles": 447083.0,
        "geog_extent_perimeter_km": 4233.0,
        "geog_extent_perimeter_miles": 2631.0,
        "geog_extent_centroid_md": "50° 22′ 40″ N 029° 41′ 55″ E",
        "geog_extent_centroid_fria": "50° 22′ 40″ N 023° 46′ 57″ W",
        "geog_extent_length_km": null,
        "geog_extent_length_miles": null,
        "geog_extent_bbox_md": {
          "east": 37.853385953576,
          "west": 21.985338004755,
          "north": 56.46907015988596,
          "south": 42.96994333207397
        },
        "geog_extent_bbox_fria": {
          "east": -15.628115534413833,
          "west": -31.49616348323463,
          "north": 56.46907015988596,
          "south": 42.96994333207397
        },
        "name_it": "Mare del Ghiaccio Sepolto",
        "name_abb_it": null,
        "label_it": "Mare del Ghiaccio Sepolto",
        "descr_it": null,
        "descr_html_it": null,
        "url_it": null,
        "location_it": "Mare del Grande Ghiaccio meridionale → Lowerdark",
        "name_alt_it_str": null,
        "topical_tags": "",
        "related_location_tags": "",
        "related_cultures_tags": "",
        "related_factions_tags": ""
      },
      "geometry": {
        "type": "MultiPolygon",
        "coordinates": [
          [
            [
              [
                -28.055374648950366,
                46.16778079183858
              ],
              [
                -27.934985473994523,
                46.02481864657852
              ],
              [
                -27.822120622473417,
                45.89690514818793
              ],
              [
                -27.761926034995497,
                45.77651597323209
              ],
              [
                -27.66410983034387,
                45.58088356392884
              ],
              [
                -27.62648821317017,
                45.49059168271196
              ],
              [
                -27.54372065538803,
                45.30248359684345
              ],
              [
                -27.4082828335627,
                45.21971603906131
              ],
              [
                -27.250272041433156,
                45.12189983440968
              ],
              [
                -27.06216395556465,
                45.02408362975806
              ],
              [
                -26.99444504465199,
                45.00151065945384
              ],
              [
                -26.8289099290877,
                44.96388904228014
              ],
              [
                -26.678423460392896,
                44.90369445480222
              ],
              [
                -26.588131579176014,
                44.82092689702007
              ],
              [
                -26.51288834482861,
                44.70806204549897
              ],
              [
                -26.44516943391595,
                44.617770164282085
              ],
              [
                -26.242012701177963,
                44.54252692993468
              ],
              [
                -26.046380291874716,
                44.50490531276098
              ],
              [
                -25.903418146614648,
                44.4898566658915
              ],
              [
                -25.68521276700718,
                44.4522350487178
              ],
              [
                -25.549774945181856,
                44.43718640184832
              ],
              [
                -25.324045242139647,
                44.384516137805136
              ],
              [
                -25.226229037488025,
                44.30927290345774
              ],
              [
                -25.196131743749064,
                44.25660263941455
              ],
              [
                -25.196131743749064,
                44.19640805193663
              ],
              [
                -25.33156956557439,
                44.09859184728501
              ],
              [
                -25.414337123356532,
                43.95562970202494
              ],
              [
                -25.414337123356532,
                43.94058105515546
              ],
              [
                -25.35414253587861,
                43.86533782080806
              ],
              [
                -25.203656067183804,
                43.72989999898274
              ],
              [
                -25.166034450010102,
                43.654656764635334
              ],
              [
                -25.143461479705884,
                43.571889206853186
              ],
              [
                -25.248802007792246,
                43.48159732563631
              ],
              [
                -25.37671550618283,
                43.37625679754994
              ],
              [
                -25.40681279992179,
                43.2934892397678
              ],
              [
                -25.40681279992179,
                43.21072168198566
              ],
              [
                -25.31652091870491,
                43.090332507029814
              ],
              [
                -25.143461479705884,
                43.022613596117154
              ],
              [
                -25.000499334445816,
                42.99251630237819
              ],
              [
                -24.79734260170783,
                42.96994333207397
              ],
              [
                -24.48884534088348,
                43.06023521329085
              ],
              [
                -24.368456165927633,
                43.28596491633306
              ],
              [
                -24.330834548753934,
                43.353683827245725
              ],
              [
                -24.22549402066757,
                43.436451385027866
              ],
              [
                -24.112629169146466,
                43.52674326624475
              ],
              [
                -24.052434581668543,
                43.59446217715741
              ],
              [
                -24.02233728792958,
                43.69227838180903
              ],
              [
                -24.0072886410601,
                43.78257026302592
              ],
              [
                -24.067483228538023,
                43.8352405270691
              ],
              [
                -24.15777510975491,
                43.86533782080806
              ],
              [
                -24.217969697232828,
                43.8728621442428
              ],
              [
                -24.28568860814549,
                43.89543511454702
              ],
              [
                -24.345883195623415,
                43.9481053785902
              ],
              [
                -24.353407519058152,
                44.03087293637235
              ],
              [
                -24.323310225319194,
                44.10611617071975
              ],
              [
                -24.180348080059126,
                44.18888372850189
              ],
              [
                -24.0072886410601,
                44.264126962849296
              ],
              [
                -23.796607584887376,
                44.316797226892476
              ],
              [
                -23.62354814588835,
                44.3393701971967
              ],
              [
                -23.420391413150362,
                44.3393701971967
              ],
              [
                -23.277429267890295,
                44.384516137805136
              ],
              [
                -22.999029300804906,
                44.4522350487178
              ],
              [
                -22.20412290397411,
                44.79822751808214
              ],
              [
                -22.182632683812148,
                44.86269817856803
              ],
              [
                -21.94624026203057,
                44.94865905921588
              ],
              [
                -21.688357620087032,
                45.07760038018765
              ],
              [
                -21.473455418467413,
                45.12058082051157
              ],
              [
                -21.129611895876025,
                45.206541701159416
              ],
              [
                -21.000670574904255,
                45.335483022131186
              ],
              [
                -20.65682705231287,
                45.700816764884536
              ],
              [
                -20.54937595150306,
                45.74379720520846
              ],
              [
                -20.14106176842579,
                45.87273852618023
              ],
              [
                -19.7972182458344,
                45.98018962699004
              ],
              [
                -19.453374723243016,
                46.15211138828573
              ],
              [
                -19.25996274178536,
                46.324033149581425
              ],
              [
                -18.808668118384162,
                46.560425571363005
              ],
              [
                -18.443334375630815,
                46.66787667217281
              ],
              [
                -18.12098107320139,
                47.183641956059894
              ],
              [
                -18.078000632877465,
                47.31258327703166
              ],
              [
                -17.73415711028608,
                47.76387790043286
              ],
              [
                -17.562235348990384,
                47.91430944156659
              ],
              [
                -17.325842927208807,
                48.215172523834056
              ],
              [
                -17.196901606237038,
                48.473055165777595
              ],
              [
                -16.960509184455457,
                48.709447587559175
              ],
              [
                -16.659646102187995,
                48.92434978917879
              ],
              [
                -16.165371038462876,
                49.28968353193214
              ],
              [
                -16.014939497329145,
                49.526075953713715
              ],
              [
                -15.735566635223641,
                50.751018502945534
              ],
              [
                -15.735566635223641,
                50.83697938359338
              ],
              [
                -15.735566635223641,
                51.15933268602281
              ],
              [
                -15.735566635223641,
                51.675097969909885
              ],
              [
                -15.649605754575795,
                52.01894149250127
              ],
              [
                -15.628115534413833,
                52.405765455416585
              ],
              [
                -15.671095974737757,
                52.900040519141704
              ],
              [
                -16.057919937653068,
                53.566237344162516
              ],
              [
                -16.272822139272684,
                53.824119986106055
              ],
              [
                -16.767097202997803,
                54.14647328853548
              ],
              [
                -17.196901606237038,
                54.42584615064098
              ],
              [
                -17.626706009476273,
                54.83416033371825
              ],
              [
                -18.14247129336335,
                55.113533195823756
              ],
              [
                -19.109531200651627,
                55.6507886998728
              ],
              [
                -19.30294318210928,
                55.80122024100653
              ],
              [
                -19.732747585348516,
                55.99463222246418
              ],
              [
                -20.184042208749712,
                56.16655398375988
              ],
              [
                -20.613846611988947,
                56.18804420392184
              ],
              [
                -21.108121675714063,
                56.16655398375988
              ],
              [
                -21.967730482192533,
                56.102083323273995
              ],
              [
                -22.827339288671,
                56.25251486440773
              ],
              [
                -23.06373171045258,
                56.338475745055575
              ],
              [
                -23.660498593411678,
                56.46907015988596
              ],
              [
                -23.941524549375792,
                56.419477344127586
              ],
              [
                -24.65235490857914,
                56.270698896852466
              ],
              [
                -25.19787588192124,
                56.17151326533572
              ],
              [
                -25.97482999546909,
                56.00620387947447
              ],
              [
                -26.569943784569567,
                55.84089449361323
              ],
              [
                -26.95015537205043,
                55.74170886209648
              ],
              [
                -27.363428836703537,
                55.708646984924236
              ],
              [
                -28.041197318734636,
                55.642523230579734
              ],
              [
                -28.487532660559992,
                55.543337599062994
              ],
              [
                -28.636311107835112,
                55.46068290613237
              ],
              [
                -29.016522695315974,
                55.278842581685
              ],
              [
                -29.512450852899704,
                55.03087850289313
              ],
              [
                -29.76041493169157,
                54.89863099420414
              ],
              [
                -30.388590597964296,
                54.51841940672328
              ],
              [
                -30.58696186099779,
                54.30351720510366
              ],
              [
                -30.934111571306403,
                53.90677467903668
              ],
              [
                -31.14901377292602,
                53.559624968728066
              ],
              [
                -31.31432315878726,
                53.03063493397209
              ],
              [
                -31.31432315878726,
                52.58429959214673
              ],
              [
                -31.31432315878726,
                52.07184049597687
              ],
              [
                -31.49616348323463,
                51.19570075091228
              ],
              [
                -31.479632544648506,
                50.6667107161563
              ],
              [
                -31.363915974545634,
                50.137720681400324
              ],
              [
                -31.23166846585664,
                49.75750909391946
              ],
              [
                -31.099420957167645,
                49.3772975064386
              ],
              [
                -30.88451875554803,
                49.013616857543866
              ],
              [
                -30.686147492514536,
                48.58381245430463
              ],
              [
                -30.421652475136547,
                48.35237931409889
              ],
              [
                -30.074502764827933,
                48.05482241954865
              ],
              [
                -29.826538686036066,
                47.856451156515156
              ],
              [
                -29.396734282796835,
                47.37705393751755
              ],
              [
                -29.082646449660473,
                47.22827549024243
              ],
              [
                -28.851213309454728,
                47.11255892013956
              ],
              [
                -28.055374648950366,
                46.16778079183858
              ]
            ]
          ]
        ]
      }
    },
    {
      "type": "Feature",
      "properties": {
        "uuid": "96da3d1c-b579-4a60-86e3-be2285bc42bc",
        "layer_id": "udk_nat_lakes_pg",
        "timeframe": null,
        "feature_class": "Lake",
        "feature_rank": 2,
        "is_visible": true,
        "is_labeled": true,
        "needs_review": false,
        "review_notes": null,
        "img_url": null,
        "last_edited": "2026-07-14",
        "last_editor": "postgres",
        "name_en": "Glimmersea",
        "name_ru": "Мерцающее море",
        "name_abb_en": null,
        "name_abb_ru": null,
        "label_en": "Glimmersea",
        "label_ru": "Мерцающее море",
        "descr_en": "A vast subterranean sea located deep beneath the Sea of Fallen Stars in central Faerûn, filling numerous vaulted caverns with water and illuminated by luminescent ceiling rocks that create a starry reflection on its surface.",
        "descr_ru": "Огромное подземное море, расположенное глубоко под Морем Упавших Звёзд в центральном Фаэруне, заполняющее множество сводчатых пещер водой и освещённое светящимися потолочными камнями, создающими звёздное отражение на его поверхности.",
        "descr_html_en": "<!DOCTYPE HTML PUBLIC \"-//W3C//DTD HTML 4.0//EN\" \"http://www.w3.org/TR/REC-html40/strict.dtd\">\n<html><head><meta name=\"qrichtext\" content=\"1\" /><style type=\"text/css\">\np, li { white-space: pre-wrap; }\n</style></head><body style=\" font-family:'MS Shell Dlg 2'; font-size:10pt; font-weight:400; font-style:normal;\">\n<p style=\" margin-top:0px; margin-bottom:0px; margin-left:0px; margin-right:0px; -qt-block-indent:0; text-indent:0px;\">—</p></body></html>",
        "descr_html_ru": null,
        "url_en": "https://forgottenrealms.fandom.com/wiki/Glimmersea",
        "url_ru": null,
        "source_name": "WotC Underdark 3e",
        "source_url": "https://forgottenrealms.fandom.com/wiki/Underdark_(sourcebook)",
        "dnd_editions_str": "5e, 3e",
        "feature_levels_str": "Lowerdark",
        "extra_str": "topical_tags: [\"subterranean\", \"sea\", \"underdark\", \"cavern\", \"luminescent\", \"waterbody\"] | related_cultures_tags: [\"aboleth\", \"kuo-toa\", \"sahuagin\"] | related_location_tags: [\"Sea of Fallen Stars\", \"Underdark\", \"Altumbel\", \"Aglarond\", \"Easting Reach\", \"Faerûn\"]",
        "location_en": "central Faerûn → Lowerdark",
        "name_alt_en_str": "Sea of the Starry Night",
        "location_ru": "центральный Фаэрун → Нижнее Подземье",
        "name_alt_ru_str": "море Звёздной Ночи",
        "geog_extent_area_sq_km": 529589.0,
        "geog_extent_area_sq_miles": 204475.0,
        "geog_extent_perimeter_km": 12656.0,
        "geog_extent_perimeter_miles": 7864.0,
        "geog_extent_centroid_md": "34° 07′ 20″ N 004° 20′ 44″ E",
        "geog_extent_centroid_fria": "34° 07′ 20″ N 049° 08′ 08″ W",
        "geog_extent_length_km": null,
        "geog_extent_length_miles": null,
        "geog_extent_bbox_md": {
          "east": 16.573373591279,
          "west": -6.699047134005,
          "north": 37.95091530128383,
          "south": 26.223210946580096
        },
        "geog_extent_bbox_fria": {
          "east": -36.908127896710624,
          "west": -60.180548621995115,
          "north": 37.95091530128383,
          "south": 26.223210946580096
        },
        "name_it": "Glimmersea",
        "name_abb_it": null,
        "label_it": "Glimmersea",
        "descr_it": "Un vasto mare sotterraneo situato in profondità sotto il Mare delle Stelle Cadute nella Faerûn centrale, che riempie numerose caverne voltate con acqua ed è illuminato da rocce del soffitto luminescenti che creano un riflesso stellato sulla sua superficie.",
        "descr_html_it": null,
        "url_it": null,
        "location_it": "Faerûn centrale → Lowerdark",
        "name_alt_it_str": "Mare della Notte Stellata",
        "topical_tags": "subterranean, sea, underdark, cavern, luminescent, waterbody",
        "related_location_tags": "Sea of Fallen Stars, Underdark, Altumbel, Aglarond, Easting Reach, Faerûn",
        "related_cultures_tags": "aboleth, kuo-toa, sahuagin",
        "related_factions_tags": ""
      },
      "geometry": {
        "type": "MultiPolygon",
        "coordinates": [
          [
            [
              [
                -60.00691038888573,
                36.73411199080188
              ],
              [
                -60.09372950544042,
                36.71096022638729
              ],
              [
                -60.14582097537324,
                36.65308081535083
              ],
              [
                -60.16318479868418,
                36.61835316872895
              ],
              [
                -60.180548621995115,
                36.502594346656025
              ],
              [
                -60.180548621995115,
                36.43892699451592
              ],
              [
                -60.14582097537324,
                36.357895819064865
              ],
              [
                -60.09372950544042,
                36.29422846692476
              ],
              [
                -60.01848627109302,
                36.224773173681
              ],
              [
                -59.95481891895291,
                36.166893762644534
              ],
              [
                -59.86799980239822,
                36.12059023381536
              ],
              [
                -59.734877157014346,
                36.08007464608984
              ],
              [
                -59.60175451163048,
                36.04534699946797
              ],
              [
                -59.48020774845391,
                35.999043470638796
              ],
              [
                -59.40496451410651,
                35.964315824016914
              ],
              [
                -59.30656951534452,
                35.89486053077316
              ],
              [
                -59.21396245768618,
                35.83119317863305
              ],
              [
                -59.092415694509604,
                35.79067759090752
              ],
              [
                -58.982444813540326,
                35.750162003182
              ],
              [
                -58.91298952029656,
                35.715434356560124
              ],
              [
                -58.803018639327284,
                35.68070670993824
              ],
              [
                -58.739351287187176,
                35.68070670993824
              ],
              [
                -58.68147187615071,
                35.73279817987106
              ],
              [
                -58.6293804062179,
                35.819617296425754
              ],
              [
                -58.55992511297414,
                35.89486053077316
              ],
              [
                -58.502045701937675,
                35.952739941809625
              ],
              [
                -58.44416629090121,
                35.999043470638796
              ],
              [
                -58.345771292139226,
                36.02219523505338
              ],
              [
                -58.201072764548066,
                36.010619352846085
              ],
              [
                -58.08531394247514,
                35.97589170622421
              ],
              [
                -58.010070708127735,
                35.93537611849868
              ],
              [
                -57.957979238194916,
                35.92380023629139
              ],
              [
                -57.911675709365745,
                35.964315824016914
              ],
              [
                -57.89431188605481,
                36.03377111726067
              ],
              [
                -57.87694806274387,
                36.11480229271172
              ],
              [
                -57.84222041612199,
                36.1495299393336
              ],
              [
                -57.72646159404906,
                36.155317880437245
              ],
              [
                -57.6685821830126,
                36.155317880437245
              ],
              [
                -57.51230777321415,
                36.09743846940078
              ],
              [
                -57.48336806769592,
                36.07428670498619
              ],
              [
                -57.34445748120841,
                36.02219523505338
              ],
              [
                -57.269214246861004,
                35.97010376512056
              ],
              [
                -56.96245336836775,
                35.73858612097471
              ],
              [
                -56.75987542974012,
                35.58231171117625
              ],
              [
                -56.482054256765096,
                35.3507940670304
              ],
              [
                -56.186869260479135,
                35.17715583392101
              ],
              [
                -56.01901896847339,
                35.08454877626267
              ],
              [
                -55.92641191081505,
                35.03245730632985
              ],
              [
                -55.851168676467644,
                34.98615377750068
              ],
              [
                -55.799077206534825,
                34.9630020130861
              ],
              [
                -55.741197795498366,
                34.9630020130861
              ],
              [
                -55.67174250225461,
                34.968789954189745
              ],
              [
                -55.58492338569991,
                34.93985024867151
              ],
              [
                -55.56755956238897,
                34.91091054315328
              ],
              [
                -55.55598368018168,
                34.85881907322046
              ],
              [
                -55.50968015135251,
                34.84145524990952
              ],
              [
                -55.440224858108756,
                34.84724319101317
              ],
              [
                -55.38813338817594,
                34.870394955427756
              ],
              [
                -55.27237456610301,
                34.90512260204963
              ],
              [
                -55.17976750844467,
                34.9630020130861
              ],
              [
                -55.092948391889976,
                35.00930554191527
              ],
              [
                -55.011917216438924,
                35.04403318853714
              ],
              [
                -54.901946335469646,
                35.08454877626267
              ],
              [
                -54.84406692443318,
                35.125064363988194
              ],
              [
                -54.763035748982134,
                35.14821612840278
              ],
              [
                -54.69358045573838,
                35.13664024619548
              ],
              [
                -54.62991310359826,
                35.09033671736631
              ],
              [
                -54.59518545697639,
                35.04982112964079
              ],
              [
                -54.519942222628984,
                34.99772965970797
              ],
              [
                -54.39839545945241,
                34.968789954189745
              ],
              [
                -54.311576342897716,
                34.98615377750068
              ],
              [
                -54.23633310855031,
                34.974577895293386
              ],
              [
                -54.15530193309927,
                34.91091054315328
              ],
              [
                -54.08005869875186,
                34.870394955427756
              ],
              [
                -53.98745164109352,
                34.84724319101317
              ],
              [
                -53.871692819020595,
                34.85881907322046
              ],
              [
                -53.819601349087776,
                34.876182896531404
              ],
              [
                -53.76172193805131,
                34.94563818977516
              ],
              [
                -53.738570173636724,
                34.99772965970797
              ],
              [
                -53.6980545859112,
                35.05560907074444
              ],
              [
                -53.64596311597838,
                35.13085230509184
              ],
              [
                -53.57650782273463,
                35.15979201061007
              ],
              [
                -53.48968870617993,
                35.1887317161283
              ],
              [
                -53.3855057663143,
                35.258187009372065
              ],
              [
                -53.235019297619495,
                35.29291465599394
              ],
              [
                -53.13083635775386,
                35.2871267148903
              ],
              [
                -53.044017241199164,
                35.258187009372065
              ],
              [
                -52.899318713608004,
                35.211883480542895
              ],
              [
                -52.70831665718768,
                35.14821612840279
              ],
              [
                -52.586769894011105,
                35.10770054067726
              ],
              [
                -52.494162836352764,
                35.061397011848086
              ],
              [
                -52.37840401427984,
                34.98615377750069
              ],
              [
                -52.33210048545067,
                34.93985024867152
              ],
              [
                -52.297372838828785,
                34.864607014324115
              ],
              [
                -52.26843313331055,
                34.77199995666577
              ],
              [
                -52.2742210744142,
                34.69096878121472
              ],
              [
                -52.2742210744142,
                34.621513487970965
              ],
              [
                -52.262645192206904,
                34.575209959141795
              ],
              [
                -52.22212960448138,
                34.528906430312624
              ],
              [
                -52.18161401675586,
                34.49996672479439
              ],
              [
                -52.100582841304806,
                34.49417878369075
              ],
              [
                -52.03112754806105,
                34.49417878369075
              ],
              [
                -51.93273254929907,
                34.4883908425871
              ],
              [
                -51.86327725605531,
                34.49417878369075
              ],
              [
                -51.81118578612249,
                34.51154260700169
              ],
              [
                -51.73594255177509,
                34.517330548105335
              ],
              [
                -51.66648725853133,
                34.523118489208976
              ],
              [
                -51.59703196528758,
                34.51154260700169
              ],
              [
                -51.562304318665696,
                34.48260290148345
              ],
              [
                -51.53915255425111,
                34.43629937265428
              ],
              [
                -51.53915255425111,
                34.36105613830688
              ],
              [
                -51.562304318665696,
                34.33790437389229
              ],
              [
                -51.608607847494866,
                34.29160084506312
              ],
              [
                -51.660699317427685,
                34.2510852573376
              ],
              [
                -51.70121490515321,
                34.18741790519749
              ],
              [
                -51.70121490515321,
                34.13532643526467
              ],
              [
                -51.660699317427685,
                34.01956761319175
              ],
              [
                -51.562304318665696,
                33.97905202546622
              ],
              [
                -51.475485202111,
                33.96168820215528
              ],
              [
                -51.365514321141724,
                33.932748496637046
              ],
              [
                -51.220815793550564,
                33.944324378844335
              ],
              [
                -51.06454138375211,
                33.90380879111881
              ],
              [
                -50.99508609050835,
                33.845929380082346
              ],
              [
                -50.95457050278283,
                33.788049969045886
              ],
              [
                -50.91405491505731,
                33.695442911387545
              ],
              [
                -50.85038756291719,
                33.56232026600368
              ],
              [
                -50.79250815188073,
                33.377106150687
              ],
              [
                -50.71726491753333,
                33.19767997647396
              ],
              [
                -50.57256638994217,
                32.948798509017166
              ],
              [
                -50.479959332283826,
                32.82146380473694
              ],
              [
                -50.34683668689996,
                32.70570498266402
              ],
              [
                -50.17898639489422,
                32.601522042798386
              ],
              [
                -50.040075808406705,
                32.5031270440364
              ],
              [
                -49.93589286854107,
                32.410519986378056
              ],
              [
                -49.86064963419367,
                32.317912928719714
              ],
              [
                -49.802770223157204,
                32.173214401128554
              ],
              [
                -49.704375224395214,
                32.01115205022646
              ],
              [
                -49.600192284529584,
                31.90118116925718
              ],
              [
                -49.53652493238947,
                31.843301758220715
              ],
              [
                -49.47285758024936,
                31.77384646497696
              ],
              [
                -49.438129933627486,
                31.69281528952591
              ],
              [
                -49.438129933627486,
                31.588632349660276
              ],
              [
                -49.44391787473113,
                31.490237350898287
              ],
              [
                -49.4902214035603,
                31.3918423521363
              ],
              [
                -49.548100814596765,
                31.310811176685252
              ],
              [
                -49.58861640232229,
                31.229780001234204
              ],
              [
                -49.62913199004782,
                31.166112649094092
              ],
              [
                -49.66964757777334,
                31.10823323805763
              ],
              [
                -49.7275269888098,
                31.067717650332103
              ],
              [
                -49.82592198757179,
                31.044565885917518
              ],
              [
                -49.895377280815545,
                31.044565885917518
              ],
              [
                -49.987984338473886,
                31.067717650332103
              ],
              [
                -50.06901551392494,
                31.085081473643044
              ],
              [
                -50.16162257158328,
                31.090869414746688
              ],
              [
                -50.21950198261974,
                31.07350559143575
              ],
              [
                -50.283169334759855,
                31.015626180399288
              ],
              [
                -50.335260804692666,
                30.865139711704483
              ],
              [
                -50.387352274625485,
                30.813048241771664
              ],
              [
                -50.42786786235101,
                30.732017066320616
              ],
              [
                -50.49153521449112,
                30.674137655284152
              ],
              [
                -50.55520256663123,
                30.633622067558626
              ],
              [
                -50.58993021325311,
                30.604682362040396
              ],
              [
                -50.60729403656405,
                30.558378833211226
              ],
              [
                -50.624657859874986,
                30.506287363278407
              ],
              [
                -50.61886991877134,
                30.43683207003465
              ],
              [
                -50.57256638994217,
                30.419468246723714
              ],
              [
                -50.49153521449112,
                30.40789236451642
              ],
              [
                -50.41050403904007,
                30.36158883568725
              ],
              [
                -50.31789698138173,
                30.30949736575443
              ],
              [
                -50.231077864827036,
                30.26319383692526
              ],
              [
                -50.16741051268693,
                30.22267824919974
              ],
              [
                -50.10374316054681,
                30.211102366992442
              ],
              [
                -50.040075808406705,
                30.211102366992442
              ],
              [
                -49.95904463295565,
                30.228466190303383
              ],
              [
                -49.8895893397119,
                30.26319383692526
              ],
              [
                -49.791194340949914,
                30.292133542443494
              ],
              [
                -49.66385963666969,
                30.321073247961724
              ],
              [
                -49.60598022563323,
                30.350012953479958
              ],
              [
                -49.46706963914572,
                30.384740600101836
              ],
              [
                -49.36867464038373,
                30.40789236451642
              ],
              [
                -49.305007288243615,
                30.425256187827358
              ],
              [
                -49.200824348377985,
                30.45419589334559
              ],
              [
                -49.07348964409776,
                30.500499422174762
              ],
              [
                -49.004034350854006,
                30.523651186589348
              ],
              [
                -48.92300317540296,
                30.558378833211226
              ],
              [
                -48.859335823262846,
                30.593106479833104
              ],
              [
                -48.81882023553732,
                30.61625824424769
              ],
              [
                -48.77251670670815,
                30.685713537491445
              ],
              [
                -48.74936494229357,
                30.749380889631553
              ],
              [
                -48.73200111898263,
                30.818836182875312
              ],
              [
                -48.72621317787898,
                30.94617088715553
              ],
              [
                -48.73200111898263,
                31.00983823929564
              ],
              [
                -48.720425236775334,
                31.079293532539396
              ],
              [
                -48.67990964904981,
                31.13717294357586
              ],
              [
                -48.656757884635226,
                31.189264413508678
              ],
              [
                -48.616242296909704,
                31.24714382454514
              ],
              [
                -48.58730259139147,
                31.287659412270667
              ],
              [
                -48.564150826976885,
                31.333962941099838
              ],
              [
                -48.55257494476959,
                31.397630293239946
              ],
              [
                -48.564150826976885,
                31.42078205765453
              ],
              [
                -48.62203023801335,
                31.432357939861824
              ],
              [
                -48.656757884635226,
                31.432357939861824
              ],
              [
                -48.755152883397216,
                31.45550970427641
              ],
              [
                -48.81882023553732,
                31.47287352758735
              ],
              [
                -48.88827552878108,
                31.513389115312872
              ],
              [
                -48.92300317540296,
                31.571268526349336
              ],
              [
                -48.92300317540296,
                31.64072381959309
              ],
              [
                -48.91721523429931,
                31.687027348422262
              ],
              [
                -48.88248758767743,
                31.750694700562374
              ],
              [
                -48.84775994105556,
                31.7912102882879
              ],
              [
                -48.77251670670815,
                31.843301758220715
              ],
              [
                -48.67990964904981,
                31.895393228153534
              ],
              [
                -48.62781817911699,
                31.90118116925718
              ],
              [
                -48.52942318035501,
                31.93012087477541
              ],
              [
                -48.42524024048937,
                31.953272639189997
              ],
              [
                -48.3789367116602,
                31.970636462500934
              ],
              [
                -48.3036934773128,
                31.982212344708227
              ],
              [
                -48.24581406627634,
                32.04009175574469
              ],
              [
                -48.21108641965446,
                32.1037591078848
              ],
              [
                -48.20529847855081,
                32.1905782244395
              ],
              [
                -48.20529847855081,
                32.24845763547596
              ],
              [
                -48.20529847855081,
                32.317912928719714
              ],
              [
                -48.17635877303258,
                32.38736822196347
              ],
              [
                -48.124267303099764,
                32.43945969189629
              ],
              [
                -48.083751715374234,
                32.46839939741452
              ],
              [
                -48.03744818654506,
                32.48576322072546
              ],
              [
                -47.967992893301314,
                32.497339102932756
              ],
              [
                -47.921689364472144,
                32.48576322072546
              ],
              [
                -47.81171848350286,
                32.44524763299994
              ],
              [
                -47.7538390724664,
                32.398944104170766
              ],
              [
                -47.672807897015346,
                32.32370086982336
              ],
              [
                -47.62071642708253,
                32.2658214587869
              ],
              [
                -47.52232142832054,
                32.24266969437232
              ],
              [
                -47.46444201728408,
                32.24266969437232
              ],
              [
                -47.325531430796566,
                32.271609399890544
              ],
              [
                -47.22134849093093,
                32.32370086982336
              ],
              [
                -47.1171655510653,
                32.38158028085983
              ],
              [
                -46.94931525905955,
                32.451035574103585
              ],
              [
                -46.86249614250486,
                32.51470292624369
              ],
              [
                -46.69464585049913,
                32.68255321824943
              ],
              [
                -46.63097849835901,
                32.78094821701142
              ],
              [
                -46.555735264011616,
                32.8793432157734
              ],
              [
                -46.49785585297515,
                32.93143468570622
              ],
              [
                -46.48049202966421,
                33.006677920053626
              ],
              [
                -46.44576438304233,
                33.11086085991926
              ],
              [
                -46.422612618627745,
                33.22083174088854
              ],
              [
                -46.411036736420456,
                33.27871115192501
              ],
              [
                -46.39946085421316,
                33.38289409179064
              ],
              [
                -46.39946085421316,
                33.46971320834533
              ],
              [
                -46.39946085421316,
                33.56810820710732
              ],
              [
                -46.416824677524104,
                33.6896549702839
              ],
              [
                -46.43418850083504,
                33.77647408683859
              ],
              [
                -46.468916147456916,
                33.83435349787506
              ],
              [
                -46.4920679118715,
                33.9269605555334
              ],
              [
                -46.51521967628609,
                33.996415848777154
              ],
              [
                -46.53258349959703,
                34.11217467085008
              ],
              [
                -46.52679555849338,
                34.1642661407829
              ],
              [
                -46.509431735182446,
                34.2395093751303
              ],
              [
                -46.4920679118715,
                34.28581290395947
              ],
              [
                -46.468916147456916,
                34.33211643278864
              ],
              [
                -46.39367291310952,
                34.34948025609958
              ],
              [
                -46.35894526648764,
                34.35526819720323
              ],
              [
                -46.28948997324388,
                34.32054055058135
              ],
              [
                -46.220034680000126,
                34.25108525733759
              ],
              [
                -46.173731151170955,
                34.18162996409384
              ],
              [
                -46.15057938675637,
                34.11217467085008
              ],
              [
                -46.13900350454907,
                34.054295259813614
              ],
              [
                -46.13321556344543,
                33.97326408436257
              ],
              [
                -46.13321556344543,
                33.886444967807876
              ],
              [
                -46.127427622341784,
                33.83435349787506
              ],
              [
                -46.1042758579272,
                33.78226202794224
              ],
              [
                -46.05797232909803,
                33.753322322424005
              ],
              [
                -46.01166880026886,
                33.741746440216716
              ],
              [
                -45.96536527143969,
                33.72438261690577
              ],
              [
                -45.91327380150687,
                33.67229114697296
              ],
              [
                -45.8669702726777,
                33.63177555924743
              ],
              [
                -45.83224262605582,
                33.57968408931462
              ],
              [
                -45.79751497943394,
                33.54495644269274
              ],
              [
                -45.75121145060477,
                33.51022879607086
              ],
              [
                -45.67018027515372,
                33.48707703165628
              ],
              [
                -45.57757321749538,
                33.46392526724169
              ],
              [
                -45.50232998314798,
                33.46392526724169
              ],
              [
                -45.42129880769693,
                33.46392526724169
              ],
              [
                -45.37499527886776,
                33.47550114944898
              ],
              [
                -45.29396410341671,
                33.49286497275992
              ],
              [
                -45.21872086906931,
                33.51022879607086
              ],
              [
                -45.15505351692919,
                33.5160167371745
              ],
              [
                -45.03929469485627,
                33.5275926193818
              ],
              [
                -44.95247557830157,
                33.5275926193818
              ],
              [
                -44.87723234395417,
                33.504440854967214
              ],
              [
                -44.72674587525937,
                33.48128909055263
              ],
              [
                -44.697806169741135,
                33.46971320834533
              ],
              [
                -44.63413881760103,
                33.452349385034395
              ],
              [
                -44.55889558325362,
                33.41183379730887
              ],
              [
                -44.506804113320804,
                33.3655302684797
              ],
              [
                -44.46628852559528,
                33.296074975235946
              ],
              [
                -44.454712643387985,
                33.23240762309583
              ],
              [
                -44.43734882007705,
                33.157164388748434
              ],
              [
                -44.43734882007705,
                33.08770909550468
              ],
              [
                -44.454712643387985,
                33.02404174336456
              ],
              [
                -44.501016172217156,
                32.960374391224455
              ],
              [
                -44.56468352435727,
                32.89670703908435
              ],
              [
                -44.65729058201561,
                32.85040351025518
              ],
              [
                -44.78462528629583,
                32.82146380473694
              ],
              [
                -44.91195999057605,
                32.804099981426006
              ],
              [
                -45.08559822368544,
                32.804099981426006
              ],
              [
                -45.16662939913649,
                32.78673615811506
              ],
              [
                -45.29975204452035,
                32.79831204032236
              ],
              [
                -45.39814704328234,
                32.82146380473694
              ],
              [
                -45.46181439542245,
                32.84461556915153
              ],
              [
                -45.537057629769855,
                32.8793432157734
              ],
              [
                -45.589149099702674,
                32.92564674460258
              ],
              [
                -45.62387674632455,
                32.94301056791352
              ],
              [
                -45.66439233405008,
                32.960374391224455
              ],
              [
                -45.74542350950112,
                32.948798509017166
              ],
              [
                -45.76857527391571,
                32.91985880349893
              ],
              [
                -45.826454684952175,
                32.83882762804788
              ],
              [
                -45.84960644936676,
                32.804099981426006
              ],
              [
                -45.90169791929958,
                32.76358439370048
              ],
              [
                -46.00588085916521,
                32.717280864871306
              ],
              [
                -46.08691203461626,
                32.68834115935308
              ],
              [
                -46.173731151170955,
                32.63046174831661
              ],
              [
                -46.27791409103659,
                32.566794396176505
              ],
              [
                -46.370521148694934,
                32.468399397414515
              ],
              [
                -46.422612618627745,
                32.36421645754888
              ],
              [
                -46.44576438304233,
                32.30054910540877
              ],
              [
                -46.474704088560564,
                32.225305871061366
              ],
              [
                -46.474704088560564,
                32.167426460024906
              ],
              [
                -46.428400559731394,
                32.132698813403024
              ],
              [
                -46.364733207591286,
                32.132698813403024
              ],
              [
                -46.330005560969404,
                32.11533499009209
              ],
              [
                -46.254762326622,
                32.06324352015927
              ],
              [
                -46.127427622341784,
                32.028515873537394
              ],
              [
                -46.029032623579795,
                31.976424403604575
              ],
              [
                -45.95378938923239,
                31.941696756982697
              ],
              [
                -45.85539439047041,
                31.918544992568112
              ],
              [
                -45.75121145060477,
                31.912757051464467
              ],
              [
                -45.69911998067195,
                31.912757051464467
              ],
              [
                -45.57757321749538,
                31.918544992568112
              ],
              [
                -45.479178218733395,
                31.878029404842586
              ],
              [
                -45.39814704328234,
                31.820149993806126
              ],
              [
                -45.32290380893494,
                31.71596705394049
              ],
              [
                -45.27081233900212,
                31.646511760696733
              ],
              [
                -45.12032587030732,
                31.548116761934747
              ],
              [
                -45.06244645927085,
                31.519177056416513
              ],
              [
                -44.95247557830157,
                31.455509704276402
              ],
              [
                -44.82514087402136,
                31.391842352136294
              ],
              [
                -44.72674587525937,
                31.36869058772171
              ],
              [
                -44.63992675870467,
                31.33396294109983
              ],
              [
                -44.48944029000987,
                31.293447353374304
              ],
              [
                -44.402621173455174,
                31.299235294477953
              ],
              [
                -44.350529703522355,
                31.3050232355816
              ],
              [
                -44.24634676365672,
                31.31659911778889
              ],
              [
                -44.18846735262026,
                31.33396294109983
              ],
              [
                -44.159527647102024,
                31.374478528825357
              ],
              [
                -44.1190120593765,
                31.420782057654527
              ],
              [
                -44.095860294961916,
                31.496025292001928
              ],
              [
                -44.09007235385827,
                31.571268526349332
              ],
              [
                -44.107436177169205,
                31.658087642904025
              ],
              [
                -44.13637588268744,
                31.71596705394049
              ],
              [
                -44.14795176489473,
                31.814362052702478
              ],
              [
                -44.17110352930932,
                31.895393228153527
              ],
              [
                -44.21161911703484,
                31.982212344708223
              ],
              [
                -44.26371058696766,
                32.04587969684833
              ],
              [
                -44.2810744102786,
                32.0921832256775
              ],
              [
                -44.304226174693184,
                32.167426460024906
              ],
              [
                -44.33895382131506,
                32.26003351768325
              ],
              [
                -44.33895382131506,
                32.329488810927
              ],
              [
                -44.33895382131506,
                32.38736822196347
              ],
              [
                -44.298438233589536,
                32.46261145631087
              ],
              [
                -44.252134704760365,
                32.47997527962181
              ],
              [
                -44.18846735262026,
                32.4915511618291
              ],
              [
                -44.07849647165097,
                32.49733910293275
              ],
              [
                -44.02061706061451,
                32.49733910293275
              ],
              [
                -43.94537382626711,
                32.47418733851816
              ],
              [
                -43.89328235633429,
                32.43945969189628
              ],
              [
                -43.84119088640148,
                32.422095868585345
              ],
              [
                -43.78331147536501,
                32.39894410417076
              ],
              [
                -43.725432064328544,
                32.30633704651242
              ],
              [
                -43.70806824101761,
                32.219517929957725
              ],
              [
                -43.70806824101761,
                32.1037591078848
              ],
              [
                -43.702280299913966,
                32.022727932433746
              ],
              [
                -43.68491647660302,
                31.930120874775405
              ],
              [
                -43.67334059439573,
                31.837513817117063
              ],
              [
                -43.661764712188436,
                31.75069470056237
              ],
              [
                -43.63861294777385,
                31.652299701800384
              ],
              [
                -43.62703706556656,
                31.59442029076392
              ],
              [
                -43.59230941894468,
                31.524964997520165
              ],
              [
                -43.51706618459728,
                31.461297645380057
              ],
              [
                -43.43024706804258,
                31.42656999875818
              ],
              [
                -43.38973148031706,
                31.403418234343594
              ],
              [
                -43.314488245969656,
                31.386054411032653
              ],
              [
                -43.26239677603684,
                31.386054411032653
              ],
              [
                -43.18715354168944,
                31.42078205765453
              ],
              [
                -43.077182660720155,
                31.461297645380057
              ],
              [
                -43.01351530858005,
                31.536540879727458
              ],
              [
                -43.0077273674764,
                31.571268526349336
              ],
              [
                -42.972999720854524,
                31.6291479373858
              ],
              [
                -42.95563589754359,
                31.69281528952591
              ],
              [
                -42.94984795643994,
                31.768058523873314
              ],
              [
                -42.93827207423264,
                31.825937934909774
              ],
              [
                -42.93827207423264,
                31.88381734594624
              ],
              [
                -42.89196854540347,
                31.935908815879056
              ],
              [
                -42.85145295767795,
                31.935908815879056
              ],
              [
                -42.81093736995243,
                31.83751381711707
              ],
              [
                -42.80514942884878,
                31.808574111598837
              ],
              [
                -42.79936148774513,
                31.768058523873314
              ],
              [
                -42.770421782226904,
                31.658087642904032
              ],
              [
                -42.74148207670867,
                31.623359996282154
              ],
              [
                -42.66623884236127,
                31.571268526349336
              ],
              [
                -42.619935313532096,
                31.54811676193475
              ],
              [
                -42.55626796139199,
                31.530752938623813
              ],
              [
                -42.475236785940936,
                31.507601174209228
              ],
              [
                -42.39999355159353,
                31.524964997520165
              ],
              [
                -42.37684178717895,
                31.5539047030384
              ],
              [
                -42.34790208166072,
                31.605996172971214
              ],
              [
                -42.324750317246135,
                31.652299701800384
              ],
              [
                -42.2958106117279,
                31.73911881835508
              ],
              [
                -42.26687090620967,
                31.808574111598837
              ],
              [
                -42.24371914179508,
                31.860665581531656
              ],
              [
                -42.21477943627685,
                31.895393228153534
              ],
              [
                -42.16847590744768,
                31.935908815879056
              ],
              [
                -42.139536201929445,
                31.953272639189997
              ],
              [
                -42.081656790892985,
                31.96484852139729
              ],
              [
                -42.00641355654558,
                32.01115205022646
              ],
              [
                -41.99483767433829,
                32.05166763795199
              ],
              [
                -41.97168590992371,
                32.15006263671397
              ],
              [
                -41.97747385102735,
                32.19636616554314
              ],
              [
                -42.00062561544193,
                32.32370086982336
              ],
              [
                -42.0585050264784,
                32.427883809689
              ],
              [
                -42.0585050264784,
                32.47418733851817
              ],
              [
                -42.01220149764923,
                32.54364263176193
              ],
              [
                -41.96589796882006,
                32.5783702783838
              ],
              [
                -41.844351205643484,
                32.61309792500568
              ],
              [
                -41.780683853503376,
                32.58415821948745
              ],
              [
                -41.68228885474139,
                32.54364263176193
              ],
              [
                -41.57231797377211,
                32.410519986378056
              ],
              [
                -41.543378268253875,
                32.317912928719714
              ],
              [
                -41.42761944618095,
                32.18479028333585
              ],
              [
                -41.33501238852261,
                32.063243520159276
              ],
              [
                -41.26555709527885,
                31.976424403604582
              ],
              [
                -41.17295003762051,
                31.953272639189997
              ],
              [
                -41.03982739223664,
                31.906969110360826
              ],
              [
                -40.895128864645486,
                31.889605287049886
              ],
              [
                -40.7851579836762,
                31.878029404842593
              ],
              [
                -40.47839710518294,
                31.854877640428
              ],
              [
                -40.28739504876261,
                31.779634406080596
              ],
              [
                -40.15427240337875,
                31.687027348422255
              ],
              [
                -40.026937699098525,
                31.6175720551785
              ],
              [
                -39.95748240585477,
                31.559692644142036
              ],
              [
                -39.89960299481831,
                31.478661468690987
              ],
              [
                -39.870663289300076,
                31.40920617544723
              ],
              [
                -39.835935642678194,
                31.31659911778889
              ],
              [
                -39.830147701574546,
                31.25293176564878
              ],
              [
                -39.88802711261101,
                31.160324707990437
              ],
              [
                -40.026937699098525,
                31.07929353253939
              ],
              [
                -40.09639299234228,
                31.04456588591751
              ],
              [
                -40.18900005000062,
                30.9808985337774
              ],
              [
                -40.26424328434803,
                30.8188361828753
              ],
              [
                -40.26424328434803,
                30.72622912521696
              ],
              [
                -40.23530357882979,
                30.639410008662264
              ],
              [
                -40.16584828558604,
                30.529439127692985
              ],
              [
                -40.08481711013499,
                30.477347657760166
              ],
              [
                -39.99799799358029,
                30.42525618782735
              ],
              [
                -39.90539093592195,
                30.39052854120547
              ],
              [
                -39.80699593715997,
                30.39052854120547
              ],
              [
                -39.69702505619068,
                30.37895265899818
              ],
              [
                -39.59284211632505,
                30.37895265899818
              ],
              [
                -39.436567706526596,
                30.42525618782735
              ],
              [
                -39.35553653107555,
                30.436832070034644
              ],
              [
                -39.26292947341721,
                30.436832070034644
              ],
              [
                -39.19347418017345,
                30.396316482309118
              ],
              [
                -39.17611035686251,
                30.32686118906536
              ],
              [
                -39.16453447465522,
                30.205314425888787
              ],
              [
                -39.22820182679533,
                30.112707368230446
              ],
              [
                -39.32659682555732,
                29.939069135121056
              ],
              [
                -39.56969035191047,
                29.817522371944484
              ],
              [
                -39.80699593715997,
                29.77700678421896
              ],
              [
                -40.026937699098525,
                29.64388413883509
              ],
              [
                -40.10796887454958,
                29.528125316762164
              ],
              [
                -40.20636387331156,
                29.35448708365277
              ],
              [
                -40.21215181441521,
                29.285031790409015
              ],
              [
                -40.22951563772615,
                29.198212673854318
              ],
              [
                -40.21215181441521,
                29.076665910677747
              ],
              [
                -40.20636387331156,
                28.98984679412305
              ],
              [
                -40.25266740214073,
                28.856724148739186
              ],
              [
                -40.270031225451675,
                28.810420619910012
              ],
              [
                -40.34527445979908,
                28.700449738940733
              ],
              [
                -40.38000210642095,
                28.665722092318855
              ],
              [
                -40.414729753042835,
                28.54996327024593
              ],
              [
                -40.414729753042835,
                28.434204448173002
              ],
              [
                -40.35106240090272,
                28.37632503713654
              ],
              [
                -40.20636387331156,
                28.318445626100072
              ],
              [
                -40.09060505123863,
                28.266354156167257
              ],
              [
                -40.03272564020217,
                28.22583856844173
              ],
              [
                -39.835935642678194,
                28.173747098508915
              ],
              [
                -39.725964761708916,
                28.139019451887037
              ],
              [
                -39.644933586257864,
                28.110079746368804
              ],
              [
                -39.523386823081296,
                28.081140040850574
              ],
              [
                -39.49444711756306,
                28.05220033533234
              ],
              [
                -39.40762800100837,
                27.959593277674
              ],
              [
                -39.32080888445367,
                27.83225857339378
              ],
              [
                -39.286081237831795,
                27.722287692424498
              ],
              [
                -39.26292947341721,
                27.618104752558864
              ],
              [
                -39.233989767898976,
                27.542861518211463
              ],
              [
                -39.12980682803334,
                27.484982107175
              ],
              [
                -39.01983594706406,
                27.479194166071352
              ],
              [
                -38.9619565360276,
                27.490770048278645
              ],
              [
                -38.81725800843644,
                27.444466519449474
              ],
              [
                -38.81147006733279,
                27.43289063724218
              ],
              [
                -38.805682126229144,
                27.369223285102073
              ],
              [
                -38.85777359616196,
                27.276616227443732
              ],
              [
                -38.90407712499113,
                27.201372993096328
              ],
              [
                -38.95616859492395,
                27.097190053230694
              ],
              [
                -38.97353241823489,
                27.004582995572353
              ],
              [
                -38.97932035933854,
                26.89461211460307
              ],
              [
                -38.96774447713124,
                26.784641233633792
              ],
              [
                -38.938804771613015,
                26.697822117079095
              ],
              [
                -38.805682126229144,
                26.605215059420754
              ],
              [
                -38.7130750685708,
                26.518395942866057
              ],
              [
                -38.62625595201611,
                26.4489406496223
              ],
              [
                -38.562588599876,
                26.362121533067608
              ],
              [
                -38.504709188839534,
                26.286878298720204
              ],
              [
                -38.42367801338849,
                26.24636271099468
              ],
              [
                -38.360010661248374,
                26.223210946580096
              ],
              [
                -38.27319154469368,
                26.22899888768374
              ],
              [
                -38.22688801586451,
                26.269514475409267
              ],
              [
                -38.16900860482805,
                26.315818004238437
              ],
              [
                -38.06482566496241,
                26.338969768653023
              ],
              [
                -37.98379448951136,
                26.338969768653023
              ],
              [
                -37.88539949074938,
                26.333181827549375
              ],
              [
                -37.78700449198739,
                26.321605945342082
              ],
              [
                -37.71754919874363,
                26.32739388644573
              ],
              [
                -37.64230596439623,
                26.396849179689486
              ],
              [
                -37.509183319012365,
                26.570487412798876
              ],
              [
                -37.48603155459778,
                26.6110030005244
              ],
              [
                -37.410788320250376,
                26.72097388149368
              ],
              [
                -37.35869685031756,
                26.81936888025567
              ],
              [
                -37.2892415570738,
                26.92933976122495
              ],
              [
                -37.24293802824463,
                27.0856141710234
              ],
              [
                -37.20242244051911,
                27.189797110889035
              ],
              [
                -37.15033097058629,
                27.270828286340084
              ],
              [
                -37.121391265068056,
                27.334495638480195
              ],
              [
                -37.121391265068056,
                27.380799167309366
              ],
              [
                -37.19084655831181,
                27.427102696138537
              ],
              [
                -37.26030185155557,
                27.43289063724218
              ],
              [
                -37.32396920369568,
                27.43867857834583
              ],
              [
                -37.457091849079546,
                27.444466519449474
              ],
              [
                -37.474455672390484,
                27.444466519449474
              ],
              [
                -37.555486847841536,
                27.461830342760415
              ],
              [
                -37.60179037667071,
                27.490770048278645
              ],
              [
                -37.613366258877996,
                27.53128563600417
              ],
              [
                -37.59600243556706,
                27.589165047040634
              ],
              [
                -37.555486847841536,
                27.64125651697345
              ],
              [
                -37.5265471423233,
                27.68756004580262
              ],
              [
                -37.49181949570142,
                27.728075633528146
              ],
              [
                -37.457091849079546,
                27.791742985668257
              ],
              [
                -37.457091849079546,
                27.855410337808365
              ],
              [
                -37.49760743680507,
                27.91328974884483
              ],
              [
                -37.53812302453059,
                27.97695710098494
              ],
              [
                -37.58442655335976,
                28.040624453125048
              ],
              [
                -37.59600243556706,
                28.10429180526516
              ],
              [
                -37.56127478894518,
                28.156383275197975
              ],
              [
                -37.49760743680507,
                28.20268680402715
              ],
              [
                -37.40500037914673,
                28.260566215063612
              ],
              [
                -37.32975714479932,
                28.301081802789135
              ],
              [
                -37.24872596934828,
                28.34159739051466
              ],
              [
                -37.18505861720817,
                28.37053709603289
              ],
              [
                -37.10402744175712,
                28.42262856596571
              ],
              [
                -37.08666361844618,
                28.463144153691232
              ],
              [
                -37.05772391292795,
                28.54996327024593
              ],
              [
                -37.01142038409878,
                28.62520650459333
              ],
              [
                -36.98826861968419,
                28.677297974526148
              ],
              [
                -36.982480678580544,
                28.717813562251674
              ],
              [
                -36.99984450189148,
                28.798844737702723
              ],
              [
                -37.028784207409714,
                28.856724148739186
              ],
              [
                -37.109815382860766,
                28.885663854257416
              ],
              [
                -37.219786263830045,
                28.877204555721317
              ],
              [
                -37.308831511578454,
                28.881656818108738
              ],
              [
                -37.3845199721646,
                28.881656818108738
              ],
              [
                -37.50027879423752,
                28.89056134288358
              ],
              [
                -37.58041951721109,
                28.90391813004584
              ],
              [
                -37.63829892824755,
                28.926179441982942
              ],
              [
                -37.72734417599596,
                28.9395362291452
              ],
              [
                -37.820841686131786,
                28.952893016307463
              ],
              [
                -37.94550503297955,
                28.952893016307463
              ],
              [
                -38.01674123117827,
                28.94398849153262
              ],
              [
                -38.09688195415184,
                28.961797541082305
              ],
              [
                -38.14140457802604,
                28.997415640181664
              ],
              [
                -38.145856840413465,
                29.07310410076781
              ],
              [
                -38.1102387413141,
                29.157697086128795
              ],
              [
                -38.08352516698958,
                29.19776744761558
              ],
              [
                -38.0211934935657,
                29.22893328432752
              ],
              [
                -37.94550503297955,
                29.2467423338772
              ],
              [
                -37.820841686131786,
                29.25119459626462
              ],
              [
                -37.709535126446276,
                29.22893328432752
              ],
              [
                -37.61158535392303,
                29.179958398065896
              ],
              [
                -37.54034915572431,
                29.144340298966533
              ],
              [
                -37.4513039079759,
                29.126531249416853
              ],
              [
                -37.362258660227496,
                29.122078987029433
              ],
              [
                -37.25540436292941,
                29.139888036579116
              ],
              [
                -37.17081137756843,
                29.153244823741375
              ],
              [
                -37.11293196653196,
                29.19776744761558
              ],
              [
                -37.05505255549549,
                29.273455908201722
              ],
              [
                -37.00162540684645,
                29.358048893562707
              ],
              [
                -36.95265052058483,
                29.429285091761432
              ],
              [
                -36.917032421485466,
                29.500521289960155
              ],
              [
                -36.908127896710624,
                29.602923324870822
              ],
              [
                -36.92148468387289,
                29.642993686357606
              ],
              [
                -36.961555045359674,
                29.70532535978149
              ],
              [
                -37.01052993162129,
                29.76765703320537
              ],
              [
                -37.086218392207435,
                29.803275132304734
              ],
              [
                -37.206429476667786,
                29.825536444241834
              ],
              [
                -37.29992698680361,
                29.838893231404096
              ],
              [
                -37.411233546489115,
                29.838893231404096
              ],
              [
                -37.54034915572431,
                29.825536444241834
              ],
              [
                -37.62048987869787,
                29.812179657079575
              ],
              [
                -37.66946476495949,
                29.803275132304734
              ],
              [
                -37.70508286405885,
                29.803275132304734
              ],
              [
                -37.722891913608535,
                29.847797756178938
              ],
              [
                -37.687273814509176,
                29.927938479152502
              ],
              [
                -37.64720345302239,
                29.985817890188965
              ],
              [
                -37.59822856676077,
                30.04814956361285
              ],
              [
                -37.522540106174624,
                30.06150635077511
              ],
              [
                -37.362258660227496,
                30.083767662712212
              ],
              [
                -37.282117937253936,
                30.083767662712212
              ],
              [
                -37.21088173905521,
                30.106028974649313
              ],
              [
                -37.15300232801875,
                30.146099336136096
              ],
              [
                -37.12183649130681,
                30.19507422239772
              ],
              [
                -37.148550065631326,
                30.244049108659343
              ],
              [
                -37.21088173905521,
                30.293023994920965
              ],
              [
                -37.32664056112814,
                30.35535566834485
              ],
              [
                -37.42459033365138,
                30.404330554606474
              ],
              [
                -37.47801748230043,
                30.439948653705834
              ],
              [
                -37.575967254823674,
                30.50673258951714
              ],
              [
                -37.620489878697875,
                30.56015973816618
              ],
              [
                -37.65165571540982,
                30.626943673977486
              ],
              [
                -37.6917260768966,
                30.698179872176212
              ],
              [
                -37.731796438383384,
                30.769416070374934
              ],
              [
                -37.776319062257585,
                30.81393869424914
              ],
              [
                -37.84755526045631,
                30.831747743798818
              ],
              [
                -37.932148245817295,
                30.827295481411397
              ],
              [
                -38.00338444401602,
                30.782772857537196
              ],
              [
                -38.03900254311538,
                30.68927534740137
              ],
              [
                -38.05681159266506,
                30.609134624427806
              ],
              [
                -38.087977429377005,
                30.53789842622908
              ],
              [
                -38.132500053251206,
                30.493375802354876
              ],
              [
                -38.212640776224774,
                30.484471277580038
              ],
              [
                -38.279424712036075,
                30.484471277580038
              ],
              [
                -38.4174448460461,
                30.48892353996746
              ],
              [
                -38.55101271766871,
                30.5423506886165
              ],
              [
                -38.746912262715206,
                30.577968787715864
              ],
              [
                -38.78698262420199,
                30.640300461139745
              ],
              [
                -38.88493239672523,
                30.70708439695105
              ],
              [
                -38.893836921500075,
                30.773868332762355
              ],
              [
                -38.87602787195039,
                30.818390956636556
              ],
              [
                -38.81369619852651,
                30.88517489244786
              ],
              [
                -38.76917357465231,
                30.934149778709486
              ],
              [
                -38.70684190122842,
                30.965315615421428
              ],
              [
                -38.59998760393034,
                30.978672402583687
              ],
              [
                -38.48868104424483,
                30.983124664971108
              ],
              [
                -38.399635796496426,
                30.996481452133366
              ],
              [
                -38.3283995982977,
                31.02319502645789
              ],
              [
                -38.27052018726123,
                31.076622175106934
              ],
              [
                -38.234902088161874,
                31.125597061368556
              ],
              [
                -38.21709303861219,
                31.20573778434212
              ],
              [
                -38.221545300999615,
                31.285878507315687
              ],
              [
                -38.266067924873816,
                31.36601923028925
              ],
              [
                -38.292781499198334,
                31.46842126519992
              ],
              [
                -38.323947335910276,
                31.5307529386238
              ],
              [
                -38.35956543500964,
                31.570823300110582
              ],
              [
                -38.43080163320837,
                31.642059498309308
              ],
              [
                -38.48868104424483,
                31.67322533502125
              ],
              [
                -38.671223802129056,
                31.762270582769656
              ],
              [
                -38.90274144627491,
                31.78898415709417
              ],
              [
                -39.02740479312268,
                31.81569773141869
              ],
              [
                -39.0986409913214,
                31.846863568130633
              ],
              [
                -39.20994755100691,
                31.878029404842575
              ],
              [
                -39.25892243726853,
                31.94481334065388
              ],
              [
                -39.321254110692415,
                32.03385858840228
              ],
              [
                -39.35241994740436,
                32.10509478660101
              ],
              [
                -39.37913352172888,
                32.14516514808779
              ],
              [
                -39.43701293276534,
                32.207496821511675
              ],
              [
                -39.468178769477284,
                32.2564717077733
              ],
              [
                -39.56167627961311,
                32.29208980687266
              ],
              [
                -39.6907918888483,
                32.26092397016072
              ],
              [
                -39.721957725560245,
                32.2564717077733
              ],
              [
                -39.81990749808349,
                32.207496821511675
              ],
              [
                -39.89559595866963,
                32.17633098479973
              ],
              [
                -39.96237989448094,
                32.171878722412316
              ],
              [
                -40.18944527623937,
                32.15406967286263
              ],
              [
                -40.291847311150036,
                32.14516514808779
              ],
              [
                -40.48774685619653,
                32.140712885700374
              ],
              [
                -40.56788757917009,
                32.13626062331295
              ],
              [
                -40.71926450034238,
                32.14516514808779
              ],
              [
                -40.86618915912725,
                32.162974197637475
              ],
              [
                -41.02647060507438,
                32.27428075732298
              ],
              [
                -41.34258123458122,
                32.59039138682983
              ],
              [
                -41.378199333680584,
                32.66162758502855
              ],
              [
                -41.436078744717044,
                32.77293414471406
              ],
              [
                -41.47169684381641,
                32.85752713007504
              ],
              [
                -41.53848077962771,
                32.92876332827377
              ],
              [
                -41.600812453051596,
                32.98219047692281
              ],
              [
                -41.65423960170064,
                33.04006988795928
              ],
              [
                -41.70766675034968,
                33.12021061093284
              ],
              [
                -41.805616522872924,
                33.19589907151898
              ],
              [
                -41.84123462197229,
                33.222612645843505
              ],
              [
                -41.89911403300875,
                33.235969433005764
              ],
              [
                -42.02822964224394,
                33.231517170618346
              ],
              [
                -42.0861090532804,
                33.200351333906404
              ],
              [
                -42.13508393954203,
                33.17363775958188
              ],
              [
                -42.228581449677854,
                33.12911513570768
              ],
              [
                -42.304269910264,
                33.10685382377058
              ],
              [
                -42.35324479652562,
                33.11575834854542
              ],
              [
                -42.39776742039982,
                33.1558287100322
              ],
              [
                -42.393315158012406,
                33.186994546744145
              ],
              [
                -42.393315158012406,
                33.235969433005764
              ],
              [
                -42.39776742039982,
                33.30720563120449
              ],
              [
                -42.3710538460753,
                33.40960766611516
              ],
              [
                -42.34434027175078,
                33.4630348147642
              ],
              [
                -42.33543574697594,
                33.547627800125184
              ],
              [
                -42.33543574697594,
                33.60995947354907
              ],
              [
                -42.37550610846272,
                33.69900472129747
              ],
              [
                -42.44674230666145,
                33.73017055800941
              ],
              [
                -42.54914434157211,
                33.77914544427104
              ],
              [
                -42.66490316364504,
                33.761336394721354
              ],
              [
                -42.77175746094313,
                33.72126603323458
              ],
              [
                -42.82963687197959,
                33.66783888458553
              ],
              [
                -42.918682119728,
                33.592150423999385
              ],
              [
                -42.932038906890256,
                33.52091422580066
              ],
              [
                -42.93649116927767,
                33.436321240439675
              ],
              [
                -42.923134382115414,
                33.356180517466115
              ],
              [
                -42.887516283016055,
                33.267135269717706
              ],
              [
                -42.97210926837704,
                33.222612645843505
              ],
              [
                -42.98991831792672,
                33.222612645843505
              ],
              [
                -43.114581664774484,
                33.186994546744145
              ],
              [
                -43.19472238774805,
                33.19144680913156
              ],
              [
                -43.279315373109036,
                33.20480359629382
              ],
              [
                -43.368360620857445,
                33.209255858681246
              ],
              [
                -43.448501343831005,
                33.231517170618346
              ],
              [
                -43.60878278977814,
                33.307205631204496
              ],
              [
                -43.715637087076225,
                33.36953730462838
              ],
              [
                -43.76461197333785,
                33.42741671566485
              ],
              [
                -43.81803912198689,
                33.48084386431389
              ],
              [
                -43.83584817153657,
                33.53872327535035
              ],
              [
                -43.83139590914915,
                33.601054948774234
              ],
              [
                -43.804682334824626,
                33.6589343598107
              ],
              [
                -43.79577781004979,
                33.725718295622
              ],
              [
                -43.77796876050011,
                33.779145444271045
              ],
              [
                -43.724541611851066,
                33.81921580575783
              ],
              [
                -43.715637087076225,
                33.86819069201945
              ],
              [
                -43.72008934946364,
                33.899356528731396
              ],
              [
                -43.74680292378817,
                33.93052236544334
              ],
              [
                -43.80023007243721,
                33.934974627830755
              ],
              [
                -43.88927532018562,
                33.9661404645427
              ],
              [
                -43.96051151838434,
                34.0106630884169
              ],
              [
                -44.01393866703338,
                34.113065123327566
              ],
              [
                -44.018390929420804,
                34.25108525733759
              ],
              [
                -44.03174771658306,
                34.4069144408973
              ],
              [
                -44.12524522671889,
                34.553839099682165
              ],
              [
                -44.227647261629556,
                34.651788872205415
              ],
              [
                -44.33450155892764,
                34.74083411995382
              ],
              [
                -44.42354680667604,
                34.76754769427834
              ],
              [
                -44.49923526726219,
                34.8031657933777
              ],
              [
                -44.530401103974135,
                34.83433163008964
              ],
              [
                -44.579375990235754,
                34.89666330351353
              ],
              [
                -44.610541826947696,
                34.93673366500031
              ],
              [
                -44.610541826947696,
                35.00351760081161
              ],
              [
                -44.59273277739802,
                35.03023117513614
              ],
              [
                -44.54821015352381,
                35.10146737333486
              ],
              [
                -44.50368752964961,
                35.177155833921006
              ],
              [
                -44.49478300487477,
                35.23948750734489
              ],
              [
                -44.48142621771251,
                35.324080492705875
              ],
              [
                -44.46806943055025,
                35.37750764135492
              ],
              [
                -44.49033074248735,
                35.43093479000396
              ],
              [
                -44.53930562874898,
                35.4621006267159
              ],
              [
                -44.61499408933512,
                35.484361938653
              ],
              [
                -44.73075291140805,
                35.49771872581526
              ],
              [
                -44.77527553528225,
                35.493266463427844
              ],
              [
                -44.86432078303066,
                35.484361938653
              ],
              [
                -44.94891376839164,
                35.479909676265585
              ],
              [
                -45.02014996659036,
                35.502170988202685
              ],
              [
                -45.0513158033023,
                35.515527775364944
              ],
              [
                -45.10029068956393,
                35.546693612076886
              ],
              [
                -45.10474295195135,
                35.56895492401399
              ],
              [
                -45.0290544913652,
                35.60012076072593
              ],
              [
                -44.92665245645453,
                35.635738859825295
              ],
              [
                -44.87322530780549,
                35.64019112221271
              ],
              [
                -44.77082327289483,
                35.68471374608691
              ],
              [
                -44.71294386185836,
                35.71142732041144
              ],
              [
                -44.677325762759004,
                35.73368863234854
              ],
              [
                -44.66396897559674,
                35.77821125622274
              ],
              [
                -44.69513481230868,
                35.81828161770952
              ],
              [
                -44.79753684721935,
                35.849447454421465
              ],
              [
                -44.83760720870613,
                35.86725650397115
              ],
              [
                -44.922200194067116,
                35.88951781590825
              ],
              [
                -44.96672281794132,
                35.89842234068309
              ],
              [
                -44.97562734271616,
                35.92068365262019
              ],
              [
                -44.94446150600422,
                35.969658538881816
              ],
              [
                -44.84651173348097,
                36.00972890036859
              ],
              [
                -44.80198910960677,
                36.02308568753086
              ],
              [
                -44.69513481230868,
                36.0542515242428
              ],
              [
                -44.59273277739802,
                36.08096509856732
              ],
              [
                -44.530401103974135,
                36.08986962334216
              ],
              [
                -44.48142621771251,
                36.098774148117
              ],
              [
                -44.3478583460899,
                36.10322641050442
              ],
              [
                -44.285526672666016,
                36.08096509856732
              ],
              [
                -44.276622147891175,
                36.0765128361799
              ],
              [
                -44.205385949692456,
                36.09432188572958
              ],
              [
                -44.15641106343083,
                36.13439224721636
              ],
              [
                -44.14750653865599,
                36.17001034631573
              ],
              [
                -44.218742736854715,
                36.29022143077607
              ],
              [
                -44.343406083702476,
                36.43714608956094
              ],
              [
                -44.37902418280184,
                36.48612097582256
              ],
              [
                -44.419094544288626,
                36.57516622357097
              ],
              [
                -44.432451331450885,
                36.64195015938227
              ],
              [
                -44.44135585622573,
                36.68202052086905
              ],
              [
                -44.370119658027,
                36.71763861996842
              ],
              [
                -44.33004929654022,
                36.735447669518095
              ],
              [
                -44.276622147891175,
                36.76661350623004
              ],
              [
                -44.20983821207987,
                36.882372328302964
              ],
              [
                -44.20983821207987,
                36.90018137785265
              ],
              [
                -44.20538594969245,
                37.03374924947526
              ],
              [
                -44.22319499924213,
                37.11388997244882
              ],
              [
                -44.23655178640439,
                37.136151284385924
              ],
              [
                -44.27216988550376,
                37.194030695422384
              ],
              [
                -44.31669250937796,
                37.22074426974691
              ],
              [
                -44.432451331450885,
                37.238553319296585
              ],
              [
                -44.490330742487345,
                37.25191010645885
              ],
              [
                -44.588280515010595,
                37.27417141839595
              ],
              [
                -44.65061218843448,
                37.30978951749531
              ],
              [
                -44.6995870746961,
                37.36321666614435
              ],
              [
                -44.735205173795464,
                37.43000060195566
              ],
              [
                -44.74856196095772,
                37.51014132492922
              ],
              [
                -44.77082327289482,
                37.63035240938957
              ],
              [
                -44.766371010507406,
                37.7461112314625
              ],
              [
                -44.77082327289482,
                37.7906338553367
              ],
              [
                -44.87322530780549,
                37.88413136547253
              ],
              [
                -44.95336603077906,
                37.92865398934673
              ],
              [
                -44.993436392265835,
                37.94201077650899
              ],
              [
                -45.1180997391136,
                37.95091530128383
              ],
              [
                -45.22050177402427,
                37.95091530128383
              ],
              [
                -45.32290380893494,
                37.93310625173415
              ],
              [
                -45.394140007133664,
                37.897488152634786
              ],
              [
                -45.527707878756274,
                37.866322315922844
              ],
              [
                -45.66127575037888,
                37.817347429661226
              ],
              [
                -45.83491398348827,
                37.75056349384992
              ],
              [
                -45.83936624587569,
                37.75056349384992
              ],
              [
                -45.94622054317378,
                37.7238499195254
              ],
              [
                -46.110954251508325,
                37.65706598371409
              ],
              [
                -46.18219044970705,
                37.65706598371409
              ],
              [
                -46.311306058942236,
                37.65706598371409
              ],
              [
                -46.38254225714096,
                37.639256934164415
              ],
              [
                -46.44932619295227,
                37.63035240938957
              ],
              [
                -46.50275334160131,
                37.62144788461473
              ],
              [
                -46.600703114124556,
                37.60363883506505
              ],
              [
                -46.6096076388994,
                37.59918657267763
              ],
              [
                -46.6318689508365,
                37.53685489925375
              ],
              [
                -46.61851216367424,
                37.49678453776696
              ],
              [
                -46.57398953980003,
                37.46561870105502
              ],
              [
                -46.53837144070067,
                37.44335738911792
              ],
              [
                -46.48939655443905,
                37.43000060195566
              ],
              [
                -46.458230717727105,
                37.39883476524372
              ],
              [
                -46.47158750488937,
                37.336503091819836
              ],
              [
                -46.52946691592583,
                37.305337255107894
              ],
              [
                -46.5650850150252,
                37.24300558168401
              ],
              [
                -46.556180490250355,
                37.225196532134326
              ],
              [
                -46.48939655443905,
                37.202935220197226
              ],
              [
                -46.444873930564846,
                37.18957843303497
              ],
              [
                -46.3246628461045,
                37.16286485871044
              ],
              [
                -46.24897438551835,
                37.14950807154818
              ],
              [
                -46.19109497448189,
                37.1316990219985
              ],
              [
                -46.11540651389575,
                37.12279449722366
              ],
              [
                -46.01300447898508,
                37.10498544767398
              ],
              [
                -45.955125067948615,
                37.09608092289914
              ],
              [
                -45.87943660736247,
                37.07381961096204
              ],
              [
                -45.852723033037954,
                37.038201511862674
              ],
              [
                -45.852723033037954,
                36.99813115037589
              ],
              [
                -45.89279339452473,
                36.94470400172685
              ],
              [
                -45.964029592723456,
                36.882372328302964
              ],
              [
                -45.98629090466056,
                36.85120649159102
              ],
              [
                -46.07978841479638,
                36.74880445668036
              ],
              [
                -46.10650198912091,
                36.72654314474326
              ],
              [
                -46.17328592493221,
                36.655306946544535
              ],
              [
                -46.27123569745545,
                36.61078432267033
              ],
              [
                -46.3246628461045,
                36.557357174021284
              ],
              [
                -46.3691854699787,
                36.521739074921925
              ],
              [
                -46.48494429205163,
                36.56180943640871
              ],
              [
                -46.5650850150252,
                36.61078432267033
              ],
              [
                -46.60515537651197,
                36.62414110983259
              ],
              [
                -46.76543682245911,
                36.677568258481635
              ],
              [
                -46.77879360962137,
                36.68202052086905
              ],
              [
                -46.84112528304525,
                36.70428183280615
              ],
              [
                -46.92126600601882,
                36.71763861996842
              ],
              [
                -46.98804994183012,
                36.77551803100488
              ],
              [
                -47.059286140028846,
                36.81558839249166
              ],
              [
                -47.094904239128205,
                36.85120649159102
              ],
              [
                -47.11271328867789,
                36.88682459069039
              ],
              [
                -47.14387912538983,
                36.91799042740233
              ],
              [
                -47.20175853642629,
                36.935799476952006
              ],
              [
                -47.27744699701244,
                36.94025173933943
              ],
              [
                -47.32642188327406,
                36.935799476952006
              ],
              [
                -47.35313545759858,
                36.91799042740233
              ],
              [
                -47.442180705346985,
                36.90018137785265
              ],
              [
                -47.51341690354571,
                36.87346780352813
              ],
              [
                -47.53567821548281,
                36.81558839249166
              ],
              [
                -47.540130477870235,
                36.73989993190552
              ],
              [
                -47.54458274025765,
                36.61968884744517
              ],
              [
                -47.54458274025765,
                36.59742753550807
              ],
              [
                -47.55793952741991,
                36.535095862084184
              ],
              [
                -47.562391789807336,
                36.48166871343514
              ],
              [
                -47.57129631458218,
                36.405980252849
              ],
              [
                -47.584653101744436,
                36.37926667852447
              ],
              [
                -47.598009888906695,
                36.352553104199956
              ],
              [
                -47.620271200843796,
                36.33474405465027
              ],
              [
                -47.65588929994316,
                36.343648579425114
              ],
              [
                -47.71376871097962,
                36.401527990461574
              ],
              [
                -47.744934547691564,
                36.48612097582256
              ],
              [
                -47.75829133485382,
                36.52619133730934
              ],
              [
                -47.776100384403506,
                36.60187979789549
              ],
              [
                -47.79390943395319,
                36.65975920893195
              ],
              [
                -47.80726622111545,
                36.73099540713068
              ],
              [
                -47.81171848350287,
                36.77106576861746
              ],
              [
                -47.82507527066513,
                36.79777934294198
              ],
              [
                -47.887406944089015,
                36.83784970442876
              ],
              [
                -47.94083409273806,
                36.8022316053294
              ],
              [
                -48.034331602873884,
                36.71763861996842
              ],
              [
                -48.0833064891355,
                36.677568258481635
              ],
              [
                -48.15899494972165,
                36.64640242176969
              ],
              [
                -48.37715580670525,
                36.633045634607434
              ],
              [
                -48.470653316841066,
                36.62859337222002
              ],
              [
                -48.55079403981463,
                36.610784322670334
              ],
              [
                -48.6531960747253,
                36.59297527312065
              ],
              [
                -48.715527748149185,
                36.575166223570974
              ],
              [
                -48.80902525828501,
                36.54400038685903
              ],
              [
                -48.89807050603341,
                36.51283455014709
              ],
              [
                -48.929236342745355,
                36.46831192627289
              ],
              [
                -48.93368860513278,
                36.428241564786106
              ],
              [
                -48.973758966619556,
                36.36590989136222
              ],
              [
                -48.996020278556664,
                36.330291792262855
              ],
              [
                -49.05389968959312,
                36.32138726748802
              ],
              [
                -49.16075398689121,
                36.32583952987544
              ],
              [
                -49.276512808964135,
                36.33474405465028
              ],
              [
                -49.365558056712544,
                36.34810084181254
              ],
              [
                -49.47241235401063,
                36.34364857942512
              ],
              [
                -49.552553076984196,
                36.32138726748802
              ],
              [
                -49.64605058712002,
                36.32138726748802
              ],
              [
                -49.76180940919295,
                36.33474405465028
              ],
              [
                -49.855306919328775,
                36.34364857942512
              ],
              [
                -49.890925018428135,
                36.34810084181254
              ],
              [
                -49.99777931572622,
                36.3837189409119
              ],
              [
                -50.02894515243816,
                36.42378930239868
              ],
              [
                -50.07792003869979,
                36.45940740149805
              ],
              [
                -50.11353813779915,
                36.499477762984824
              ],
              [
                -50.16251302406077,
                36.52619133730935
              ],
              [
                -50.2560105341966,
                36.54845264924645
              ],
              [
                -50.29162863329596,
                36.54845264924645
              ],
              [
                -50.38957840581921,
                36.530643599696766
              ],
              [
                -50.43410102969341,
                36.530643599696766
              ],
              [
                -50.52314627744181,
                36.56180943640871
              ],
              [
                -50.652261886677,
                36.597427535508075
              ],
              [
                -50.69233224816378,
                36.60187979789549
              ],
              [
                -50.763568446362505,
                36.60633206028292
              ],
              [
                -50.79918654546187,
                36.575166223570974
              ],
              [
                -50.87932726843543,
                36.54400038685903
              ],
              [
                -50.910493105147374,
                36.53954812447161
              ],
              [
                -50.99063382812094,
                36.584070748345816
              ],
              [
                -51.0262519272203,
                36.619688847445175
              ],
              [
                -51.05741776393224,
                36.641950159382276
              ],
              [
                -51.110844912581285,
                36.65975920893196
              ],
              [
                -51.15091527406807,
                36.655306946544535
              ],
              [
                -51.19543789794227,
                36.62414110983259
              ],
              [
                -51.22660373465421,
                36.56180943640871
              ],
              [
                -51.231055997041636,
                36.52619133730935
              ],
              [
                -51.23996052181648,
                36.450502876723206
              ],
              [
                -51.244412784203895,
                36.40152799046158
              ],
              [
                -51.377980655826505,
                36.3169350051006
              ],
              [
                -51.42695554208812,
                36.2946736931635
              ],
              [
                -51.48483495312459,
                36.24124654451445
              ],
              [
                -51.52045305222395,
                36.20117618302768
              ],
              [
                -51.59614151281009,
                36.15220129676605
              ],
              [
                -51.636211874296876,
                36.09877414811701
              ],
              [
                -51.6406641366843,
                36.04089473708054
              ],
              [
                -51.66737771100882,
                36.00527663798118
              ],
              [
                -51.67182997339624,
                35.96075401410698
              ],
              [
                -51.68073449817108,
                35.925135915007615
              ],
              [
                -51.7297093844327,
                35.8984223406831
              ],
              [
                -51.805397845018845,
                35.880613291133415
              ],
              [
                -51.89889535515467,
                35.880613291133415
              ],
              [
                -51.952322503803714,
                35.867256503971156
              ],
              [
                -52.028010964389864,
                35.867256503971156
              ],
              [
                -52.10369942497601,
                35.880613291133415
              ],
              [
                -52.16157883601247,
                35.89397007829567
              ],
              [
                -52.206101459886675,
                35.9206836526202
              ],
              [
                -52.228362771823775,
                35.969658538881816
              ],
              [
                -52.23281503421119,
                36.0319902123057
              ],
              [
                -52.22391050943635,
                36.080965098567326
              ],
              [
                -52.17493562317473,
                36.17446260870315
              ],
              [
                -52.15712657362505,
                36.18781939586541
              ],
              [
                -52.07698585065148,
                36.24124654451445
              ],
              [
                -52.01910643961502,
                36.26350785645156
              ],
              [
                -51.9701315533534,
                36.28576916838866
              ],
              [
                -51.90779987992951,
                36.3169350051006
              ],
              [
                -51.86772951844273,
                36.361457628974804
              ],
              [
                -51.84101594411821,
                36.397075728074164
              ],
              [
                -51.84546820650563,
                36.46385966388547
              ],
              [
                -51.916704404704355,
                36.54400038685903
              ],
              [
                -51.974583815740814,
                36.575166223570974
              ],
              [
                -52.085890375426324,
                36.61523658505776
              ],
              [
                -52.219458247048934,
                36.67756825848164
              ],
              [
                -52.286242182860235,
                36.713186357581
              ],
              [
                -52.37083516822122,
                36.76216124384263
              ],
              [
                -52.42871457925769,
                36.79777934294199
              ],
              [
                -52.49995077745641,
                36.864563278753295
              ],
              [
                -52.54447340133061,
                36.90463364024008
              ],
              [
                -52.60235281236707,
                36.94025173933944
              ],
              [
                -52.6290663866916,
                36.95806078888912
              ],
              [
                -52.68694579772806,
                36.975869838438804
              ],
              [
                -52.74927747115194,
                36.94025173933944
              ],
              [
                -52.753729733539366,
                36.886824590690395
              ],
              [
                -52.767086520701625,
                36.81113613010425
              ],
              [
                -52.79825235741357,
                36.713186357581
              ],
              [
                -52.82941819412551,
                36.650854684157125
              ],
              [
                -52.86948855561229,
                36.61078432267034
              ],
              [
                -52.91846344187392,
                36.561809436408716
              ],
              [
                -52.958533803360694,
                36.54400038685903
              ],
              [
                -52.99860416484748,
                36.48166871343515
              ],
              [
                -53.02086547678458,
                36.45940740149805
              ],
              [
                -53.01196095200974,
                36.37926667852449
              ],
              [
                -52.98524737768522,
                36.32583952987544
              ],
              [
                -52.922915704261335,
                36.27686464361382
              ],
              [
                -52.89620212993681,
                36.25905559406414
              ],
              [
                -52.83832271890035,
                36.250151069289295
              ],
              [
                -52.80270461980099,
                36.250151069289295
              ],
              [
                -52.753729733539366,
                36.250151069289295
              ],
              [
                -52.709207109665165,
                36.24124654451445
              ],
              [
                -52.62461412430417,
                36.22343749496478
              ],
              [
                -52.58009150042997,
                36.17891487109057
              ],
              [
                -52.57118697565513,
                36.13884450960379
              ],
              [
                -52.588996025204814,
                36.080965098567326
              ],
              [
                -52.66913674817838,
                36.036442474693125
              ],
              [
                -52.722563896827424,
                36.02753794991828
              ],
              [
                -52.767086520701625,
                36.0319902123057
              ],
              [
                -53.01641321439716,
                36.11213093527927
              ],
              [
                -53.2657399080927,
                36.21008070780251
              ],
              [
                -53.30135800719206,
                36.23234201973962
              ],
              [
                -53.40821230449014,
                36.27686464361382
              ],
              [
                -53.47499624030145,
                36.30803048032576
              ],
              [
                -53.595207324761795,
                36.33474405465028
              ],
              [
                -53.63527768624858,
                36.31248274271318
              ],
              [
                -53.67534804773536,
                36.25460333167672
              ],
              [
                -53.71096614683472,
                36.22343749496478
              ],
              [
                -53.773297820258605,
                36.21898523257735
              ],
              [
                -53.84898628084475,
                36.25905559406414
              ],
              [
                -53.906865691881215,
                36.26350785645156
              ],
              [
                -53.95584057814284,
                36.26350785645156
              ],
              [
                -54.00036320201704,
                36.236794282127036
              ],
              [
                -54.062694875440926,
                36.16110582154089
              ],
              [
                -54.053790350666084,
                36.147749034378634
              ],
              [
                -54.00036320201704,
                36.094321885729585
              ],
              [
                -53.96029284053026,
                36.02753794991828
              ],
              [
                -53.942483790980575,
                35.969658538881816
              ],
              [
                -53.920222479043474,
                35.902874603070515
              ],
              [
                -53.893508904718956,
                35.84054292964663
              ],
              [
                -53.884604379944115,
                35.760402206673064
              ],
              [
                -53.88905664233153,
                35.72033184518629
              ],
              [
                -53.99591093962962,
                35.62238207266304
              ],
              [
                -54.0359813011164,
                35.58676397356368
              ],
              [
                -54.120574286477385,
                35.53778908730205
              ],
              [
                -54.15619238557675,
                35.49326646342785
              ],
              [
                -54.23633310855031,
                35.44874383955365
              ],
              [
                -54.24968989571258,
                35.444291577166226
              ],
              [
                -54.32537835629872,
                35.46210062671591
              ],
              [
                -54.45004170314649,
                35.48436193865301
              ],
              [
                -54.47675527747101,
                35.488814201040434
              ],
              [
                -54.54799147566973,
                35.49326646342785
              ],
              [
                -54.601418624318775,
                35.49326646342785
              ],
              [
                -54.645941248192976,
                35.51552777536495
              ],
              [
                -54.668202560130084,
                35.56450266162658
              ],
              [
                -54.67710708490492,
                35.644643384600144
              ],
              [
                -54.6503935105804,
                35.6802614836995
              ],
              [
                -54.61032314909362,
                35.72033184518629
              ],
              [
                -54.57470504999426,
                35.760402206673064
              ],
              [
                -54.521277901345215,
                35.79602030577243
              ],
              [
                -54.46339849030875,
                35.836090667259214
              ],
              [
                -54.401066816884864,
                35.86280424158373
              ],
              [
                -54.35654419301066,
                35.858351979196314
              ],
              [
                -54.28530799481194,
                35.82718614248437
              ],
              [
                -54.245237633325154,
                35.80937709293469
              ],
              [
                -54.187358222288694,
                35.83163840487179
              ],
              [
                -54.15174012318933,
                35.91177912784536
              ],
              [
                -54.14728786080191,
                35.95184948933214
              ],
              [
                -54.19181048467611,
                36.049799261855384
              ],
              [
                -54.21407179661321,
                36.12103546005411
              ],
              [
                -54.23633310855031,
                36.20117618302768
              ],
              [
                -54.23633310855031,
                36.29912595555092
              ],
              [
                -54.231880846162895,
                36.339196317037704
              ],
              [
                -54.29421251958678,
                36.428241564786106
              ],
              [
                -54.3209260939113,
                36.46831192627289
              ],
              [
                -54.365448717785505,
                36.5796184859584
              ],
              [
                -54.36990098017292,
                36.61968884744518
              ],
              [
                -54.374353242560346,
                36.686472783256484
              ],
              [
                -54.39661455449745,
                36.739899931905526
              ],
              [
                -54.47230301508359,
                36.739899931905526
              ],
              [
                -54.521277901345215,
                36.717638619968426
              ],
              [
                -54.59251409954393,
                36.6909250456439
              ],
              [
                -54.6949161344546,
                36.650854684157125
              ],
              [
                -54.770604595040744,
                36.61523658505776
              ],
              [
                -54.881911154726254,
                36.597427535508075
              ],
              [
                -54.93979056576271,
                36.584070748345816
              ],
              [
                -55.01102676396144,
                36.56626169879613
              ],
              [
                -55.06445391261048,
                36.51283455014709
              ],
              [
                -55.10897653648469,
                36.45940740149805
              ],
              [
                -55.14014237319663,
                36.41488477762385
              ],
              [
                -55.14459463558405,
                36.35700536658738
              ],
              [
                -55.126785586034366,
                36.29912595555092
              ],
              [
                -55.082262962160165,
                36.21898523257735
              ],
              [
                -55.037740338285964,
                36.14329677199121
              ],
              [
                -55.01102676396144,
                36.103226410504426
              ],
              [
                -55.015479026348864,
                35.996372113206334
              ],
              [
                -55.01993128873628,
                35.95630175171955
              ],
              [
                -55.06445391261048,
                35.91623139023277
              ],
              [
                -55.126785586034366,
                35.89842234068309
              ],
              [
                -55.28706703198149,
                35.84499519203404
              ],
              [
                -55.32713739346828,
                35.82273388009694
              ],
              [
                -55.38056454211733,
                35.79602030577242
              ],
              [
                -55.44734847792863,
                35.7470454195108
              ],
              [
                -55.518584676127354,
                35.69807053324917
              ],
              [
                -55.52303693851477,
                35.65354790937497
              ],
              [
                -55.540845988064454,
                35.59121623595109
              ],
              [
                -55.55420277522671,
                35.524432300139786
              ],
              [
                -55.598725399100914,
                35.479909676265585
              ],
              [
                -55.6387957605877,
                35.45319610194106
              ],
              [
                -55.696675171624165,
                35.44429157716622
              ],
              [
                -55.74565005788578,
                35.44429157716622
              ],
              [
                -55.84359983040903,
                35.47545741387816
              ],
              [
                -55.92819281577002,
                35.493266463427844
              ],
              [
                -55.9905244891939,
                35.5066232505901
              ],
              [
                -56.052856162617786,
                35.53333682491463
              ],
              [
                -56.07511747455489,
                35.59121623595109
              ],
              [
                -56.08402199932973,
                35.64464338460013
              ],
              [
                -56.07066521216746,
                35.715879582798856
              ],
              [
                -56.079569736942304,
                35.7693067314479
              ],
              [
                -56.15971045991587,
                35.79602030577242
              ],
              [
                -56.22649439572717,
                35.81828161770952
              ],
              [
                -56.29327833153848,
                35.840542929646624
              ],
              [
                -56.35115774257494,
                35.85389971680888
              ],
              [
                -56.40458489122398,
                35.862804241583724
              ],
              [
                -56.51143918852207,
                35.88951781590825
              ],
              [
                -56.54260502523401,
                35.893970078295666
              ],
              [
                -56.6494593225321,
                35.94294496455729
              ],
              [
                -56.716243258343404,
                35.96520627649439
              ],
              [
                -56.76967040699245,
                35.983015326044075
              ],
              [
                -56.81419303086665,
                36.00082437559375
              ],
              [
                -56.929951852939574,
                36.054251524242794
              ],
              [
                -56.99228352636346,
                36.09432188572958
              ],
              [
                -57.05906746217477,
                36.11213093527926
              ],
              [
                -57.116946873211226,
                36.1432967719912
              ],
              [
                -57.16146949708543,
                36.1655580839283
              ],
              [
                -57.28168058154578,
                36.210080707802504
              ],
              [
                -57.34846451735708,
                36.218985232577346
              ],
              [
                -57.419700715555805,
                36.232342019739605
              ],
              [
                -57.51765048807905,
                36.25905559406413
              ],
              [
                -57.566625374340674,
                36.28131690600123
              ],
              [
                -57.64231383492682,
                36.29912595555091
              ],
              [
                -57.744715869837485,
                36.30357821793833
              ],
              [
                -57.82485659281105,
                36.308030480325755
              ],
              [
                -57.87383147907267,
                36.29912595555091
              ],
              [
                -57.96287672682108,
                36.29912595555091
              ],
              [
                -58.011851613082705,
                36.30357821793833
              ],
              [
                -58.047469712182064,
                36.30357821793833
              ],
              [
                -58.10980138560595,
                36.31248274271317
              ],
              [
                -58.17658532141725,
                36.3391963170377
              ],
              [
                -58.22110794529146,
                36.3837189409119
              ],
              [
                -58.247821519615975,
                36.405980252849
              ],
              [
                -58.27898735632792,
                36.44159835194836
              ],
              [
                -58.28789188110276,
                36.45495513911062
              ],
              [
                -58.314605455427284,
                36.486120975822566
              ],
              [
                -58.34577129213922,
                36.50393002537224
              ],
              [
                -58.381389391238585,
                36.51728681253451
              ],
              [
                -58.43036427750021,
                36.508382287759666
              ],
              [
                -58.51050500047377,
                36.486120975822566
              ],
              [
                -58.58619346105991,
                36.46831192627288
              ],
              [
                -58.63962060970896,
                36.45940740149804
              ],
              [
                -58.693047758358006,
                36.43714608956094
              ],
              [
                -58.764283956556724,
                36.3837189409119
              ],
              [
                -58.79990205565609,
                36.365909891362215
              ],
              [
                -58.88004277862965,
                36.343648579425114
              ],
              [
                -58.93792218966612,
                36.321387267488014
              ],
              [
                -58.995801600702585,
                36.316935005100596
              ],
              [
                -59.08039458606357,
                36.316935005100596
              ],
              [
                -59.12936947232519,
                36.316935005100596
              ],
              [
                -59.20060567052391,
                36.33474405465027
              ],
              [
                -59.2629373439478,
                36.374814416137056
              ],
              [
                -59.31636449259684,
                36.41488477762384
              ],
              [
                -59.34753032930878,
                36.45495513911062
              ],
              [
                -59.400957477957824,
                36.508382287759666
              ],
              [
                -59.44993236421945,
                36.57961848595839
              ],
              [
                -59.48109820093139,
                36.61968884744517
              ],
              [
                -59.50335951286849,
                36.699829570418736
              ],
              [
                -59.50781177525591,
                36.73989993190552
              ],
              [
                -59.534525349580434,
                36.7799702933923
              ],
              [
                -59.59240476061691,
                36.84230196681619
              ],
              [
                -59.61911833494143,
                36.88237232830297
              ],
              [
                -59.69035453314015,
                36.91353816501491
              ],
              [
                -59.72597263223952,
                36.91353816501491
              ],
              [
                -59.7660429937263,
                36.91353816501491
              ],
              [
                -59.8105656176005,
                36.90463364024007
              ],
              [
                -59.8328269295376,
                36.877920065915546
              ],
              [
                -59.86844502863697,
                36.84230196681619
              ],
              [
                -59.89515860296149,
                36.80668386771682
              ],
              [
                -59.91741991489859,
                36.7799702933923
              ],
              [
                -60.00691038888573,
                36.73411199080188
              ]
            ],
            [
              [
                -51.19107991666318,
                35.87711184944917
              ],
              [
                -51.03703163805842,
                35.98485659922474
              ],
              [
                -50.97915222702196,
                35.989308861612166
              ],
              [
                -50.912368291210655,
                35.980404336837324
              ],
              [
                -50.84558435539935,
                35.958143024900224
              ],
              [
                -50.80996625629999,
                35.94923850012538
              ],
              [
                -50.79660946913773,
                35.93588171296312
              ],
              [
                -50.743182320488685,
                35.8869068267015
              ],
              [
                -50.7031119590019,
                35.846836465214714
              ],
              [
                -50.7031119590019,
                35.811218366115355
              ],
              [
                -50.71201648377674,
                35.77560026701599
              ],
              [
                -50.71646874616417,
                35.71772085597953
              ],
              [
                -50.734277795713844,
                35.677650494492745
              ],
              [
                -50.77880041958805,
                35.61531882106886
              ],
              [
                -50.80106173152515,
                35.5797007219695
              ],
              [
                -50.83667983062451,
                35.53963036048272
              ],
              [
                -50.87229792972387,
                35.46839416228399
              ],
              [
                -50.899011504048396,
                35.40161022647269
              ],
              [
                -50.90791602882324,
                35.374896652148166
              ],
              [
                -50.876750192111295,
                35.321469503499124
              ],
              [
                -50.84558435539935,
                35.308112716336865
              ],
              [
                -50.82777530584967,
                35.30366045394944
              ],
              [
                -50.76989589481321,
                35.28585140439976
              ],
              [
                -50.7031119590019,
                35.28585140439976
              ],
              [
                -50.6363280231906,
                35.29030366678718
              ],
              [
                -50.573996349766716,
                35.29920819156202
              ],
              [
                -50.39145359188248,
                35.33927855304881
              ],
              [
                -50.240076670710195,
                35.365992127373325
              ],
              [
                -50.16884047251147,
                35.38380117692301
              ],
              [
                -50.11541332386243,
                35.410514751247526
              ],
              [
                -49.89725246687884,
                35.43277606318463
              ],
              [
                -49.777041382418496,
                35.410514751247526
              ],
              [
                -49.665734822732986,
                35.39715796408527
              ],
              [
                -49.487644327236175,
                35.40161022647269
              ],
              [
                -49.36298098038841,
                35.410514751247526
              ],
              [
                -49.23831763354064,
                35.43277606318463
              ],
              [
                -49.14927238579224,
                35.45948963750915
              ],
              [
                -49.029061301331886,
                35.49065547422109
              ],
              [
                -48.9222070040338,
                35.53072583570788
              ],
              [
                -48.75747329569925,
                35.57079619719466
              ],
              [
                -48.68623709750053,
                35.59750977151918
              ],
              [
                -48.64171447362632,
                35.642032395393386
              ],
              [
                -48.60164411213954,
                35.699911806429846
              ],
              [
                -48.54376470110308,
                35.77560026701599
              ],
              [
                -48.517051126778554,
                35.85128872760213
              ],
              [
                -48.517051126778554,
                35.891359089088915
              ],
              [
                -48.45026719096725,
                35.967047549675065
              ],
              [
                -48.40574456709305,
                36.00711791116184
              ],
              [
                -48.32115158173207,
                36.038283747873784
              ],
              [
                -48.25881990830818,
                36.03383148548637
              ],
              [
                -48.134156561460415,
                36.04273601026121
              ],
              [
                -48.11634751191073,
                36.04273601026121
              ],
              [
                -47.987231902675546,
                36.038283747873784
              ],
              [
                -47.920447966864245,
                36.02047469832411
              ],
              [
                -47.867020818215195,
                35.99376112399958
              ],
              [
                -47.773523308079376,
                35.94478623773796
              ],
              [
                -47.74235747136743,
                35.8646455147644
              ],
              [
                -47.72454842181775,
                35.80676610372793
              ],
              [
                -47.68447806033097,
                35.74443443030405
              ],
              [
                -47.653312223619025,
                35.68655501926759
              ],
              [
                -47.61324186213224,
                35.60641429629402
              ],
              [
                -47.57317150064546,
                35.557439410032394
              ],
              [
                -47.47967399050963,
                35.535178098095294
              ],
              [
                -47.39953326753607,
                35.508464523770776
              ],
              [
                -47.319392544562504,
                35.486203211833676
              ],
              [
                -47.27932218307572,
                35.477298687058834
              ],
              [
                -47.185824672939894,
                35.46394189989657
              ],
              [
                -47.09677942519149,
                35.45058511273431
              ],
              [
                -46.981020603118566,
                35.45058511273431
              ],
              [
                -46.91868892969468,
                35.45058511273431
              ],
              [
                -46.88752309298274,
                35.45948963750915
              ],
              [
                -46.8118346323966,
                35.477298687058834
              ],
              [
                -46.72724164703561,
                35.47284642467141
              ],
              [
                -46.611482824962685,
                35.43277606318463
              ],
              [
                -46.54024662676396,
                35.410514751247526
              ],
              [
                -46.455653641402975,
                35.410514751247526
              ],
              [
                -46.411131017528774,
                35.410514751247526
              ],
              [
                -46.38441744320425,
                35.42387153840979
              ],
              [
                -46.35325160649231,
                35.45948963750915
              ],
              [
                -46.344347081717466,
                35.486203211833676
              ],
              [
                -46.344347081717466,
                35.521821310933035
              ],
              [
                -46.357703868879724,
                35.57524845958208
              ],
              [
                -46.38886970559167,
                35.610866558681444
              ],
              [
                -46.42894006707845,
                35.65093692016822
              ],
              [
                -46.491271740502334,
                35.73107764314179
              ],
              [
                -46.522437577214276,
                35.78450479179083
              ],
              [
                -46.5491511515388,
                35.869097777151815
              ],
              [
                -46.55360341392622,
                35.91807266341344
              ],
              [
                -46.53134210198912,
                35.958143024900224
              ],
              [
                -46.51798531482686,
                35.97149981206248
              ],
              [
                -46.49572400288976,
                35.99376112399958
              ],
              [
                -46.41558327991619,
                36.038283747873784
              ],
              [
                -46.357703868879724,
                36.069449584585726
              ],
              [
                -46.16180432383324,
                36.10506768368509
              ],
              [
                -46.11728169995903,
                36.08280637174799
              ],
              [
                -45.974809303561585,
                36.060545059810885
              ],
              [
                -45.863502743876076,
                36.038283747873784
              ],
              [
                -45.774457496127674,
                36.011570173549266
              ],
              [
                -45.707673560316366,
                35.98485659922474
              ],
              [
                -45.62308057495538,
                35.92697718818828
              ],
              [
                -45.59191473824344,
                35.87800230192666
              ],
              [
                -45.53403532720698,
                35.80231384134051
              ],
              [
                -45.48951270333278,
                35.72662538075437
              ],
              [
                -45.427181029908894,
                35.65984144494306
              ],
              [
                -45.382658406034686,
                35.610866558681444
              ],
              [
                -45.37820614364727,
                35.544082622870135
              ],
              [
                -45.396015193196945,
                35.49510773660851
              ],
              [
                -45.43163329229631,
                35.45948963750915
              ],
              [
                -45.516226277657296,
                35.45058511273431
              ],
              [
                -45.5830102134686,
                35.455037375121734
              ],
              [
                -45.663150936442165,
                35.46394189989657
              ],
              [
                -45.74329165941573,
                35.45948963750915
              ],
              [
                -45.805623332839616,
                35.455037375121734
              ],
              [
                -45.88131179342576,
                35.42387153840979
              ],
              [
                -45.91692989252512,
                35.37934891453558
              ],
              [
                -45.91692989252512,
                35.33927855304881
              ],
              [
                -45.9124776301377,
                35.27694687962492
              ],
              [
                -45.9124776301377,
                35.23687651813814
              ],
              [
                -45.94809572923706,
                35.20125841903877
              ],
              [
                -46.00597514027353,
                35.17009258232683
              ],
              [
                -46.142214369328585,
                35.13358403074999
              ],
              [
                -46.208998305139886,
                35.138036293137404
              ],
              [
                -46.32920938960024,
                35.15139308029967
              ],
              [
                -46.43606368689832,
                35.169202129849346
              ],
              [
                -46.489490835547365,
                35.17810665462419
              ],
              [
                -46.56963155852093,
                35.17810665462419
              ],
              [
                -46.6720335934316,
                35.15139308029967
              ],
              [
                -46.72100847969322,
                35.13358403074999
              ],
              [
                -46.75217431640516,
                35.102418194038044
              ],
              [
                -46.76998336595484,
                35.04453878300158
              ],
              [
                -46.76998336595484,
                34.97330258480286
              ],
              [
                -46.756626578792584,
                34.919875436153816
              ],
              [
                -46.72991300446806,
                34.86199602511735
              ],
              [
                -46.6942949053687,
                34.79521208930605
              ],
              [
                -46.667581331044175,
                34.72397589110732
              ],
              [
                -46.64086775671966,
                34.67054874245828
              ],
              [
                -46.60524965762029,
                34.585955757097295
              ],
              [
                -46.60524965762029,
                34.55924218277277
              ],
              [
                -46.61860644478256,
                34.488005984574045
              ],
              [
                -46.63641549433223,
                34.42567431115016
              ],
              [
                -46.63641549433223,
                34.33662906340176
              ],
              [
                -46.645320019107075,
                34.28765417714013
              ],
              [
                -46.645320019107075,
                34.20306119177915
              ],
              [
                -46.66312906865676,
                34.127372731193006
              ],
              [
                -46.6942949053687,
                34.060588795381705
              ],
              [
                -46.70765169253096,
                34.02051843389492
              ],
              [
                -46.74772205401774,
                33.95373449808361
              ],
              [
                -46.814505989829044,
                33.86468925033521
              ],
              [
                -46.88574218802777,
                33.80235757691133
              ],
              [
                -46.979239698163596,
                33.780096264974226
              ],
              [
                -47.068284945912,
                33.78454852736164
              ],
              [
                -47.13061661933588,
                33.7979053145239
              ],
              [
                -47.22856639185913,
                33.806809839298744
              ],
              [
                -47.304254852445276,
                33.84688020078553
              ],
              [
                -47.34432521393206,
                33.904759611821994
              ],
              [
                -47.3532297387069,
                33.971543547633296
              ],
              [
                -47.348777476319476,
                34.04277974583202
              ],
              [
                -47.246375441408816,
                34.15853856790495
              ],
              [
                -47.21520960469687,
                34.229774766103674
              ],
              [
                -47.18849603037235,
                34.29210643952756
              ],
              [
                -47.103903045011364,
                34.385603949663384
              ],
              [
                -47.054928158749746,
                34.430126573537585
              ],
              [
                -47.046023633974904,
                34.46129241024953
              ],
              [
                -47.046023633974904,
                34.52362408367341
              ],
              [
                -47.05938042113716,
                34.59486028187214
              ],
              [
                -47.09499852023653,
                34.67054874245828
              ],
              [
                -47.13506888172331,
                34.764046252594106
              ],
              [
                -47.18849603037235,
                34.853091500342515
              ],
              [
                -47.23301865424656,
                34.924327698541234
              ],
              [
                -47.268636753345916,
                34.977754847190276
              ],
              [
                -47.3087071148327,
                35.066800094938685
              ],
              [
                -47.379943313031426,
                35.111322718812886
              ],
              [
                -47.46898856077983,
                35.102418194038044
              ],
              [
                -47.55358154614081,
                35.044538783001585
              ],
              [
                -47.58029512046534,
                35.000016159127384
              ],
              [
                -47.61146095717728,
                34.924327698541234
              ],
              [
                -47.63372226911438,
                34.86199602511735
              ],
              [
                -47.66934036821374,
                34.799664351693465
              ],
              [
                -47.70941072970052,
                34.75959399020669
              ],
              [
                -47.78064692789925,
                34.741784940657006
              ],
              [
                -47.87859670042249,
                34.764046252594106
              ],
              [
                -47.94983289862122,
                34.80856887646831
              ],
              [
                -48.00326004727026,
                34.90651864899156
              ],
              [
                -48.0566871959193,
                34.977754847190276
              ],
              [
                -48.12347113173061,
                35.03563425822674
              ],
              [
                -48.15463696844255,
                35.06234783255126
              ],
              [
                -48.27039579051548,
                35.09796593165063
              ],
              [
                -48.35053651348904,
                35.11577498120031
              ],
              [
                -48.444034023624866,
                35.12913176836257
              ],
              [
                -48.577601895247476,
                35.15139308029967
              ],
              [
                -48.688908454932985,
                35.15139308029967
              ],
              [
                -48.82692858894301,
                35.15139308029967
              ],
              [
                -48.92042609907884,
                35.13803629313741
              ],
              [
                -49.09851659457565,
                35.111322718812886
              ],
              [
                -49.169752792774375,
                35.10687045642547
              ],
              [
                -49.3077729267844,
                35.089061406875786
              ],
              [
                -49.41017496169507,
                35.053443307776426
              ],
              [
                -49.48586342228121,
                35.01337294628964
              ],
              [
                -49.539290570930255,
                34.90651864899156
              ],
              [
                -49.5481950957051,
                34.888709599441874
              ],
              [
                -49.62388355629124,
                34.80411661408089
              ],
              [
                -49.663953917778024,
                34.77295077736895
              ],
              [
                -49.69957201687738,
                34.73733267826958
              ],
              [
                -49.77080821507611,
                34.719523628719905
              ],
              [
                -49.828687626112576,
                34.710619103945064
              ],
              [
                -49.92663739863582,
                34.697262316782805
              ],
              [
                -49.975612284897444,
                34.67054874245828
              ],
              [
                -50.006778121609386,
                34.621573856196655
              ],
              [
                -50.01568264638422,
                34.58150349470988
              ],
              [
                -50.01568264638422,
                34.51026729651115
              ],
              [
                -49.997873596834545,
                34.43903109831243
              ],
              [
                -49.975612284897444,
                34.35443811295144
              ],
              [
                -49.922185136248395,
                34.260940602815616
              ],
              [
                -49.85985346282452,
                34.194156667004314
              ],
              [
                -49.79306952701321,
                34.12292046880559
              ],
              [
                -49.708476541652225,
                34.060588795381705
              ],
              [
                -49.65504939300318,
                34.016066171507504
              ],
              [
                -49.55709962047994,
                34.00270938434524
              ],
              [
                -49.427984011244746,
                33.9938048595704
              ],
              [
                -49.347843288271186,
                33.9938048595704
              ],
              [
                -49.20982315426116,
                33.98490033479556
              ],
              [
                -49.09851659457565,
                33.962639022858454
              ],
              [
                -49.04063718353918,
                33.927020923759095
              ],
              [
                -48.96049646056562,
                33.88695056227231
              ],
              [
                -48.93823514862852,
                33.869141512722635
              ],
              [
                -48.86254668804237,
                33.771191740199384
              ],
              [
                -48.86254668804237,
                33.69995554200066
              ],
              [
                -48.880355737592055,
                33.61091029425226
              ],
              [
                -48.89816478714174,
                33.55303088321579
              ],
              [
                -48.92933062385368,
                33.47289016024223
              ],
              [
                -48.9783055101153,
                33.3793926501064
              ],
              [
                -49.01837587160208,
                33.33041776384478
              ],
              [
                -49.06735075786371,
                33.30815645190768
              ],
              [
                -49.13413469367501,
                33.312608714295095
              ],
              [
                -49.17865731754921,
                33.3348700262322
              ],
              [
                -49.25434577813536,
                33.39274943726866
              ],
              [
                -49.29441613962214,
                33.44172432353029
              ],
              [
                -49.3745568625957,
                33.535221833666114
              ],
              [
                -49.427984011244746,
                33.57083993276547
              ],
              [
                -49.46805437273153,
                33.593101244702574
              ],
              [
                -49.55709962047994,
                33.59755350709
              ],
              [
                -49.6372403434535,
                33.593101244702574
              ],
              [
                -49.69957201687738,
                33.602005769477415
              ],
              [
                -49.77971273985095,
                33.6198148190271
              ],
              [
                -49.84649667566225,
                33.6420761309642
              ],
              [
                -49.93999418579808,
                33.66878970528872
              ],
              [
                -50.020134908771645,
                33.67769423006356
              ],
              [
                -50.189320879493614,
                33.6643374429013
              ],
              [
                -50.2739138648546,
                33.691051017225824
              ],
              [
                -50.30507970156654,
                33.7311213787126
              ],
              [
                -50.39412494931494,
                33.771191740199384
              ],
              [
                -50.48317019706335,
                33.83352341362327
              ],
              [
                -50.53214508332498,
                33.87804603749747
              ],
              [
                -50.60783354391112,
                33.98490033479556
              ],
              [
                -50.71023557882179,
                34.17634761745463
              ],
              [
                -50.76811498985825,
                34.23422702849109
              ],
              [
                -50.82154213850729,
                34.3232722762395
              ],
              [
                -50.83935118805697,
                34.42567431115017
              ],
              [
                -50.8660647623815,
                34.53252860844825
              ],
              [
                -50.906135123868275,
                34.63938290574634
              ],
              [
                -50.93730096058022,
                34.755141727819264
              ],
              [
                -50.95956227251732,
                34.83973471318025
              ],
              [
                -51.05751204504057,
                34.97330258480286
              ],
              [
                -51.106486931302186,
                35.0267297334519
              ],
              [
                -51.13765276801413,
                35.053443307776426
              ],
              [
                -51.231150278149954,
                35.080156882100944
              ],
              [
                -51.29793421396126,
                35.05789557016384
              ],
              [
                -51.33355231306062,
                35.0267297334519
              ],
              [
                -51.409240773646765,
                35.022277471064484
              ],
              [
                -51.44485887274613,
                35.022277471064484
              ],
              [
                -51.51609507094486,
                35.05789557016384
              ],
              [
                -51.5695222195939,
                35.124679505975145
              ],
              [
                -51.60068805630584,
                35.17810665462419
              ],
              [
                -51.60514031869326,
                35.24043832804807
              ],
              [
                -51.59623579391842,
                35.302770001471956
              ],
              [
                -51.56061769481906,
                35.36510167489584
              ],
              [
                -51.520547333332274,
                35.42298108593231
              ],
              [
                -51.47157244707065,
                35.458599185031666
              ],
              [
                -51.41369303603419,
                35.49421728413103
              ],
              [
                -51.364718149772564,
                35.53873990800523
              ],
              [
                -51.32464778828578,
                35.57435800710459
              ],
              [
                -51.29348195157384,
                35.63668968052848
              ],
              [
                -51.27567290202416,
                35.6856645667901
              ],
              [
                -51.25341159008706,
                35.77025755215109
              ],
              [
                -51.22669801576254,
                35.83258922557497
              ],
              [
                -51.19107991666318,
                35.87711184944917
              ]
            ]
          ]
        ]
      }
    },
    {
      "type": "Feature",
      "properties": {
        "uuid": "4472d85e-eedf-4599-87b9-be56fc26a50c",
        "layer_id": "udk_nat_lakes_pg",
        "timeframe": null,
        "feature_class": "Lake",
        "feature_rank": 2,
        "is_visible": true,
        "is_labeled": true,
        "needs_review": false,
        "review_notes": "exclude from wiki link auto-ageneration",
        "img_url": null,
        "last_edited": "2026-07-13",
        "last_editor": "postgres",
        "name_en": "Lightless Sea",
        "name_ru": "Бессветное море",
        "name_abb_en": null,
        "name_abb_ru": null,
        "label_en": "Lightless Sea",
        "label_ru": "Бессветное море",
        "descr_en": null,
        "descr_ru": null,
        "descr_html_en": "<!DOCTYPE HTML PUBLIC \"-//W3C//DTD HTML 4.0//EN\" \"http://www.w3.org/TR/REC-html40/strict.dtd\">\n<html><head><meta name=\"qrichtext\" content=\"1\" /><style type=\"text/css\">\np, li { white-space: pre-wrap; }\n</style></head><body style=\" font-family:'MS Shell Dlg 2'; font-size:10pt; font-weight:400; font-style:normal;\">\n<p style=\" margin-top:0px; margin-bottom:0px; margin-left:0px; margin-right:0px; -qt-block-indent:0; text-indent:0px;\">—</p></body></html>",
        "descr_html_ru": null,
        "url_en": null,
        "url_ru": null,
        "source_name": "WotC Underdark 3e",
        "source_url": "https://forgottenrealms.fandom.com/wiki/Underdark_(sourcebook)",
        "dnd_editions_str": "5e, 3e",
        "feature_levels_str": "Upperdark",
        "extra_str": null,
        "location_en": "southern Faerûn → Upperdark → Great Bhaerynden",
        "name_alt_en_str": null,
        "location_ru": "южный Фаэрун → Верхнее Подземье → Великий Бхаэринден",
        "name_alt_ru_str": null,
        "geog_extent_area_sq_km": 74960.0,
        "geog_extent_area_sq_miles": 28942.0,
        "geog_extent_perimeter_km": 2225.0,
        "geog_extent_perimeter_miles": 1382.0,
        "geog_extent_centroid_md": "15° 15′ 01″ N 005° 54′ 35″ E",
        "geog_extent_centroid_fria": "15° 15′ 01″ N 047° 34′ 18″ W",
        "geog_extent_length_km": null,
        "geog_extent_length_miles": null,
        "geog_extent_bbox_md": {
          "east": 8.549006110609,
          "west": 3.980989353378,
          "north": 16.9663269195152,
          "south": 13.43516193159159
        },
        "geog_extent_bbox_fria": {
          "east": -44.93249537738106,
          "west": -49.50051213461188,
          "north": 16.9663269195152,
          "south": 13.43516193159159
        },
        "name_it": "Mare Senza Luce",
        "name_abb_it": null,
        "label_it": "Mare Senza Luce",
        "descr_it": null,
        "descr_html_it": null,
        "url_it": null,
        "location_it": "Faerûn meridionale → Upperdark → Grande Bhaerynden",
        "name_alt_it_str": null,
        "topical_tags": "",
        "related_location_tags": "",
        "related_cultures_tags": "",
        "related_factions_tags": ""
      },
      "geometry": {
        "type": "MultiPolygon",
        "coordinates": [
          [
            [
              [
                -49.41247755042542,
                16.24248700509319
              ],
              [
                -49.334224586704124,
                16.222923764162864
              ],
              [
                -49.21684514112218,
                16.1348891799764
              ],
              [
                -49.138592177400874,
                16.027291354859617
              ],
              [
                -49.10924731600539,
                15.978383252533805
              ],
              [
                -49.0799024546099,
                15.880567047882181
              ],
              [
                -49.04077597274925,
                15.763187602300231
              ],
              [
                -49.011431111353765,
                15.645808156718283
              ],
              [
                -48.962523009027954,
                15.557773572531822
              ],
              [
                -48.89405166577182,
                15.479520608810525
              ],
              [
                -48.75710897925954,
                15.469738988345362
              ],
              [
                -48.688637636003406,
                15.557773572531822
              ],
              [
                -48.60060305181695,
                15.655589777183447
              ],
              [
                -48.52235008809565,
                15.724061120439583
              ],
              [
                -48.25824633553626,
                15.79253246369572
              ],
              [
                -48.16043013088464,
                15.763187602300231
              ],
              [
                -48.07239554669818,
                15.724061120439583
              ],
              [
                -47.99414258297688,
                15.675153018113772
              ],
              [
                -47.896326378325256,
                15.645808156718283
              ],
              [
                -47.808291794138796,
                15.577336813462146
              ],
              [
                -47.72025720995234,
                15.469738988345362
              ],
              [
                -47.62244100530071,
                15.3817044041589
              ],
              [
                -47.53440642111425,
                15.303451440437602
              ],
              [
                -47.44637183692779,
                15.186071994855652
              ],
              [
                -47.37790049367165,
                15.12738227206468
              ],
              [
                -47.299647529950356,
                15.068692549273706
              ],
              [
                -47.289865909485194,
                15.068692549273706
              ],
              [
                -47.23117618669421,
                15.068692549273706
              ],
              [
                -47.25073942762454,
                15.205635235785978
              ],
              [
                -47.299647529950356,
                15.29366981997244
              ],
              [
                -47.39746373460198,
                15.4599573678802
              ],
              [
                -47.45615345739295,
                15.557773572531822
              ],
              [
                -47.54418804157941,
                15.71427949997442
              ],
              [
                -47.563751282509735,
                15.812095704626044
              ],
              [
                -47.58331452344006,
                15.939256770673154
              ],
              [
                -47.58331452344006,
                16.04685459578994
              ],
              [
                -47.58331452344006,
                16.164234041371888
              ],
              [
                -47.63222262576588,
                16.281613486953837
              ],
              [
                -47.66156748716136,
                16.359866450675135
              ],
              [
                -47.69091234855685,
                16.487027516722247
              ],
              [
                -47.72025720995234,
                16.565280480443544
              ],
              [
                -47.759383691812985,
                16.67287830556033
              ],
              [
                -47.76916531227815,
                16.75113126928163
              ],
              [
                -47.78872855320847,
                16.897855576259065
              ],
              [
                -47.77894693274331,
                16.92720043765455
              ],
              [
                -47.74960207134782,
                16.9663269195152
              ],
              [
                -47.66156748716136,
                16.946763678584876
              ],
              [
                -47.612659384835545,
                16.888073955793903
              ],
              [
                -47.524624800649086,
                16.770694510211953
              ],
              [
                -47.40724535506714,
                16.643533444164845
              ],
              [
                -47.30942915041552,
                16.467464275791922
              ],
              [
                -47.20183132529873,
                16.320739968814486
              ],
              [
                -47.104015120647105,
                16.193578902767378
              ],
              [
                -46.99641729553032,
                16.056636216255104
              ],
              [
                -46.90838271134386,
                15.909911909277668
              ],
              [
                -46.81056650669223,
                15.75340598183507
              ],
              [
                -46.70296868157545,
                15.479520608810525
              ],
              [
                -46.6638421997148,
                15.34257792229825
              ],
              [
                -46.61493409738899,
                15.107819031134355
              ],
              [
                -46.546462754132854,
                14.951313103691756
              ],
              [
                -46.45842816994639,
                14.775243935318834
              ],
              [
                -46.37039358575993,
                14.657864489736886
              ],
              [
                -46.24323251971282,
                14.579611526015587
              ],
              [
                -46.07694497180506,
                14.530703423689776
              ],
              [
                -45.832404460176,
                14.5502666646201
              ],
              [
                -45.66611691226824,
                14.667646110202048
              ],
              [
                -45.58786394854694,
                14.726335832993023
              ],
              [
                -45.519392605290804,
                14.824152037644646
              ],
              [
                -45.49982936436048,
                14.941531483226594
              ],
              [
                -45.47048450296499,
                15.08825579020403
              ],
              [
                -45.47048450296499,
                15.244761717646627
              ],
              [
                -45.47048450296499,
                15.323014681367926
              ],
              [
                -45.44113964156951,
                15.391486024624063
              ],
              [
                -45.38244991877853,
                15.430612506484712
              ],
              [
                -45.32376019598756,
                15.362141163228575
              ],
              [
                -45.27485209366174,
                15.234980097181465
              ],
              [
                -45.235725611801094,
                15.068692549273706
              ],
              [
                -45.22594399133593,
                15.019784446947893
              ],
              [
                -45.16725426854496,
                14.941531483226594
              ],
              [
                -45.08900130482366,
                14.863278519505295
              ],
              [
                -44.98140347970688,
                14.814370417179484
              ],
              [
                -44.93249537738106,
                14.745899073923347
              ],
              [
                -44.94227699784622,
                14.657864489736886
              ],
              [
                -45.04009320249785,
                14.540485044154938
              ],
              [
                -45.147691027614634,
                14.491576941829127
              ],
              [
                -45.27485209366174,
                14.393760737177502
              ],
              [
                -45.45092126203467,
                14.266599671130392
              ],
              [
                -45.656335291803074,
                14.119875364152957
              ],
              [
                -45.74436987598954,
                14.01227753903617
              ],
              [
                -45.86174932157149,
                13.88511647298906
              ],
              [
                -45.96934714668827,
                13.748173786476787
              ],
              [
                -46.03781848994441,
                13.621012720429675
              ],
              [
                -46.135634694596035,
                13.523196515778054
              ],
              [
                -46.19432441738701,
                13.454725172521917
              ],
              [
                -46.32148548343412,
                13.43516193159159
              ],
              [
                -46.38017520622509,
                13.43516193159159
              ],
              [
                -46.43886492901606,
                13.542759756708378
              ],
              [
                -46.43886492901606,
                13.64057596136
              ],
              [
                -46.43886492901606,
                13.797081888802598
              ],
              [
                -46.45842816994639,
                13.865553232058735
              ],
              [
                -46.57580761552834,
                13.963369436710359
              ],
              [
                -46.69318706111029,
                14.100312123222633
              ],
              [
                -46.76165840436642,
                14.139438605083281
              ],
              [
                -47.015980536460646,
                14.217691568804579
              ],
              [
                -47.17248646390324,
                14.266599671130392
              ],
              [
                -47.32899239134584,
                14.34485263485169
              ],
              [
                -47.50506155971876,
                14.442668839503314
              ],
              [
                -47.671349107626526,
                14.569829905550424
              ],
              [
                -47.77894693274331,
                14.6285196283414
              ],
              [
                -47.92567123972074,
                14.667646110202048
              ],
              [
                -47.95501610111623,
                14.589393146480749
              ],
              [
                -47.96479772158139,
                14.472013700898803
              ],
              [
                -47.96479772158139,
                14.374197496247177
              ],
              [
                -47.91588961925558,
                14.29594453252588
              ],
              [
                -47.847418275999445,
                14.207909948339417
              ],
              [
                -47.7300388304175,
                14.159001846013606
              ],
              [
                -47.612659384835545,
                14.100312123222633
              ],
              [
                -47.4952799392536,
                14.002495918571007
              ],
              [
                -47.40724535506714,
                13.914461334384548
              ],
              [
                -47.34855563227617,
                13.836208370663247
              ],
              [
                -47.34855563227617,
                13.738392166011625
              ],
              [
                -47.40724535506714,
                13.611231099964513
              ],
              [
                -47.4952799392536,
                13.572104618103864
              ],
              [
                -47.66156748716136,
                13.562322997638702
              ],
              [
                -47.77894693274331,
                13.562322997638702
              ],
              [
                -47.896326378325256,
                13.591667859034189
              ],
              [
                -48.00392420344204,
                13.621012720429675
              ],
              [
                -48.11152202855883,
                13.689484063685812
              ],
              [
                -48.14086688995432,
                13.699265684150976
              ],
              [
                -48.22890147414078,
                13.64057596136
              ],
              [
                -48.2484647150711,
                13.55254137717354
              ],
              [
                -48.268027956001426,
                13.474288413452241
              ],
              [
                -48.29737281739691,
                13.454725172521917
              ],
              [
                -48.356062540187885,
                13.474288413452241
              ],
              [
                -48.453878744839514,
                13.55254137717354
              ],
              [
                -48.551694949491136,
                13.621012720429675
              ],
              [
                -48.639729533677595,
                13.728610545546463
              ],
              [
                -48.73754573832922,
                13.84598999112841
              ],
              [
                -48.84514356344601,
                13.982932677640683
              ],
              [
                -48.923396527167306,
                14.061185641361982
              ],
              [
                -49.0016494908886,
                14.119875364152957
              ],
              [
                -49.0799024546099,
                14.247036430200067
              ],
              [
                -49.10924731600539,
                14.335071014386529
              ],
              [
                -49.07012083414474,
                14.442668839503314
              ],
              [
                -49.02121273181893,
                14.501358562294289
              ],
              [
                -48.95274138856279,
                14.540485044154938
              ],
              [
                -48.923396527167306,
                14.648082869271724
              ],
              [
                -48.962523009027954,
                14.726335832993023
              ],
              [
                -49.04077597274925,
                14.824152037644646
              ],
              [
                -49.138592177400874,
                15.019784446947893
              ],
              [
                -49.187500279726684,
                15.098037410669193
              ],
              [
                -49.37335106856477,
                15.450175747415036
              ],
              [
                -49.41247755042542,
                15.596900054392473
              ],
              [
                -49.45160403228607,
                15.694716259044096
              ],
              [
                -49.50051213461188,
                15.870785427417019
              ],
              [
                -49.49073051414672,
                16.00772811392929
              ],
              [
                -49.48094889368156,
                16.12510755951124
              ],
              [
                -49.41247755042542,
                16.24248700509319
              ]
            ]
          ]
        ]
      }
    },
    {
      "type": "Feature",
      "properties": {
        "uuid": "4cda5d0b-bb66-4963-b289-d286672764e5",
        "layer_id": "udk_nat_lakes_pg",
        "timeframe": null,
        "feature_class": "Lake",
        "feature_rank": 3,
        "is_visible": true,
        "is_labeled": true,
        "needs_review": false,
        "review_notes": null,
        "img_url": null,
        "last_edited": "2026-07-14",
        "last_editor": "postgres",
        "name_en": "Lake of Shadows",
        "name_ru": "озеро Теней",
        "name_abb_en": null,
        "name_abb_ru": null,
        "label_en": "Lake of Shadows",
        "label_ru": "озеро Теней",
        "descr_en": "A vast lake in the Deep Wastes of the Middledark, connected to Lake Thoroot by a river. Its cavern ceiling rises up to 100 feet above the water, and the lake reaches depths of 100 feet. Named for its bat population and a gate to the Plane of Shadows, it is ruled by a fiendish kraken.",
        "descr_ru": "Огромное озеро в Глубинных Пустошах Средних Глубин, соединённое с Озером Тороот рекой. Потолок его пещеры поднимается до 100 футов над водой, а глубина озера достигает 100 футов. Названное так из-за популяции летучих мышей и врат на План Теней, оно находится под властью демонического кракена.",
        "descr_html_en": "<!DOCTYPE HTML PUBLIC \"-//W3C//DTD HTML 4.0//EN\" \"http://www.w3.org/TR/REC-html40/strict.dtd\">\n<html><head><meta name=\"qrichtext\" content=\"1\" /><style type=\"text/css\">\np, li { white-space: pre-wrap; }\n</style></head><body style=\" font-family:'MS Shell Dlg 2'; font-size:10pt; font-weight:400; font-style:normal;\">\n<p style=\" margin-top:0px; margin-bottom:0px; margin-left:0px; margin-right:0px; -qt-block-indent:0; text-indent:0px;\">—</p></body></html>",
        "descr_html_ru": null,
        "url_en": "https://forgottenrealms.fandom.com/wiki/Lake_of_Shadows",
        "url_ru": null,
        "source_name": "WotC Underdark 3e",
        "source_url": "https://forgottenrealms.fandom.com/wiki/Underdark_(sourcebook)",
        "dnd_editions_str": "5e, 3e",
        "feature_levels_str": "Middledark",
        "extra_str": "topical_tags: [\"lake\", \"underdark\", \"gate\", \"planeofshadows\", \"fiendishkraken\", \"kuotoa\", \"aboleths\", \"stonegiants\"] | related_cultures_tags: [\"kuo-toa\", \"stone giants\", \"drow\"] | related_factions_tags: [\"Shrine of the Claw\", \"Baenre\"] | related_location_tags: [\"Deep Wastes\", \"Middledark\", \"Lake Thoroot\", \"Fireflow\", \"Myth Drannor\", \"Abyss\"]",
        "location_en": "central Faerûn → Middledark → Deep Wastes",
        "name_alt_en_str": null,
        "location_ru": "центральный Фаэрун → Среднее Подземье → Глубинные Пустоши",
        "name_alt_ru_str": null,
        "geog_extent_area_sq_km": 7933.0,
        "geog_extent_area_sq_miles": 3063.0,
        "geog_extent_perimeter_km": 411.0,
        "geog_extent_perimeter_miles": 255.0,
        "geog_extent_centroid_md": "40° 14′ 23″ N 001° 46′ 05″ W",
        "geog_extent_centroid_fria": "40° 14′ 23″ N 055° 14′ 59″ W",
        "geog_extent_length_km": null,
        "geog_extent_length_miles": null,
        "geog_extent_bbox_md": {
          "east": -0.957249218969,
          "west": -2.323203319429,
          "north": 40.79476428230289,
          "south": 39.53878106281164
        },
        "geog_extent_bbox_fria": {
          "east": -54.43875070695889,
          "west": -55.80470480741943,
          "north": 40.79476428230289,
          "south": 39.53878106281164
        },
        "name_it": "Lago delle Ombre",
        "name_abb_it": null,
        "label_it": "Lago delle Ombre",
        "descr_it": "Un vasto lago nelle Desolazioni Profonde del Sottosuolo intermedio, collegato al Lago Thoroot da un fiume. Il soffitto della sua caverna si innalza fino a 100 piedi sopra l'acqua, e il lago raggiunge profondità di 100 piedi. Chiamato così per la sua popolazione di pipistrelli e per un portale verso il Piano delle Ombre, è governato da un kraken diabolico.",
        "descr_html_it": null,
        "url_it": null,
        "location_it": "Faerûn centrale → Middledark → Desolazioni Profonde",
        "name_alt_it_str": null,
        "topical_tags": "lake, underdark, gate, planeofshadows, fiendishkraken, kuotoa, aboleths, stonegiants",
        "related_location_tags": "Deep Wastes, Middledark, Lake Thoroot, Fireflow, Myth Drannor, Abyss",
        "related_cultures_tags": "kuo-toa, stone giants, drow",
        "related_factions_tags": "Shrine of the Claw, Baenre"
      },
      "geometry": {
        "type": "MultiPolygon",
        "coordinates": [
          [
            [
              [
                -55.02912069953082,
                40.30278928849295
              ],
              [
                -54.85548246642143,
                40.35488075842577
              ],
              [
                -54.79760305538496,
                40.36645664063307
              ],
              [
                -54.670268351104745,
                40.40697222835859
              ],
              [
                -54.54872158792817,
                40.46485163939505
              ],
              [
                -54.502418059099,
                40.49957928601693
              ],
              [
                -54.45032658916618,
                40.580610461467984
              ],
              [
                -54.43875070695889,
                40.66164163691903
              ],
              [
                -54.49084217689171,
                40.719521047955496
              ],
              [
                -54.571873352342756,
                40.75424869457737
              ],
              [
                -54.65290452779381,
                40.777400458991956
              ],
              [
                -54.78602717317767,
                40.79476428230289
              ],
              [
                -54.96545334739071,
                40.777400458991956
              ],
              [
                -55.063848346152696,
                40.75424869457737
              ],
              [
                -55.214334814847504,
                40.72530898905914
              ],
              [
                -55.353245401335016,
                40.673217519126325
              ],
              [
                -55.44006451788971,
                40.638489872504444
              ],
              [
                -55.51530775223711,
                40.59797428477892
              ],
              [
                -55.607914809895455,
                40.4706395804987
              ],
              [
                -55.67158216203556,
                40.34330487621848
              ],
              [
                -55.700521867553796,
                40.22175811304191
              ],
              [
                -55.72367363196838,
                40.11178723207263
              ],
              [
                -55.752613337486615,
                40.01339223331064
              ],
              [
                -55.7757651019012,
                39.91499723454865
              ],
              [
                -55.798916866315786,
                39.81660223578666
              ],
              [
                -55.80470480741943,
                39.72978311923197
              ],
              [
                -55.78155304300484,
                39.637176061573626
              ],
              [
                -55.712097749761085,
                39.56193282722622
              ],
              [
                -55.60212686879181,
                39.53878106281164
              ],
              [
                -55.49215598782253,
                39.53878106281164
              ],
              [
                -55.43427657678606,
                39.544569003915285
              ],
              [
                -55.33588157802407,
                39.60823635605539
              ],
              [
                -55.29536599029855,
                39.67769164929915
              ],
              [
                -55.272214225883964,
                39.7587228247502
              ],
              [
                -55.24906246146938,
                39.85132988240854
              ],
              [
                -55.23748657926209,
                39.96130076337782
              ],
              [
                -55.220122755951145,
                40.01339223331064
              ],
              [
                -55.173819227121975,
                40.11178723207263
              ],
              [
                -55.13330363939645,
                40.192818407523674
              ],
              [
                -55.02912069953082,
                40.30278928849295
              ]
            ]
          ]
        ]
      }
    },
    {
      "type": "Feature",
      "properties": {
        "uuid": "622b828e-9b53-479a-a218-a7e58bd4a429",
        "layer_id": "udk_nat_lakes_pg",
        "timeframe": null,
        "feature_class": "Lake",
        "feature_rank": 3,
        "is_visible": true,
        "is_labeled": true,
        "needs_review": false,
        "review_notes": "exclude from wiki link auto-ageneration",
        "img_url": null,
        "last_edited": "2026-07-13",
        "last_editor": "postgres",
        "name_en": "Lake of Radiant Mists",
        "name_ru": "озеро Сияющих Туманов",
        "name_abb_en": null,
        "name_abb_ru": null,
        "label_en": "Lake of Radiant Mists",
        "label_ru": "озеро Сияющих Туманов",
        "descr_en": null,
        "descr_ru": null,
        "descr_html_en": "<!DOCTYPE HTML PUBLIC \"-//W3C//DTD HTML 4.0//EN\" \"http://www.w3.org/TR/REC-html40/strict.dtd\">\n<html><head><meta name=\"qrichtext\" content=\"1\" /><style type=\"text/css\">\np, li { white-space: pre-wrap; }\n</style></head><body style=\" font-family:'MS Shell Dlg 2'; font-size:10pt; font-weight:400; font-style:normal;\">\n<p style=\" margin-top:0px; margin-bottom:0px; margin-left:0px; margin-right:0px; -qt-block-indent:0; text-indent:0px;\">—</p></body></html>",
        "descr_html_ru": null,
        "url_en": null,
        "url_ru": null,
        "source_name": "WotC Underdark 3e",
        "source_url": "https://forgottenrealms.fandom.com/wiki/Underdark_(sourcebook)",
        "dnd_editions_str": "5e, 3e",
        "feature_levels_str": "Middledark",
        "extra_str": null,
        "location_en": "south-western Faerûn → Middledark → Old Shanatar",
        "name_alt_en_str": null,
        "location_ru": "юго-западный Фаэрун → Среднее Подземье → Старый Шанатар",
        "name_alt_ru_str": null,
        "geog_extent_area_sq_km": 47793.0,
        "geog_extent_area_sq_miles": 18453.0,
        "geog_extent_perimeter_km": 971.0,
        "geog_extent_perimeter_miles": 603.0,
        "geog_extent_centroid_md": "25° 59′ 27″ N 014° 05′ 27″ W",
        "geog_extent_centroid_fria": "25° 59′ 27″ N 067° 34′ 20″ W",
        "geog_extent_length_km": null,
        "geog_extent_length_miles": null,
        "geog_extent_bbox_md": {
          "east": -12.407328846094,
          "west": -16.372647296202,
          "north": 26.790598575054688,
          "south": 25.067528508499166
        },
        "geog_extent_bbox_fria": {
          "east": -65.88883033408402,
          "west": -69.85414878419215,
          "north": 26.790598575054688,
          "south": 25.067528508499166
        },
        "name_it": "Lago delle Nebbie Radianti",
        "name_abb_it": null,
        "label_it": "Lago delle Nebbie Radianti",
        "descr_it": null,
        "descr_html_it": null,
        "url_it": null,
        "location_it": "Faerûn sud-occidentale → Middledark → Antico Shanatar",
        "name_alt_it_str": null,
        "topical_tags": "",
        "related_location_tags": "",
        "related_cultures_tags": "",
        "related_factions_tags": ""
      },
      "geometry": {
        "type": "MultiPolygon",
        "coordinates": [
          [
            [
              [
                -68.48472191906941,
                26.542295901708258
              ],
              [
                -68.56748947685156,
                26.467052667360857
              ],
              [
                -68.70292729867688,
                26.384285109578713
              ],
              [
                -68.71797594554637,
                26.384285109578713
              ],
              [
                -68.86846241424118,
                26.384285109578713
              ],
              [
                -69.0415218532402,
                26.384285109578713
              ],
              [
                -69.192008321935,
                26.35418781583975
              ],
              [
                -69.38011640780351,
                26.32409052210079
              ],
              [
                -69.51555422962883,
                26.30904187523131
              ],
              [
                -69.63594340458468,
                26.24884728775339
              ],
              [
                -69.71871096236683,
                26.181128376840725
              ],
              [
                -69.80147852014896,
                26.105885142493324
              ],
              [
                -69.85414878419215,
                26.03064190814592
              ],
              [
                -69.83157581388792,
                25.947874350363776
              ],
              [
                -69.70366231549734,
                25.865106792581635
              ],
              [
                -69.53060287649832,
                25.835009498842673
              ],
              [
                -69.25220290941293,
                25.75976626449527
              ],
              [
                -69.10171644071812,
                25.71462032388683
              ],
              [
                -68.7405489158506,
                25.586706825496243
              ],
              [
                -68.65778135806845,
                25.549085208322545
              ],
              [
                -68.32671112693987,
                25.45879332710566
              ],
              [
                -68.13107871763663,
                25.421171709931958
              ],
              [
                -67.96554360207234,
                25.406123063062477
              ],
              [
                -67.82258145681227,
                25.353452799019294
              ],
              [
                -67.62694904750903,
                25.263160917802413
              ],
              [
                -67.37112205072786,
                25.12019877254235
              ],
              [
                -66.98738155555611,
                25.067528508499166
              ],
              [
                -66.70898158847072,
                25.090101478803387
              ],
              [
                -66.4456302682548,
                25.12772309597709
              ],
              [
                -66.2575221823863,
                25.172869036585528
              ],
              [
                -66.09198706682201,
                25.293258211541374
              ],
              [
                -65.98664653873566,
                25.48136629740988
              ],
              [
                -65.91140330438824,
                25.73719329419105
              ],
              [
                -65.88883033408402,
                25.872631116016375
              ],
              [
                -65.89635465751877,
                26.075787848754363
              ],
              [
                -65.9565492449967,
                26.28646890492709
              ],
              [
                -66.00921950903987,
                26.36171213927449
              ],
              [
                -66.11456003712624,
                26.414382403317674
              ],
              [
                -66.28761947612526,
                26.444479697056636
              ],
              [
                -66.37791135734214,
                26.48962563766508
              ],
              [
                -66.49830053229799,
                26.57239319544722
              ],
              [
                -66.59611673694961,
                26.685258046968325
              ],
              [
                -66.6864086181665,
                26.752976957880986
              ],
              [
                -66.76165185251389,
                26.783074251619947
              ],
              [
                -66.874516704035,
                26.790598575054688
              ],
              [
                -66.99490587899085,
                26.752976957880986
              ],
              [
                -67.1152950539467,
                26.677733723533585
              ],
              [
                -67.3034031398152,
                26.56486887201248
              ],
              [
                -67.4162679913363,
                26.51972293140404
              ],
              [
                -67.49151122568371,
                26.50467428453456
              ],
              [
                -67.59685175377007,
                26.527247254838777
              ],
              [
                -67.75486254589961,
                26.55734454857774
              ],
              [
                -67.8451544271165,
                26.59496616575144
              ],
              [
                -67.9956408958113,
                26.61001481262092
              ],
              [
                -68.15365168794085,
                26.625063459490402
              ],
              [
                -68.34175977380936,
                26.625063459490402
              ],
              [
                -68.48472191906941,
                26.542295901708258
              ]
            ]
          ]
        ]
      }
    },
    {
      "type": "Feature",
      "properties": {
        "uuid": "709572c2-fe98-46eb-a206-4c84cda5b68e",
        "layer_id": "udk_nat_lakes_pg",
        "timeframe": null,
        "feature_class": "Lake",
        "feature_rank": 2,
        "is_visible": true,
        "is_labeled": true,
        "needs_review": false,
        "review_notes": "exclude from wiki link auto-ageneration",
        "img_url": null,
        "last_edited": "2026-07-13",
        "last_editor": "postgres",
        "name_en": "Cold Sea",
        "name_ru": "Холодное море",
        "name_abb_en": null,
        "name_abb_ru": null,
        "label_en": "Cold Sea",
        "label_ru": "Холодное море",
        "descr_en": null,
        "descr_ru": null,
        "descr_html_en": "<!DOCTYPE HTML PUBLIC \"-//W3C//DTD HTML 4.0//EN\" \"http://www.w3.org/TR/REC-html40/strict.dtd\">\n<html><head><meta name=\"qrichtext\" content=\"1\" /><style type=\"text/css\">\np, li { white-space: pre-wrap; }\n</style></head><body style=\" font-family:'MS Shell Dlg 2'; font-size:10pt; font-weight:400; font-style:normal;\">\n<p style=\" margin-top:0px; margin-bottom:0px; margin-left:0px; margin-right:0px; -qt-block-indent:0; text-indent:0px;\">—</p></body></html>",
        "descr_html_ru": null,
        "url_en": null,
        "url_ru": null,
        "source_name": "WotC Underdark 3e",
        "source_url": "https://forgottenrealms.fandom.com/wiki/Underdark_(sourcebook)",
        "dnd_editions_str": "5e, 3e",
        "feature_levels_str": "Middledark",
        "extra_str": null,
        "location_en": "central Faerûn → Middledark → Earthroot",
        "name_alt_en_str": null,
        "location_ru": "центральный Фаэрун → Среднее Подземье → Корень Земли",
        "name_alt_ru_str": null,
        "geog_extent_area_sq_km": 63537.0,
        "geog_extent_area_sq_miles": 24532.0,
        "geog_extent_perimeter_km": 1978.0,
        "geog_extent_perimeter_miles": 1229.0,
        "geog_extent_centroid_md": "40° 42′ 35″ N 016° 57′ 49″ E",
        "geog_extent_centroid_fria": "40° 42′ 35″ N 036° 31′ 03″ W",
        "geog_extent_length_km": null,
        "geog_extent_length_miles": null,
        "geog_extent_bbox_md": {
          "east": 18.482888334431,
          "west": 15.049539551159,
          "north": 43.14364200107889,
          "south": 38.194142045706734
        },
        "geog_extent_bbox_fria": {
          "east": -34.99861315355884,
          "west": -38.43196193683083,
          "north": 43.14364200107889,
          "south": 38.194142045706734
        },
        "name_it": "Mare Freddo",
        "name_abb_it": null,
        "label_it": "Mare Freddo",
        "descr_it": null,
        "descr_html_it": null,
        "url_it": null,
        "location_it": "Faerûn centrale → Middledark → Radice della Terra",
        "name_alt_it_str": null,
        "topical_tags": "",
        "related_location_tags": "",
        "related_cultures_tags": "",
        "related_factions_tags": ""
      },
      "geometry": {
        "type": "MultiPolygon",
        "coordinates": [
          [
            [
              [
                -35.83005089309765,
                43.11429713968339
              ],
              [
                -35.947430338679595,
                43.055607416892414
              ],
              [
                -36.02568330240089,
                42.93822797131047
              ],
              [
                -36.074591404726704,
                42.8012852847982
              ],
              [
                -36.172407609378325,
                42.67412421875108
              ],
              [
                -36.280005434495116,
                42.58608963456462
              ],
              [
                -36.456074602868036,
                42.458928568517514
              ],
              [
                -36.68105187356677,
                42.39045722526138
              ],
              [
                -36.93537400566099,
                42.30242264107491
              ],
              [
                -37.12122479449908,
                42.273077779679426
              ],
              [
                -37.39511016752362,
                42.23395129781878
              ],
              [
                -37.58096095636171,
                42.185043195492966
              ],
              [
                -37.76681174519979,
                42.10679023177167
              ],
              [
                -37.87440957031657,
                42.01875564758521
              ],
              [
                -37.94288091357271,
                41.8915945815381
              ],
              [
                -38.00157063636369,
                41.72530703363034
              ],
              [
                -38.0504787386895,
                41.59814596758323
              ],
              [
                -38.09938684101531,
                41.46120328107096
              ],
              [
                -38.14829494334112,
                41.343823835489005
              ],
              [
                -38.17763980473661,
                41.216662769441896
              ],
              [
                -38.19720304566693,
                41.030811980603815
              ],
              [
                -38.206984666132094,
                40.91343253502186
              ],
              [
                -38.167858184271445,
                40.80583470990508
              ],
              [
                -38.13851332287596,
                40.708018505253456
              ],
              [
                -38.13851332287596,
                40.62976554153216
              ],
              [
                -38.22654790706242,
                40.47325961408956
              ],
              [
                -38.24611114799274,
                40.414569891298584
              ],
              [
                -38.216766286597256,
                40.3069720661818
              ],
              [
                -38.19720304566693,
                40.20915586153018
              ],
              [
                -38.19720304566693,
                40.13090289780888
              ],
              [
                -38.28523762985339,
                40.003741831761765
              ],
              [
                -38.343927352644364,
                39.954833729435954
              ],
              [
                -38.402617075435344,
                39.866799145249495
              ],
              [
                -38.42218031636567,
                39.729856458737224
              ],
              [
                -38.43196193683083,
                39.62225863362043
              ],
              [
                -38.314582491248885,
                39.50487918803849
              ],
              [
                -38.24611114799275,
                39.446189465247514
              ],
              [
                -38.16785818427145,
                39.38749974245654
              ],
              [
                -38.079823600084985,
                39.270120296874595
              ],
              [
                -38.06026035915466,
                39.22121219454878
              ],
              [
                -37.9722257749682,
                39.05492464664102
              ],
              [
                -37.88419119078174,
                39.00601654431521
              ],
              [
                -37.68855878147849,
                38.9571084419894
              ],
              [
                -37.60052419729203,
                38.9571084419894
              ],
              [
                -37.46358151077976,
                38.92776358059391
              ],
              [
                -37.307075583337166,
                38.898418719198425
              ],
              [
                -37.23860424008103,
                38.849510616872614
              ],
              [
                -37.09187993310359,
                38.800602514546796
              ],
              [
                -37.023408589847456,
                38.76147603268615
              ],
              [
                -36.925592385195834,
                38.7223495508255
              ],
              [
                -36.8571210419397,
                38.67344144849969
              ],
              [
                -36.76908645775323,
                38.62453334617388
              ],
              [
                -36.72017835542742,
                38.55606200291774
              ],
              [
                -36.72017835542742,
                38.50715390059193
              ],
              [
                -36.778868078218395,
                38.41911931640547
              ],
              [
                -36.778868078218395,
                38.3604295936145
              ],
              [
                -36.76908645775323,
                38.30173987082352
              ],
              [
                -36.7006151144971,
                38.23326852756738
              ],
              [
                -36.602798909845475,
                38.203923666171896
              ],
              [
                -36.553890807519664,
                38.194142045706734
              ],
              [
                -36.465856223333205,
                38.194142045706734
              ],
              [
                -36.36804001868158,
                38.22348690710222
              ],
              [
                -36.3093502958906,
                38.25283176849771
              ],
              [
                -35.849614134027966,
                38.57562524384807
              ],
              [
                -35.81048765216732,
                38.60497010524357
              ],
              [
                -35.7615795498415,
                38.63431496663905
              ],
              [
                -35.58551038146858,
                38.66365982803454
              ],
              [
                -35.40944121309566,
                38.65387820756938
              ],
              [
                -35.30184338797887,
                38.65387820756938
              ],
              [
                -35.233372044722735,
                38.85929223733778
              ],
              [
                -35.22359042425757,
                38.87885547826811
              ],
              [
                -35.21380880379241,
                38.92776358059392
              ],
              [
                -35.21380880379241,
                39.02557978524554
              ],
              [
                -35.25293528565306,
                39.17230409222298
              ],
              [
                -35.29206176751371,
                39.25055705594428
              ],
              [
                -35.3996595926305,
                39.328810019665575
              ],
              [
                -35.50725741774728,
                39.35815488106106
              ],
              [
                -35.653981724724716,
                39.36793650152622
              ],
              [
                -35.82026927263248,
                39.289683537804926
              ],
              [
                -36.00612006147056,
                39.08426950803651
              ],
              [
                -36.01590168193572,
                39.06470626710619
              ],
              [
                -36.08437302519186,
                39.006016544315216
              ],
              [
                -36.162625988913156,
                38.94732682152424
              ],
              [
                -36.28000543449511,
                38.908200339663594
              ],
              [
                -36.49520108472868,
                38.87885547826811
              ],
              [
                -36.56367242798481,
                38.87885547826811
              ],
              [
                -36.64192539170611,
                38.87885547826811
              ],
              [
                -36.86690266240485,
                38.97667168291973
              ],
              [
                -37.01362696938228,
                39.05492464664103
              ],
              [
                -37.091879933103584,
                39.09405112850168
              ],
              [
                -37.189696137755206,
                39.16252247175782
              ],
              [
                -37.277730721941666,
                39.23099381501395
              ],
              [
                -37.3462020651978,
                39.30924677873525
              ],
              [
                -37.38532854705845,
                39.39728136292171
              ],
              [
                -37.38532854705845,
                39.4266262243172
              ],
              [
                -37.277730721941666,
                39.465752706177845
              ],
              [
                -37.05275345124293,
                39.38749974245655
              ],
              [
                -37.01362696938228,
                39.35815488106106
              ],
              [
                -36.86690266240485,
                39.279901917339764
              ],
              [
                -36.769086457753225,
                39.23099381501395
              ],
              [
                -36.573454048449975,
                39.20164895361847
              ],
              [
                -36.40716650054222,
                39.21143057408363
              ],
              [
                -36.309350295890596,
                39.25055705594428
              ],
              [
                -36.25066057309962,
                39.377718121991386
              ],
              [
                -36.19197085030865,
                39.475534326643015
              ],
              [
                -36.162625988913156,
                39.60269539269012
              ],
              [
                -36.19197085030865,
                39.73963807920239
              ],
              [
                -36.2310973321693,
                39.788546181528204
              ],
              [
                -36.36804001868157,
                39.80810942245853
              ],
              [
                -36.50498270519384,
                39.80810942245853
              ],
              [
                -36.65170701217127,
                39.77876456106304
              ],
              [
                -36.769086457753225,
                39.73963807920239
              ],
              [
                -36.87668428287001,
                39.72985645873723
              ],
              [
                -37.00384534891712,
                39.72985645873723
              ],
              [
                -37.05275345124293,
                39.72007483827207
              ],
              [
                -37.189696137755206,
                39.71029321780691
              ],
              [
                -37.2679491014765,
                39.72007483827207
              ],
              [
                -37.28751234240683,
                39.75920132013272
              ],
              [
                -37.277730721941666,
                39.837454283854015
              ],
              [
                -37.228822619615855,
                39.886362386179826
              ],
              [
                -37.21904099915069,
                39.9450521089708
              ],
              [
                -37.228822619615855,
                39.99396021129662
              ],
              [
                -37.29729396287199,
                40.06243155455275
              ],
              [
                -37.37554692659329,
                40.160247759204374
              ],
              [
                -37.39511016752361,
                40.18959262059986
              ],
              [
                -37.39511016752361,
                40.355880168507625
              ],
              [
                -37.35598368566296,
                40.46347799362441
              ],
              [
                -37.32663882426748,
                40.629765541532166
              ],
              [
                -37.29729396287199,
                40.84496119176574
              ],
              [
                -37.28751234240683,
                40.903650914556714
              ],
              [
                -37.16035127635972,
                41.03081198060382
              ],
              [
                -37.01362696938228,
                41.10906494432512
              ],
              [
                -36.87668428287001,
                41.15797304665093
              ],
              [
                -36.71039673496225,
                41.20688114897674
              ],
              [
                -36.55389080751965,
                41.2460076308374
              ],
              [
                -36.446292982402866,
                41.275352492232884
              ],
              [
                -36.32891353682092,
                41.324260594558694
              ],
              [
                -36.27022381402995,
                41.36338707641934
              ],
              [
                -36.2310973321693,
                41.43185841967548
              ],
              [
                -36.221315711704136,
                41.549237865257425
              ],
              [
                -36.211534091238974,
                41.647054069909046
              ],
              [
                -36.152844368447994,
                41.73508865409551
              ],
              [
                -35.9963384410054,
                41.81334161781681
              ],
              [
                -35.86917737495829,
                41.95028430432908
              ],
              [
                -35.49747579728212,
                42.24373291828395
              ],
              [
                -35.380096351700175,
                42.35133074340074
              ],
              [
                -35.29206176751371,
                42.429583707122035
              ],
              [
                -35.20402718332725,
                42.517618291308494
              ],
              [
                -35.13555584007111,
                42.5958712550298
              ],
              [
                -35.057302876349816,
                42.69368745968142
              ],
              [
                -35.008394774024005,
                42.801285284798205
              ],
              [
                -34.99861315355884,
                42.8795382485195
              ],
              [
                -35.008394774024005,
                42.9577912122408
              ],
              [
                -35.01817639448917,
                42.996917694101455
              ],
              [
                -35.13555584007111,
                43.036044175962104
              ],
              [
                -35.30184338797887,
                43.036044175962104
              ],
              [
                -35.43878607449115,
                43.06538903735759
              ],
              [
                -35.48769417681696,
                43.10451551921824
              ],
              [
                -35.556165520073094,
                43.14364200107889
              ],
              [
                -35.83005089309765,
                43.11429713968339
              ]
            ]
          ]
        ]
      }
    },
    {
      "type": "Feature",
      "properties": {
        "uuid": "717683ea-e7c2-4ec2-aaf2-fda9e4a3f095",
        "layer_id": "udk_nat_lakes_pg",
        "timeframe": null,
        "feature_class": "Lake",
        "feature_rank": 3,
        "is_visible": true,
        "is_labeled": true,
        "needs_review": false,
        "review_notes": null,
        "img_url": null,
        "last_edited": "2026-03-06",
        "last_editor": "postgres",
        "name_en": null,
        "name_ru": null,
        "name_abb_en": null,
        "name_abb_ru": null,
        "label_en": null,
        "label_ru": null,
        "descr_en": null,
        "descr_ru": null,
        "descr_html_en": "<!DOCTYPE HTML PUBLIC \"-//W3C//DTD HTML 4.0//EN\" \"http://www.w3.org/TR/REC-html40/strict.dtd\">\n<html><head><meta name=\"qrichtext\" content=\"1\" /><style type=\"text/css\">\np, li { white-space: pre-wrap; }\n</style></head><body style=\" font-family:'MS Shell Dlg 2'; font-size:10pt; font-weight:400; font-style:normal;\">\n<p style=\" margin-top:0px; margin-bottom:0px; margin-left:0px; margin-right:0px; -qt-block-indent:0; text-indent:0px;\">—</p></body></html>",
        "descr_html_ru": null,
        "url_en": null,
        "url_ru": null,
        "source_name": "WotC Underdark 3e",
        "source_url": "https://forgottenrealms.fandom.com/wiki/Underdark_(sourcebook)",
        "dnd_editions_str": "5e, 3e",
        "feature_levels_str": "Upperdark",
        "extra_str": null,
        "location_en": "central Faerûn → Upperdark → Darklands",
        "name_alt_en_str": null,
        "location_ru": "центральный Фаэрун → Верхнее Подземье → Тёмные Земли",
        "name_alt_ru_str": null,
        "geog_extent_area_sq_km": 33070.0,
        "geog_extent_area_sq_miles": 12768.0,
        "geog_extent_perimeter_km": 966.0,
        "geog_extent_perimeter_miles": 600.0,
        "geog_extent_centroid_md": "29° 15′ 27″ N 000° 12′ 20″ E",
        "geog_extent_centroid_fria": "29° 15′ 27″ N 053° 16′ 32″ W",
        "geog_extent_length_km": null,
        "geog_extent_length_miles": null,
        "geog_extent_bbox_md": {
          "east": 1.997214296811,
          "west": -1.689704186212,
          "north": 30.270890302818486,
          "south": 28.297202386475067
        },
        "geog_extent_bbox_fria": {
          "east": -51.484287191179206,
          "west": -55.17120567420196,
          "north": 30.270890302818486,
          "south": 28.297202386475067
        },
        "name_it": null,
        "name_abb_it": null,
        "label_it": null,
        "descr_it": null,
        "descr_html_it": null,
        "url_it": null,
        "location_it": "Faerûn centrale → Upperdark → Terre Oscure",
        "name_alt_it_str": null,
        "topical_tags": "",
        "related_location_tags": "",
        "related_cultures_tags": "",
        "related_factions_tags": ""
      },
      "geometry": {
        "type": "MultiPolygon",
        "coordinates": [
          [
            [
              [
                -53.22645746337677,
                28.297202386475067
              ],
              [
                -53.11648658240749,
                28.430325031858935
              ],
              [
                -53.087546876889256,
                28.50556826620634
              ],
              [
                -53.05860717137102,
                28.586599441657388
              ],
              [
                -53.0180915836455,
                28.66184267600479
              ],
              [
                -52.96600011371268,
                28.74866179255949
              ],
              [
                -52.91969658488351,
                28.847056791321474
              ],
              [
                -52.850241291639755,
                28.916512084565234
              ],
              [
                -52.7692101161887,
                28.974391495601697
              ],
              [
                -52.612935706390246,
                29.03227090663816
              ],
              [
                -52.520328648731905,
                28.997543260016283
              ],
              [
                -52.49717688431732,
                28.980179436705342
              ],
              [
                -52.364054238933456,
                28.957027672290756
              ],
              [
                -52.28881100458605,
                28.980179436705342
              ],
              [
                -52.225143652445944,
                29.03227090663816
              ],
              [
                -52.17884012361677,
                29.136453846503795
              ],
              [
                -52.14990041809854,
                29.246424727473077
              ],
              [
                -52.120960712580306,
                29.310092079613188
              ],
              [
                -52.08044512485478,
                29.36797149064965
              ],
              [
                -51.99941394940373,
                29.425850901686115
              ],
              [
                -51.883655127330805,
                29.477942371618933
              ],
              [
                -51.84313953960528,
                29.46636648941164
              ],
              [
                -51.77947218746517,
                29.437426783893407
              ],
              [
                -51.68107718870318,
                29.425850901686115
              ],
              [
                -51.61740983656307,
                29.443214724997055
              ],
              [
                -51.55374248442296,
                29.472154430515285
              ],
              [
                -51.484287191179206,
                29.54739766486269
              ],
              [
                -51.495863073386495,
                29.628428840313738
              ],
              [
                -51.53059072000838,
                29.663156486935616
              ],
              [
                -51.6463495420813,
                29.732611780179372
              ],
              [
                -51.750532481946934,
                29.778915309008546
              ],
              [
                -51.84313953960528,
                29.825218837837717
              ],
              [
                -51.94732247947091,
                29.871522366666888
              ],
              [
                -51.99362600830008,
                29.92940177770335
              ],
              [
                -52.028353654921965,
                29.98149324763617
              ],
              [
                -52.074657183751135,
                30.05673648198357
              ],
              [
                -52.10938483037302,
                30.085676187501804
              ],
              [
                -52.184628064720414,
                30.131979716330974
              ],
              [
                -52.25987129906782,
                30.15513148074556
              ],
              [
                -52.30617482789699,
                30.149343539641915
              ],
              [
                -52.38141806224439,
                30.09146412860545
              ],
              [
                -52.410357767762626,
                30.068312364190863
              ],
              [
                -52.462449237695445,
                30.004645012050755
              ],
              [
                -52.508752766524616,
                29.97570530653252
              ],
              [
                -52.60135982418296,
                29.993069129843462
              ],
              [
                -52.68239099963401,
                30.022008835361692
              ],
              [
                -52.78657393949964,
                30.022008835361692
              ],
              [
                -52.908120702676214,
                30.050948540879926
              ],
              [
                -52.92548452598715,
                30.05673648198357
              ],
              [
                -53.0180915836455,
                30.10304001081274
              ],
              [
                -53.099122759096545,
                30.184071186263793
              ],
              [
                -53.12227452351113,
                30.20143500957473
              ],
              [
                -53.15700217013301,
                30.23616265619661
              ],
              [
                -53.21488158116947,
                30.270890302818486
              ],
              [
                -53.33642834434605,
                30.25352647950755
              ],
              [
                -53.40009569648616,
                30.224586773989316
              ],
              [
                -53.49849069524815,
                30.137767657434622
              ],
              [
                -53.56215804738826,
                30.07410030529451
              ],
              [
                -53.70106863387577,
                29.987281188739814
              ],
              [
                -53.75316010380859,
                29.94676560101429
              ],
              [
                -53.84576716146693,
                29.888886189977825
              ],
              [
                -53.9036465725034,
                29.86573442556324
              ],
              [
                -54.02519333567997,
                29.83100677894136
              ],
              [
                -54.117800393338314,
                29.796279132319484
              ],
              [
                -54.256710979825826,
                29.76733942680125
              ],
              [
                -54.355105978587815,
                29.755763544593957
              ],
              [
                -54.453500977349805,
                29.73839972128302
              ],
              [
                -54.53453215280085,
                29.72103589797208
              ],
              [
                -54.63292715156284,
                29.697884133557494
              ],
              [
                -54.696594503702954,
                29.697884133557494
              ],
              [
                -54.78341362025765,
                29.6863082513502
              ],
              [
                -54.85865685460505,
                29.65736854583197
              ],
              [
                -54.92232420674516,
                29.64579266362468
              ],
              [
                -54.99756744109256,
                29.622640899210094
              ],
              [
                -55.043870969921734,
                29.59370119369186
              ],
              [
                -55.06702273433632,
                29.582125311484567
              ],
              [
                -55.14226596868372,
                29.518457959344456
              ],
              [
                -55.17120567420196,
                29.472154430515285
              ],
              [
                -55.17120567420196,
                29.443214724997055
              ],
              [
                -55.14805390978737,
                29.414275019478822
              ],
              [
                -55.078598616543616,
                29.38533531396059
              ],
              [
                -54.97441567667798,
                29.391123255064237
              ],
              [
                -54.899172442330574,
                29.42006296058247
              ],
              [
                -54.76026185584306,
                29.425850901686115
              ],
              [
                -54.67344273928836,
                29.425850901686115
              ],
              [
                -54.57504774052638,
                29.425850901686115
              ],
              [
                -54.47086480066074,
                29.42006296058247
              ],
              [
                -54.3782577430024,
                29.39691119616788
              ],
              [
                -54.32616627306958,
                29.373759431753296
              ],
              [
                -54.314590390862286,
                29.339031785131418
              ],
              [
                -54.314590390862286,
                29.269576491887662
              ],
              [
                -54.303014508655,
                29.194333257540258
              ],
              [
                -54.24513509761853,
                29.142241787607443
              ],
              [
                -54.175679804374774,
                29.09593825877827
              ],
              [
                -54.08307274671643,
                29.061210612156394
              ],
              [
                -53.99046568905809,
                29.03227090663816
              ],
              [
                -53.85734304367423,
                28.980179436705342
              ],
              [
                -53.74737216270494,
                28.928087966772527
              ],
              [
                -53.64318922283931,
                28.829692968010537
              ],
              [
                -53.579521870699196,
                28.74866179255949
              ],
              [
                -53.55637010628461,
                28.64447885269385
              ],
              [
                -53.54479422407732,
                28.592387382761036
              ],
              [
                -53.521642459662736,
                28.522932089517276
              ],
              [
                -53.486914813040855,
                28.441900914066228
              ],
              [
                -53.440611284211684,
                28.441900914066228
              ],
              [
                -53.4174595197971,
                28.441900914066228
              ],
              [
                -53.37115599096793,
                28.465052678480813
              ],
              [
                -53.342216285449695,
                28.482416501791754
              ],
              [
                -53.295912756620524,
                28.45926473737717
              ],
              [
                -53.27854893330959,
                28.418749149651642
              ],
              [
                -53.28433687441323,
                28.337717974200594
              ],
              [
                -53.22645746337677,
                28.297202386475067
              ]
            ]
          ]
        ]
      }
    },
    {
      "type": "Feature",
      "properties": {
        "uuid": "77da4fe0-928c-446c-aa45-07650ae81780",
        "layer_id": "udk_nat_lakes_pg",
        "timeframe": null,
        "feature_class": "Lake",
        "feature_rank": 3,
        "is_visible": true,
        "is_labeled": true,
        "needs_review": false,
        "review_notes": null,
        "img_url": null,
        "last_edited": "2026-07-14",
        "last_editor": "postgres",
        "name_en": "Darklake",
        "name_ru": "Тёмное озеро",
        "name_abb_en": null,
        "name_abb_ru": null,
        "label_en": "Darklake",
        "label_ru": "Тёмное озеро",
        "descr_en": "A vast subterranean lake in a cavern over 100 miles across, with stalagmites and stalactites breaking its surface. The duergar of Gracklstugh patrol its waters, and it serves as a route for travel and trade between settlements.",
        "descr_ru": "Огромное подземное озеро в пещере шириной более 100 миль, с поверхностью, разбитой сталагмитами и сталактитами. Его воды патрулируют дуэргары из Гракльстуга, и оно служит путём для путешествий и торговли между поселениями.",
        "descr_html_en": "<!DOCTYPE HTML PUBLIC \"-//W3C//DTD HTML 4.0//EN\" \"http://www.w3.org/TR/REC-html40/strict.dtd\">\n<html><head><meta name=\"qrichtext\" content=\"1\" /><style type=\"text/css\">\np, li { white-space: pre-wrap; }\n</style></head><body style=\" font-family:'MS Shell Dlg 2'; font-size:10pt; font-weight:400; font-style:normal;\">\n<p style=\" margin-top:0px; margin-bottom:0px; margin-left:0px; margin-right:0px; -qt-block-indent:0; text-indent:0px;\">—</p></body></html>",
        "descr_html_ru": null,
        "url_en": "https://forgottenrealms.fandom.com/wiki/Darklake",
        "url_ru": null,
        "source_name": "WotC Underdark 3e",
        "source_url": "https://forgottenrealms.fandom.com/wiki/Underdark_(sourcebook)",
        "dnd_editions_str": "5e, 3e",
        "feature_levels_str": "Middledark",
        "extra_str": "topical_tags: [\"subterranean\", \"lake\", \"underdark\", \"cavern\", \"waterway\", \"trade-route\"] | related_cultures_tags: [\"duergar\", \"ixzan\", \"kapoacinths\", \"kuo-toa\"] | related_location_tags: [\"Middledark\", \"Northdark\", \"Gracklstugh\", \"Mantol-Derith\", \"Sloobludop\", \"Labyrinth\", \"Ammarindar\", \"Menzoberranzan\"]",
        "location_en": "north-western Faerûn → Middledark → Northdark",
        "name_alt_en_str": null,
        "location_ru": "северо-западный Фаэрун → Среднее Подземье → Нортдарк",
        "name_alt_ru_str": null,
        "geog_extent_area_sq_km": 17295.0,
        "geog_extent_area_sq_miles": 6678.0,
        "geog_extent_perimeter_km": 584.0,
        "geog_extent_perimeter_miles": 363.0,
        "geog_extent_centroid_md": "50° 10′ 26″ N 017° 04′ 06″ W",
        "geog_extent_centroid_fria": "50° 10′ 26″ N 070° 32′ 59″ W",
        "geog_extent_length_km": null,
        "geog_extent_length_miles": null,
        "geog_extent_bbox_md": {
          "east": -15.545077116424,
          "west": -18.366698404451,
          "north": 50.892997125955326,
          "south": 49.418229732746234
        },
        "geog_extent_bbox_fria": {
          "east": -69.02657860441353,
          "west": -71.84819989244114,
          "north": 50.892997125955326,
          "south": 49.418229732746234
        },
        "name_it": "Lago Oscuro",
        "name_abb_it": null,
        "label_it": "Lago Oscuro",
        "descr_it": "Un vasto lago sotterraneo in una caverna di oltre 100 miglia di diametro, con stalagmiti e stalattiti che ne rompono la superficie. I duergar di Gracklstugh pattugliano le sue acque e funge da via per viaggi e commerci tra gli insediamenti.",
        "descr_html_it": null,
        "url_it": null,
        "location_it": "Faerûn nord-occidentale → Middledark → Sottosuolo Settentrionale",
        "name_alt_it_str": null,
        "topical_tags": "subterranean, lake, underdark, cavern, waterway, trade-route",
        "related_location_tags": "Middledark, Northdark, Gracklstugh, Mantol-Derith, Sloobludop, Labyrinth, Ammarindar, Menzoberranzan",
        "related_cultures_tags": "duergar, ixzan, kapoacinths, kuo-toa",
        "related_factions_tags": ""
      },
      "geometry": {
        "type": "MultiPolygon",
        "coordinates": [
          [
            [
              [
                -71.16348645987978,
                50.44906204330565
              ],
              [
                -71.0355729614892,
                50.411440426131946
              ],
              [
                -70.94528108027231,
                50.396391779262466
              ],
              [
                -70.85498919905542,
                50.37381880895825
              ],
              [
                -70.7571729944038,
                50.36629448552351
              ],
              [
                -70.67440543662165,
                50.38886745582773
              ],
              [
                -70.50134599762264,
                50.44906204330565
              ],
              [
                -70.41105411640575,
                50.479159337044614
              ],
              [
                -70.29818926488464,
                50.509256630783575
              ],
              [
                -70.16275144305932,
                50.561926894826755
              ],
              [
                -70.04988659153821,
                50.62212148230468
              ],
              [
                -69.95207038688659,
                50.67479174634786
              ],
              [
                -69.86930282910444,
                50.71241336352156
              ],
              [
                -69.74138933071386,
                50.772607950999486
              ],
              [
                -69.7112920369749,
                50.78013227443422
              ],
              [
                -69.62852447919276,
                50.81775389160792
              ],
              [
                -69.51565962767165,
                50.84785118534688
              ],
              [
                -69.31250289493366,
                50.877948479085845
              ],
              [
                -69.29745424806418,
                50.877948479085845
              ],
              [
                -69.21468669028204,
                50.892997125955326
              ],
              [
                -69.10934616219568,
                50.862899832216364
              ],
              [
                -69.07172454502198,
                50.84785118534688
              ],
              [
                -69.02657860441353,
                50.795180921303704
              ],
              [
                -69.02657860441353,
                50.73498633382578
              ],
              [
                -69.05667589815249,
                50.6823160697826
              ],
              [
                -69.10934616219568,
                50.629645805739415
              ],
              [
                -69.19963804341256,
                50.561926894826755
              ],
              [
                -69.25230830745573,
                50.51678095421831
              ],
              [
                -69.32002721836841,
                50.47163501360987
              ],
              [
                -69.36517315897684,
                50.411440426131946
              ],
              [
                -69.40279477615054,
                50.343721515219286
              ],
              [
                -69.44794071675899,
                50.26847828087188
              ],
              [
                -69.46298936362847,
                50.22333234026344
              ],
              [
                -69.4705136870632,
                50.19323504652448
              ],
              [
                -69.49308665736743,
                50.12551613561182
              ],
              [
                -69.49308665736743,
                50.07284587156864
              ],
              [
                -69.52318395110639,
                50.00512696065597
              ],
              [
                -69.59090286201905,
                49.95998102004753
              ],
              [
                -69.62852447919276,
                49.94493237317805
              ],
              [
                -69.7112920369749,
                49.92235940287383
              ],
              [
                -69.81663256506127,
                49.89978643256961
              ],
              [
                -69.8994001228434,
                49.88473778570013
              ],
              [
                -70.01978929779925,
                49.85464049196117
              ],
              [
                -70.1025568555814,
                49.83959184509169
              ],
              [
                -70.1778000899288,
                49.801970227917984
              ],
              [
                -70.27561629458042,
                49.764348610744285
              ],
              [
                -70.35085952892783,
                49.734251317005324
              ],
              [
                -70.41857843984049,
                49.681581052962144
              ],
              [
                -70.52391896792685,
                49.61386214204948
              ],
              [
                -70.65183246631743,
                49.553667554571554
              ],
              [
                -70.70450273036062,
                49.52357026083259
              ],
              [
                -70.7947946115775,
                49.47842432022415
              ],
              [
                -70.93023243340282,
                49.44080270305045
              ],
              [
                -71.0205243146197,
                49.418229732746234
              ],
              [
                -71.17853510674925,
                49.418229732746234
              ],
              [
                -71.28387563483562,
                49.433278379615714
              ],
              [
                -71.37416751605251,
                49.46337567335467
              ],
              [
                -71.47198372070413,
                49.47842432022415
              ],
              [
                -71.53970263161679,
                49.50852161396311
              ],
              [
                -71.62999451283368,
                49.53861890770207
              ],
              [
                -71.72028639405056,
                49.60633781861474
              ],
              [
                -71.78048098152848,
                49.65900808265792
              ],
              [
                -71.81810259870218,
                49.70415402326636
              ],
              [
                -71.82562692213692,
                49.7869215810485
              ],
              [
                -71.84819989244114,
                49.94493237317805
              ],
              [
                -71.84819989244114,
                49.982553990351754
              ],
              [
                -71.82562692213692,
                50.065321548133895
              ],
              [
                -71.78800530496322,
                50.12551613561182
              ],
              [
                -71.73533504092003,
                50.19323504652448
              ],
              [
                -71.66009180657264,
                50.2534296340024
              ],
              [
                -71.59989721909471,
                50.328672868349805
              ],
              [
                -71.56979992535575,
                50.35124583865402
              ],
              [
                -71.49455669100836,
                50.396391779262466
              ],
              [
                -71.41931345666094,
                50.44906204330565
              ],
              [
                -71.16348645987978,
                50.44906204330565
              ]
            ]
          ]
        ]
      }
    },
    {
      "type": "Feature",
      "properties": {
        "uuid": "78858e37-735a-4b1e-ad00-c0b6ea1eaa4a",
        "layer_id": "udk_nat_lakes_pg",
        "timeframe": null,
        "feature_class": "Lake",
        "feature_rank": 3,
        "is_visible": true,
        "is_labeled": true,
        "needs_review": false,
        "review_notes": null,
        "img_url": null,
        "last_edited": "2026-07-14",
        "last_editor": "postgres",
        "name_en": "Giant's Chalice Lake",
        "name_ru": "озеро Чаша Великана",
        "name_abb_en": null,
        "name_abb_ru": null,
        "label_en": "Giant's Chalice Lake",
        "label_ru": "озеро Чаша Великана",
        "descr_en": "A large U-shaped oxbow lake located 12 miles beneath the Trader's Road in the Lowerdark region of the Darklands, connected to the Sea of Fallen Stars and situated north of Cairnheim. It contains a glowing coral reef tended by blue ring octopuses.",
        "descr_ru": "Большое U-образное озеро-старица, расположенное в 12 милях под Торговым Трактом в области Нижнего Подземья Тёмных Земель, соединённое с Морем Упавших Звёзд и находящееся к северу от Кэрнхейма. Оно содержит светящийся коралловый риф, за которым ухаживают синекольчатые осьминоги.",
        "descr_html_en": "<!DOCTYPE HTML PUBLIC \"-//W3C//DTD HTML 4.0//EN\" \"http://www.w3.org/TR/REC-html40/strict.dtd\">\n<html><head><meta name=\"qrichtext\" content=\"1\" /><style type=\"text/css\">\np, li { white-space: pre-wrap; }\n</style></head><body style=\" font-family:'MS Shell Dlg 2'; font-size:10pt; font-weight:400; font-style:normal;\">\n<p style=\" margin-top:0px; margin-bottom:0px; margin-left:0px; margin-right:0px; -qt-block-indent:0; text-indent:0px;\">—</p></body></html>",
        "descr_html_ru": null,
        "url_en": "https://forgottenrealms.fandom.com/wiki/Giant%27s_Chalice",
        "url_ru": null,
        "source_name": "WotC Underdark 3e",
        "source_url": "https://forgottenrealms.fandom.com/wiki/Underdark_(sourcebook)",
        "dnd_editions_str": "5e, 3e",
        "feature_levels_str": "Lowerdark",
        "extra_str": "topical_tags: [\"lake\", \"oxbow_lake\", \"lowerdark\", \"darklands\", \"subterranean\", \"coral_reef\", \"underdark\"] | related_cultures_tags: [\"stone giants\", \"dwarves\", \"mindflayers\", \"blue ring octopuses\", \"sea elves\"] | related_location_tags: [\"Trader's Road\", \"Sea of Fallen Stars\", \"Lake of Dragons\", \"Asbravn\", \"Bridge of Fallen Men\", \"Cairnheim\", \"Oryndoll\", \"Myth Nantar\"]",
        "location_en": "western Faerûn → Lowerdark → Darklands",
        "name_alt_en_str": "Suswynfa",
        "location_ru": "западный Фаэрун → Нижнее Подземье → Тёмные Земли",
        "name_alt_ru_str": "Сусвинфа",
        "geog_extent_area_sq_km": 35101.0,
        "geog_extent_area_sq_miles": 13552.0,
        "geog_extent_perimeter_km": 1367.0,
        "geog_extent_perimeter_miles": 850.0,
        "geog_extent_centroid_md": "34° 45′ 17″ N 009° 07′ 21″ W",
        "geog_extent_centroid_fria": "34° 45′ 17″ N 062° 36′ 14″ W",
        "geog_extent_length_km": null,
        "geog_extent_length_miles": null,
        "geog_extent_bbox_md": {
          "east": -7.233028059709,
          "west": -10.928405841267,
          "north": 35.82513239040531,
          "south": 33.665785132506464
        },
        "geog_extent_bbox_fria": {
          "east": -60.714529547698525,
          "west": -64.40990732925735,
          "north": 35.82513239040531,
          "south": 33.665785132506464
        },
        "name_it": "Lago del Calice del Gigante",
        "name_abb_it": null,
        "label_it": "Lago del Calice del Gigante",
        "descr_it": "Un grande lago a forma di U, di tipo anse, situato a 12 miglia sotto la Via dei Mercanti nella regione del Sottosuolo inferiore delle Terre Oscure, collegato al Mare delle Stelle Cadute e situato a nord di Cairnheim. Contiene una barriera corallina luminescente curata da polpi dagli anelli blu.",
        "descr_html_it": null,
        "url_it": null,
        "location_it": "Faerûn occidentale → Lowerdark → Terre Oscure",
        "name_alt_it_str": "Suswynfa",
        "topical_tags": "lake, oxbow_lake, lowerdark, darklands, subterranean, coral_reef, underdark",
        "related_location_tags": "Trader's Road, Sea of Fallen Stars, Lake of Dragons, Asbravn, Bridge of Fallen Men, Cairnheim, Oryndoll, Myth Nantar",
        "related_cultures_tags": "stone giants, dwarves, mindflayers, blue ring octopuses, sea elves",
        "related_factions_tags": ""
      },
      "geometry": {
        "type": "MultiPolygon",
        "coordinates": [
          [
            [
              [
                -62.001233377662984,
                35.79841881608078
              ],
              [
                -62.170419348384954,
                35.79396655369336
              ],
              [
                -62.25056007135852,
                35.77170524175626
              ],
              [
                -62.38858020536855,
                35.72273035549464
              ],
              [
                -62.47317319072953,
                35.687112256395274
              ],
              [
                -62.63345463667667,
                35.62032832058397
              ],
              [
                -62.780379295461536,
                35.584710221484606
              ],
              [
                -62.90059037992188,
                35.562448909547506
              ],
              [
                -62.994087890057706,
                35.540187597610405
              ],
              [
                -63.18553517271678,
                35.495664973736204
              ],
              [
                -63.31019851956455,
                35.473403661799104
              ],
              [
                -63.53281163893556,
                35.43778556269974
              ],
              [
                -63.64411819862107,
                35.406619725987795
              ],
              [
                -63.777686070243675,
                35.371001626888436
              ],
              [
                -63.91570620425371,
                35.31757447823939
              ],
              [
                -64.01365597677695,
                35.27305185436519
              ],
              [
                -64.09379669975051,
                35.22407696810357
              ],
              [
                -64.16948516033666,
                35.170649819454525
              ],
              [
                -64.22736457137313,
                35.059343259769015
              ],
              [
                -64.29414850718443,
                34.948036700083506
              ],
              [
                -64.29860076957185,
                34.881252764272205
              ],
              [
                -64.36093244299573,
                34.69425774400055
              ],
              [
                -64.37874149254542,
                34.61856928341441
              ],
              [
                -64.3965505420951,
                34.49390593656664
              ],
              [
                -64.40990732925735,
                34.400408426430815
              ],
              [
                -64.35648018060832,
                34.266840554808205
              ],
              [
                -64.32086208150895,
                34.15998625751012
              ],
              [
                -64.21846004659828,
                34.07984553453655
              ],
              [
                -64.067083125426,
                33.92401635097684
              ],
              [
                -63.933515253803385,
                33.8705892023278
              ],
              [
                -63.82220869411788,
                33.808257528903916
              ],
              [
                -63.70199760965753,
                33.75483038025487
              ],
              [
                -63.60404783713429,
                33.71030775638067
              ],
              [
                -63.52390711416072,
                33.68359418205615
              ],
              [
                -63.430409604024895,
                33.67023739489389
              ],
              [
                -63.34581661866391,
                33.665785132506464
              ],
              [
                -63.252319108528084,
                33.67914191966873
              ],
              [
                -63.1009421873558,
                33.69249870683099
              ],
              [
                -62.994087890057706,
                33.71476001876809
              ],
              [
                -62.86497228082252,
                33.72811680593035
              ],
              [
                -62.66907273577603,
                33.72811680593035
              ],
              [
                -62.588932012802466,
                33.72811680593035
              ],
              [
                -62.357414368656606,
                33.76818716741713
              ],
              [
                -62.268369120908204,
                33.76818716741713
              ],
              [
                -62.12589672451075,
                33.79044847935423
              ],
              [
                -62.01459016482525,
                33.81716205367876
              ],
              [
                -61.8721177684278,
                33.85278015277812
              ],
              [
                -61.796429307841656,
                33.87949372710264
              ],
              [
                -61.68512274815615,
                33.8928505142649
              ],
              [
                -61.57381618847064,
                33.897302776652324
              ],
              [
                -61.462509628785135,
                33.897302776652324
              ],
              [
                -61.29332365806316,
                33.87949372710264
              ],
              [
                -61.22653972225186,
                33.86613693994038
              ],
              [
                -61.07516280107957,
                33.86168467755296
              ],
              [
                -60.97721302855632,
                33.85723241516554
              ],
              [
                -60.905976830357595,
                33.86613693994038
              ],
              [
                -60.803574795446934,
                33.8928505142649
              ],
              [
                -60.74124312202305,
                33.915111826202
              ],
              [
                -60.72343407247337,
                33.94627766291394
              ],
              [
                -60.714529547698525,
                34.03977517304977
              ],
              [
                -60.736790859635626,
                34.12882042079818
              ],
              [
                -60.76350443396015,
                34.18224756944722
              ],
              [
                -60.85254968170855,
                34.24903150525852
              ],
              [
                -60.96385624139406,
                34.29355412913272
              ],
              [
                -61.10632863779151,
                34.35143354016919
              ],
              [
                -61.1909216231525,
                34.38259937688113
              ],
              [
                -61.35565533148704,
                34.436026525530174
              ],
              [
                -61.51148451504675,
                34.44938331269243
              ],
              [
                -61.70293179770583,
                34.47164462462953
              ],
              [
                -61.8943790803649,
                34.47164462462953
              ],
              [
                -62.01459016482525,
                34.458287837467275
              ],
              [
                -62.246107808971104,
                34.41821747598049
              ],
              [
                -62.42865056685533,
                34.400408426430815
              ],
              [
                -62.615645587126984,
                34.35588580255661
              ],
              [
                -62.793736082623795,
                34.31581544106983
              ],
              [
                -62.95846979095835,
                34.289101866745305
              ],
              [
                -63.07422861303127,
                34.280197341970464
              ],
              [
                -63.252319108528084,
                34.26238829242078
              ],
              [
                -63.33245983150165,
                34.26238829242078
              ],
              [
                -63.46157544073684,
                34.26238829242078
              ],
              [
                -63.59069104997202,
                34.26238829242078
              ],
              [
                -63.675284035333014,
                34.253483767645946
              ],
              [
                -63.82220869411788,
                34.266840554808205
              ],
              [
                -63.911253941866285,
                34.29355412913272
              ],
              [
                -63.933515253803385,
                34.38705163926855
              ],
              [
                -63.93796751619081,
                34.44938331269243
              ],
              [
                -63.911253941866285,
                34.53397629805342
              ],
              [
                -63.88008810515434,
                34.64083059535151
              ],
              [
                -63.83556548128014,
                34.72097131832507
              ],
              [
                -63.764329283081416,
                34.81892109084832
              ],
              [
                -63.719806659207215,
                34.89906181382188
              ],
              [
                -63.67973629772043,
                34.96584574963319
              ],
              [
                -63.630761411458806,
                35.014820635894814
              ],
              [
                -63.586238787584605,
                35.04153421021933
              ],
              [
                -63.51055032699846,
                35.06824778454386
              ],
              [
                -63.45712317834942,
                35.03262968544449
              ],
              [
                -63.443766391187154,
                34.99701158634513
              ],
              [
                -63.394791504925536,
                34.970298012020606
              ],
              [
                -63.31019851956455,
                34.94358443769609
              ],
              [
                -63.18553517271678,
                34.95248896247093
              ],
              [
                -63.14546481123,
                34.970298012020606
              ],
              [
                -63.01634920199481,
                35.00591611111997
              ],
              [
                -62.87832906798478,
                35.03262968544449
              ],
              [
                -62.82490191933574,
                35.04153421021933
              ],
              [
                -62.66907273577603,
                35.059343259769015
              ],
              [
                -62.602288799964725,
                35.072700046931274
              ],
              [
                -62.482077715504374,
                35.117222670805475
              ],
              [
                -62.37077115581887,
                35.15284076990484
              ],
              [
                -62.25946459613336,
                35.20181565616646
              ],
              [
                -62.13034898689818,
                35.250790542428085
              ],
              [
                -62.045756001537185,
                35.28195637914003
              ],
              [
                -61.92554491707684,
                35.36654936450101
              ],
              [
                -61.81423835739133,
                35.46004687463684
              ],
              [
                -61.70293179770582,
                35.58025795909719
              ],
              [
                -61.64060012428194,
                35.6470418949085
              ],
              [
                -61.64060012428194,
                35.68265999400786
              ],
              [
                -61.64060012428194,
                35.72273035549464
              ],
              [
                -61.6539569114442,
                35.762800716981424
              ],
              [
                -61.71628858486808,
                35.78951429130594
              ],
              [
                -61.79642930784165,
                35.82513239040531
              ],
              [
                -62.001233377662984,
                35.79841881608078
              ]
            ]
          ]
        ]
      }
    },
    {
      "type": "Feature",
      "properties": {
        "uuid": "809412f1-8d4f-45bb-87ef-f69a03bd1205",
        "layer_id": "udk_nat_lakes_pg",
        "timeframe": null,
        "feature_class": "Lake",
        "feature_rank": 3,
        "is_visible": true,
        "is_labeled": true,
        "needs_review": false,
        "review_notes": null,
        "img_url": null,
        "last_edited": "2026-07-14",
        "last_editor": "postgres",
        "name_en": "Moondeep Sea",
        "name_ru": "море Лунных Глубин",
        "name_abb_en": null,
        "name_abb_ru": null,
        "label_en": "Moondeep Sea",
        "label_ru": "море Лунных Глубин",
        "descr_en": "A sea in the Upperdark region of the Underdark, located within the Vault of Gnashing Teeth. Its waters are fed from the Great Glacier and it is surrounded by the Lost Ways, tunnels from the ancient dwarf kingdom of Sarphil. The sea has a magical connection to the surface Moonsea, and contains a mile-wide island with the city of V'elddrinnsshar.",
        "descr_ru": "Море в области Верхнего Подземья, расположенное в Своде Скрежещущих Зубов. Его воды питаются от Великого Ледника, и оно окружено Затерянными Путями — тоннелями из древнего дварфийского королевства Сарфил. Море имеет магическую связь с поверхностным Лунным Морем и содержит остров шириной в милю с городом В'эльддринншар.",
        "descr_html_en": "<!DOCTYPE HTML PUBLIC \"-//W3C//DTD HTML 4.0//EN\" \"http://www.w3.org/TR/REC-html40/strict.dtd\">\n<html><head><meta name=\"qrichtext\" content=\"1\" /><style type=\"text/css\">\np, li { white-space: pre-wrap; }\n</style></head><body style=\" font-family:'MS Shell Dlg 2'; font-size:10pt; font-weight:400; font-style:normal;\">\n<p style=\" margin-top:0px; margin-bottom:0px; margin-left:0px; margin-right:0px; -qt-block-indent:0; text-indent:0px;\">—</p></body></html>",
        "descr_html_ru": null,
        "url_en": "https://forgottenrealms.fandom.com/wiki/Moondeep_Sea",
        "url_ru": null,
        "source_name": "WotC Underdark 3e",
        "source_url": "https://forgottenrealms.fandom.com/wiki/Underdark_(sourcebook)",
        "dnd_editions_str": "5e, 3e",
        "feature_levels_str": "Upperdark",
        "extra_str": "topical_tags: [\"underdark\", \"sea\", \"upperdark\", \"underground\", \"magical\"] | related_cultures_tags: [\"drow\"] | related_location_tags: [\"Vault of Gnashing Teeth\", \"Deep Wastes\", \"Lost Ways\", \"Sarphil\", \"Great Glacier\", \"Moonsea\", \"V'elddrinnsshar\"]",
        "location_en": "central Faerûn → Upperdark → Deep Wastes",
        "name_alt_en_str": null,
        "location_ru": "центральный Фаэрун → Верхнее Подземье → Глубинные Пустоши",
        "name_alt_ru_str": null,
        "geog_extent_area_sq_km": 29627.0,
        "geog_extent_area_sq_miles": 11439.0,
        "geog_extent_perimeter_km": 929.0,
        "geog_extent_perimeter_miles": 577.0,
        "geog_extent_centroid_md": "42° 46′ 14″ N 002° 23′ 13″ E",
        "geog_extent_centroid_fria": "42° 46′ 14″ N 051° 05′ 39″ W",
        "geog_extent_length_km": null,
        "geog_extent_length_miles": null,
        "geog_extent_bbox_md": {
          "east": 4.141833092882,
          "west": 0.21760902461,
          "north": 43.44966570402731,
          "south": 41.89849748825008
        },
        "geog_extent_bbox_fria": {
          "east": -49.33966839510805,
          "west": -53.263892463380294,
          "north": 43.44966570402731,
          "south": 41.89849748825008
        },
        "name_it": "Mare di Moondeep",
        "name_abb_it": null,
        "label_it": "Mare di Moondeep",
        "descr_it": "Un mare nella regione del Sottosuolo superiore del Sottosuolo, situato all'interno della Volta dei Denti Digrignanti. Le sue acque sono alimentate dal Grande Ghiacciaio ed è circondato dalle Vie Perdute, tunnel dell'antico regno nanico di Sarphil. Il mare ha una connessione magica con il Mare della Luna in superficie e contiene un'isola larga un miglio con la città di V'elddrinnsshar.",
        "descr_html_it": null,
        "url_it": null,
        "location_it": "Faerûn centrale → Upperdark → Desolazioni Profonde",
        "name_alt_it_str": null,
        "topical_tags": "underdark, sea, upperdark, underground, magical",
        "related_location_tags": "Vault of Gnashing Teeth, Deep Wastes, Lost Ways, Sarphil, Great Glacier, Moonsea, V'elddrinnsshar",
        "related_cultures_tags": "drow",
        "related_factions_tags": ""
      },
      "geometry": {
        "type": "MultiPolygon",
        "coordinates": [
          [
            [
              [
                -52.418853062247926,
                43.10817717891218
              ],
              [
                -52.44200482666251,
                43.11396512001582
              ],
              [
                -52.59249129535731,
                43.11396512001582
              ],
              [
                -52.7024621763266,
                43.08502541449759
              ],
              [
                -52.777705410674,
                43.05608570897936
              ],
              [
                -52.89346423274693,
                43.00978218015019
              ],
              [
                -53.04973864254538,
                42.96347865132102
              ],
              [
                -53.107618053581845,
                42.92875100469914
              ],
              [
                -53.18286128792925,
                42.85929571145538
              ],
              [
                -53.211800993447476,
                42.83035600593715
              ],
              [
                -53.263892463380294,
                42.743536889382455
              ],
              [
                -53.263892463380294,
                42.70302130165693
              ],
              [
                -53.206013052343835,
                42.62199012620588
              ],
              [
                -53.107618053581845,
                42.56411071516941
              ],
              [
                -52.96870746709433,
                42.50623130413295
              ],
              [
                -52.90504011495422,
                42.47150365751107
              ],
              [
                -52.73718982294847,
                42.39047248206003
              ],
              [
                -52.67931041191201,
                42.36153277654179
              ],
              [
                -52.54618776652814,
                42.31522924771262
              ],
              [
                -52.45936864997345,
                42.257349836676156
              ],
              [
                -52.337821886796874,
                42.23419807226157
              ],
              [
                -52.30888218127864,
                42.23419807226157
              ],
              [
                -52.227851005827596,
                42.257349836676156
              ],
              [
                -52.181547476998425,
                42.297865424401685
              ],
              [
                -52.10630424265102,
                42.32101718881627
              ],
              [
                -52.01369718499268,
                42.32101718881627
              ],
              [
                -51.91530218623069,
                42.28050160109074
              ],
              [
                -51.851634834090575,
                42.23419807226157
              ],
              [
                -51.76481571753588,
                42.158954837914166
              ],
              [
                -51.66642071877389,
                42.09528748577406
              ],
              [
                -51.550661896700966,
                42.066347780255825
              ],
              [
                -51.452266897938976,
                42.054771898048536
              ],
              [
                -51.33650807586605,
                42.04319601584124
              ],
              [
                -51.214961312689475,
                42.0258321925303
              ],
              [
                -51.0934145495129,
                41.99110454590843
              ],
              [
                -51.012383374061855,
                41.9505889581829
              ],
              [
                -50.913988375299866,
                41.89849748825008
              ],
              [
                -50.8561089642634,
                41.89849748825008
              ],
              [
                -50.74613808329412,
                41.910073370457376
              ],
              [
                -50.670894848946716,
                41.962164840390194
              ],
              [
                -50.60143955570296,
                42.008468369219365
              ],
              [
                -50.45095308700815,
                42.054771898048536
              ],
              [
                -50.32940632383158,
                42.07213572135947
              ],
              [
                -50.144192208514895,
                42.07792366246312
              ],
              [
                -50.01106956313103,
                42.08949954467041
              ],
              [
                -49.895310741058104,
                42.07792366246312
              ],
              [
                -49.796915742296115,
                42.07792366246312
              ],
              [
                -49.68694486132683,
                42.106863367981354
              ],
              [
                -49.57697398035755,
                42.17631866122511
              ],
              [
                -49.507518687113794,
                42.245773954468866
              ],
              [
                -49.455427217180976,
                42.36732071764544
              ],
              [
                -49.43806339387004,
                42.47150365751107
              ],
              [
                -49.40333574724816,
                42.552534832962124
              ],
              [
                -49.36860810062628,
                42.62199012620588
              ],
              [
                -49.33966839510805,
                42.755112771589744
              ],
              [
                -49.3454563362117,
                42.83035600593715
              ],
              [
                -49.39175986504087,
                42.95190276911372
              ],
              [
                -49.41491162945545,
                43.02714600346113
              ],
              [
                -49.455427217180976,
                43.125541002223116
              ],
              [
                -49.47857898159556,
                43.229723942088754
              ],
              [
                -49.48436692269921,
                43.3107551175398
              ],
              [
                -49.501730746010146,
                43.37442246967991
              ],
              [
                -49.553822215942965,
                43.44966570402731
              ],
              [
                -49.652217214704955,
                43.44966570402731
              ],
              [
                -49.69273280243048,
                43.44387776292367
              ],
              [
                -49.73324839015601,
                43.420725998509084
              ],
              [
                -49.802703683399756,
                43.40336217519814
              ],
              [
                -49.90688662326539,
                43.40336217519814
              ],
              [
                -50.01685750423468,
                43.40336217519814
              ],
              [
                -50.190495737344065,
                43.414938057405436
              ],
              [
                -50.22522338396595,
                43.420725998509084
              ],
              [
                -50.35834602934981,
                43.414938057405436
              ],
              [
                -50.41622544038628,
                43.40915011630179
              ],
              [
                -50.47410485142274,
                43.368634528576266
              ],
              [
                -50.54934808577014,
                43.281815412021565
              ],
              [
                -50.58407573239202,
                43.17184453105229
              ],
              [
                -50.58986367349567,
                43.0734495322903
              ],
              [
                -50.57249985018473,
                42.992418356839245
              ],
              [
                -50.56092396797744,
                42.9113871813882
              ],
              [
                -50.56092396797744,
                42.8245680648335
              ],
              [
                -50.57249985018473,
                42.77247659490069
              ],
              [
                -50.65931896673943,
                42.68565747834599
              ],
              [
                -50.75192602439777,
                42.633566008413176
              ],
              [
                -50.80980543543423,
                42.61041424399859
              ],
              [
                -50.9429280808181,
                42.55832277406577
              ],
              [
                -50.98923160964727,
                42.546746891858476
              ],
              [
                -51.116566313927486,
                42.51780718634024
              ],
              [
                -51.22074925379312,
                42.52938306854754
              ],
              [
                -51.31914425255511,
                42.55832277406577
              ],
              [
                -51.400175428006165,
                42.587262479584
              ],
              [
                -51.49857042676815,
                42.63935394951682
              ],
              [
                -51.59117748442649,
                42.6740815961387
              ],
              [
                -51.62011718994472,
                42.697233360553284
              ],
              [
                -51.71851218870671,
                42.743536889382455
              ],
              [
                -51.76481571753588,
                42.77247659490069
              ],
              [
                -51.793755423054115,
                42.841931888144444
              ],
              [
                -51.805331305261404,
                42.899811299180904
              ],
              [
                -51.828483069676,
                42.95190276911372
              ],
              [
                -51.87478659850517,
                43.00399423904654
              ],
              [
                -51.92687806843798,
                43.044509826772064
              ],
              [
                -52.02527306719997,
                43.08502541449759
              ],
              [
                -52.10051630154737,
                43.09660129670488
              ],
              [
                -52.26257865244947,
                43.10238923780853
              ],
              [
                -52.418853062247926,
                43.10817717891218
              ]
            ]
          ]
        ]
      }
    }
  ]
}