{
  "type": "FeatureCollection",
  "name": "sql_statement",
  "crs": {
    "type": "name",
    "properties": {
      "name": "urn:ogc:def:crs:OGC:1.3:CRS84"
    }
  },
  "features": [
    {
      "type": "Feature",
      "properties": {
        "uuid": "04dee5c9-0389-4e45-976d-ac0fb5149628",
        "layer_id": "udk_civ_populated_places_pt",
        "timeframe": null,
        "feature_class": "City",
        "feature_rank": 3,
        "is_visible": true,
        "is_labeled": true,
        "needs_review": false,
        "review_notes": null,
        "img_url": null,
        "last_edited": "2026-07-14",
        "last_editor": "postgres",
        "name_en": "Guallidurth",
        "name_ru": "Гуаллидурт",
        "name_abb_en": null,
        "name_abb_ru": null,
        "label_en": "Guallidurth",
        "label_ru": "Гуаллидурт",
        "descr_en": "One of the oldest drow cities in the southern Underdark, situated beneath the Calim Desert in the Middledark of Old Shanatar.",
        "descr_ru": "Древний город дроу, расположенный в южном Подземье под Калимской Пустыней, в области Среднего Подземья древнего Шанатара. Управлялся правящим советом знатных домов, многие из которых боролись за власть. Город претендовал на влияние над областями к югу от Вильдата и к западу от Гор Алимир и считал Слупдилмонполоп своим. Его общество было глубоко религиозным, с многочисленными храмами и сектами, посвящёнными Лолт, хотя поклонение другим божествам подавлялось. Имел внешние конфликты с Илтказаром, Оаксаптупой, Ориндоллом и созерцателями под Озером Пара.",
        "descr_html_en": "<!DOCTYPE HTML PUBLIC \"-//W3C//DTD HTML 4.0//EN\" \"http://www.w3.org/TR/REC-html40/strict.dtd\">\n<html><head><meta name=\"qrichtext\" content=\"1\" /><style type=\"text/css\">\np, li { white-space: pre-wrap; }\n</style></head><body style=\" font-family:'MS Shell Dlg 2'; font-size:10pt; font-weight:400; font-style:normal;\">\n<p style=\" margin-top:0px; margin-bottom:0px; margin-left:0px; margin-right:0px; -qt-block-indent:0; text-indent:0px;\">—</p></body></html>",
        "descr_html_ru": null,
        "url_en": "https://forgottenrealms.fandom.com/wiki/Guallidurth",
        "url_ru": null,
        "source_name": "WotC Underdark 3e",
        "source_url": "https://forgottenrealms.fandom.com/wiki/Underdark_(sourcebook)",
        "dnd_editions_str": "5e, 3e",
        "feature_levels_str": "Middledark",
        "extra_str": "topical_tags: [\"underdark\", \"city\", \"drow\", \"settlement\", \"old-shanatar\", \"middledark\"] | related_cultures_tags: [\"drow\"] | related_factions_tags: [\"ruling houses\", \"Vhaeraunites\", \"followers of Kiaransalee\"] | related_location_tags: [\"Calim Desert\", \"Wealdath\", \"Alimir Mountains\", \"Sloopdilmonpolop\", \"Iltkazar\", \"Oaxaptupa\", \"Oryndoll\", \"Lake of Steam\"]",
        "location_en": "south-western Faerûn → Middledark → Old Shanatar",
        "name_alt_en_str": "Temple City of Lolth",
        "location_ru": "юго-западный Фаэрун → Среднее Подземье → Старый Шанатар",
        "name_alt_ru_str": "Храмовой Город Ллос",
        "geog_extent_centroid_md": "24° 44′ 43″ N 015° 06′ 32″ W",
        "geog_extent_centroid_fria": "24° 44′ 43″ N 068° 35′ 26″ W",
        "geog_extent_area_sq_km": null,
        "geog_extent_area_sq_miles": null,
        "geog_extent_length_km": null,
        "geog_extent_length_miles": null,
        "geog_extent_perimeter_km": null,
        "geog_extent_perimeter_miles": null,
        "geog_extent_bbox_md": null,
        "geog_extent_bbox_fria": null,
        "name_it": "Guallidurth",
        "name_abb_it": null,
        "label_it": "Guallidurth",
        "descr_it": "Un'antica città dei drow situata nel Sottosuolo meridionale sotto il Deserto di Calim, nella regione del Sottosuolo intermedio del Vecchio Shanatar. Era governata da un consiglio di casate nobiliari, con molte in lotta per il potere. La città rivendicava influenza sulle aree a sud di Wealdath e a ovest dei Monti Alimir, e considerava Sloopdilmonpolop come propria. La sua società era profondamente religiosa, con numerosi templi e sette dedicate a Lolth, sebbene il culto di altre divinità fosse soppresso. Aveva conflitti esterni con Iltkazar, Oaxaptupa, Oryndoll e i beholder sotto il Lago dei Vapori.",
        "descr_html_it": null,
        "url_it": null,
        "location_it": "Faerûn sud-occidentale → Middledark → Antico Shanatar",
        "name_alt_it_str": "Città Tempio di Lolth",
        "topical_tags": "underdark, city, drow, settlement, old-shanatar, middledark",
        "related_location_tags": "Calim Desert, Wealdath, Alimir Mountains, Sloopdilmonpolop, Iltkazar, Oaxaptupa, Oryndoll, Lake of Steam",
        "related_cultures_tags": "drow",
        "related_factions_tags": "ruling houses, Vhaeraunites, followers of Kiaransalee"
      },
      "geometry": {
        "type": "MultiPoint",
        "coordinates": [
          [
            -68.59061971950366,
            24.74531279663472
          ]
        ]
      }
    },
    {
      "type": "Feature",
      "properties": {
        "uuid": "074daff6-7d6b-40d7-aa94-e2eeccd798a7",
        "layer_id": "udk_civ_populated_places_pt",
        "timeframe": null,
        "feature_class": "Village",
        "feature_rank": 5,
        "is_visible": true,
        "is_labeled": true,
        "needs_review": false,
        "review_notes": "exclude from wiki link auto-ageneration",
        "img_url": null,
        "last_edited": "2026-07-13",
        "last_editor": "postgres",
        "name_en": "Kuragolomsh",
        "name_ru": "Кураголомш",
        "name_abb_en": null,
        "name_abb_ru": null,
        "label_en": "Kuragolomsh",
        "label_ru": "Кураголомш",
        "descr_en": "A destrachan settlement located within the middle Deep Wastes.",
        "descr_ru": null,
        "descr_html_en": "<!DOCTYPE HTML PUBLIC \"-//W3C//DTD HTML 4.0//EN\" \"http://www.w3.org/TR/REC-html40/strict.dtd\">\n<html><head><meta name=\"qrichtext\" content=\"1\" /><style type=\"text/css\">\np, li { white-space: pre-wrap; }\n</style></head><body style=\" font-family:'MS Shell Dlg 2'; font-size:10pt; font-weight:400; font-style:normal;\">\n<p style=\" margin-top:0px; margin-bottom:0px; margin-left:0px; margin-right:0px; -qt-block-indent:0; text-indent:0px;\">—</p></body></html>",
        "descr_html_ru": null,
        "url_en": null,
        "url_ru": null,
        "source_name": "WotC Underdark 3e",
        "source_url": "https://forgottenrealms.fandom.com/wiki/Underdark_(sourcebook)",
        "dnd_editions_str": "5e, 3e",
        "feature_levels_str": "Middledark",
        "extra_str": null,
        "location_en": "central Faerûn → Middledark → Deep Wastes",
        "name_alt_en_str": null,
        "location_ru": "центральный Фаэрун → Среднее Подземье → Глубинные Пустоши",
        "name_alt_ru_str": null,
        "geog_extent_centroid_md": "40° 55′ 53″ N 005° 50′ 36″ E",
        "geog_extent_centroid_fria": "40° 55′ 53″ N 047° 38′ 16″ W",
        "geog_extent_area_sq_km": null,
        "geog_extent_area_sq_miles": null,
        "geog_extent_length_km": null,
        "geog_extent_length_miles": null,
        "geog_extent_perimeter_km": null,
        "geog_extent_perimeter_miles": null,
        "geog_extent_bbox_md": null,
        "geog_extent_bbox_fria": null,
        "name_it": "Kuragolomsh",
        "name_abb_it": null,
        "label_it": "Kuragolomsh",
        "descr_it": null,
        "descr_html_it": null,
        "url_it": null,
        "location_it": "Faerûn centrale → Middledark → Desolazioni Profonde",
        "name_alt_it_str": null,
        "topical_tags": "",
        "related_location_tags": "",
        "related_cultures_tags": "",
        "related_factions_tags": ""
      },
      "geometry": {
        "type": "MultiPoint",
        "coordinates": [
          [
            -47.6379579960362,
            40.93149289369055
          ]
        ]
      }
    },
    {
      "type": "Feature",
      "properties": {
        "uuid": "078833be-3953-49f3-bacc-f55fe57eebd9",
        "layer_id": "udk_civ_populated_places_pt",
        "timeframe": null,
        "feature_class": "City",
        "feature_rank": 3,
        "is_visible": true,
        "is_labeled": true,
        "needs_review": false,
        "review_notes": null,
        "img_url": null,
        "last_edited": "2026-07-14",
        "last_editor": "postgres",
        "name_en": "Cairnheim",
        "name_ru": "Каирхейм",
        "name_abb_en": null,
        "name_abb_ru": null,
        "label_en": "Cairnheim",
        "label_ru": "Каирхейм",
        "descr_en": "A stone giant kingdom located in the northern Cloud Peaks region of Faerûn, centered around Mount Dodild in the Giant's Run Mountains. It is a monarchial realm ruled by an undead stone giant king and his council of Death Chiefs, and was historically part of the ancient Ostorian empire.",
        "descr_ru": "Королевство каменных великанов, расположенное в северном регионе Облачных Пиков Фаэруна, с центром вокруг Горы Додилд в Горах Бегающего Великана. Это монархическое королевство, управляемое королём-великаном-нежитью и его советом Вождей Смерти, исторически было частью древней Осторианской империи.",
        "descr_html_en": "<!DOCTYPE HTML PUBLIC \"-//W3C//DTD HTML 4.0//EN\" \"http://www.w3.org/TR/REC-html40/strict.dtd\">\n<html><head><meta name=\"qrichtext\" content=\"1\" /><style type=\"text/css\">\np, li { white-space: pre-wrap; }\n</style></head><body style=\" font-family:'MS Shell Dlg 2'; font-size:10pt; font-weight:400; font-style:normal;\">\n<p style=\" margin-top:0px; margin-bottom:0px; margin-left:0px; margin-right:0px; -qt-block-indent:0; text-indent:0px;\">—</p></body></html>",
        "descr_html_ru": null,
        "url_en": "https://forgottenrealms.fandom.com/wiki/Nedeheim",
        "url_ru": null,
        "source_name": "WotC Underdark 3e",
        "source_url": "https://forgottenrealms.fandom.com/wiki/Underdark_(sourcebook)",
        "dnd_editions_str": "5e, 3e",
        "feature_levels_str": "Upperdark",
        "extra_str": "topical_tags: [\"kingdom\", \"stone_giant\", \"undead\", \"monarchy\", \"mountain\", \"cavern\", \"dawn_age\", \"giant_wars\"] | related_cultures_tags: [\"stone giant\", \"hill giant\", \"hobgoblin\", \"orc\", \"human\"] | related_factions_tags: [\"Dodforerir\", \"Ostoria\"] | related_location_tags: [\"Shanatar\", \"Cloud Peaks\", \"Mount Dodild\", \"Giant's Run Mountains\", \"Upperdark\", \"Korolnor\", \"Oryndoll\", \"Torglor\"]",
        "location_en": "central Faerûn → Upperdark → Darklands",
        "name_alt_en_str": "Nedeheim",
        "location_ru": "центральный Фаэрун → Верхнее Подземье → Тёмные Земли",
        "name_alt_ru_str": "Недехейм",
        "geog_extent_centroid_md": "33° 54′ 53″ N 005° 51′ 03″ W",
        "geog_extent_centroid_fria": "33° 54′ 53″ N 059° 19′ 56″ W",
        "geog_extent_area_sq_km": null,
        "geog_extent_area_sq_miles": null,
        "geog_extent_length_km": null,
        "geog_extent_length_miles": null,
        "geog_extent_perimeter_km": null,
        "geog_extent_perimeter_miles": null,
        "geog_extent_bbox_md": null,
        "geog_extent_bbox_fria": null,
        "name_it": "Cairnheim",
        "name_abb_it": null,
        "label_it": "Cairnheim",
        "descr_it": "Cairnheim è un regno di giganti di pietra situato nella regione settentrionale dei Picchi delle Nuvole del Faerûn, incentrato sul Monte Dodild nei Monti Giant's Run. È un regno monarchico governato da un re gigante di pietra non morto e dal suo consiglio di Capi della Morte, e storicamente faceva parte dell'antico impero Ostorian.",
        "descr_html_it": null,
        "url_it": null,
        "location_it": "Faerûn centrale → Upperdark → Terre Oscure",
        "name_alt_it_str": "Cairnheim",
        "topical_tags": "kingdom, stone_giant, undead, monarchy, mountain, cavern, dawn_age, giant_wars",
        "related_location_tags": "Shanatar, Cloud Peaks, Mount Dodild, Giant's Run Mountains, Upperdark, Korolnor, Oryndoll, Torglor",
        "related_cultures_tags": "stone giant, hill giant, hobgoblin, orc, human",
        "related_factions_tags": "Dodforerir, Ostoria"
      },
      "geometry": {
        "type": "MultiPoint",
        "coordinates": [
          [
            -59.33248491564678,
            33.91496445662996
          ]
        ]
      }
    },
    {
      "type": "Feature",
      "properties": {
        "uuid": "13a4bfee-d884-4df2-9904-45ff03e08fef",
        "layer_id": "udk_civ_populated_places_pt",
        "timeframe": null,
        "feature_class": "City",
        "feature_rank": 3,
        "is_visible": true,
        "is_labeled": true,
        "needs_review": false,
        "review_notes": "exclude from wiki link auto-ageneration",
        "img_url": null,
        "last_edited": "2026-07-13",
        "last_editor": "postgres",
        "name_en": "Nanitaran",
        "name_ru": "Нанитаран",
        "name_abb_en": null,
        "name_abb_ru": null,
        "label_en": "Nanitaran",
        "label_ru": "Нанитаран",
        "descr_en": "This city is a segment of the drow confederation Undrek'Thoz, ruled by a matron mother whose power is balanced by the monastic Blackened Fist order. It lies in the Underdark beneath Thay, linked to its nine sister-cities by a permanent portal network.",
        "descr_ru": null,
        "descr_html_en": "<!DOCTYPE HTML PUBLIC \"-//W3C//DTD HTML 4.0//EN\" \"http://www.w3.org/TR/REC-html40/strict.dtd\">\n<html><head><meta name=\"qrichtext\" content=\"1\" /><style type=\"text/css\">\np, li { white-space: pre-wrap; }\n</style></head><body style=\" font-family:'MS Shell Dlg 2'; font-size:10pt; font-weight:400; font-style:normal;\">\n<p style=\" margin-top:0px; margin-bottom:0px; margin-left:0px; margin-right:0px; -qt-block-indent:0; text-indent:0px;\">—</p></body></html>",
        "descr_html_ru": null,
        "url_en": null,
        "url_ru": null,
        "source_name": "WotC Undrek'Thoz 3e",
        "source_url": "https://forgottenrealms.fandom.com/wiki/Underdark_(sourcebook)",
        "dnd_editions_str": "5e, 3e",
        "feature_levels_str": "Middledark",
        "extra_str": null,
        "location_en": "eastern Faerûn → Middledark → Earthroot → Undrek'Thoz",
        "name_alt_en_str": null,
        "location_ru": "восточный Фаэрун → Среднее Подземье → Корень Земли → Ундрек'Тоз",
        "name_alt_ru_str": null,
        "geog_extent_centroid_md": "37° 26′ 50″ N 019° 20′ 06″ E",
        "geog_extent_centroid_fria": "37° 26′ 50″ N 034° 08′ 46″ W",
        "geog_extent_area_sq_km": null,
        "geog_extent_area_sq_miles": null,
        "geog_extent_length_km": null,
        "geog_extent_length_miles": null,
        "geog_extent_perimeter_km": null,
        "geog_extent_perimeter_miles": null,
        "geog_extent_bbox_md": null,
        "geog_extent_bbox_fria": null,
        "name_it": "Nanitaran",
        "name_abb_it": null,
        "label_it": "Nanitaran",
        "descr_it": null,
        "descr_html_it": null,
        "url_it": null,
        "location_it": "Faerûn orientale → Middledark → Radice della Terra → Undrek'Thoz",
        "name_alt_it_str": null,
        "topical_tags": "",
        "related_location_tags": "",
        "related_cultures_tags": "",
        "related_factions_tags": ""
      },
      "geometry": {
        "type": "MultiPoint",
        "coordinates": [
          [
            -34.146227449685775,
            37.44722908873152
          ]
        ]
      }
    },
    {
      "type": "Feature",
      "properties": {
        "uuid": "14414b94-1209-4401-9e1e-67057588a11f",
        "layer_id": "udk_civ_populated_places_pt",
        "timeframe": null,
        "feature_class": "City",
        "feature_rank": 3,
        "is_visible": true,
        "is_labeled": true,
        "needs_review": false,
        "review_notes": "exclude from wiki link auto-ageneration",
        "img_url": null,
        "last_edited": "2026-07-13",
        "last_editor": "postgres",
        "name_en": "Sshurlinder",
        "name_ru": "Шурлиндер",
        "name_abb_en": null,
        "name_abb_ru": null,
        "label_en": "Sshurlinder",
        "label_ru": "Шурлиндер",
        "descr_en": "This city is a segment of the drow confederation Undrek'Thoz, ruled by a matron mother whose power is balanced by the monastic Blackened Fist order. It lies in the Underdark beneath Thay, linked to its nine sister-cities by a permanent portal network.",
        "descr_ru": null,
        "descr_html_en": "<!DOCTYPE HTML PUBLIC \"-//W3C//DTD HTML 4.0//EN\" \"http://www.w3.org/TR/REC-html40/strict.dtd\">\n<html><head><meta name=\"qrichtext\" content=\"1\" /><style type=\"text/css\">\np, li { white-space: pre-wrap; }\n</style></head><body style=\" font-family:'MS Shell Dlg 2'; font-size:10pt; font-weight:400; font-style:normal;\">\n<p style=\" margin-top:0px; margin-bottom:0px; margin-left:0px; margin-right:0px; -qt-block-indent:0; text-indent:0px;\">—</p></body></html>",
        "descr_html_ru": null,
        "url_en": null,
        "url_ru": null,
        "source_name": "WotC Undrek'Thoz 3e",
        "source_url": "https://forgottenrealms.fandom.com/wiki/Underdark_(sourcebook)",
        "dnd_editions_str": "5e, 3e",
        "feature_levels_str": "Middledark",
        "extra_str": null,
        "location_en": "eastern Faerûn → Middledark → Earthroot → Undrek'Thoz",
        "name_alt_en_str": null,
        "location_ru": "восточный Фаэрун → Среднее Подземье → Корень Земли → Ундрек'Тоз",
        "name_alt_ru_str": null,
        "geog_extent_centroid_md": "34° 27′ 44″ N 016° 47′ 36″ E",
        "geog_extent_centroid_fria": "34° 27′ 44″ N 036° 41′ 17″ W",
        "geog_extent_area_sq_km": null,
        "geog_extent_area_sq_miles": null,
        "geog_extent_length_km": null,
        "geog_extent_length_miles": null,
        "geog_extent_perimeter_km": null,
        "geog_extent_perimeter_miles": null,
        "geog_extent_bbox_md": null,
        "geog_extent_bbox_fria": null,
        "name_it": "Sshurlinder",
        "name_abb_it": null,
        "label_it": "Sshurlinder",
        "descr_it": null,
        "descr_html_it": null,
        "url_it": null,
        "location_it": "Faerûn orientale → Middledark → Radice della Terra → Undrek'Thoz",
        "name_alt_it_str": null,
        "topical_tags": "",
        "related_location_tags": "",
        "related_cultures_tags": "",
        "related_factions_tags": ""
      },
      "geometry": {
        "type": "MultiPoint",
        "coordinates": [
          [
            -36.688131945708506,
            34.4623344577168
          ]
        ]
      }
    },
    {
      "type": "Feature",
      "properties": {
        "uuid": "176413c7-7369-4e2f-b1be-322191c1d389",
        "layer_id": "udk_civ_populated_places_pt",
        "timeframe": null,
        "feature_class": "City",
        "feature_rank": 3,
        "is_visible": true,
        "is_labeled": true,
        "needs_review": false,
        "review_notes": null,
        "img_url": null,
        "last_edited": "2026-07-14",
        "last_editor": "postgres",
        "name_en": "Fraaszummdin",
        "name_ru": "Фразуммдин",
        "name_abb_en": "",
        "name_abb_ru": null,
        "label_en": "Fraaszummdin",
        "label_ru": "Фразуммдин",
        "descr_en": "A small kingdom of duergar found underground near the Firepeaks in the Hordelands.",
        "descr_ru": "Маленькое подземное королевство дуэргаров, расположенное под Горами Восхода в Землях Орды, рядом с Огненными Вершинами. Известно своим мастерством в разведении роте.",
        "descr_html_en": "<!DOCTYPE HTML PUBLIC \"-//W3C//DTD HTML 4.0//EN\" \"http://www.w3.org/TR/REC-html40/strict.dtd\">\n<html><head><meta name=\"qrichtext\" content=\"1\" /><style type=\"text/css\">\np, li { white-space: pre-wrap; }\n</style></head><body style=\" font-family:'MS Shell Dlg 2'; font-size:10pt; font-weight:400; font-style:normal;\">\n<p style=\" margin-top:0px; margin-bottom:0px; margin-left:0px; margin-right:0px; -qt-block-indent:0; text-indent:0px;\">—</p></body></html>",
        "descr_html_ru": null,
        "url_en": "https://forgottenrealms.fandom.com/wiki/Fraaszummdin",
        "url_ru": null,
        "source_name": "WotC Underdark 3e",
        "source_url": "https://forgottenrealms.fandom.com/wiki/Underdark_(sourcebook)",
        "dnd_editions_str": "5e, 3e",
        "feature_levels_str": "Middledark",
        "extra_str": "topical_tags: [\"duergar\", \"underground\", \"kingdom\", \"rothé\", \"breeding\", \"hordelands\", \"underdark\"] | related_cultures_tags: [\"duergar\", \"human\", \"half-orc\", \"hobgoblin\", \"orc\", \"ogre\"] | related_location_tags: [\"Firepeaks\", \"Sunrise Mountains\", \"Thay\", \"Trun'zoyl'zl\", \"Undrek'Thoz\", \"Siremun\", \"Hordelands\", \"Middle Earthroot\"]",
        "location_en": "eastern Faerûn → Middledark → Earthroot",
        "name_alt_en_str": "Steederhome",
        "location_ru": "восточный Фаэрун → Среднее Подземье → Корень Земли",
        "name_alt_ru_str": "Обитель Стидеров",
        "geog_extent_centroid_md": "38° 49′ 01″ N 019° 49′ 01″ E",
        "geog_extent_centroid_fria": "38° 49′ 01″ N 033° 39′ 51″ W",
        "geog_extent_area_sq_km": null,
        "geog_extent_area_sq_miles": null,
        "geog_extent_length_km": null,
        "geog_extent_length_miles": null,
        "geog_extent_perimeter_km": null,
        "geog_extent_perimeter_miles": null,
        "geog_extent_bbox_md": null,
        "geog_extent_bbox_fria": null,
        "name_it": "Fraaszummdin",
        "name_abb_it": null,
        "label_it": "Fraaszummdin",
        "descr_it": "Un piccolo regno sotterraneo dei duergar situato sotto i Monti del Sol Levante nelle Terre dell'Orda, vicino ai Picchi di Fuoco. È noto per la sua competenza nell'allevamento di rothé.",
        "descr_html_it": null,
        "url_it": null,
        "location_it": "Faerûn orientale → Middledark → Radice della Terra",
        "name_alt_it_str": "Steederhome",
        "topical_tags": "duergar, underground, kingdom, rothé, breeding, hordelands, underdark",
        "related_location_tags": "Firepeaks, Sunrise Mountains, Thay, Trun'zoyl'zl, Undrek'Thoz, Siremun, Hordelands, Middle Earthroot",
        "related_cultures_tags": "duergar, human, half-orc, hobgoblin, orc, ogre",
        "related_factions_tags": ""
      },
      "geometry": {
        "type": "MultiPoint",
        "coordinates": [
          [
            -33.66431800664947,
            38.817133267527254
          ]
        ]
      }
    },
    {
      "type": "Feature",
      "properties": {
        "uuid": "2d31c0cc-7b09-439b-a084-9de2eec38510",
        "layer_id": "udk_civ_populated_places_pt",
        "timeframe": null,
        "feature_class": "City",
        "feature_rank": 3,
        "is_visible": true,
        "is_labeled": true,
        "needs_review": false,
        "review_notes": null,
        "img_url": null,
        "last_edited": "2026-07-14",
        "last_editor": "postgres",
        "name_en": "Menzoberranzan",
        "name_ru": "Мензоберранзан",
        "name_abb_en": null,
        "name_abb_ru": null,
        "label_en": "Menzoberranzan",
        "label_ru": "Мензоберранзан",
        "descr_en": "A vast underground drow city-state located in the Upper Northdark, known for its matriarchal society and political intrigue among noble houses.",
        "descr_ru": "Обширный подземный город-государство дроу, расположенный в Верхнем Северном Подземье, известный своим матриархальным обществом и политическими интригами среди знатных домов.",
        "descr_html_en": "<!DOCTYPE HTML PUBLIC \"-//W3C//DTD HTML 4.0//EN\" \"http://www.w3.org/TR/REC-html40/strict.dtd\">\n<html><head><meta name=\"qrichtext\" content=\"1\" /><style type=\"text/css\">\np, li { white-space: pre-wrap; }\n</style></head><body style=\" font-family:'MS Shell Dlg 2'; font-size:10pt; font-weight:400; font-style:normal;\">\n<p style=\" margin-top:0px; margin-bottom:0px; margin-left:0px; margin-right:0px; -qt-block-indent:0; text-indent:0px;\">—</p></body></html>",
        "descr_html_ru": null,
        "url_en": "https://forgottenrealms.fandom.com/wiki/Menzoberranzan",
        "url_ru": null,
        "source_name": "WotC Underdark 3e",
        "source_url": "https://forgottenrealms.fandom.com/wiki/Underdark_(sourcebook)",
        "dnd_editions_str": "5e, 3e",
        "feature_levels_str": "Upperdark",
        "extra_str": "topical_tags: [\"city-state\", \"underdark\", \"drow\", \"matriarchy\", \"noble_houses\", \"lolth\", \"metropolis\", \"underground\"] | related_cultures_tags: [\"drow\", \"goblin\", \"grimlock\", \"kobold\", \"orc\", \"quaggoth\", \"bugbear\", \"svirfneblin\"] | related_factions_tags: [\"House Baenre\", \"Ruling Council of Eight\", \"Bregan D'aerthe\", \"Army of the Black Spider\", \"House Do'Urden\", \"House Oblodra\", \"House Melarn\", \"House Hunzrin\"] | related_location_tags: [\"Surbrin Valley\", \"Moonwood\", \"Frost Hills\", \"Mithral Hall\", \"High Forest\", \"Blingdenstone\", \"Ched Nasad\", \"Araumycos\"]",
        "location_en": "north-western Faerûn → Upperdark → Northdark",
        "name_alt_en_str": "City of Spiders",
        "location_ru": "северо-западный Фаэрун → Верхнее Подземье → Нортдарк",
        "name_alt_ru_str": "Паучий город",
        "geog_extent_centroid_md": "51° 00′ 32″ N 016° 12′ 32″ W",
        "geog_extent_centroid_fria": "51° 00′ 32″ N 069° 41′ 26″ W",
        "geog_extent_area_sq_km": null,
        "geog_extent_area_sq_miles": null,
        "geog_extent_length_km": null,
        "geog_extent_length_miles": null,
        "geog_extent_perimeter_km": null,
        "geog_extent_perimeter_miles": null,
        "geog_extent_bbox_md": null,
        "geog_extent_bbox_fria": null,
        "name_it": "Menzoberranzan",
        "name_abb_it": null,
        "label_it": "Menzoberranzan",
        "descr_it": "Una vasta città-stato sotterranea dei drow situata nel Nord Sotterraneo superiore, nota per la sua società matriarcale e gli intrighi politici tra le casate nobiliari.",
        "descr_html_it": null,
        "url_it": null,
        "location_it": "Faerûn nord-occidentale → Upperdark → Sottosuolo Settentrionale",
        "name_alt_it_str": "Città dei Ragni, Gioiello del Sottosuolo",
        "topical_tags": "city-state, underdark, drow, matriarchy, noble_houses, lolth, metropolis, underground",
        "related_location_tags": "Surbrin Valley, Moonwood, Frost Hills, Mithral Hall, High Forest, Blingdenstone, Ched Nasad, Araumycos",
        "related_cultures_tags": "drow, goblin, grimlock, kobold, orc, quaggoth, bugbear, svirfneblin",
        "related_factions_tags": "House Baenre, Ruling Council of Eight, Bregan D'aerthe, Army of the Black Spider, House Do'Urden, House Oblodra, House Melarn, House Hunzrin"
      },
      "geometry": {
        "type": "MultiPoint",
        "coordinates": [
          [
            -69.69065505854043,
            51.009100084241844
          ]
        ]
      }
    },
    {
      "type": "Feature",
      "properties": {
        "uuid": "2d96d620-55fc-47d8-821d-5de231764e55",
        "layer_id": "udk_civ_populated_places_pt",
        "timeframe": null,
        "feature_class": "Village",
        "feature_rank": 5,
        "is_visible": true,
        "is_labeled": true,
        "needs_review": false,
        "review_notes": "exclude from wiki link auto-ageneration",
        "img_url": null,
        "last_edited": "2026-07-13",
        "last_editor": "postgres",
        "name_en": "Dupapn",
        "name_ru": "Дупапн",
        "name_abb_en": null,
        "name_abb_ru": null,
        "label_en": "Dupapn",
        "label_ru": "Дупапн",
        "descr_en": "A hidden subterranean lake-village inhabited by skum and their aboleth masters. The ruling aboleths exist in a collective, drug-like stupor, leaving their skum slaves to secretly operate a profitable mithral mining and trading operation under the leadership of a cunning majordomo.",
        "descr_ru": null,
        "descr_html_en": "<!DOCTYPE HTML PUBLIC \"-//W3C//DTD HTML 4.0//EN\" \"http://www.w3.org/TR/REC-html40/strict.dtd\">\n<html><head><meta name=\"qrichtext\" content=\"1\" /><style type=\"text/css\">\np, li { white-space: pre-wrap; }\n</style></head><body style=\" font-family:'MS Shell Dlg 2'; font-size:10pt; font-weight:400; font-style:normal;\">\n<p style=\" margin-top:0px; margin-bottom:0px; margin-left:0px; margin-right:0px; -qt-block-indent:0; text-indent:0px;\">—</p></body></html>",
        "descr_html_ru": null,
        "url_en": null,
        "url_ru": null,
        "source_name": "WotC Underdark 3e",
        "source_url": "https://forgottenrealms.fandom.com/wiki/Underdark_(sourcebook)",
        "dnd_editions_str": "5e, 3e",
        "feature_levels_str": "Lowerdark",
        "extra_str": null,
        "location_en": "southern Faerûn → Lowerdark → Darklands",
        "name_alt_en_str": "Waters of Deep Hunger",
        "location_ru": "южный Фаэрун → Нижнее Подземье → Тёмные Земли",
        "name_alt_ru_str": "Воды Бездонного Голода",
        "geog_extent_centroid_md": "26° 26′ 15″ N 000° 20′ 34″ W",
        "geog_extent_centroid_fria": "26° 26′ 15″ N 053° 49′ 28″ W",
        "geog_extent_area_sq_km": null,
        "geog_extent_area_sq_miles": null,
        "geog_extent_length_km": null,
        "geog_extent_length_miles": null,
        "geog_extent_perimeter_km": null,
        "geog_extent_perimeter_miles": null,
        "geog_extent_bbox_md": null,
        "geog_extent_bbox_fria": null,
        "name_it": "Dupapn",
        "name_abb_it": null,
        "label_it": "Dupapn",
        "descr_it": null,
        "descr_html_it": null,
        "url_it": null,
        "location_it": "Faerûn meridionale → Lowerdark → Terre Oscure",
        "name_alt_it_str": null,
        "topical_tags": "",
        "related_location_tags": "",
        "related_cultures_tags": "",
        "related_factions_tags": ""
      },
      "geometry": {
        "type": "MultiPoint",
        "coordinates": [
          [
            -53.82445305140031,
            26.43757112059464
          ]
        ]
      }
    },
    {
      "type": "Feature",
      "properties": {
        "uuid": "30da5fb4-617c-4919-8aab-9adb00c7e9fd",
        "layer_id": "udk_civ_populated_places_pt",
        "timeframe": null,
        "feature_class": "City",
        "feature_rank": 3,
        "is_visible": true,
        "is_labeled": true,
        "needs_review": false,
        "review_notes": null,
        "img_url": null,
        "last_edited": "2026-07-14",
        "last_editor": "postgres",
        "name_en": "Eryndlyn",
        "name_ru": "Эриндлин",
        "name_abb_en": null,
        "name_abb_ru": null,
        "label_en": "Eryndlyn",
        "label_ru": "Эриндлин",
        "descr_en": "A drow city of more than sixty thousand in the Upper Underdark.",
        "descr_ru": "Метрополия дроу в Верхнем Подземье, расположенная в пещерах под Высокой Пустошью. Город построен на трёх известняковых плато, окружающих центральное озеро, причём каждое плато находится под властью различного религиозного культа.",
        "descr_html_en": "<!DOCTYPE HTML PUBLIC \"-//W3C//DTD HTML 4.0//EN\" \"http://www.w3.org/TR/REC-html40/strict.dtd\">\n<html><head><meta name=\"qrichtext\" content=\"1\" /><style type=\"text/css\">\np, li { white-space: pre-wrap; }\n</style></head><body style=\" font-family:'MS Shell Dlg 2'; font-size:10pt; font-weight:400; font-style:normal;\">\n<p style=\" margin-top:0px; margin-bottom:0px; margin-left:0px; margin-right:0px; -qt-block-indent:0; text-indent:0px;\">—</p></body></html>",
        "descr_html_ru": null,
        "url_en": "https://forgottenrealms.fandom.com/wiki/Eryndlyn",
        "url_ru": null,
        "source_name": "WotC Underdark 3e",
        "source_url": "https://forgottenrealms.fandom.com/wiki/Underdark_(sourcebook)",
        "dnd_editions_str": "5e, 3e",
        "feature_levels_str": "Middledark",
        "extra_str": "topical_tags: [\"drow\", \"city\", \"underdark\", \"metropolis\", \"limestone\", \"cavern\", \"lake\", \"plateau\"] | related_cultures_tags: [\"drow\", \"derro\", \"illithids\"] | related_factions_tags: [\"Lolthites\", \"Vhaeraunites\", \"followers of Ghaunadaur\"] | related_location_tags: [\"Upperdark\", \"Northdark\", \"High Moor\", \"Undermoor\"]",
        "location_en": "western Faerûn → Middledark → Northdark",
        "name_alt_en_str": null,
        "location_ru": "западный Фаэрун → Среднее Подземье → Нортдарк",
        "name_alt_ru_str": null,
        "geog_extent_centroid_md": "43° 18′ 28″ N 017° 11′ 11″ W",
        "geog_extent_centroid_fria": "43° 18′ 28″ N 070° 40′ 05″ W",
        "geog_extent_area_sq_km": null,
        "geog_extent_area_sq_miles": null,
        "geog_extent_length_km": null,
        "geog_extent_length_miles": null,
        "geog_extent_perimeter_km": null,
        "geog_extent_perimeter_miles": null,
        "geog_extent_bbox_md": null,
        "geog_extent_bbox_fria": null,
        "name_it": "Eryndlyn",
        "name_abb_it": null,
        "label_it": "Eryndlyn",
        "descr_it": "Una metropoli dei drow nel Sottosuolo superiore, situata in caverne sotto l'Alta Brughiera. La città è costruita su tre altopiani di calcare che circondano un lago centrale, con ogni altopiano dominato da un diverso culto religioso.",
        "descr_html_it": null,
        "url_it": null,
        "location_it": "Faerûn occidentale → Middledark → Sottosuolo Settentrionale",
        "name_alt_it_str": null,
        "topical_tags": "drow, city, underdark, metropolis, limestone, cavern, lake, plateau",
        "related_location_tags": "Upperdark, Northdark, High Moor, Undermoor",
        "related_cultures_tags": "drow, derro, illithids",
        "related_factions_tags": "Lolthites, Vhaeraunites, followers of Ghaunadaur"
      },
      "geometry": {
        "type": "MultiPoint",
        "coordinates": [
          [
            -70.66816548050528,
            43.30795731394098
          ]
        ]
      }
    },
    {
      "type": "Feature",
      "properties": {
        "uuid": "32a0b558-a198-4950-887a-32b6df87804c",
        "layer_id": "udk_civ_populated_places_pt",
        "timeframe": null,
        "feature_class": "City",
        "feature_rank": 3,
        "is_visible": true,
        "is_labeled": true,
        "needs_review": false,
        "review_notes": null,
        "img_url": null,
        "last_edited": "2026-07-14",
        "last_editor": "postgres",
        "name_en": "Rringlor Noroth",
        "name_ru": "Рринглор Норот",
        "name_abb_en": null,
        "name_abb_ru": null,
        "label_en": "Rringlor Noroth",
        "label_ru": "Рринглор Норот",
        "descr_en": "An Underdark settlement beneath the Marching Mountains, ruled by a council of cloaker lords and connected to the Shadowfell via a collapsed bridge.",
        "descr_ru": "Поселение Подземья под Марширующими Горами, управляемое советом лордов-плащеносцев и связанное с Теневым Пределом через разрушенный мост.",
        "descr_html_en": "<!DOCTYPE HTML PUBLIC \"-//W3C//DTD HTML 4.0//EN\" \"http://www.w3.org/TR/REC-html40/strict.dtd\">\n<html><head><meta name=\"qrichtext\" content=\"1\" /><style type=\"text/css\">\np, li { white-space: pre-wrap; }\n</style></head><body style=\" font-family:'MS Shell Dlg 2'; font-size:10pt; font-weight:400; font-style:normal;\">\n<p style=\" margin-top:0px; margin-bottom:0px; margin-left:0px; margin-right:0px; -qt-block-indent:0; text-indent:0px;\">—</p></body></html>",
        "descr_html_ru": null,
        "url_en": "https://forgottenrealms.fandom.com/wiki/Rringlor_Noroth",
        "url_ru": null,
        "source_name": "WotC Underdark 3e",
        "source_url": "https://forgottenrealms.fandom.com/wiki/Underdark_(sourcebook)",
        "dnd_editions_str": "5e, 3e",
        "feature_levels_str": "Upperdark",
        "extra_str": "topical_tags: [\"underdark\", \"settlement\", \"cloaker\", \"council\", \"shadowfell\", \"upperdark\", \"caste\"] | related_cultures_tags: [\"cloakers\"] | related_factions_tags: [\"Shadoworb Conclave\"] | related_location_tags: [\"Old Shanatar\", \"Underdark\", \"Marching Mountains\", \"Calimshan\", \"Rift of Dhalnadar Shadowspan\", \"Lake of Radiant Mists\", \"Shadowfell\"]",
        "location_en": "south-western Faerûn → Upperdark → Old Shanatar",
        "name_alt_en_str": "City of Soaring Shadows",
        "location_ru": "юго-западный Фаэрун → Верхнее Подземье → Старый Шанатар",
        "name_alt_ru_str": "Город Парящих Теней",
        "geog_extent_centroid_md": "25° 42′ 59″ N 013° 42′ 01″ W",
        "geog_extent_centroid_fria": "25° 42′ 59″ N 067° 10′ 55″ W",
        "geog_extent_area_sq_km": null,
        "geog_extent_area_sq_miles": null,
        "geog_extent_length_km": null,
        "geog_extent_length_miles": null,
        "geog_extent_perimeter_km": null,
        "geog_extent_perimeter_miles": null,
        "geog_extent_bbox_md": null,
        "geog_extent_bbox_fria": null,
        "name_it": "Rringlor Noroth",
        "name_abb_it": null,
        "label_it": "Rringlor Noroth",
        "descr_it": "Un insediamento del Sottosuolo sotto i Monti Marcianti, governato da un consiglio di signori mantello e collegato al Reame dell'Ombra tramite un ponte crollato.",
        "descr_html_it": null,
        "url_it": null,
        "location_it": "Faerûn sud-occidentale → Upperdark → Antico Shanatar",
        "name_alt_it_str": "Città delle Ombre Volanti",
        "topical_tags": "underdark, settlement, cloaker, council, shadowfell, upperdark, caste",
        "related_location_tags": "Old Shanatar, Underdark, Marching Mountains, Calimshan, Rift of Dhalnadar Shadowspan, Lake of Radiant Mists, Shadowfell",
        "related_cultures_tags": "cloakers",
        "related_factions_tags": "Shadoworb Conclave"
      },
      "geometry": {
        "type": "MultiPoint",
        "coordinates": [
          [
            -67.18203088333051,
            25.716568721985173
          ]
        ]
      }
    },
    {
      "type": "Feature",
      "properties": {
        "uuid": "357bc6bb-58a4-4e0f-82fd-7d09e9426665",
        "layer_id": "udk_civ_populated_places_pt",
        "timeframe": null,
        "feature_class": "City",
        "feature_rank": 3,
        "is_visible": true,
        "is_labeled": true,
        "needs_review": false,
        "review_notes": null,
        "img_url": null,
        "last_edited": "2026-07-14",
        "last_editor": "postgres",
        "name_en": "Dunspeirrin",
        "name_ru": "Дунспейррин",
        "name_abb_en": null,
        "name_abb_ru": null,
        "label_en": "Dunspeirrin",
        "label_ru": "Дунспейррин",
        "descr_en": "A duergar city located beneath the Orsraun Mountains in the Middledark region of the Darklands, known for its gem exports and ruled by a monarch wielding the Barakuir scepter.",
        "descr_ru": "Город дуэргаров, расположенный под Горами Осраун в области Среднего Подземья, известный экспортом самоцветов и управляемый монархом, владеющим скипетром Баракуир.",
        "descr_html_en": "<!DOCTYPE HTML PUBLIC \"-//W3C//DTD HTML 4.0//EN\" \"http://www.w3.org/TR/REC-html40/strict.dtd\">\n<html><head><meta name=\"qrichtext\" content=\"1\" /><style type=\"text/css\">\np, li { white-space: pre-wrap; }\n</style></head><body style=\" font-family:'MS Shell Dlg 2'; font-size:10pt; font-weight:400; font-style:normal;\">\n<p style=\" margin-top:0px; margin-bottom:0px; margin-left:0px; margin-right:0px; -qt-block-indent:0; text-indent:0px;\">—</p></body></html>",
        "descr_html_ru": null,
        "url_en": "https://forgottenrealms.fandom.com/wiki/Dunspeirrin",
        "url_ru": null,
        "source_name": "WotC Underdark 3e",
        "source_url": "https://forgottenrealms.fandom.com/wiki/Underdark_(sourcebook)",
        "dnd_editions_str": "5e, 3e",
        "feature_levels_str": "Upperdark",
        "extra_str": "topical_tags: [\"city\", \"duergar\", \"darklands\", \"middledark\", \"underground\", \"gems\"] | related_cultures_tags: [\"duergar\", \"drow\", \"humans\", \"shield dwarves\", \"svirfneblin\", \"gold dwarves\"] | related_factions_tags: [\"Army of Steel\", \"Army of Gold\"] | related_location_tags: [\"Orsraun Mountains\", \"Darklands\", \"Middledark\", \"Taark Shanat\", \"Deep Shanatar\"]",
        "location_en": "central Faerûn → Upperdark → Darklands",
        "name_alt_en_str": "Underspires, City of Sunken Spires",
        "location_ru": "центральный Фаэрун → Верхнее Подземье → Тёмные Земли",
        "name_alt_ru_str": "Подшпилье, Город Затонувших Шпилей",
        "geog_extent_centroid_md": "32° 14′ 18″ N 000° 56′ 54″ W",
        "geog_extent_centroid_fria": "32° 14′ 18″ N 054° 25′ 47″ W",
        "geog_extent_area_sq_km": null,
        "geog_extent_area_sq_miles": null,
        "geog_extent_length_km": null,
        "geog_extent_length_miles": null,
        "geog_extent_perimeter_km": null,
        "geog_extent_perimeter_miles": null,
        "geog_extent_bbox_md": null,
        "geog_extent_bbox_fria": null,
        "name_it": "Dunspeirrin",
        "name_abb_it": null,
        "label_it": "Dunspeirrin",
        "descr_it": "Una città dei duergar situata sotto i Monti Orsraun nella regione del Sottosuolo intermedio dei Reami Sotterranei, nota per le sue esportazioni di gemme e governata da un monarca che brandiva lo scettro Barakuir.",
        "descr_html_it": null,
        "url_it": null,
        "location_it": "Faerûn centrale → Upperdark → Terre Oscure",
        "name_alt_it_str": "Città delle Guglie Sprofondate, Sottoguglie",
        "topical_tags": "city, duergar, darklands, middledark, underground, gems",
        "related_location_tags": "Orsraun Mountains, Darklands, Middledark, Taark Shanat, Deep Shanatar",
        "related_cultures_tags": "duergar, drow, humans, shield dwarves, svirfneblin, gold dwarves",
        "related_factions_tags": "Army of Steel, Army of Gold"
      },
      "geometry": {
        "type": "MultiPoint",
        "coordinates": [
          [
            -54.42989632151191,
            32.238437018406856
          ]
        ]
      }
    },
    {
      "type": "Feature",
      "properties": {
        "uuid": "3593a1e5-a53a-404d-b2fb-e49714d15757",
        "layer_id": "udk_civ_populated_places_pt",
        "timeframe": null,
        "feature_class": "City",
        "feature_rank": 3,
        "is_visible": true,
        "is_labeled": true,
        "needs_review": false,
        "review_notes": "exclude from wiki link auto-ageneration",
        "img_url": null,
        "last_edited": "2026-07-13",
        "last_editor": "postgres",
        "name_en": "Mezrylornyl",
        "name_ru": "Мезрилорнил",
        "name_abb_en": null,
        "name_abb_ru": null,
        "label_en": "Mezrylornyl",
        "label_ru": "Мезрилорнил",
        "descr_en": "This city is a segment of the drow confederation Undrek'Thoz, ruled by a matron mother whose power is balanced by the monastic Blackened Fist order. It lies in the Underdark beneath Thay, linked to its nine sister-cities by a permanent portal network.",
        "descr_ru": null,
        "descr_html_en": "<!DOCTYPE HTML PUBLIC \"-//W3C//DTD HTML 4.0//EN\" \"http://www.w3.org/TR/REC-html40/strict.dtd\">\n<html><head><meta name=\"qrichtext\" content=\"1\" /><style type=\"text/css\">\np, li { white-space: pre-wrap; }\n</style></head><body style=\" font-family:'MS Shell Dlg 2'; font-size:10pt; font-weight:400; font-style:normal;\">\n<p style=\" margin-top:0px; margin-bottom:0px; margin-left:0px; margin-right:0px; -qt-block-indent:0; text-indent:0px;\">—</p></body></html>",
        "descr_html_ru": null,
        "url_en": null,
        "url_ru": null,
        "source_name": "WotC Undrek'Thoz 3e",
        "source_url": "https://forgottenrealms.fandom.com/wiki/Underdark_(sourcebook)",
        "dnd_editions_str": "5e, 3e",
        "feature_levels_str": "Middledark",
        "extra_str": null,
        "location_en": "eastern Faerûn → Middledark → Earthroot → Undrek'Thoz",
        "name_alt_en_str": null,
        "location_ru": "восточный Фаэрун → Среднее Подземье → Корень Земли → Ундрек'Тоз",
        "name_alt_ru_str": null,
        "geog_extent_centroid_md": "35° 40′ 03″ N 018° 00′ 23″ E",
        "geog_extent_centroid_fria": "35° 40′ 03″ N 035° 28′ 29″ W",
        "geog_extent_area_sq_km": null,
        "geog_extent_area_sq_miles": null,
        "geog_extent_length_km": null,
        "geog_extent_length_miles": null,
        "geog_extent_perimeter_km": null,
        "geog_extent_perimeter_miles": null,
        "geog_extent_bbox_md": null,
        "geog_extent_bbox_fria": null,
        "name_it": "Mezrylornyl",
        "name_abb_it": null,
        "label_it": "Mezrylornyl",
        "descr_it": null,
        "descr_html_it": null,
        "url_it": null,
        "location_it": "Faerûn orientale → Middledark → Radice della Terra → Undrek'Thoz",
        "name_alt_it_str": null,
        "topical_tags": "",
        "related_location_tags": "",
        "related_cultures_tags": "",
        "related_factions_tags": ""
      },
      "geometry": {
        "type": "MultiPoint",
        "coordinates": [
          [
            -35.474901258225515,
            35.66755034045726
          ]
        ]
      }
    },
    {
      "type": "Feature",
      "properties": {
        "uuid": "35cd6d16-6a2a-400a-af57-15df2fc1c9f5",
        "layer_id": "udk_civ_populated_places_pt",
        "timeframe": null,
        "feature_class": "City",
        "feature_rank": 3,
        "is_visible": true,
        "is_labeled": true,
        "needs_review": false,
        "review_notes": null,
        "img_url": null,
        "last_edited": "2026-07-14",
        "last_editor": "postgres",
        "name_en": "Sphur Upra",
        "name_ru": "Сфур Упра",
        "name_abb_en": null,
        "name_abb_ru": null,
        "label_en": "Sphur Upra",
        "label_ru": "Сфур Упра",
        "descr_en": "A unique city in the Middle Underdark that exists simultaneously in both the material plane and the Shadowfell. It was once the largest gloaming settlement in Faerûn, but after the Spellplague, it became the primary enclave for the shadar-kai.",
        "descr_ru": "Поселение, расположенное глубоко в Подземье и одновременно в Теневом Пределе, соединённое порталами. Первоначально построено плащеносцами, позже населено сумеречниками, а затем шадар-кай после Чумного Заклинания. Город имел два района: один на Материальном Плане, построенный из обсидиана с абстрактной архитектурой, и один на Теневом Плане, построенный из тенематерии в трилитическом стиле. До Чумного Заклинания управлялся меритократической олигархией авантюристов, а позже — единоличным правителем по имени Уван.",
        "descr_html_en": "<!DOCTYPE HTML PUBLIC \"-//W3C//DTD HTML 4.0//EN\" \"http://www.w3.org/TR/REC-html40/strict.dtd\">\n<html><head><meta name=\"qrichtext\" content=\"1\" /><style type=\"text/css\">\np, li { white-space: pre-wrap; }\n</style></head><body style=\" font-family:'MS Shell Dlg 2'; font-size:10pt; font-weight:400; font-style:normal;\">\n<p style=\" margin-top:0px; margin-bottom:0px; margin-left:0px; margin-right:0px; -qt-block-indent:0; text-indent:0px;\">—</p></body></html>",
        "descr_html_ru": null,
        "url_en": "https://forgottenrealms.fandom.com/wiki/Ikemmu",
        "url_ru": null,
        "source_name": "WotC Underdark 3e",
        "source_url": "https://forgottenrealms.fandom.com/wiki/Underdark_(sourcebook)",
        "dnd_editions_str": "5e, 3e",
        "feature_levels_str": "Middledark",
        "extra_str": "topical_tags: [\"underdark\", \"shadowfell\", \"settlement\", \"portal\", \"meritocracy\", \"obsidian\", \"shadowstuff\", \"trilithic\"] | related_cultures_tags: [\"gloamings\", \"cloakers\", \"shadar-kai\", \"humans\", \"dwarves\"] | related_factions_tags: [\"Family Oligarchy\", \"Company of Shields\", \"Carvers' Guild\"] | related_location_tags: [\"Mountains of Copper\", \"Murghôm\", \"Mulhorand\", \"Aglarond\", \"Ramparts of Night\", \"Middle Underdark\", \"Earthroot\"]",
        "location_en": "eastern Faerûn → Middledark → Earthroot",
        "name_alt_en_str": "Gloaming Home, Ikemmu",
        "location_ru": "восточный Фаэрун → Среднее Подземье → Корень Земли",
        "name_alt_ru_str": "Икемму, Сумеречный Дом",
        "geog_extent_centroid_md": "31° 01′ 22″ N 022° 13′ 18″ E",
        "geog_extent_centroid_fria": "31° 01′ 22″ N 031° 15′ 35″ W",
        "geog_extent_area_sq_km": null,
        "geog_extent_area_sq_miles": null,
        "geog_extent_length_km": null,
        "geog_extent_length_miles": null,
        "geog_extent_perimeter_km": null,
        "geog_extent_perimeter_miles": null,
        "geog_extent_bbox_md": null,
        "geog_extent_bbox_fria": null,
        "name_it": "Sphur Upra",
        "name_abb_it": null,
        "label_it": "Sphur Upra",
        "descr_it": "Un insediamento situato in profondità nel Sottosuolo e simultaneamente nel Reame dell'Ombra, collegato da portali. Fu originariamente costruito da mantelli e successivamente abitato da gloaming, poi da shadar-kai dopo la Piaga degli Incantesimi. La città aveva due distretti: uno sul Piano Materiale costruito in ossidiana con architettura astratta, e uno sul Piano dell'Ombra costruito con materia d'ombra in stile trilite. Era governata da un'oligarchia meritocratica di avventurieri prima della Piaga degli Incantesimi, e successivamente da un unico sovrano di nome Uwan.",
        "descr_html_it": null,
        "url_it": null,
        "location_it": "Faerûn orientale → Middledark → Radice della Terra",
        "name_alt_it_str": "Sphur Upra, Gloaming Home",
        "topical_tags": "underdark, shadowfell, settlement, portal, meritocracy, obsidian, shadowstuff, trilithic",
        "related_location_tags": "Mountains of Copper, Murghôm, Mulhorand, Aglarond, Ramparts of Night, Middle Underdark, Earthroot",
        "related_cultures_tags": "gloamings, cloakers, shadar-kai, humans, dwarves",
        "related_factions_tags": "Family Oligarchy, Company of Shields, Carvers' Guild"
      },
      "geometry": {
        "type": "MultiPoint",
        "coordinates": [
          [
            -31.259820256949858,
            31.02296859529392
          ]
        ]
      }
    },
    {
      "type": "Feature",
      "properties": {
        "uuid": "380b60f8-5393-4124-a136-ca4ffb9c4b0c",
        "layer_id": "udk_civ_populated_places_pt",
        "timeframe": null,
        "feature_class": "Town",
        "feature_rank": 4,
        "is_visible": true,
        "is_labeled": true,
        "needs_review": false,
        "review_notes": "exclude from wiki link auto-ageneration",
        "img_url": null,
        "last_edited": "2026-07-13",
        "last_editor": "postgres",
        "name_en": "Looblishar",
        "name_ru": "Лублишар",
        "name_abb_en": null,
        "name_abb_ru": null,
        "label_en": "Looblishar",
        "label_ru": "Лублишар",
        "descr_en": "This is a half-submerged city of kuo-toa ruled by two tenets: the worship of the goddess Shar and the complete absence of light. Visitors are permitted, but anyone entering without the ability to see in the dark is considered prey.",
        "descr_ru": null,
        "descr_html_en": "<!DOCTYPE HTML PUBLIC \"-//W3C//DTD HTML 4.0//EN\" \"http://www.w3.org/TR/REC-html40/strict.dtd\">\n<html><head><meta name=\"qrichtext\" content=\"1\" /><style type=\"text/css\">\np, li { white-space: pre-wrap; }\n</style></head><body style=\" font-family:'MS Shell Dlg 2'; font-size:10pt; font-weight:400; font-style:normal;\">\n<p style=\" margin-top:0px; margin-bottom:0px; margin-left:0px; margin-right:0px; -qt-block-indent:0; text-indent:0px;\">—</p></body></html>",
        "descr_html_ru": null,
        "url_en": null,
        "url_ru": null,
        "source_name": "WotC Underdark 3e",
        "source_url": "https://forgottenrealms.fandom.com/wiki/Underdark_(sourcebook)",
        "dnd_editions_str": "5e, 3e",
        "feature_levels_str": "Middledark",
        "extra_str": null,
        "location_en": "central Faerûn → Middledark → Darklands",
        "name_alt_en_str": "City of Welcome Darkness",
        "location_ru": "центральный Фаэрун → Среднее Подземье → Тёмные Земли",
        "name_alt_ru_str": null,
        "geog_extent_centroid_md": "34° 18′ 53″ N 003° 44′ 43″ W",
        "geog_extent_centroid_fria": "34° 18′ 53″ N 057° 13′ 36″ W",
        "geog_extent_area_sq_km": null,
        "geog_extent_area_sq_miles": null,
        "geog_extent_length_km": null,
        "geog_extent_length_miles": null,
        "geog_extent_perimeter_km": null,
        "geog_extent_perimeter_miles": null,
        "geog_extent_bbox_md": null,
        "geog_extent_bbox_fria": null,
        "name_it": "Looblishar",
        "name_abb_it": null,
        "label_it": "Looblishar",
        "descr_it": null,
        "descr_html_it": null,
        "url_it": null,
        "location_it": "Faerûn centrale → Middledark → Terre Oscure",
        "name_alt_it_str": null,
        "topical_tags": "",
        "related_location_tags": "",
        "related_cultures_tags": "",
        "related_factions_tags": ""
      },
      "geometry": {
        "type": "MultiPoint",
        "coordinates": [
          [
            -57.22683714502316,
            34.31497236413288
          ]
        ]
      }
    },
    {
      "type": "Feature",
      "properties": {
        "uuid": "13e488f2-3746-4a5e-bf3d-53fa52dc486a",
        "layer_id": "udk_civ_populated_places_pt",
        "timeframe": null,
        "feature_class": "City",
        "feature_rank": 3,
        "is_visible": true,
        "is_labeled": true,
        "needs_review": false,
        "review_notes": null,
        "img_url": null,
        "last_edited": "2025-10-14",
        "last_editor": "postgres",
        "name_en": "Drezz'Lynur",
        "name_ru": "Дрезз'Линур",
        "name_abb_en": null,
        "name_abb_ru": null,
        "label_en": "Drezz'Lynur",
        "label_ru": "Дрезз'Линур",
        "descr_en": "This city is a segment of the drow confederation Undrek'Thoz, ruled by a matron mother whose power is balanced by the monastic Blackened Fist order. It lies in the Underdark beneath Thay, linked to its nine sister-cities by a permanent portal network.",
        "descr_ru": null,
        "descr_html_en": "<!DOCTYPE HTML PUBLIC \"-//W3C//DTD HTML 4.0//EN\" \"http://www.w3.org/TR/REC-html40/strict.dtd\">\n<html><head><meta name=\"qrichtext\" content=\"1\" /><style type=\"text/css\">\np, li { white-space: pre-wrap; }\n</style></head><body style=\" font-family:'MS Shell Dlg 2'; font-size:10pt; font-weight:400; font-style:normal;\">\n<p style=\" margin-top:0px; margin-bottom:0px; margin-left:0px; margin-right:0px; -qt-block-indent:0; text-indent:0px;\">—</p></body></html>",
        "descr_html_ru": null,
        "url_en": "",
        "url_ru": null,
        "source_name": "WotC Undrek'Thoz 3e",
        "source_url": "https://forgottenrealms.fandom.com/wiki/Underdark_(sourcebook)",
        "dnd_editions_str": "5e, 3e",
        "feature_levels_str": "Middledark",
        "extra_str": null,
        "location_en": "eastern Faerûn → Middledark → Earthroot → Undrek'Thoz",
        "name_alt_en_str": null,
        "location_ru": "восточный Фаэрун → Среднее Подземье → Корень Земли → Ундрек'Тоз",
        "name_alt_ru_str": null,
        "geog_extent_centroid_md": "38° 31′ 46″ N 016° 20′ 23″ E",
        "geog_extent_centroid_fria": "38° 31′ 46″ N 037° 08′ 30″ W",
        "geog_extent_area_sq_km": null,
        "geog_extent_area_sq_miles": null,
        "geog_extent_length_km": null,
        "geog_extent_length_miles": null,
        "geog_extent_perimeter_km": null,
        "geog_extent_perimeter_miles": null,
        "geog_extent_bbox_md": null,
        "geog_extent_bbox_fria": null,
        "name_it": null,
        "name_abb_it": null,
        "label_it": "Drezz'Lynur",
        "descr_it": null,
        "descr_html_it": null,
        "url_it": null,
        "location_it": "Faerûn orientale → Middledark → Radice della Terra → Undrek'Thoz",
        "name_alt_it_str": null,
        "topical_tags": "",
        "related_location_tags": "",
        "related_cultures_tags": "",
        "related_factions_tags": ""
      },
      "geometry": {
        "type": "MultiPoint",
        "coordinates": [
          [
            -37.141679175032245,
            38.529693035444886
          ]
        ]
      }
    },
    {
      "type": "Feature",
      "properties": {
        "uuid": "45ebaf18-2d1e-4e2a-8f31-f7f4899c9147",
        "layer_id": "udk_civ_populated_places_pt",
        "timeframe": null,
        "feature_class": "City",
        "feature_rank": 3,
        "is_visible": true,
        "is_labeled": true,
        "needs_review": false,
        "review_notes": null,
        "img_url": null,
        "last_edited": "2026-07-14",
        "last_editor": "postgres",
        "name_en": "Deep Imaskar",
        "name_ru": "Глубинный Имаскар",
        "name_abb_en": null,
        "name_abb_ru": null,
        "label_en": "Deep Imaskar",
        "label_ru": "Глубинный Имаскар",
        "descr_en": "A large, self-sufficient, and deeply isolationist city in the Underdark, populated by the last major group of descendants from the ancient Imaskar empire. The city's inhabitants survived in complete isolation for nearly four thousand years, deliberately hiding their massive population from the rest of the world until the modern era.",
        "descr_ru": "Анклав имаскарских беженцев в Нижнем Подземье, построенный внутри полости в форме полуцилиндра. Он существовал в полной изоляции тысячелетиями, управляемый Верховным Лордом-Планировщиком и Корпусом Планировщиков. Город был известен своими внепространственными пространствами и магической Великой Печатью, которая его защищала. Он пережил осады, Чумное Заклинание и eventual contact with Высоким Имаскаром.",
        "descr_html_en": "<!DOCTYPE HTML PUBLIC \"-//W3C//DTD HTML 4.0//EN\" \"http://www.w3.org/TR/REC-html40/strict.dtd\">\n<html><head><meta name=\"qrichtext\" content=\"1\" /><style type=\"text/css\">\np, li { white-space: pre-wrap; }\n</style></head><body style=\" font-family:'MS Shell Dlg 2'; font-size:10pt; font-weight:400; font-style:normal;\">\n<p style=\" margin-top:0px; margin-bottom:0px; margin-left:0px; margin-right:0px; -qt-block-indent:0; text-indent:0px;\">—</p></body></html>",
        "descr_html_ru": null,
        "url_en": "https://forgottenrealms.fandom.com/wiki/Deep_Imaskar",
        "url_ru": null,
        "source_name": "WotC Underdark 3e",
        "source_url": "https://forgottenrealms.fandom.com/wiki/Underdark_(sourcebook)",
        "dnd_editions_str": "5e, 3e",
        "feature_levels_str": "Lowerdark",
        "extra_str": "topical_tags: [\"underdark\", \"enclave\", \"hidden\", \"extradimensional\", \"isolationist\", \"magocracy\", \"plaguelands\", \"refugee\"] | related_cultures_tags: [\"Deep Imaskari\", \"Imaskari\"] | related_factions_tags: [\"Body of Planners\", \"Enactors\", \"Apprehenders\", \"Lodge of Retributive Masters\", \"Masters of Absolute Accord\"] | related_location_tags: [\"Lowerdark\", \"Earthroot\", \"Endless Waste\", \"Vaelan\", \"Elemental Plane of Air\", \"High Imaskar\"]",
        "location_en": "eastern Faerûn → Lowerdark → Earthroot",
        "name_alt_en_str": "City of the Great Seal",
        "location_ru": "восточный Фаэрун → Нижнее Подземье → Корень Земли",
        "name_alt_ru_str": "Город Великой Печати",
        "geog_extent_centroid_md": "40° 56′ 18″ N 022° 52′ 42″ E",
        "geog_extent_centroid_fria": "40° 56′ 18″ N 030° 36′ 10″ W",
        "geog_extent_area_sq_km": null,
        "geog_extent_area_sq_miles": null,
        "geog_extent_length_km": null,
        "geog_extent_length_miles": null,
        "geog_extent_perimeter_km": null,
        "geog_extent_perimeter_miles": null,
        "geog_extent_bbox_md": null,
        "geog_extent_bbox_fria": null,
        "name_it": "Imaskar Profondo",
        "name_abb_it": null,
        "label_it": "Imaskar Profondo",
        "descr_it": "Un'enclave di rifugiati Imaskari nel Sottosuolo inferiore, costruita all'interno di una cavità a forma di semitubo. Sopravvisse in completo isolamento per millenni, governata da un Alto Signore Pianificatore e un Corpo di Pianificatori. La città era nota per i suoi spazi extradimensionali e un Grande Sigillo magico che la proteggeva. Affrontò assedi, la Piaga degli Incantesimi e il contatto finale con l'Alto Imaskar.",
        "descr_html_it": null,
        "url_it": null,
        "location_it": "Faerûn orientale → Lowerdark → Radice della Terra",
        "name_alt_it_str": "Città del Grande Sigillo",
        "topical_tags": "underdark, enclave, hidden, extradimensional, isolationist, magocracy, plaguelands, refugee",
        "related_location_tags": "Lowerdark, Earthroot, Endless Waste, Vaelan, Elemental Plane of Air, High Imaskar",
        "related_cultures_tags": "Deep Imaskari, Imaskari",
        "related_factions_tags": "Body of Planners, Enactors, Apprehenders, Lodge of Retributive Masters, Masters of Absolute Accord"
      },
      "geometry": {
        "type": "MultiPoint",
        "coordinates": [
          [
            -30.603003438963334,
            40.938555050513536
          ]
        ]
      }
    },
    {
      "type": "Feature",
      "properties": {
        "uuid": "52cd07fb-44cb-4d1b-bb17-f7746542551b",
        "layer_id": "udk_civ_populated_places_pt",
        "timeframe": null,
        "feature_class": "City",
        "feature_rank": 3,
        "is_visible": true,
        "is_labeled": true,
        "needs_review": false,
        "review_notes": "exclude from wiki link auto-ageneration",
        "img_url": null,
        "last_edited": "2026-07-13",
        "last_editor": "postgres",
        "name_en": "Boneyard",
        "name_ru": "Костяной Двор",
        "name_abb_en": null,
        "name_abb_ru": null,
        "label_en": "Boneyard",
        "label_ru": "Костяной Двор",
        "descr_en": "Located within the Earthroot, beneath the land of Thay, is a necropolis of roughly 5,000 undead. It is governed by a vampire and populated by all forms of intelligent and unintelligent undead.",
        "descr_ru": null,
        "descr_html_en": "<!DOCTYPE HTML PUBLIC \"-//W3C//DTD HTML 4.0//EN\" \"http://www.w3.org/TR/REC-html40/strict.dtd\">\n<html><head><meta name=\"qrichtext\" content=\"1\" /><style type=\"text/css\">\np, li { white-space: pre-wrap; }\n</style></head><body style=\" font-family:'MS Shell Dlg 2'; font-size:10pt; font-weight:400; font-style:normal;\">\n<p style=\" margin-top:0px; margin-bottom:0px; margin-left:0px; margin-right:0px; -qt-block-indent:0; text-indent:0px;\">—</p></body></html>",
        "descr_html_ru": null,
        "url_en": null,
        "url_ru": null,
        "source_name": "WotC Underdark 3e",
        "source_url": "https://forgottenrealms.fandom.com/wiki/Underdark_(sourcebook)",
        "dnd_editions_str": "5e, 3e",
        "feature_levels_str": "Middledark",
        "extra_str": null,
        "location_en": "central Faerûn → Middledark → Earthroot",
        "name_alt_en_str": "Pholzubblat",
        "location_ru": "центральный Фаэрун → Среднее Подземье → Корень Земли",
        "name_alt_ru_str": "Город-мавзолей, Фолзуббалт",
        "geog_extent_centroid_md": "38° 47′ 07″ N 011° 17′ 12″ E",
        "geog_extent_centroid_fria": "38° 47′ 07″ N 042° 11′ 40″ W",
        "geog_extent_area_sq_km": null,
        "geog_extent_area_sq_miles": null,
        "geog_extent_length_km": null,
        "geog_extent_length_miles": null,
        "geog_extent_perimeter_km": null,
        "geog_extent_perimeter_miles": null,
        "geog_extent_bbox_md": null,
        "geog_extent_bbox_fria": null,
        "name_it": "Ossario",
        "name_abb_it": null,
        "label_it": "Ossario",
        "descr_it": null,
        "descr_html_it": null,
        "url_it": null,
        "location_it": "Faerûn centrale → Middledark → Radice della Terra",
        "name_alt_it_str": null,
        "topical_tags": "",
        "related_location_tags": "",
        "related_cultures_tags": "",
        "related_factions_tags": ""
      },
      "geometry": {
        "type": "MultiPoint",
        "coordinates": [
          [
            -42.19470386046807,
            38.785413833683585
          ]
        ]
      }
    },
    {
      "type": "Feature",
      "properties": {
        "uuid": "55fc1c50-7ca3-44f8-88ca-5724e654de45",
        "layer_id": "udk_civ_populated_places_pt",
        "timeframe": null,
        "feature_class": "City",
        "feature_rank": 3,
        "is_visible": true,
        "is_labeled": true,
        "needs_review": false,
        "review_notes": "exclude from wiki link auto-ageneration",
        "img_url": null,
        "last_edited": "2026-07-13",
        "last_editor": "postgres",
        "name_en": "Fivrek'Zek",
        "name_ru": "Фиврек'Зек",
        "name_abb_en": null,
        "name_abb_ru": null,
        "label_en": "Fivrek'Zek",
        "label_ru": "Фиврек'Зек",
        "descr_en": "This city is a segment of the drow confederation Undrek'Thoz, ruled by a matron mother whose power is balanced by the monastic Blackened Fist order. It lies in the Underdark beneath Thay, linked to its nine sister-cities by a permanent portal network.",
        "descr_ru": null,
        "descr_html_en": "<!DOCTYPE HTML PUBLIC \"-//W3C//DTD HTML 4.0//EN\" \"http://www.w3.org/TR/REC-html40/strict.dtd\">\n<html><head><meta name=\"qrichtext\" content=\"1\" /><style type=\"text/css\">\np, li { white-space: pre-wrap; }\n</style></head><body style=\" font-family:'MS Shell Dlg 2'; font-size:10pt; font-weight:400; font-style:normal;\">\n<p style=\" margin-top:0px; margin-bottom:0px; margin-left:0px; margin-right:0px; -qt-block-indent:0; text-indent:0px;\">—</p></body></html>",
        "descr_html_ru": null,
        "url_en": null,
        "url_ru": null,
        "source_name": "WotC Undrek'Thoz 3e",
        "source_url": "https://forgottenrealms.fandom.com/wiki/Underdark_(sourcebook)",
        "dnd_editions_str": "5e, 3e",
        "feature_levels_str": "Middledark",
        "extra_str": null,
        "location_en": "central Faerûn → Middledark → Earthroot → Undrek'Thoz",
        "name_alt_en_str": null,
        "location_ru": "центральный Фаэрун → Среднее Подземье → Корень Земли → Ундрек'Тоз",
        "name_alt_ru_str": null,
        "geog_extent_centroid_md": "36° 12′ 50″ N 015° 42′ 20″ E",
        "geog_extent_centroid_fria": "36° 12′ 50″ N 037° 46′ 32″ W",
        "geog_extent_area_sq_km": null,
        "geog_extent_area_sq_miles": null,
        "geog_extent_length_km": null,
        "geog_extent_length_miles": null,
        "geog_extent_perimeter_km": null,
        "geog_extent_perimeter_miles": null,
        "geog_extent_bbox_md": null,
        "geog_extent_bbox_fria": null,
        "name_it": "Fivrek'Zek",
        "name_abb_it": null,
        "label_it": "Fivrek'Zek",
        "descr_it": null,
        "descr_html_it": null,
        "url_it": null,
        "location_it": "Faerûn centrale → Middledark → Radice della Terra → Undrek'Thoz",
        "name_alt_it_str": null,
        "topical_tags": "",
        "related_location_tags": "",
        "related_cultures_tags": "",
        "related_factions_tags": ""
      },
      "geometry": {
        "type": "MultiPoint",
        "coordinates": [
          [
            -37.77568449229342,
            36.21412323027571
          ]
        ]
      }
    },
    {
      "type": "Feature",
      "properties": {
        "uuid": "573e5855-a561-452e-a5e4-fb417545e7c2",
        "layer_id": "udk_civ_populated_places_pt",
        "timeframe": null,
        "feature_class": "City",
        "feature_rank": 3,
        "is_visible": true,
        "is_labeled": true,
        "needs_review": false,
        "review_notes": null,
        "img_url": null,
        "last_edited": "2026-07-14",
        "last_editor": "postgres",
        "name_en": "Ched Nasad",
        "name_ru": "Чед Насад",
        "name_abb_en": null,
        "name_abb_ru": null,
        "label_en": "Ched Nasad",
        "label_ru": "Чед Насад",
        "descr_en": "A drow city in the Middle Northdark.",
        "descr_ru": "Разрушенный мегаполис дроу, расположенный в Среднем Норддарке под Высокой Тесниной в северных Горах Седых Вершин. Город был построен в большой V-образной пещере с магически контролируемым освещением фейри-файр. Был разрушен в 1372 ЛД, когда сочетание атаки дуэргаров и неконтролируемых пауков-стражей вызвало обрушение всего города в пропасть. После падения руины были захвачены организацией Джазред Чаулссин, а позже частично слились с Теневой Каймой.",
        "descr_html_en": "<!DOCTYPE HTML PUBLIC \"-//W3C//DTD HTML 4.0//EN\" \"http://www.w3.org/TR/REC-html40/strict.dtd\">\n<html><head><meta name=\"qrichtext\" content=\"1\" /><style type=\"text/css\">\np, li { white-space: pre-wrap; }\n</style></head><body style=\" font-family:'MS Shell Dlg 2'; font-size:10pt; font-weight:400; font-style:normal;\">\n<p style=\" margin-top:0px; margin-bottom:0px; margin-left:0px; margin-right:0px; -qt-block-indent:0; text-indent:0px;\">—</p></body></html>",
        "descr_html_ru": null,
        "url_en": "https://forgottenrealms.fandom.com/wiki/Ched_Nasad",
        "url_ru": null,
        "source_name": "WotC Underdark 3e",
        "source_url": "https://forgottenrealms.fandom.com/wiki/Underdark_(sourcebook)",
        "dnd_editions_str": "5e, 3e",
        "feature_levels_str": "Middledark",
        "extra_str": "topical_tags: [\"drow\", \"metropolis\", \"underdark\", \"ruined\", \"cavern\", \"matriarchy\", \"lolth\", \"trade\", \"magic\", \"shadow\"] | related_cultures_tags: [\"drow\", \"duergar\", \"goblin\", \"svirfneblin\", \"chitine\"] | related_factions_tags: [\"House Nasadra\", \"Jaezred Chaulssin\", \"Clan Xornbane\", \"Disciples of Phelthong\", \"Weavespinners Academy\", \"Runemasters of the Dangling Tower\", \"Arcanist Conservatory\", \"White Spider Company\"] | related_location_tags: [\"Menzoberranzan\", \"Araumycos\", \"Graypeaks Hive\", \"Fardrimm\", \"Ammarindar\", \"Nether Mountains\", \"Anauroch\", \"Hlaungadath\"]",
        "location_en": "western Faerûn → Middledark → Northdark",
        "name_alt_en_str": "City of Webs, City of Shimmering Webs",
        "location_ru": "западный Фаэрун → Среднее Подземье → Нортдарк",
        "name_alt_ru_str": "Город Мерцающих Паутин, Город Паутин",
        "geog_extent_centroid_md": "46° 08′ 20″ N 013° 25′ 11″ W",
        "geog_extent_centroid_fria": "46° 08′ 20″ N 066° 54′ 05″ W",
        "geog_extent_area_sq_km": null,
        "geog_extent_area_sq_miles": null,
        "geog_extent_length_km": null,
        "geog_extent_length_miles": null,
        "geog_extent_perimeter_km": null,
        "geog_extent_perimeter_miles": null,
        "geog_extent_bbox_md": null,
        "geog_extent_bbox_fria": null,
        "name_it": "Ched Nasad",
        "name_abb_it": null,
        "label_it": "Ched Nasad",
        "descr_it": "Ched Nasad è una metropoli drow in rovina situata nel Middle Northdark sotto l'Alto Gap nei Monti Graypeak settentrionali. La città fu costruita in una grande caverna a forma di V con illuminazione di fuoco fatato controllata magicamente. Fu distrutta nel 1372 DR quando una combinazione di attacco duergar e ragni guardiani incontrollati fece crollare l'intera città nel baratro. Dopo la sua caduta, le rovine furono prese dai Jaezred Chaulssin e in seguito parzialmente fuse con la Frangia d'Ombra.",
        "descr_html_it": null,
        "url_it": null,
        "location_it": "Faerûn occidentale → Middledark → Sottosuolo Settentrionale",
        "name_alt_it_str": "Città delle Rovine Splendenti, Città delle Rovine",
        "topical_tags": "drow, metropolis, underdark, ruined, cavern, matriarchy, lolth, trade, magic, shadow",
        "related_location_tags": "Menzoberranzan, Araumycos, Graypeaks Hive, Fardrimm, Ammarindar, Nether Mountains, Anauroch, Hlaungadath",
        "related_cultures_tags": "drow, duergar, goblin, svirfneblin, chitine",
        "related_factions_tags": "House Nasadra, Jaezred Chaulssin, Clan Xornbane, Disciples of Phelthong, Weavespinners Academy, Runemasters of the Dangling Tower, Arcanist Conservatory, White Spider Company"
      },
      "geometry": {
        "type": "MultiPoint",
        "coordinates": [
          [
            -66.90147655303063,
            46.13912061422724
          ]
        ]
      }
    },
    {
      "type": "Feature",
      "properties": {
        "uuid": "14f4e83a-6d1e-40af-9062-6de39a7e360e",
        "layer_id": "udk_civ_populated_places_pt",
        "timeframe": null,
        "feature_class": "City",
        "feature_rank": 3,
        "is_visible": true,
        "is_labeled": true,
        "needs_review": false,
        "review_notes": null,
        "img_url": null,
        "last_edited": "2026-07-14",
        "last_editor": "postgres",
        "name_en": "Drik Hargunen",
        "name_ru": "Дрик Харгунен",
        "name_abb_en": null,
        "name_abb_ru": null,
        "label_en": "Drik Hargunen",
        "label_ru": "Дрик Харгунен",
        "descr_en": "A large duergar city built around a natural rock chimney in the Upperdark region of the Underdark, connected by iron stairways. Its duergar inhabitants were notably more tolerant than others, allowing human slavers and traders to reside there.",
        "descr_ru": "Большой город дуэргаров, построенный вокруг естественной каменной дымоходной трубы в области Верхнего Подземья, соединённый железными лестницами. Его обитатели-дуэргары были заметно более терпимыми, чем другие, позволяя людям-работорговцам и торговцам селиться там.",
        "descr_html_en": "<!DOCTYPE HTML PUBLIC \"-//W3C//DTD HTML 4.0//EN\" \"http://www.w3.org/TR/REC-html40/strict.dtd\">\n<html><head><meta name=\"qrichtext\" content=\"1\" /><style type=\"text/css\">\np, li { white-space: pre-wrap; }\n</style></head><body style=\" font-family:'MS Shell Dlg 2'; font-size:10pt; font-weight:400; font-style:normal;\">\n<p style=\" margin-top:0px; margin-bottom:0px; margin-left:0px; margin-right:0px; -qt-block-indent:0; text-indent:0px;\">—</p></body></html>",
        "descr_html_ru": null,
        "url_en": "https://forgottenrealms.fandom.com/wiki/Drik_Hargunen",
        "url_ru": null,
        "source_name": "WotC Underdark 3e",
        "source_url": "https://forgottenrealms.fandom.com/wiki/Underdark_(sourcebook)",
        "dnd_editions_str": "5e, 3e",
        "feature_levels_str": "Upperdark",
        "extra_str": "topical_tags: [\"city\", \"underdark\", \"duergar\", \"settlement\", \"upperdark\"] | related_cultures_tags: [\"Duergar\", \"Derro\", \"Human\", \"Rock gnome\", \"Svirfneblin\", \"Goblin\", \"Orc\", \"Grimlock\", \"Ogre\"] | related_location_tags: [\"Darklands\", \"Upperdark\", \"Underdark\", \"Faerûn\"]",
        "location_en": "central Faerûn → Upperdark → Darklands",
        "name_alt_en_str": null,
        "location_ru": "центральный Фаэрун → Верхнее Подземье → Тёмные Земли",
        "name_alt_ru_str": null,
        "geog_extent_centroid_md": "33° 39′ 54″ N 002° 09′ 23″ W",
        "geog_extent_centroid_fria": "33° 39′ 54″ N 055° 38′ 17″ W",
        "geog_extent_area_sq_km": null,
        "geog_extent_area_sq_miles": null,
        "geog_extent_length_km": null,
        "geog_extent_length_miles": null,
        "geog_extent_perimeter_km": null,
        "geog_extent_perimeter_miles": null,
        "geog_extent_bbox_md": null,
        "geog_extent_bbox_fria": null,
        "name_it": "Drik Hargunen",
        "name_abb_it": null,
        "label_it": "Drik Hargunen",
        "descr_it": "Una grande città dei duergar costruita attorno a un camino di roccia naturale nella regione del Sottosuolo superiore del Sottosuolo, collegata da scale di ferro. I suoi abitanti duergar erano notevolmente più tolleranti di altri, permettendo a schiavisti e commercianti umani di risiedervi.",
        "descr_html_it": null,
        "url_it": null,
        "location_it": "Faerûn centrale → Upperdark → Terre Oscure",
        "name_alt_it_str": null,
        "topical_tags": "city, underdark, duergar, settlement, upperdark",
        "related_location_tags": "Darklands, Upperdark, Underdark, Faerûn",
        "related_cultures_tags": "Duergar, Derro, Human, Rock gnome, Svirfneblin, Goblin, Orc, Grimlock, Ogre",
        "related_factions_tags": ""
      },
      "geometry": {
        "type": "MultiPoint",
        "coordinates": [
          [
            -55.63811720727028,
            33.6650133789058
          ]
        ]
      }
    },
    {
      "type": "Feature",
      "properties": {
        "uuid": "532c6aac-81fb-494c-b4ee-82fc78791887",
        "layer_id": "udk_civ_populated_places_pt",
        "timeframe": null,
        "feature_class": "City",
        "feature_rank": 3,
        "is_visible": true,
        "is_labeled": true,
        "needs_review": false,
        "review_notes": null,
        "img_url": null,
        "last_edited": "2026-07-14",
        "last_editor": "postgres",
        "name_en": "Llurth Dreir",
        "name_ru": "Ллурт Дрейр",
        "name_abb_en": null,
        "name_abb_ru": null,
        "label_en": "Llurth Dreir",
        "label_ru": "Ллурт Дрейр",
        "descr_en": "A drow city located in the Great Bhaerynden domain of the Underdark, situated in a remote middledark region beneath the Shaar grasslands. It was built around a reduced body of water called Llurthogl, surrounded by fertile mud flats. The city was destroyed when its cavern roof collapsed after the Spellplague.",
        "descr_ru": "Город дроу, расположенный в домене Великого Бэриндена в Подземье, в отдалённой области Среднего Подземья под травянистыми равнинами Шаар. Был построен вокруг уменьшившегося водоёма, называемого Ллуртогл, окружённого плодородными илистыми отмелями. Город был уничтожен, когда его потолок пещеры обрушился после Чумного Заклинания.",
        "descr_html_en": "<!DOCTYPE HTML PUBLIC \"-//W3C//DTD HTML 4.0//EN\" \"http://www.w3.org/TR/REC-html40/strict.dtd\">\n<html><head><meta name=\"qrichtext\" content=\"1\" /><style type=\"text/css\">\np, li { white-space: pre-wrap; }\n</style></head><body style=\" font-family:'MS Shell Dlg 2'; font-size:10pt; font-weight:400; font-style:normal;\">\n<p style=\" margin-top:0px; margin-bottom:0px; margin-left:0px; margin-right:0px; -qt-block-indent:0; text-indent:0px;\">—</p></body></html>",
        "descr_html_ru": null,
        "url_en": "https://forgottenrealms.fandom.com/wiki/Llurth_Dreier",
        "url_ru": null,
        "source_name": "WotC Underdark 3e",
        "source_url": "https://forgottenrealms.fandom.com/wiki/Underdark_(sourcebook)",
        "dnd_editions_str": "3e",
        "feature_levels_str": "Middledark",
        "extra_str": "topical_tags: [\"city\", \"underdark\", \"drow\", \"ruins\", \"ooze\", \"aboleth\", \"slave\", \"cavern\", \"mudflats\", \"lake\"] | related_cultures_tags: [\"drow\", \"Dreiryn\", \"aboleth\", \"slave races\"] | related_factions_tags: [\"Fanatics of the Overflowing Pit\", \"Houses of Llurth Dreier\"] | related_location_tags: [\"Great Bhaerynden\", \"Middledark\", \"Underdark\", \"Shaar\", \"Great Rift\", \"Deepwild\", \"Ormpur\"]",
        "location_en": "southern Faerûn → Middledark → Great Bhaerynden",
        "name_alt_en_str": "City of Ooze, Accursed City, Llurth Dreir",
        "location_ru": "южный Фаэрун → Среднее Подземье → Великий Бхаэринден",
        "name_alt_ru_str": "Проклятый Город, Город Слизи",
        "geog_extent_centroid_md": "21° 39′ 29″ N 004° 36′ 34″ E",
        "geog_extent_centroid_fria": "21° 39′ 29″ N 048° 52′ 18″ W",
        "geog_extent_area_sq_km": null,
        "geog_extent_area_sq_miles": null,
        "geog_extent_length_km": null,
        "geog_extent_length_miles": null,
        "geog_extent_perimeter_km": null,
        "geog_extent_perimeter_miles": null,
        "geog_extent_bbox_md": null,
        "geog_extent_bbox_fria": null,
        "name_it": "Llurth Dreir",
        "name_abb_it": null,
        "label_it": "Llurth Dreir",
        "descr_it": "Una città dei drow situata nel dominio di Grande Bhaerynden nel Sottosuolo, in una remota regione del Sottosuolo intermedio sotto le praterie di Shaar. Era costruita attorno a un corpo d'acqua ridotto chiamato Llurthogl, circondato da fertili piane di fango. La città fu distrutta quando il soffitto della sua caverna crollò dopo la Piaga degli Incantesimi.",
        "descr_html_it": null,
        "url_it": null,
        "location_it": "Faerûn meridionale → Middledark → Grande Bhaerynden",
        "name_alt_it_str": "Llurth Dreir, Llurth Drier, La Città Maledetta, La Città della Melma, La Rovina Melmosa",
        "topical_tags": "city, underdark, drow, ruins, ooze, aboleth, slave, cavern, mudflats, lake",
        "related_location_tags": "Great Bhaerynden, Middledark, Underdark, Shaar, Great Rift, Deepwild, Ormpur",
        "related_cultures_tags": "drow, Dreiryn, aboleth, slave races",
        "related_factions_tags": "Fanatics of the Overflowing Pit, Houses of Llurth Dreier"
      },
      "geometry": {
        "type": "MultiPoint",
        "coordinates": [
          [
            -48.87181793993385,
            21.658258157620022
          ]
        ]
      }
    },
    {
      "type": "Feature",
      "properties": {
        "uuid": "506e624a-2ded-4367-ae52-e856828a140e",
        "layer_id": "udk_civ_populated_places_pt",
        "timeframe": null,
        "feature_class": "City",
        "feature_rank": 3,
        "is_visible": true,
        "is_labeled": true,
        "needs_review": false,
        "review_notes": null,
        "img_url": null,
        "last_edited": "2026-07-14",
        "last_editor": "postgres",
        "name_en": "Sshamath",
        "name_ru": "Шамат",
        "name_abb_en": null,
        "name_abb_ru": null,
        "label_en": "Sshamath",
        "label_ru": "Шамат",
        "descr_en": "A drow city located in the Gauth Grottoes below the Far Hills.",
        "descr_ru": "Сшамат — подземный город дроу в гротах Гаут под Дальними Холмами, управляемый магической олигархией волшебников. Это крупный торговый центр магических товаров с уникальной социальной структурой, которая ценит владение тайной магией выше божественной и относится к не-дроу, обладающим способностями к волшебству, как к свободным, но второсортным жителям.",
        "descr_html_en": "<!DOCTYPE HTML PUBLIC \"-//W3C//DTD HTML 4.0//EN\" \"http://www.w3.org/TR/REC-html40/strict.dtd\">\n<html><head><meta name=\"qrichtext\" content=\"1\" /><style type=\"text/css\">\np, li { white-space: pre-wrap; }\n</style></head><body style=\" font-family:'MS Shell Dlg 2'; font-size:10pt; font-weight:400; font-style:normal;\">\n<p style=\" margin-top:0px; margin-bottom:0px; margin-left:0px; margin-right:0px; -qt-block-indent:0; text-indent:0px;\">—</p></body></html>",
        "descr_html_ru": null,
        "url_en": "https://forgottenrealms.fandom.com/wiki/Sshamath",
        "url_ru": null,
        "source_name": "WotC Underdark 3e",
        "source_url": "https://forgottenrealms.fandom.com/wiki/Underdark_(sourcebook)",
        "dnd_editions_str": "5e, 3e",
        "feature_levels_str": "Middledark",
        "extra_str": "topical_tags: [\"drow\", \"city\", \"underdark\", \"magocracy\", \"wizard\", \"trading\", \"magic\", \"oligarchy\", \"metropolis\"] | related_cultures_tags: [\"drow\", \"human\", \"deep imaskari\", \"goblin\", \"grimlock\", \"orc\", \"ogre\", \"minotaur\"] | related_factions_tags: [\"Conclave of Sshamath\", \"Zhentarim\", \"Cult of Malyk\", \"College of Ancient Arcana\", \"School of Shadow Weave\"] | related_location_tags: [\"Gauth Grottoes\", \"Underdark\", \"Far Hills\", \"Darkhold\", \"Rhymanthiin\", \"Netheril\", \"Oghrann\", \"Kara-Tur\"]",
        "location_en": "western Faerûn → Middledark → Gauth Grottoes",
        "name_alt_en_str": "City of Dark Weavings",
        "location_ru": "западный Фаэрун → Среднее Подземье → Гроты Гаутов",
        "name_alt_ru_str": "Город Тёмных Плетений",
        "geog_extent_centroid_md": "37° 33′ 54″ N 009° 39′ 58″ W",
        "geog_extent_centroid_fria": "37° 33′ 54″ N 063° 08′ 51″ W",
        "geog_extent_area_sq_km": null,
        "geog_extent_area_sq_miles": null,
        "geog_extent_length_km": null,
        "geog_extent_length_miles": null,
        "geog_extent_perimeter_km": null,
        "geog_extent_perimeter_miles": null,
        "geog_extent_bbox_md": null,
        "geog_extent_bbox_fria": null,
        "name_it": "Sshamath",
        "name_abb_it": null,
        "label_it": "Sshamath",
        "descr_it": "Sshamath è una metropoli drow nelle Grotte di Gauth sotto le Colline Lontane, governata da un'oligarchia magocratica di maghi. È un importante centro commerciale per beni magici, con una struttura sociale unica che valorizza la padronanza arcana sopra la magia divina e tratta i non-drow con abilità da mago come residenti liberi ma di seconda classe.",
        "descr_html_it": null,
        "url_it": null,
        "location_it": "Faerûn occidentale → Middledark → Grotte di Gauth",
        "name_alt_it_str": "Città degli Oscuri Intrecci",
        "topical_tags": "drow, city, underdark, magocracy, wizard, trading, magic, oligarchy, metropolis",
        "related_location_tags": "Gauth Grottoes, Underdark, Far Hills, Darkhold, Rhymanthiin, Netheril, Oghrann, Kara-Tur",
        "related_cultures_tags": "drow, human, deep imaskari, goblin, grimlock, orc, ogre, minotaur",
        "related_factions_tags": "Conclave of Sshamath, Zhentarim, Cult of Malyk, College of Ancient Arcana, School of Shadow Weave"
      },
      "geometry": {
        "type": "MultiPoint",
        "coordinates": [
          [
            -63.14775831745497,
            37.5652134970914
          ]
        ]
      }
    },
    {
      "type": "Feature",
      "properties": {
        "uuid": "633385f2-f138-4b5f-ab0f-6491a79b4481",
        "layer_id": "udk_civ_populated_places_pt",
        "timeframe": null,
        "feature_class": "City",
        "feature_rank": 3,
        "is_visible": true,
        "is_labeled": true,
        "needs_review": false,
        "review_notes": "exclude from wiki link auto-ageneration",
        "img_url": null,
        "last_edited": "2026-07-13",
        "last_editor": "postgres",
        "name_en": "Trun'Zoyl'Zl",
        "name_ru": "Трун'Зойл'Зл",
        "name_abb_en": null,
        "name_abb_ru": null,
        "label_en": "Trun'Zoyl'Zl",
        "label_ru": "Трун'Зойл'Зл",
        "descr_en": "This city is a segment of the drow confederation Undrek'Thoz, ruled by a matron mother whose power is balanced by the monastic Blackened Fist order. It lies in the Underdark beneath Thay, linked to its nine sister-cities by a permanent portal network.",
        "descr_ru": null,
        "descr_html_en": "<!DOCTYPE HTML PUBLIC \"-//W3C//DTD HTML 4.0//EN\" \"http://www.w3.org/TR/REC-html40/strict.dtd\">\n<html><head><meta name=\"qrichtext\" content=\"1\" /><style type=\"text/css\">\np, li { white-space: pre-wrap; }\n</style></head><body style=\" font-family:'MS Shell Dlg 2'; font-size:10pt; font-weight:400; font-style:normal;\">\n<p style=\" margin-top:0px; margin-bottom:0px; margin-left:0px; margin-right:0px; -qt-block-indent:0; text-indent:0px;\">—</p></body></html>",
        "descr_html_ru": null,
        "url_en": null,
        "url_ru": null,
        "source_name": "WotC Undrek'Thoz 3e",
        "source_url": "https://forgottenrealms.fandom.com/wiki/Underdark_(sourcebook)",
        "dnd_editions_str": "5e, 3e",
        "feature_levels_str": "Middledark",
        "extra_str": null,
        "location_en": "eastern Faerûn → Middledark → Earthroot → Undrek'Thoz",
        "name_alt_en_str": null,
        "location_ru": "восточный Фаэрун → Среднее Подземье → Корень Земли → Ундрек'Тоз",
        "name_alt_ru_str": null,
        "geog_extent_centroid_md": "33° 12′ 42″ N 017° 15′ 14″ E",
        "geog_extent_centroid_fria": "33° 12′ 42″ N 036° 13′ 38″ W",
        "geog_extent_area_sq_km": null,
        "geog_extent_area_sq_miles": null,
        "geog_extent_length_km": null,
        "geog_extent_length_miles": null,
        "geog_extent_perimeter_km": null,
        "geog_extent_perimeter_miles": null,
        "geog_extent_bbox_md": null,
        "geog_extent_bbox_fria": null,
        "name_it": "Trun'Zoyl'Zl",
        "name_abb_it": null,
        "label_it": "Trun'Zoyl'Zl",
        "descr_it": null,
        "descr_html_it": null,
        "url_it": null,
        "location_it": "Faerûn orientale → Middledark → Radice della Terra → Undrek'Thoz",
        "name_alt_it_str": null,
        "topical_tags": "",
        "related_location_tags": "",
        "related_cultures_tags": "",
        "related_factions_tags": ""
      },
      "geometry": {
        "type": "MultiPoint",
        "coordinates": [
          [
            -36.227336980079905,
            33.211831528311
          ]
        ]
      }
    },
    {
      "type": "Feature",
      "properties": {
        "uuid": "64b98271-659a-4cc8-9a19-0bad31dba416",
        "layer_id": "udk_civ_populated_places_pt",
        "timeframe": null,
        "feature_class": "City",
        "feature_rank": 3,
        "is_visible": true,
        "is_labeled": true,
        "needs_review": false,
        "review_notes": null,
        "img_url": null,
        "last_edited": "2026-07-14",
        "last_editor": "postgres",
        "name_en": "Brundag",
        "name_ru": "Брундаг",
        "name_abb_en": null,
        "name_abb_ru": null,
        "label_en": "Brundag",
        "label_ru": "Брундаг",
        "descr_en": "This city is a segment of the drow confederation Undrek'Thoz, ruled by a matron mother whose power is balanced by the monastic Blackened Fist order. It lies in the Underdark beneath Thay, linked to its nine sister-cities by a permanent portal network.",
        "descr_ru": "Город дроу в регионе Ундрек'Тоз Подземья, расположенный под Амрутаром в Тэе. Состоит из дюжины пещер, отвоёванных у хобгоблинов, с тёплыми влажными условиями и богатой фауной. Город был почти уничтожен во время Чумных Заклинаний, но был отстроен заново с доступом к вулканической и геотермальной энергии.",
        "descr_html_en": "<!DOCTYPE HTML PUBLIC \"-//W3C//DTD HTML 4.0//EN\" \"http://www.w3.org/TR/REC-html40/strict.dtd\">\n<html><head><meta name=\"qrichtext\" content=\"1\" /><style type=\"text/css\">\np, li { white-space: pre-wrap; }\n</style></head><body style=\" font-family:'MS Shell Dlg 2'; font-size:10pt; font-weight:400; font-style:normal;\">\n<p style=\" margin-top:0px; margin-bottom:0px; margin-left:0px; margin-right:0px; -qt-block-indent:0; text-indent:0px;\">—</p></body></html>",
        "descr_html_ru": null,
        "url_en": "https://forgottenrealms.fandom.com/wiki/Brundag",
        "url_ru": null,
        "source_name": "WotC Undrek'Thoz 3e",
        "source_url": "https://forgottenrealms.fandom.com/wiki/Underdark_(sourcebook)",
        "dnd_editions_str": "5e, 3e",
        "feature_levels_str": "Middledark",
        "extra_str": "topical_tags: [\"city\", \"drow\", \"underdark\", \"caverns\", \"hobgoblins\", \"spellplague\", \"volcanic\", \"geothermal\", \"portals\", \"scrip\"] | related_cultures_tags: [\"drow\", \"hobgoblins\"] | related_factions_tags: [\"House Brundag\", \"Blackened Fist\", \"House Tellen'hez\"] | related_location_tags: [\"Undrek'Thoz\", \"Earthroot\", \"Underdark\", \"Amruthar\", \"Thay\", \"Cormanthor\"]",
        "location_en": "central Faerûn → Middledark → Earthroot → Undrek'Thoz",
        "name_alt_en_str": null,
        "location_ru": "центральный Фаэрун → Среднее Подземье → Корень Земли → Ундрек'Тоз",
        "name_alt_ru_str": null,
        "geog_extent_centroid_md": "34° 21′ 24″ N 015° 13′ 35″ E",
        "geog_extent_centroid_fria": "34° 21′ 24″ N 038° 15′ 17″ W",
        "geog_extent_area_sq_km": null,
        "geog_extent_area_sq_miles": null,
        "geog_extent_length_km": null,
        "geog_extent_length_miles": null,
        "geog_extent_perimeter_km": null,
        "geog_extent_perimeter_miles": null,
        "geog_extent_bbox_md": null,
        "geog_extent_bbox_fria": null,
        "name_it": "Brundag",
        "name_abb_it": null,
        "label_it": "Brundag",
        "descr_it": "Brundag è una città drow nella regione di Undrek'Thoz del Sottosuolo, situata sotto Amruthar a Thay. Consiste in una dozzina di caverne sottratte agli hobgoblin, con condizioni calde e umide e una ricca fauna. La città fu quasi distrutta durante la Spellplague ma fu ricostruita con accesso all'energia vulcanica e geotermica.",
        "descr_html_it": null,
        "url_it": null,
        "location_it": "Faerûn centrale → Middledark → Radice della Terra → Undrek'Thoz",
        "name_alt_it_str": null,
        "topical_tags": "city, drow, underdark, caverns, hobgoblins, spellplague, volcanic, geothermal, portals, scrip",
        "related_location_tags": "Undrek'Thoz, Earthroot, Underdark, Amruthar, Thay, Cormanthor",
        "related_cultures_tags": "drow, hobgoblins",
        "related_factions_tags": "House Brundag, Blackened Fist, House Tellen'hez"
      },
      "geometry": {
        "type": "MultiPoint",
        "coordinates": [
          [
            -38.25483482884575,
            34.35669496978517
          ]
        ]
      }
    },
    {
      "type": "Feature",
      "properties": {
        "uuid": "6c68d191-3131-4893-bb1c-49476d918c3f",
        "layer_id": "udk_civ_populated_places_pt",
        "timeframe": null,
        "feature_class": "Town",
        "feature_rank": 4,
        "is_visible": true,
        "is_labeled": true,
        "needs_review": false,
        "review_notes": null,
        "img_url": null,
        "last_edited": "2026-07-14",
        "last_editor": "postgres",
        "name_en": "Earth's End",
        "name_ru": "Край Земли",
        "name_abb_en": null,
        "name_abb_ru": null,
        "label_en": "Earth's End",
        "label_ru": "Край Земли",
        "descr_en": "An isolated outpost-city in the Underdark (beneath Halruaa). It is a key access point to the Underchasm. Its main feature is a multitude of portals with diverse properties: some admit light and elemental forces, while others serve as gates to Root Hold and the Monastery of the Yellow Rose.",
        "descr_ru": "Изолированное поселение Подземья, расположенное глубоко под северо-восточным Халруа, имеющее порталы в различные места и Элементальный Хаос, а также проход в Подземную Расселину.",
        "descr_html_en": "<!DOCTYPE HTML PUBLIC \"-//W3C//DTD HTML 4.0//EN\" \"http://www.w3.org/TR/REC-html40/strict.dtd\">\n<html><head><meta name=\"qrichtext\" content=\"1\" /><style type=\"text/css\">\np, li { white-space: pre-wrap; }\n</style></head><body style=\" font-family:'MS Shell Dlg 2'; font-size:10pt; font-weight:400; font-style:normal;\">\n<p style=\" margin-top:0px; margin-bottom:0px; margin-left:0px; margin-right:0px; -qt-block-indent:0; text-indent:0px;\">—</p></body></html>",
        "descr_html_ru": null,
        "url_en": "https://forgottenrealms.fandom.com/wiki/Earth%27s_End",
        "url_ru": null,
        "source_name": "WotC Underdark 3e",
        "source_url": "https://forgottenrealms.fandom.com/wiki/Underdark_(sourcebook)",
        "dnd_editions_str": "5e, 3e",
        "feature_levels_str": "Lowerdark",
        "extra_str": "topical_tags: [\"underdark\", \"settlement\", \"town\", \"portal\", \"elemental_chaos\", \"underchasm\"] | related_cultures_tags: [\"Earthsoul genasi\", \"Humans\", \"Dwarves\", \"Urdunnir\"] | related_location_tags: [\"Great Bhaerynden\", \"Halruaa\", \"Underchasm\", \"Root Hold\", \"Monastery of the Yellow Rose\"]",
        "location_en": "southern Faerûn → Lowerdark → Great Bhaerynden",
        "name_alt_en_str": null,
        "location_ru": "южный Фаэрун → Нижнее Подземье → Великий Бхаэринден",
        "name_alt_ru_str": null,
        "geog_extent_centroid_md": "11° 19′ 02″ N 000° 04′ 19″ E",
        "geog_extent_centroid_fria": "11° 19′ 02″ N 053° 24′ 33″ W",
        "geog_extent_area_sq_km": null,
        "geog_extent_area_sq_miles": null,
        "geog_extent_length_km": null,
        "geog_extent_length_miles": null,
        "geog_extent_perimeter_km": null,
        "geog_extent_perimeter_miles": null,
        "geog_extent_bbox_md": null,
        "geog_extent_bbox_fria": null,
        "name_it": "Fine della Terra",
        "name_abb_it": null,
        "label_it": "Fine della Terra",
        "descr_it": "Un insediamento isolato del Sottosuolo situato in profondità sotto la parte nord-orientale di Halruaa, con portali per varie località e il Caos Elementale, oltre a un passaggio per l'Abisso Sotterraneo.",
        "descr_html_it": null,
        "url_it": null,
        "location_it": "Faerûn meridionale → Lowerdark → Grande Bhaerynden",
        "name_alt_it_str": null,
        "topical_tags": "underdark, settlement, town, portal, elemental_chaos, underchasm",
        "related_location_tags": "Great Bhaerynden, Halruaa, Underchasm, Root Hold, Monastery of the Yellow Rose",
        "related_cultures_tags": "Earthsoul genasi, Humans, Dwarves, Urdunnir",
        "related_factions_tags": ""
      },
      "geometry": {
        "type": "MultiPoint",
        "coordinates": [
          [
            -53.40936972928504,
            11.317493683664175
          ]
        ]
      }
    },
    {
      "type": "Feature",
      "properties": {
        "uuid": "6d1ad07b-d53f-4a4e-ab2f-ac3cca020005",
        "layer_id": "udk_civ_populated_places_pt",
        "timeframe": null,
        "feature_class": "City",
        "feature_rank": 3,
        "is_visible": true,
        "is_labeled": true,
        "needs_review": false,
        "review_notes": "exclude from wiki link auto-ageneration",
        "img_url": null,
        "last_edited": "2026-07-13",
        "last_editor": "postgres",
        "name_en": "Morndivver",
        "name_ru": "Морндивер",
        "name_abb_en": null,
        "name_abb_ru": null,
        "label_en": "Morndivver",
        "label_ru": "Морндивер",
        "descr_en": null,
        "descr_ru": null,
        "descr_html_en": "<!DOCTYPE HTML PUBLIC \"-//W3C//DTD HTML 4.0//EN\" \"http://www.w3.org/TR/REC-html40/strict.dtd\">\n<html><head><meta name=\"qrichtext\" content=\"1\" /><style type=\"text/css\">\np, li { white-space: pre-wrap; }\n</style></head><body style=\" font-family:'MS Shell Dlg 2'; font-size:10pt; font-weight:400; font-style:normal;\">\n<p style=\" margin-top:0px; margin-bottom:0px; margin-left:0px; margin-right:0px; -qt-block-indent:0; text-indent:0px;\">—</p></body></html>",
        "descr_html_ru": null,
        "url_en": null,
        "url_ru": null,
        "source_name": "WotC Underdark 3e",
        "source_url": "https://forgottenrealms.fandom.com/wiki/Underdark_(sourcebook)",
        "dnd_editions_str": "5e, 3e",
        "feature_levels_str": "Upperdark",
        "extra_str": null,
        "location_en": "western Faerûn → Upperdark → Old Shanatar",
        "name_alt_en_str": null,
        "location_ru": "западный Фаэрун → Верхнее Подземье → Старый Шанатар",
        "name_alt_ru_str": null,
        "geog_extent_centroid_md": "29° 16′ 59″ N 014° 01′ 54″ W",
        "geog_extent_centroid_fria": "29° 16′ 59″ N 067° 30′ 47″ W",
        "geog_extent_area_sq_km": null,
        "geog_extent_area_sq_miles": null,
        "geog_extent_length_km": null,
        "geog_extent_length_miles": null,
        "geog_extent_perimeter_km": null,
        "geog_extent_perimeter_miles": null,
        "geog_extent_bbox_md": null,
        "geog_extent_bbox_fria": null,
        "name_it": "Morndivver",
        "name_abb_it": null,
        "label_it": "Morndivver",
        "descr_it": null,
        "descr_html_it": null,
        "url_it": null,
        "location_it": "Faerûn occidentale → Upperdark → Antico Shanatar",
        "name_alt_it_str": null,
        "topical_tags": "",
        "related_location_tags": "",
        "related_cultures_tags": "",
        "related_factions_tags": ""
      },
      "geometry": {
        "type": "MultiPoint",
        "coordinates": [
          [
            -67.51322162884301,
            29.283106486305602
          ]
        ]
      }
    },
    {
      "type": "Feature",
      "properties": {
        "uuid": "72ec5757-118e-4765-a5e1-368ce51b5c5f",
        "layer_id": "udk_civ_populated_places_pt",
        "timeframe": null,
        "feature_class": "Village",
        "feature_rank": 5,
        "is_visible": true,
        "is_labeled": true,
        "needs_review": false,
        "review_notes": null,
        "img_url": null,
        "last_edited": "2026-07-14",
        "last_editor": "postgres",
        "name_en": "Cloakerhaven",
        "name_ru": "Пристанище Плащевиков",
        "name_abb_en": null,
        "name_abb_ru": null,
        "label_en": "Cloakerhaven",
        "label_ru": "Пристанище Плащевиков",
        "descr_en": "A cave located in Lowerdark, home to a settlement of at least two hundred cloakers.",
        "descr_ru": "Большая пещера в Нижнем Подземье, служившая поселением для колонии плащеносцев. Обитатели жили в гладких круглых углублениях, вырезанных в сталактитах и сталагмитах пещеры порабощёнными гуманоидами, которые позже были убиты. Южная часть пещеры содержит заросшие остатки лагеря рабов. Пещера опасна для гуманоидов, которых при входе обычно атакуют неистовые рои плащеносцев.",
        "descr_html_en": "<!DOCTYPE HTML PUBLIC \"-//W3C//DTD HTML 4.0//EN\" \"http://www.w3.org/TR/REC-html40/strict.dtd\">\n<html><head><meta name=\"qrichtext\" content=\"1\" /><style type=\"text/css\">\np, li { white-space: pre-wrap; }\n</style></head><body style=\" font-family:'MS Shell Dlg 2'; font-size:10pt; font-weight:400; font-style:normal;\">\n<p style=\" margin-top:0px; margin-bottom:0px; margin-left:0px; margin-right:0px; -qt-block-indent:0; text-indent:0px;\">—</p></body></html>",
        "descr_html_ru": null,
        "url_en": "https://forgottenrealms.fandom.com/wiki/Cloakerhaven",
        "url_ru": null,
        "source_name": "WotC Underdark 3e",
        "source_url": "https://forgottenrealms.fandom.com/wiki/Underdark_(sourcebook)",
        "dnd_editions_str": "5e, 3e",
        "feature_levels_str": "Lowerdark",
        "extra_str": "topical_tags: [\"cave\", \"settlement\", \"cloaker\", \"lowerdark\", \"underground\", \"enslavement\"] | related_cultures_tags: [\"cloakers\"] | related_location_tags: [\"Lowerdark\"]",
        "location_en": "central Faerûn → Lowerdark → Darklands",
        "name_alt_en_str": null,
        "location_ru": "центральный Фаэрун → Нижнее Подземье → Тёмные Земли",
        "name_alt_ru_str": null,
        "geog_extent_centroid_md": "30° 29′ 55″ N 006° 21′ 34″ E",
        "geog_extent_centroid_fria": "30° 29′ 55″ N 047° 07′ 19″ W",
        "geog_extent_area_sq_km": null,
        "geog_extent_area_sq_miles": null,
        "geog_extent_length_km": null,
        "geog_extent_length_miles": null,
        "geog_extent_perimeter_km": null,
        "geog_extent_perimeter_miles": null,
        "geog_extent_bbox_md": null,
        "geog_extent_bbox_fria": null,
        "name_it": "Rifugio degli Ustionati",
        "name_abb_it": null,
        "label_it": "Rifugio degli Ustionati",
        "descr_it": "Una grande caverna nel Sottosuolo inferiore che fungeva da insediamento per una colonia di mantelli. Gli abitanti vivevano in cavità lisce e rotonde scolpite nelle stalattiti e stalagmiti della grotta da umanoidi schiavizzati, successivamente uccisi. La parte meridionale della grotta contiene i resti invasi dalla vegetazione del campo degli schiavi. La grotta è un luogo pericoloso per gli umanoidi, che vengono tipicamente attaccati da sciami frenetici di mantelli all'ingresso.",
        "descr_html_it": null,
        "url_it": null,
        "location_it": "Faerûn centrale → Lowerdark → Terre Oscure",
        "name_alt_it_str": null,
        "topical_tags": "cave, settlement, cloaker, lowerdark, underground, enslavement",
        "related_location_tags": "Lowerdark",
        "related_cultures_tags": "cloakers",
        "related_factions_tags": ""
      },
      "geometry": {
        "type": "MultiPoint",
        "coordinates": [
          [
            -47.12203252319528,
            30.49885465202431
          ]
        ]
      }
    },
    {
      "type": "Feature",
      "properties": {
        "uuid": "75cb206f-3770-4f1b-9599-850614e51254",
        "layer_id": "udk_civ_populated_places_pt",
        "timeframe": null,
        "feature_class": "City",
        "feature_rank": 3,
        "is_visible": true,
        "is_labeled": true,
        "needs_review": false,
        "review_notes": null,
        "img_url": null,
        "last_edited": "2026-07-14",
        "last_editor": "postgres",
        "name_en": "Holorarar",
        "name_ru": "Холорарар",
        "name_abb_en": null,
        "name_abb_ru": null,
        "label_en": "Holorarar",
        "label_ru": "Холорарар",
        "descr_en": "A subterranean kingdom located beneath the Clovis Fields in Tethyr, once a prosperous dwarven subkingdom of Shanatar known for its golden kelp and mushroom fields. After being abandoned by shield dwarves, it became a hobgoblin-ruled realm.",
        "descr_ru": "Подземное королевство, расположенное под Кловисовыми Полями в Тетире, некогда процветавшее дварфийское подкоролевство Шанатара, известное своими золотыми водорослями и грибными полями. После того как было покинуто щитовыми дварфами, стало королевством, управляемым хобгоблинами.",
        "descr_html_en": "<!DOCTYPE HTML PUBLIC \"-//W3C//DTD HTML 4.0//EN\" \"http://www.w3.org/TR/REC-html40/strict.dtd\">\n<html><head><meta name=\"qrichtext\" content=\"1\" /><style type=\"text/css\">\np, li { white-space: pre-wrap; }\n</style></head><body style=\" font-family:'MS Shell Dlg 2'; font-size:10pt; font-weight:400; font-style:normal;\">\n<p style=\" margin-top:0px; margin-bottom:0px; margin-left:0px; margin-right:0px; -qt-block-indent:0; text-indent:0px;\">—</p></body></html>",
        "descr_html_ru": null,
        "url_en": "https://forgottenrealms.fandom.com/wiki/Holorarar",
        "url_ru": null,
        "source_name": "WotC Underdark 3e",
        "source_url": "https://forgottenrealms.fandom.com/wiki/Underdark_(sourcebook)",
        "dnd_editions_str": "5e, 3e",
        "feature_levels_str": "Upperdark",
        "extra_str": "topical_tags: [\"underdark\", \"kingdom\", \"dwarven\", \"hobgoblin\", \"cavern\", \"lake\", \"trading\", \"agriculture\"] | related_cultures_tags: [\"shield dwarves\", \"hobgoblins\", \"duergar\", \"goblinoids\"] | related_location_tags: [\"Shanatar\", \"Clovis Fields\", \"Tethyr\", \"Deep Shanatar\", \"High Shanatar\", \"Calimshan\", \"Lands of Intrigue\"]",
        "location_en": "western Faerûn → Upperdark → Old Shanatar",
        "name_alt_en_str": "Gold Kingdom",
        "location_ru": "западный Фаэрун → Верхнее Подземье → Старый Шанатар",
        "name_alt_ru_str": "Золотое Королевство",
        "geog_extent_centroid_md": "27° 52′ 56″ N 012° 19′ 53″ W",
        "geog_extent_centroid_fria": "27° 52′ 56″ N 065° 48′ 47″ W",
        "geog_extent_area_sq_km": null,
        "geog_extent_area_sq_miles": null,
        "geog_extent_length_km": null,
        "geog_extent_length_miles": null,
        "geog_extent_perimeter_km": null,
        "geog_extent_perimeter_miles": null,
        "geog_extent_bbox_md": null,
        "geog_extent_bbox_fria": null,
        "name_it": "Holorarar",
        "name_abb_it": null,
        "label_it": "Holorarar",
        "descr_it": "Un regno sotterraneo situato sotto i Campi di Clovis in Tethyr, un tempo un prospero sottoregno nanico di Shanatar noto per i suoi campi di alghe dorate e funghi. Dopo essere stato abbandonato dagli nani degli scudi, divenne un regno governato da hobgoblin.",
        "descr_html_it": null,
        "url_it": null,
        "location_it": "Faerûn occidentale → Upperdark → Antico Shanatar",
        "name_alt_it_str": "Regno dell'Oro",
        "topical_tags": "underdark, kingdom, dwarven, hobgoblin, cavern, lake, trading, agriculture",
        "related_location_tags": "Shanatar, Clovis Fields, Tethyr, Deep Shanatar, High Shanatar, Calimshan, Lands of Intrigue",
        "related_cultures_tags": "shield dwarves, hobgoblins, duergar, goblinoids",
        "related_factions_tags": ""
      },
      "geometry": {
        "type": "MultiPoint",
        "coordinates": [
          [
            -65.8131091352122,
            27.882323185045532
          ]
        ]
      }
    },
    {
      "type": "Feature",
      "properties": {
        "uuid": "78fa3cb7-fe91-4e93-8c24-9df8eae9d4f3",
        "layer_id": "udk_civ_populated_places_pt",
        "timeframe": null,
        "feature_class": "City",
        "feature_rank": 3,
        "is_visible": true,
        "is_labeled": true,
        "needs_review": false,
        "review_notes": null,
        "img_url": null,
        "last_edited": "2026-07-14",
        "last_editor": "postgres",
        "name_en": "Ch'Chitl",
        "name_ru": "Ч'Читл",
        "name_abb_en": null,
        "name_abb_ru": null,
        "label_en": "Ch'Chitl",
        "label_ru": "Ч'Читл",
        "descr_en": "A mind flayer city hidden deep beneath the Sword Mountains near Waterdeep. Its main illithid settlement is concealed beneath a network of quaggoth-inhabited warrens, from which its masters conduct raids and trade psionic items and soldiers.",
        "descr_ru": "Поселение иллитидов, расположенное глубоко под Мечевыми Горами, доступное из Подгорья и других маршрутов Подземья. Состоит из верхних туннелей квагготов и нижних кольцевых пещер, где обитают иллитиды. Экономика основана на набегах и торговле псионическими предметами и солдатами-квагготами. После Чумных Заклинаний многие обитатели получили шрамы заклинаний, а из слившихся старейшин сформировался новый старший мозг.",
        "descr_html_en": "<!DOCTYPE HTML PUBLIC \"-//W3C//DTD HTML 4.0//EN\" \"http://www.w3.org/TR/REC-html40/strict.dtd\">\n<html><head><meta name=\"qrichtext\" content=\"1\" /><style type=\"text/css\">\np, li { white-space: pre-wrap; }\n</style></head><body style=\" font-family:'MS Shell Dlg 2'; font-size:10pt; font-weight:400; font-style:normal;\">\n<p style=\" margin-top:0px; margin-bottom:0px; margin-left:0px; margin-right:0px; -qt-block-indent:0; text-indent:0px;\">—</p></body></html>",
        "descr_html_ru": null,
        "url_en": "https://forgottenrealms.fandom.com/wiki/Ch%27Chitl",
        "url_ru": null,
        "source_name": "WotC Underdark 3e",
        "source_url": "https://forgottenrealms.fandom.com/wiki/Underdark_(sourcebook)",
        "dnd_editions_str": "3e, 5e",
        "feature_levels_str": "Lowerdark",
        "extra_str": "topical_tags: [\"mindflayer\", \"settlement\", \"underdark\", \"spellscarred\", \"illithid\", \"quaggoth\", \"psionics\"] | related_cultures_tags: [\"illithid\", \"quaggoth\", \"drow\", \"duergar\", \"svirfneblin\", \"shielddwarf\", \"githyanki\"] | related_factions_tags: [\"Concord of Elders\", \"Shadow Concord\", \"Abysmals\", \"Arisers\", \"Autarchs\", \"Waiters\", \"Creatives\", \"Raiders\"] | related_location_tags: [\"Undermountain\", \"Dolblunde\", \"Maden's Tomb Tor\", \"House of Stone\", \"Bowshot\", \"Gillian's Hill\", \"Skullport\", \"Eryndlyn\"]",
        "location_en": "western Faerûn → Lowerdark → Northdark",
        "name_alt_en_str": "Kingdom Below",
        "location_ru": "западный Фаэрун → Нижнее Подземье → Нортдарк",
        "name_alt_ru_str": "Подземное Королевство",
        "geog_extent_centroid_md": "47° 12′ 06″ N 020° 29′ 11″ W",
        "geog_extent_centroid_fria": "47° 12′ 06″ N 073° 58′ 04″ W",
        "geog_extent_area_sq_km": null,
        "geog_extent_area_sq_miles": null,
        "geog_extent_length_km": null,
        "geog_extent_length_miles": null,
        "geog_extent_perimeter_km": null,
        "geog_extent_perimeter_miles": null,
        "geog_extent_bbox_md": null,
        "geog_extent_bbox_fria": null,
        "name_it": "Ch'Chitl",
        "name_abb_it": null,
        "label_it": "Ch'Chitl",
        "descr_it": "Ch'Chitl è un insediamento di mind flayer situato in profondità sotto le Montagne delle Spade, accessibile da Sottomonte e da altre rotte del Sottosuolo. Consiste in tunnel superiori di quaggoth e caverne ad anello inferiori dove dimorano gli illithid. L'economia si basa su incursioni e commercio di oggetti psionici e soldati quaggoth. Dopo la Spellplague, molti abitanti divennero spellscarred e un nuovo cervello anziano si formò da anziani fusi.",
        "descr_html_it": null,
        "url_it": null,
        "location_it": "Faerûn occidentale → Lowerdark → Sottosuolo Settentrionale",
        "name_alt_it_str": "Il Regno di Sotto",
        "topical_tags": "mindflayer, settlement, underdark, spellscarred, illithid, quaggoth, psionics",
        "related_location_tags": "Undermountain, Dolblunde, Maden's Tomb Tor, House of Stone, Bowshot, Gillian's Hill, Skullport, Eryndlyn",
        "related_cultures_tags": "illithid, quaggoth, drow, duergar, svirfneblin, shielddwarf, githyanki",
        "related_factions_tags": "Concord of Elders, Shadow Concord, Abysmals, Arisers, Autarchs, Waiters, Creatives, Raiders"
      },
      "geometry": {
        "type": "MultiPoint",
        "coordinates": [
          [
            -73.96796660176311,
            47.20178215849278
          ]
        ]
      }
    },
    {
      "type": "Feature",
      "properties": {
        "uuid": "7eedd9d7-d0e3-4da5-ac75-31c249e0356d",
        "layer_id": "udk_civ_populated_places_pt",
        "timeframe": null,
        "feature_class": "City",
        "feature_rank": 3,
        "is_visible": true,
        "is_labeled": true,
        "needs_review": false,
        "review_notes": null,
        "img_url": null,
        "last_edited": "2025-10-14",
        "last_editor": "postgres",
        "name_en": "Phaundakulzan",
        "name_ru": "Фаундакулзан",
        "name_abb_en": null,
        "name_abb_ru": null,
        "label_en": "Phaundakulzan",
        "label_ru": "Фаундакулзан",
        "descr_en": "This city is a segment of the drow confederation Undrek'Thoz, ruled by a matron mother whose power is balanced by the monastic Blackened Fist order. It lies in the Underdark beneath Thay, linked to its nine sister-cities by a permanent portal network.",
        "descr_ru": null,
        "descr_html_en": "<!DOCTYPE HTML PUBLIC \"-//W3C//DTD HTML 4.0//EN\" \"http://www.w3.org/TR/REC-html40/strict.dtd\">\n<html><head><meta name=\"qrichtext\" content=\"1\" /><style type=\"text/css\">\np, li { white-space: pre-wrap; }\n</style></head><body style=\" font-family:'MS Shell Dlg 2'; font-size:10pt; font-weight:400; font-style:normal;\">\n<p style=\" margin-top:0px; margin-bottom:0px; margin-left:0px; margin-right:0px; -qt-block-indent:0; text-indent:0px;\">—</p></body></html>",
        "descr_html_ru": null,
        "url_en": "",
        "url_ru": null,
        "source_name": "WotC Undrek'Thoz 3e",
        "source_url": "https://forgottenrealms.fandom.com/wiki/Underdark_(sourcebook)",
        "dnd_editions_str": "5e, 3e",
        "feature_levels_str": "Middledark",
        "extra_str": null,
        "location_en": "central Faerûn → Middledark → Earthroot → Undrek'Thoz",
        "name_alt_en_str": null,
        "location_ru": "центральный Фаэрун → Среднее Подземье → Корень Земли → Ундрек'Тоз",
        "name_alt_ru_str": null,
        "geog_extent_centroid_md": "37° 03′ 17″ N 013° 51′ 58″ E",
        "geog_extent_centroid_fria": "37° 03′ 17″ N 039° 36′ 54″ W",
        "geog_extent_area_sq_km": null,
        "geog_extent_area_sq_miles": null,
        "geog_extent_length_km": null,
        "geog_extent_length_miles": null,
        "geog_extent_perimeter_km": null,
        "geog_extent_perimeter_miles": null,
        "geog_extent_bbox_md": null,
        "geog_extent_bbox_fria": null,
        "name_it": null,
        "name_abb_it": null,
        "label_it": "Phaundakulzan",
        "descr_it": null,
        "descr_html_it": null,
        "url_it": null,
        "location_it": "Faerûn centrale → Middledark → Radice della Terra → Undrek'Thoz",
        "name_alt_it_str": null,
        "topical_tags": "",
        "related_location_tags": "",
        "related_cultures_tags": "",
        "related_factions_tags": ""
      },
      "geometry": {
        "type": "MultiPoint",
        "coordinates": [
          [
            -39.615242933186494,
            37.05499837258134
          ]
        ]
      }
    },
    {
      "type": "Feature",
      "properties": {
        "uuid": "7eeded61-b3a1-4918-bfd2-565dfa6ea1f4",
        "layer_id": "udk_civ_populated_places_pt",
        "timeframe": null,
        "feature_class": "City",
        "feature_rank": 3,
        "is_visible": true,
        "is_labeled": true,
        "needs_review": false,
        "review_notes": null,
        "img_url": null,
        "last_edited": "2026-07-14",
        "last_editor": "postgres",
        "name_en": "T'lindhet",
        "name_ru": "Т'Линдет",
        "name_abb_en": null,
        "name_abb_ru": null,
        "label_en": "T'lindhet",
        "label_ru": "Т'Линдет",
        "descr_en": "A small drow city-state in Great Bhaerynden.",
        "descr_ru": "Т'линдхет — небольшой город-государство дроу, расположенный в пещере под Горами Гнолльского Дозора в области Великого Баэринден в Подземье. Им правили знатные дома, и он стал известен тем, что завоевал и правил поверхностным королевством Дамбрат в течение пяти столетий.",
        "descr_html_en": "<!DOCTYPE HTML PUBLIC \"-//W3C//DTD HTML 4.0//EN\" \"http://www.w3.org/TR/REC-html40/strict.dtd\">\n<html><head><meta name=\"qrichtext\" content=\"1\" /><style type=\"text/css\">\np, li { white-space: pre-wrap; }\n</style></head><body style=\" font-family:'MS Shell Dlg 2'; font-size:10pt; font-weight:400; font-style:normal;\">\n<p style=\" margin-top:0px; margin-bottom:0px; margin-left:0px; margin-right:0px; -qt-block-indent:0; text-indent:0px;\">—</p></body></html>",
        "descr_html_ru": null,
        "url_en": "https://forgottenrealms.fandom.com/wiki/T%27lindhet",
        "url_ru": null,
        "source_name": "WotC Underdark 3e",
        "source_url": "https://forgottenrealms.fandom.com/wiki/Underdark_(sourcebook)",
        "dnd_editions_str": "5e, 3e",
        "feature_levels_str": "Middledark",
        "extra_str": "topical_tags: [\"drow\", \"city-state\", \"underdark\", \"noblehouses\", \"conquest\", \"trade\", \"plateau\", \"cavern\"] | related_cultures_tags: [\"drow\", \"Arkaiun\", \"Crinti\", \"Trunadar\"] | related_factions_tags: [\"Church of Loviatar\", \"First\"] | related_location_tags: [\"Great Bhaerynden\", \"Gnollwatch Mountains\", \"Dambrath\", \"Herath\", \"Prastuil\", \"Luenath\", \"Maarlith\", \"Shantil\"]",
        "location_en": "southern Faerûn → Middledark → Great Bhaerynden",
        "name_alt_en_str": null,
        "location_ru": "южный Фаэрун → Среднее Подземье → Великий Бхаэринден",
        "name_alt_ru_str": null,
        "geog_extent_centroid_md": "09° 26′ 34″ N 009° 01′ 54″ E",
        "geog_extent_centroid_fria": "09° 26′ 34″ N 044° 26′ 58″ W",
        "geog_extent_area_sq_km": null,
        "geog_extent_area_sq_miles": null,
        "geog_extent_length_km": null,
        "geog_extent_length_miles": null,
        "geog_extent_perimeter_km": null,
        "geog_extent_perimeter_miles": null,
        "geog_extent_bbox_md": null,
        "geog_extent_bbox_fria": null,
        "name_it": "T'lindhet",
        "name_abb_it": null,
        "label_it": "T'lindhet",
        "descr_it": "T'lindhet è una piccola città-stato drow situata in una caverna sotto i Monti Gnollwatch nella regione del Grande Bhaerynden nel Sottosuolo. Era governata da casate nobiliari e divenne nota per aver conquistato e governato il regno di superficie di Dambrath per cinque secoli.",
        "descr_html_it": null,
        "url_it": null,
        "location_it": "Faerûn meridionale → Middledark → Grande Bhaerynden",
        "name_alt_it_str": null,
        "topical_tags": "drow, city-state, underdark, noblehouses, conquest, trade, plateau, cavern",
        "related_location_tags": "Great Bhaerynden, Gnollwatch Mountains, Dambrath, Herath, Prastuil, Luenath, Maarlith, Shantil",
        "related_cultures_tags": "drow, Arkaiun, Crinti, Trunadar",
        "related_factions_tags": "Church of Loviatar, First"
      },
      "geometry": {
        "type": "MultiPoint",
        "coordinates": [
          [
            -44.44961315526319,
            9.442914283225493
          ]
        ]
      }
    },
    {
      "type": "Feature",
      "properties": {
        "uuid": "849f0f97-ee28-4db5-ab86-05567773469f",
        "layer_id": "udk_civ_populated_places_pt",
        "timeframe": null,
        "feature_class": "Town",
        "feature_rank": 4,
        "is_visible": true,
        "is_labeled": true,
        "needs_review": true,
        "review_notes": "Transfer to sites",
        "img_url": null,
        "last_edited": "2026-07-14",
        "last_editor": "postgres",
        "name_en": "Holy Mother Cauldron",
        "name_ru": "Котёл Святой Матери",
        "name_abb_en": null,
        "name_abb_ru": null,
        "label_en": "Holy Mother Cauldron",
        "label_ru": "Котёл Святой Матери",
        "descr_en": "A treacherous, tide-swept shrine in the Lower Glimmersea, sacred to the kuo-toa. It is the destination of a mandatory and often fatal pilgrimage, which many of the faithful attempt only at the end of their lives. The site is protected by a powerful cleric and a massive leviathan guardian.",
        "descr_ru": "Святилище в области Морского Блеска Нижнего Подземья, посвящённое божеству Блибдулпулп.",
        "descr_html_en": "<!DOCTYPE HTML PUBLIC \"-//W3C//DTD HTML 4.0//EN\" \"http://www.w3.org/TR/REC-html40/strict.dtd\">\n<html><head><meta name=\"qrichtext\" content=\"1\" /><style type=\"text/css\">\np, li { white-space: pre-wrap; }\n</style></head><body style=\" font-family:'MS Shell Dlg 2'; font-size:10pt; font-weight:400; font-style:normal;\">\n<p style=\" margin-top:0px; margin-bottom:0px; margin-left:0px; margin-right:0px; -qt-block-indent:0; text-indent:0px;\">—</p></body></html>",
        "descr_html_ru": null,
        "url_en": "https://forgottenrealms.fandom.com/wiki/Holy_Mother_Cauldron",
        "url_ru": null,
        "source_name": "WotC Underdark 3e",
        "source_url": "https://forgottenrealms.fandom.com/wiki/Underdark_(sourcebook)",
        "dnd_editions_str": "5e, 3e",
        "feature_levels_str": "Lowerdark",
        "extra_str": "topical_tags: [\"shrine\", \"underdark\", \"glimmersea\", \"lowerdark\", \"blibdoolpoolp\"] | related_location_tags: [\"Glimmersea\", \"Lowerdark\"]",
        "location_en": "central Faerûn → Lowerdark → Glimmersea",
        "name_alt_en_str": null,
        "location_ru": "центральный Фаэрун → Нижнее Подземье → Мерцающее Море",
        "name_alt_ru_str": null,
        "geog_extent_centroid_md": "34° 28′ 42″ N 003° 03′ 48″ E",
        "geog_extent_centroid_fria": "34° 28′ 42″ N 050° 25′ 05″ W",
        "geog_extent_area_sq_km": null,
        "geog_extent_area_sq_miles": null,
        "geog_extent_length_km": null,
        "geog_extent_length_miles": null,
        "geog_extent_perimeter_km": null,
        "geog_extent_perimeter_miles": null,
        "geog_extent_bbox_md": null,
        "geog_extent_bbox_fria": null,
        "name_it": "Calderone della Santa Madre",
        "name_abb_it": null,
        "label_it": "Calderone della Santa Madre",
        "descr_it": "Un santuario nella regione del Mare Scintillante del Sottosuolo inferiore dedicato alla divinità Blibdoolpoolp.",
        "descr_html_it": null,
        "url_it": null,
        "location_it": "Faerûn centrale → Lowerdark → Mare Scintillante",
        "name_alt_it_str": null,
        "topical_tags": "shrine, underdark, glimmersea, lowerdark, blibdoolpoolp",
        "related_location_tags": "Glimmersea, Lowerdark",
        "related_cultures_tags": "",
        "related_factions_tags": ""
      },
      "geometry": {
        "type": "MultiPoint",
        "coordinates": [
          [
            -50.41813513713109,
            34.47855516803571
          ]
        ]
      }
    },
    {
      "type": "Feature",
      "properties": {
        "uuid": "85f31b16-18b0-4cf8-acb3-7344ea176dbd",
        "layer_id": "udk_civ_populated_places_pt",
        "timeframe": null,
        "feature_class": "City",
        "feature_rank": 3,
        "is_visible": true,
        "is_labeled": true,
        "needs_review": false,
        "review_notes": "exclude from wiki link auto-ageneration",
        "img_url": null,
        "last_edited": "2026-07-13",
        "last_editor": "postgres",
        "name_en": "Deepburrow",
        "name_ru": "Глубоконорье",
        "name_abb_en": null,
        "name_abb_ru": null,
        "label_en": "Deepburrow",
        "label_ru": "Глубоконорье",
        "descr_en": "A small halfling city mostly situated above the surface on the northern frontier of Lluiren.",
        "descr_ru": null,
        "descr_html_en": "<!DOCTYPE HTML PUBLIC \"-//W3C//DTD HTML 4.0//EN\" \"http://www.w3.org/TR/REC-html40/strict.dtd\">\n<html><head><meta name=\"qrichtext\" content=\"1\" /><style type=\"text/css\">\np, li { white-space: pre-wrap; }\n</style></head><body style=\" font-family:'MS Shell Dlg 2'; font-size:10pt; font-weight:400; font-style:normal;\">\n<p style=\" margin-top:0px; margin-bottom:0px; margin-left:0px; margin-right:0px; -qt-block-indent:0; text-indent:0px;\">—</p></body></html>",
        "descr_html_ru": null,
        "url_en": null,
        "url_ru": null,
        "source_name": "WotC Underdark 3e",
        "source_url": "https://forgottenrealms.fandom.com/wiki/Underdark_(sourcebook)",
        "dnd_editions_str": "5e, 3e",
        "feature_levels_str": "Upperdark",
        "extra_str": null,
        "location_en": "southern Faerûn → Upperdark → Great Bhaerynden",
        "name_alt_en_str": null,
        "location_ru": "южный Фаэрун → Верхнее Подземье → Великий Бхаэринден",
        "name_alt_ru_str": null,
        "geog_extent_centroid_md": "15° 11′ 03″ N 014° 23′ 04″ E",
        "geog_extent_centroid_fria": "15° 11′ 03″ N 039° 05′ 49″ W",
        "geog_extent_area_sq_km": null,
        "geog_extent_area_sq_miles": null,
        "geog_extent_length_km": null,
        "geog_extent_length_miles": null,
        "geog_extent_perimeter_km": null,
        "geog_extent_perimeter_miles": null,
        "geog_extent_bbox_md": null,
        "geog_extent_bbox_fria": null,
        "name_it": "Tana Profonda",
        "name_abb_it": null,
        "label_it": "Tana Profonda",
        "descr_it": null,
        "descr_html_it": null,
        "url_it": null,
        "location_it": "Faerûn meridionale → Upperdark → Grande Bhaerynden",
        "name_alt_it_str": null,
        "topical_tags": "",
        "related_location_tags": "",
        "related_cultures_tags": "",
        "related_factions_tags": ""
      },
      "geometry": {
        "type": "MultiPoint",
        "coordinates": [
          [
            -39.09700312073703,
            15.184262616201435
          ]
        ]
      }
    },
    {
      "type": "Feature",
      "properties": {
        "uuid": "8b9c647e-0633-4f42-8b43-fbeecd56389f",
        "layer_id": "udk_civ_populated_places_pt",
        "timeframe": null,
        "feature_class": "Village",
        "feature_rank": 5,
        "is_visible": true,
        "is_labeled": true,
        "needs_review": false,
        "review_notes": "exclude from wiki link auto-ageneration",
        "img_url": null,
        "last_edited": "2026-07-13",
        "last_editor": "postgres",
        "name_en": "Blessed Seahaven",
        "name_ru": "Благословенная Гавань",
        "name_abb_en": null,
        "name_abb_ru": null,
        "label_en": "Blessed Seahaven",
        "label_ru": "Благословенная Гавань",
        "descr_en": "A minor kuo-toan temple-settlement on the Glimmersea (beneath Sembia), consisting of roughly 40 inhabitants led by a cleric of Blibdoolpoolp.",
        "descr_ru": null,
        "descr_html_en": "<!DOCTYPE HTML PUBLIC \"-//W3C//DTD HTML 4.0//EN\" \"http://www.w3.org/TR/REC-html40/strict.dtd\">\n<html><head><meta name=\"qrichtext\" content=\"1\" /><style type=\"text/css\">\np, li { white-space: pre-wrap; }\n</style></head><body style=\" font-family:'MS Shell Dlg 2'; font-size:10pt; font-weight:400; font-style:normal;\">\n<p style=\" margin-top:0px; margin-bottom:0px; margin-left:0px; margin-right:0px; -qt-block-indent:0; text-indent:0px;\">—</p></body></html>",
        "descr_html_ru": null,
        "url_en": null,
        "url_ru": null,
        "source_name": "WotC Underdark 3e",
        "source_url": "https://forgottenrealms.fandom.com/wiki/Underdark_(sourcebook)",
        "dnd_editions_str": "5e, 3e",
        "feature_levels_str": "Lowerdark",
        "extra_str": null,
        "location_en": "central Faerûn → Lowerdark → Deep Wastes",
        "name_alt_en_str": null,
        "location_ru": "центральный Фаэрун → Нижнее Подземье → Глубинные Пустоши",
        "name_alt_ru_str": null,
        "geog_extent_centroid_md": "37° 50′ 06″ N 000° 13′ 40″ W",
        "geog_extent_centroid_fria": "37° 50′ 06″ N 053° 42′ 33″ W",
        "geog_extent_area_sq_km": null,
        "geog_extent_area_sq_miles": null,
        "geog_extent_length_km": null,
        "geog_extent_length_miles": null,
        "geog_extent_perimeter_km": null,
        "geog_extent_perimeter_miles": null,
        "geog_extent_bbox_md": null,
        "geog_extent_bbox_fria": null,
        "name_it": "Beato Porto Marino",
        "name_abb_it": null,
        "label_it": "Beato Porto Marino",
        "descr_it": null,
        "descr_html_it": null,
        "url_it": null,
        "location_it": "Faerûn centrale → Lowerdark → Desolazioni Profonde",
        "name_alt_it_str": null,
        "topical_tags": "",
        "related_location_tags": "",
        "related_cultures_tags": "",
        "related_factions_tags": ""
      },
      "geometry": {
        "type": "MultiPoint",
        "coordinates": [
          [
            -53.709293281975306,
            37.835114936159584
          ]
        ]
      }
    },
    {
      "type": "Feature",
      "properties": {
        "uuid": "951ded16-e516-4d0e-992a-e2590cece908",
        "layer_id": "udk_civ_populated_places_pt",
        "timeframe": null,
        "feature_class": "City",
        "feature_rank": 3,
        "is_visible": true,
        "is_labeled": true,
        "needs_review": false,
        "review_notes": "exclude from wiki link auto-ageneration",
        "img_url": null,
        "last_edited": "2026-07-13",
        "last_editor": "postgres",
        "name_en": "Jenn'Yxir",
        "name_ru": "Дженн'Иксир",
        "name_abb_en": null,
        "name_abb_ru": null,
        "label_en": "Jenn'Yxir",
        "label_ru": "Дженн'Иксир",
        "descr_en": "This city is a segment of the drow confederation Undrek'Thoz, ruled by a matron mother whose power is balanced by the monastic Blackened Fist order. It lies in the Underdark beneath Thay, linked to its nine sister-cities by a permanent portal network.",
        "descr_ru": null,
        "descr_html_en": "<!DOCTYPE HTML PUBLIC \"-//W3C//DTD HTML 4.0//EN\" \"http://www.w3.org/TR/REC-html40/strict.dtd\">\n<html><head><meta name=\"qrichtext\" content=\"1\" /><style type=\"text/css\">\np, li { white-space: pre-wrap; }\n</style></head><body style=\" font-family:'MS Shell Dlg 2'; font-size:10pt; font-weight:400; font-style:normal;\">\n<p style=\" margin-top:0px; margin-bottom:0px; margin-left:0px; margin-right:0px; -qt-block-indent:0; text-indent:0px;\">—</p></body></html>",
        "descr_html_ru": null,
        "url_en": null,
        "url_ru": null,
        "source_name": "WotC Undrek'Thoz 3e",
        "source_url": "https://forgottenrealms.fandom.com/wiki/Underdark_(sourcebook)",
        "dnd_editions_str": "5e, 3e",
        "feature_levels_str": "Middledark",
        "extra_str": null,
        "location_en": "eastern Faerûn → Middledark → Earthroot → Undrek'Thoz",
        "name_alt_en_str": null,
        "location_ru": "восточный Фаэрун → Среднее Подземье → Корень Земли → Ундрек'Тоз",
        "name_alt_ru_str": null,
        "geog_extent_centroid_md": "33° 13′ 25″ N 019° 07′ 25″ E",
        "geog_extent_centroid_fria": "33° 13′ 25″ N 034° 21′ 28″ W",
        "geog_extent_area_sq_km": null,
        "geog_extent_area_sq_miles": null,
        "geog_extent_length_km": null,
        "geog_extent_length_miles": null,
        "geog_extent_perimeter_km": null,
        "geog_extent_perimeter_miles": null,
        "geog_extent_bbox_md": null,
        "geog_extent_bbox_fria": null,
        "name_it": "Jenn'Yxir",
        "name_abb_it": null,
        "label_it": "Jenn'Yxir",
        "descr_it": null,
        "descr_html_it": null,
        "url_it": null,
        "location_it": "Faerûn orientale → Middledark → Radice della Terra → Undrek'Thoz",
        "name_alt_it_str": null,
        "topical_tags": "",
        "related_location_tags": "",
        "related_cultures_tags": "",
        "related_factions_tags": ""
      },
      "geometry": {
        "type": "MultiPoint",
        "coordinates": [
          [
            -34.35782597667244,
            33.22369249030139
          ]
        ]
      }
    },
    {
      "type": "Feature",
      "properties": {
        "uuid": "9c0ec501-a266-4742-a7e4-8939f9b406a5",
        "layer_id": "udk_civ_populated_places_pt",
        "timeframe": null,
        "feature_class": "Village",
        "feature_rank": 5,
        "is_visible": true,
        "is_labeled": true,
        "needs_review": false,
        "review_notes": null,
        "img_url": null,
        "last_edited": "2026-07-14",
        "last_editor": "postgres",
        "name_en": "Yathchol",
        "name_ru": "Ятхчол",
        "name_abb_en": null,
        "name_abb_ru": null,
        "label_en": "Yathchol",
        "label_ru": "Ятхчол",
        "descr_en": "A village in the Middledark of the Northdark domain inhabited by chitines who had been former slaves of the drow.",
        "descr_ru": "Ятхчол — деревня в области Среднего Мрака Северного Мрака Подземья, состоящая из семи скученных хуторов. Её населяли в основном хитины, бежавшие из рабства дроу, и она находилась рядом с городом дроу Чед Насад.",
        "descr_html_en": "<!DOCTYPE HTML PUBLIC \"-//W3C//DTD HTML 4.0//EN\" \"http://www.w3.org/TR/REC-html40/strict.dtd\">\n<html><head><meta name=\"qrichtext\" content=\"1\" /><style type=\"text/css\">\np, li { white-space: pre-wrap; }\n</style></head><body style=\" font-family:'MS Shell Dlg 2'; font-size:10pt; font-weight:400; font-style:normal;\">\n<p style=\" margin-top:0px; margin-bottom:0px; margin-left:0px; margin-right:0px; -qt-block-indent:0; text-indent:0px;\">—</p></body></html>",
        "descr_html_ru": null,
        "url_en": "https://forgottenrealms.fandom.com/wiki/Yathchol",
        "url_ru": null,
        "source_name": "WotC Underdark 3e",
        "source_url": "https://forgottenrealms.fandom.com/wiki/Underdark_(sourcebook)",
        "dnd_editions_str": "5e, 3e",
        "feature_levels_str": "Middledark",
        "extra_str": "topical_tags: [\"underdark\", \"village\", \"thorps\", \"middledark\", \"northdark\"] | related_cultures_tags: [\"chitines\", \"choldriths\", \"drow\"] | related_location_tags: [\"Middledark\", \"Northdark\", \"Underdark\", \"Ched Nasad\"]",
        "location_en": "western Faerûn → Middledark → Northdark",
        "name_alt_en_str": null,
        "location_ru": "западный Фаэрун → Среднее Подземье → Нортдарк",
        "name_alt_ru_str": null,
        "geog_extent_centroid_md": "48° 02′ 39″ N 012° 02′ 34″ W",
        "geog_extent_centroid_fria": "48° 02′ 39″ N 065° 31′ 27″ W",
        "geog_extent_area_sq_km": null,
        "geog_extent_area_sq_miles": null,
        "geog_extent_length_km": null,
        "geog_extent_length_miles": null,
        "geog_extent_perimeter_km": null,
        "geog_extent_perimeter_miles": null,
        "geog_extent_bbox_md": null,
        "geog_extent_bbox_fria": null,
        "name_it": "Yathchol",
        "name_abb_it": null,
        "label_it": "Yathchol",
        "descr_it": "Yathchol è un villaggio nella regione del Sottosuolo intermedio del Sottosuolo del Nord, composto da sette piccoli borghi raggruppati. Era abitato principalmente da chitine fuggite dalla schiavitù drow, e si trovava vicino alla città drow di Ched Nasad.",
        "descr_html_it": null,
        "url_it": null,
        "location_it": "Faerûn occidentale → Middledark → Sottosuolo Settentrionale",
        "name_alt_it_str": null,
        "topical_tags": "underdark, village, thorps, middledark, northdark",
        "related_location_tags": "Middledark, Northdark, Underdark, Ched Nasad",
        "related_cultures_tags": "chitines, choldriths, drow",
        "related_factions_tags": ""
      },
      "geometry": {
        "type": "MultiPoint",
        "coordinates": [
          [
            -65.52429084666822,
            48.044183097118925
          ]
        ]
      }
    },
    {
      "type": "Feature",
      "properties": {
        "uuid": "b6b1471d-b107-4ee3-891e-d5e6b28d46ef",
        "layer_id": "udk_civ_populated_places_pt",
        "timeframe": null,
        "feature_class": "City",
        "feature_rank": 3,
        "is_visible": true,
        "is_labeled": true,
        "needs_review": false,
        "review_notes": null,
        "img_url": null,
        "last_edited": "2026-07-14",
        "last_editor": "postgres",
        "name_en": "Brikklext",
        "name_ru": "Бриклекст",
        "name_abb_en": null,
        "name_abb_ru": null,
        "label_en": "Brikklext",
        "label_ru": "Бриклекст",
        "descr_en": "A hamlet in the Upperdark beneath the southern Earthspur Mountains, known for its unusual goblin society and underground water reservoir.",
        "descr_ru": "Хутор в Верхних Тёмных Землях под южными Горами Земляной Шпоры, известный своим необычным гоблинским обществом и подземным водохранилищем.",
        "descr_html_en": "<!DOCTYPE HTML PUBLIC \"-//W3C//DTD HTML 4.0//EN\" \"http://www.w3.org/TR/REC-html40/strict.dtd\">\n<html><head><meta name=\"qrichtext\" content=\"1\" /><style type=\"text/css\">\np, li { white-space: pre-wrap; }\n</style></head><body style=\" font-family:'MS Shell Dlg 2'; font-size:10pt; font-weight:400; font-style:normal;\">\n<p style=\" margin-top:0px; margin-bottom:0px; margin-left:0px; margin-right:0px; -qt-block-indent:0; text-indent:0px;\">—</p></body></html>",
        "descr_html_ru": null,
        "url_en": "https://forgottenrealms.fandom.com/wiki/Brikklext",
        "url_ru": null,
        "source_name": "WotC Underdark 3e",
        "source_url": "https://forgottenrealms.fandom.com/wiki/Underdark_(sourcebook)",
        "dnd_editions_str": "5e, 3e",
        "feature_levels_str": "Upperdark",
        "extra_str": "topical_tags: [\"hamlet\", \"upperdark\", \"underdark\", \"goblin\", \"bugbear\", \"psionic\", \"water\", \"trade\"] | related_cultures_tags: [\"goblins\", \"bugbears\"] | related_factions_tags: [\"Overshadow Wronsa\"] | related_location_tags: [\"Earthspur Mountains\", \"Impiltur\", \"the Vast\", \"Upperdark\", \"Underdark\"]",
        "location_en": "central Faerûn → Upperdark → Deep Wastes",
        "name_alt_en_str": null,
        "location_ru": "центральный Фаэрун → Верхнее Подземье → Глубинные Пустоши",
        "name_alt_ru_str": null,
        "geog_extent_centroid_md": "39° 22′ 10″ N 006° 54′ 18″ E",
        "geog_extent_centroid_fria": "39° 22′ 10″ N 046° 34′ 35″ W",
        "geog_extent_area_sq_km": null,
        "geog_extent_area_sq_miles": null,
        "geog_extent_length_km": null,
        "geog_extent_length_miles": null,
        "geog_extent_perimeter_km": null,
        "geog_extent_perimeter_miles": null,
        "geog_extent_bbox_md": null,
        "geog_extent_bbox_fria": null,
        "name_it": "Brikklext",
        "name_abb_it": null,
        "label_it": "Brikklext",
        "descr_it": "Brikklext è un villaggio nell'Upperdark sotto i Monti Earthspur meridionali, noto per la sua insolita società goblin e un serbatoio d'acqua sotterraneo.",
        "descr_html_it": null,
        "url_it": null,
        "location_it": "Faerûn centrale → Upperdark → Desolazioni Profonde",
        "name_alt_it_str": null,
        "topical_tags": "hamlet, upperdark, underdark, goblin, bugbear, psionic, water, trade",
        "related_location_tags": "Earthspur Mountains, Impiltur, the Vast, Upperdark, Underdark",
        "related_cultures_tags": "goblins, bugbears",
        "related_factions_tags": "Overshadow Wronsa"
      },
      "geometry": {
        "type": "MultiPoint",
        "coordinates": [
          [
            -46.57646056408259,
            39.36950700568847
          ]
        ]
      }
    },
    {
      "type": "Feature",
      "properties": {
        "uuid": "be46bb00-7935-4b35-8212-bc7a5538daf4",
        "layer_id": "udk_civ_populated_places_pt",
        "timeframe": null,
        "feature_class": "City",
        "feature_rank": 3,
        "is_visible": true,
        "is_labeled": true,
        "needs_review": false,
        "review_notes": null,
        "img_url": null,
        "last_edited": "2026-07-14",
        "last_editor": "postgres",
        "name_en": "Iltkazar",
        "name_ru": "Ильтказар",
        "name_abb_en": null,
        "name_abb_ru": null,
        "label_en": "Iltkazar",
        "label_ru": "Ильтказар",
        "descr_en": "A dwarven realm in the Underdark, originally one of the eight sub-kingdoms of Shanatar, known for stone carving and engineering. It was a small city with a mixed population of shield dwarves, humans, rock gnomes, svirfneblin, and urdunnirin, ruled by a monarch.",
        "descr_ru": "Дварфийское королевство в Подземье, первоначально одно из восьми подкоролевств Шанатара, известное резьбой по камню и инженерией. Это был маленький город со смешанным населением из щитовых дварфов, людей, скальных гномов, свирфнеблинов и урдуниринов, управляемый монархом.",
        "descr_html_en": "<!DOCTYPE HTML PUBLIC \"-//W3C//DTD HTML 4.0//EN\" \"http://www.w3.org/TR/REC-html40/strict.dtd\">\n<html><head><meta name=\"qrichtext\" content=\"1\" /><style type=\"text/css\">\np, li { white-space: pre-wrap; }\n</style></head><body style=\" font-family:'MS Shell Dlg 2'; font-size:10pt; font-weight:400; font-style:normal;\">\n<p style=\" margin-top:0px; margin-bottom:0px; margin-left:0px; margin-right:0px; -qt-block-indent:0; text-indent:0px;\">—</p></body></html>",
        "descr_html_ru": null,
        "url_en": "https://forgottenrealms.fandom.com/wiki/Iltkazar",
        "url_ru": null,
        "source_name": "WotC Underdark 3e",
        "source_url": "https://forgottenrealms.fandom.com/wiki/Underdark_(sourcebook)",
        "dnd_editions_str": "5e, 3e",
        "feature_levels_str": "Upperdark",
        "extra_str": "topical_tags: [\"underdark\", \"dwarven\", \"monarchy\", \"smallcity\", \"stonecarving\", \"engineering\", \"shielddwarves\"] | related_cultures_tags: [\"shield dwarves\", \"humans\", \"rock gnomes\", \"svirfneblin\", \"urdunnirin\"] | related_factions_tags: [\"Regency Council of Iltkazar\"] | related_location_tags: [\"Old Shanatar\", \"Calimshan\", \"Barakuir\", \"Drakkalor\", \"Holorarar\", \"Ultoksamrin\", \"Zokir\"]",
        "location_en": "western Faerûn → Upperdark → Old Shanatar",
        "name_alt_en_str": "Mithral Kingdom",
        "location_ru": "западный Фаэрун → Верхнее Подземье → Старый Шанатар",
        "name_alt_ru_str": "Королевство Мифрила",
        "geog_extent_centroid_md": "28° 56′ 02″ N 009° 52′ 50″ W",
        "geog_extent_centroid_fria": "28° 56′ 02″ N 063° 21′ 44″ W",
        "geog_extent_area_sq_km": null,
        "geog_extent_area_sq_miles": null,
        "geog_extent_length_km": null,
        "geog_extent_length_miles": null,
        "geog_extent_perimeter_km": null,
        "geog_extent_perimeter_miles": null,
        "geog_extent_bbox_md": null,
        "geog_extent_bbox_fria": null,
        "name_it": "Iltkazar",
        "name_abb_it": null,
        "label_it": "Iltkazar",
        "descr_it": "Un regno nanico nel Sottosuolo, originariamente uno degli otto sottoregni di Shanatar, noto per l'intaglio della pietra e l'ingegneria. Era una piccola città con una popolazione mista di nani degli scudi, umani, gnomi delle rocce, svirfneblin e urdunnirin, governata da un monarca.",
        "descr_html_it": null,
        "url_it": null,
        "location_it": "Faerûn occidentale → Upperdark → Antico Shanatar",
        "name_alt_it_str": "Regno di Mithral",
        "topical_tags": "underdark, dwarven, monarchy, smallcity, stonecarving, engineering, shielddwarves",
        "related_location_tags": "Old Shanatar, Calimshan, Barakuir, Drakkalor, Holorarar, Ultoksamrin, Zokir",
        "related_cultures_tags": "shield dwarves, humans, rock gnomes, svirfneblin, urdunnirin",
        "related_factions_tags": "Regency Council of Iltkazar"
      },
      "geometry": {
        "type": "MultiPoint",
        "coordinates": [
          [
            -63.36229761841971,
            28.9341194554289
          ]
        ]
      }
    },
    {
      "type": "Feature",
      "properties": {
        "uuid": "bbeab39a-d9fd-43f6-bd7d-56aa5dc48ff0",
        "layer_id": "udk_civ_populated_places_pt",
        "timeframe": null,
        "feature_class": "City",
        "feature_rank": 3,
        "is_visible": true,
        "is_labeled": true,
        "needs_review": false,
        "review_notes": null,
        "img_url": null,
        "last_edited": "2026-07-14",
        "last_editor": "postgres",
        "name_en": "Fluvenilstra",
        "name_ru": "Флувенилстра",
        "name_abb_en": null,
        "name_abb_ru": null,
        "label_en": "Fluvenilstra",
        "label_ru": "Флувенилстра",
        "descr_en": "A hidden oasis-city in the Lowerdark, almost entirely unknown on the surface. It boasts the most abundant collection of edible and useful Underdark plant life in all of Faerûn.",
        "descr_ru": "Город Подземья, расположенный под Пустошью Шаар, известный своей обильной магической и обычной флорой. Это крупнейшее известное поселение расы слитов, управляемое друидической иерархией, посвящённой Сильванусу.",
        "descr_html_en": "<!DOCTYPE HTML PUBLIC \"-//W3C//DTD HTML 4.0//EN\" \"http://www.w3.org/TR/REC-html40/strict.dtd\">\n<html><head><meta name=\"qrichtext\" content=\"1\" /><style type=\"text/css\">\np, li { white-space: pre-wrap; }\n</style></head><body style=\" font-family:'MS Shell Dlg 2'; font-size:10pt; font-weight:400; font-style:normal;\">\n<p style=\" margin-top:0px; margin-bottom:0px; margin-left:0px; margin-right:0px; -qt-block-indent:0; text-indent:0px;\">—</p></body></html>",
        "descr_html_ru": null,
        "url_en": "https://forgottenrealms.fandom.com/wiki/Fluvenilstra",
        "url_ru": null,
        "source_name": "WotC Underdark 3e",
        "source_url": "https://forgottenrealms.fandom.com/wiki/Underdark_(sourcebook)",
        "dnd_editions_str": "5e, 3e",
        "feature_levels_str": "Lowerdark",
        "extra_str": "topical_tags: [\"underdark\", \"city\", \"druidic\", \"garden\", \"subterranean\", \"magical\", \"flora\", \"fungi\"] | related_cultures_tags: [\"slyth\", \"myconid\", \"grimlock\", \"deep gnome\", \"genasi\"] | related_factions_tags: [\"Circle of the Depths\", \"Emerald Enclave\", \"Servants of the Flow\"] | related_location_tags: [\"Great Bhaerynden\", \"Lowerdark\", \"Shaar Desolation\", \"Shaarmid\", \"Gulthandor\", \"Amtar Forest\"]",
        "location_en": "southern Faerûn → Lowerdark → Great Bhaerynden",
        "name_alt_en_str": "Garden City",
        "location_ru": "южный Фаэрун → Нижнее Подземье → Великий Бхаэринден",
        "name_alt_ru_str": "Город-Сад",
        "geog_extent_centroid_md": "19° 51′ 00″ N 000° 46′ 41″ W",
        "geog_extent_centroid_fria": "19° 51′ 00″ N 054° 15′ 35″ W",
        "geog_extent_area_sq_km": null,
        "geog_extent_area_sq_miles": null,
        "geog_extent_length_km": null,
        "geog_extent_length_miles": null,
        "geog_extent_perimeter_km": null,
        "geog_extent_perimeter_miles": null,
        "geog_extent_bbox_md": null,
        "geog_extent_bbox_fria": null,
        "name_it": "Fluvenilstra",
        "name_abb_it": null,
        "label_it": "Fluvenilstra",
        "descr_it": "Una città del Sottosuolo situata sotto la Desolazione di Shaar, nota per la sua abbondante flora magica e mondana. È il più grande insediamento conosciuto della razza slyth ed è governata da una gerarchia druidica dedicata a Silvanus.",
        "descr_html_it": null,
        "url_it": null,
        "location_it": "Faerûn meridionale → Lowerdark → Grande Bhaerynden",
        "name_alt_it_str": "Città Giardino del Grande Bhaerynden",
        "topical_tags": "underdark, city, druidic, garden, subterranean, magical, flora, fungi",
        "related_location_tags": "Great Bhaerynden, Lowerdark, Shaar Desolation, Shaarmid, Gulthandor, Amtar Forest",
        "related_cultures_tags": "slyth, myconid, grimlock, deep gnome, genasi",
        "related_factions_tags": "Circle of the Depths, Emerald Enclave, Servants of the Flow"
      },
      "geometry": {
        "type": "MultiPoint",
        "coordinates": [
          [
            -54.25977342113785,
            19.850107549004452
          ]
        ]
      }
    },
    {
      "type": "Feature",
      "properties": {
        "uuid": "bfed515a-a3de-4c9b-85cf-f2ce554991e2",
        "layer_id": "udk_civ_populated_places_pt",
        "timeframe": null,
        "feature_class": "City",
        "feature_rank": 3,
        "is_visible": true,
        "is_labeled": true,
        "needs_review": false,
        "review_notes": "exclude from wiki link auto-ageneration",
        "img_url": null,
        "last_edited": "2026-07-13",
        "last_editor": "postgres",
        "name_en": "Traaskl Thorog",
        "name_ru": "Траскл Торог",
        "name_abb_en": null,
        "name_abb_ru": null,
        "label_en": "Traaskl Thorog",
        "label_ru": "Траскл Торог",
        "descr_en": null,
        "descr_ru": null,
        "descr_html_en": "<!DOCTYPE HTML PUBLIC \"-//W3C//DTD HTML 4.0//EN\" \"http://www.w3.org/TR/REC-html40/strict.dtd\">\n<html><head><meta name=\"qrichtext\" content=\"1\" /><style type=\"text/css\">\np, li { white-space: pre-wrap; }\n</style></head><body style=\" font-family:'MS Shell Dlg 2'; font-size:10pt; font-weight:400; font-style:normal;\">\n<p style=\" margin-top:0px; margin-bottom:0px; margin-left:0px; margin-right:0px; -qt-block-indent:0; text-indent:0px;\">—</p></body></html>",
        "descr_html_ru": null,
        "url_en": null,
        "url_ru": null,
        "source_name": "WotC Underdark 3e",
        "source_url": "https://forgottenrealms.fandom.com/wiki/Underdark_(sourcebook)",
        "dnd_editions_str": "5e, 3e",
        "feature_levels_str": "Middledark",
        "extra_str": null,
        "location_en": "central Faerûn → Middledark → Darklands",
        "name_alt_en_str": null,
        "location_ru": "центральный Фаэрун → Среднее Подземье → Тёмные Земли",
        "name_alt_ru_str": null,
        "geog_extent_centroid_md": "28° 00′ 54″ N 007° 55′ 40″ E",
        "geog_extent_centroid_fria": "28° 00′ 54″ N 045° 33′ 13″ W",
        "geog_extent_area_sq_km": null,
        "geog_extent_area_sq_miles": null,
        "geog_extent_length_km": null,
        "geog_extent_length_miles": null,
        "geog_extent_perimeter_km": null,
        "geog_extent_perimeter_miles": null,
        "geog_extent_bbox_md": null,
        "geog_extent_bbox_fria": null,
        "name_it": "Traaskl Thorog",
        "name_abb_it": null,
        "label_it": "Traaskl Thorog",
        "descr_it": null,
        "descr_html_it": null,
        "url_it": null,
        "location_it": "Faerûn centrale → Middledark → Terre Oscure",
        "name_alt_it_str": null,
        "topical_tags": "",
        "related_location_tags": "",
        "related_cultures_tags": "",
        "related_factions_tags": ""
      },
      "geometry": {
        "type": "MultiPoint",
        "coordinates": [
          [
            -45.553650350218845,
            28.015144325424693
          ]
        ]
      }
    },
    {
      "type": "Feature",
      "properties": {
        "uuid": "c56a21f8-3c9c-45f8-9dcd-c85ab6d379af",
        "layer_id": "udk_civ_populated_places_pt",
        "timeframe": null,
        "feature_class": "City",
        "feature_rank": 3,
        "is_visible": true,
        "is_labeled": true,
        "needs_review": false,
        "review_notes": null,
        "img_url": null,
        "last_edited": "2026-07-14",
        "last_editor": "postgres",
        "name_en": "Sschindylryn",
        "name_ru": "Шиндилрин",
        "name_abb_en": null,
        "name_abb_ru": null,
        "label_en": "Sschindylryn",
        "label_ru": "Шиндилрин",
        "descr_en": "A drow city in the Middledark of the Deep Wastes; a strong trading power in the Underdark but a minor military one, at best.",
        "descr_ru": "Город дроу, расположенный в Среднем Подземье Глубинных Пустошей, в милях под Кормиром, под Королевским Лесом и Восточными Равнинами. Был построен поверх более древних руин куо-тоа на берегу подземного Озера Талмир, которое впадало в более глубокий Дэрбраун. Город находился в пирамидальной пещере с центральным зиккуратом, и его архитектура сохраняла рыбий стиль.",
        "descr_html_en": "<!DOCTYPE HTML PUBLIC \"-//W3C//DTD HTML 4.0//EN\" \"http://www.w3.org/TR/REC-html40/strict.dtd\">\n<html><head><meta name=\"qrichtext\" content=\"1\" /><style type=\"text/css\">\np, li { white-space: pre-wrap; }\n</style></head><body style=\" font-family:'MS Shell Dlg 2'; font-size:10pt; font-weight:400; font-style:normal;\">\n<p style=\" margin-top:0px; margin-bottom:0px; margin-left:0px; margin-right:0px; -qt-block-indent:0; text-indent:0px;\">—</p></body></html>",
        "descr_html_ru": null,
        "url_en": "https://forgottenrealms.fandom.com/wiki/Sschindylryn",
        "url_ru": null,
        "source_name": "WotC Underdark 3e",
        "source_url": "https://forgottenrealms.fandom.com/wiki/Underdark_(sourcebook)",
        "dnd_editions_str": "5e, 3e",
        "feature_levels_str": "Middledark",
        "extra_str": "topical_tags: [\"settlement\", \"city\", \"underdark\", \"middledark\", \"deep_wastes\", \"drow\", \"lolth\", \"mercantile\", \"portal\", \"gate\"] | related_cultures_tags: [\"drow\", \"kuo-toan\", \"Sschindylrynyr\", \"Menzoberranzanyr\"] | related_factions_tags: [\"Jaezred Chaulssin\", \"merchant class\", \"priestesses of Lolth\", \"clergy of Kiaransalee\"] | related_location_tags: [\"Deep Wastes\", \"Underdark\", \"Cormyr\", \"King's Forest\", \"Eastern Plains\", \"Lake Thalmiir\", \"Daerbraun\", \"Darklake\"]",
        "location_en": "central Faerûn → Middledark → Deep Wastes",
        "name_alt_en_str": null,
        "location_ru": "центральный Фаэрун → Среднее Подземье → Глубинные Пустоши",
        "name_alt_ru_str": null,
        "geog_extent_centroid_md": "37° 39′ 38″ N 004° 22′ 57″ W",
        "geog_extent_centroid_fria": "37° 39′ 38″ N 057° 51′ 50″ W",
        "geog_extent_area_sq_km": null,
        "geog_extent_area_sq_miles": null,
        "geog_extent_length_km": null,
        "geog_extent_length_miles": null,
        "geog_extent_perimeter_km": null,
        "geog_extent_perimeter_miles": null,
        "geog_extent_bbox_md": null,
        "geog_extent_bbox_fria": null,
        "name_it": "Sschindylryn",
        "name_abb_it": null,
        "label_it": "Sschindylryn",
        "descr_it": "Una città dei drow situata nel Sottosuolo intermedio dei Profondi Abissi nel Sottosuolo, a miglia sotto Cormyr, sotto la Foresta del Re e le Pianure Orientali. Fu costruita sopra più antiche rovine kuo-toan sulla riva del lago sotterraneo Thalmiir, che drenava nel più profondo Daerbraun. La città era contenuta in una caverna a forma di piramide con una ziqqurat centrale, e la sua architettura conservava uno stile pisciforme.",
        "descr_html_it": null,
        "url_it": null,
        "location_it": "Faerûn centrale → Middledark → Desolazioni Profonde",
        "name_alt_it_str": null,
        "topical_tags": "settlement, city, underdark, middledark, deep_wastes, drow, lolth, mercantile, portal, gate",
        "related_location_tags": "Deep Wastes, Underdark, Cormyr, King's Forest, Eastern Plains, Lake Thalmiir, Daerbraun, Darklake",
        "related_cultures_tags": "drow, kuo-toan, Sschindylrynyr, Menzoberranzanyr",
        "related_factions_tags": "Jaezred Chaulssin, merchant class, priestesses of Lolth, clergy of Kiaransalee"
      },
      "geometry": {
        "type": "MultiPoint",
        "coordinates": [
          [
            -57.864059332580105,
            37.660589079056734
          ]
        ]
      }
    },
    {
      "type": "Feature",
      "properties": {
        "uuid": "ccfd43e1-6817-423c-9b46-dfa198dc02a3",
        "layer_id": "udk_civ_populated_places_pt",
        "timeframe": null,
        "feature_class": "City",
        "feature_rank": 3,
        "is_visible": true,
        "is_labeled": true,
        "needs_review": false,
        "review_notes": null,
        "img_url": null,
        "last_edited": "2026-07-14",
        "last_editor": "postgres",
        "name_en": "Sloopdilmonpolop",
        "name_ru": "Слупдилмонполоп",
        "name_abb_en": null,
        "name_abb_ru": null,
        "label_en": "Sloopdilmonpolop",
        "label_ru": "Слупдилмонполоп",
        "descr_en": "A city of the kuo-toa in the middle Old Shanatar domain of the Underdark.",
        "descr_ru": "Теократический город-государство куо-тоа, расположенный в области Среднего Подземья, под Бухтой Огненного Дракона. Состоит из восемнадцати покрытых солью пещер, сгруппированных вокруг девятнадцатой центральной пещеры. Город претендует на территорию под Бухтой Огненного Дракона, полуостровом Шея Дракона и Звездным Шпором. Был основан как город-храм около -3000 ЛД и позже стал теократией, управляемой Королём-Жрецом, тайно направляемой кракеном, известным как Цефалополоп. Город никогда не был завоёван во время Войн Топора и Плавника с дварфийскими королевствами, но после этого вступил в период упадка. После Чумного Заклинания многие куо-тоа отвернулись от Блибдулпулпа и стали поклоняться Гхаунадауру.",
        "descr_html_en": "<!DOCTYPE HTML PUBLIC \"-//W3C//DTD HTML 4.0//EN\" \"http://www.w3.org/TR/REC-html40/strict.dtd\">\n<html><head><meta name=\"qrichtext\" content=\"1\" /><style type=\"text/css\">\np, li { white-space: pre-wrap; }\n</style></head><body style=\" font-family:'MS Shell Dlg 2'; font-size:10pt; font-weight:400; font-style:normal;\">\n<p style=\" margin-top:0px; margin-bottom:0px; margin-left:0px; margin-right:0px; -qt-block-indent:0; text-indent:0px;\">—</p></body></html>",
        "descr_html_ru": null,
        "url_en": "https://forgottenrealms.fandom.com/wiki/Sloopdilmonpolop",
        "url_ru": null,
        "source_name": "WotC Underdark 3e",
        "source_url": "https://forgottenrealms.fandom.com/wiki/Underdark_(sourcebook)",
        "dnd_editions_str": "5e, 3e",
        "feature_levels_str": "Middledark",
        "extra_str": "topical_tags: [\"underdark\", \"kuo-toa\", \"theocracy\", \"city-state\", \"temple-city\", \"firedrake_bay\", \"middledark\", \"old_shanatar\"] | related_cultures_tags: [\"kuo-toa\", \"drow\", \"duergar\", \"slyth\", \"troglodyte\", \"goblin\"] | related_factions_tags: [\"Abolethic Sovereignty\"] | related_location_tags: [\"Middledark\", \"Old Shanatar\", \"Firedrake Bay\", \"Tethyr\", \"Dragon's Neck Peninsula\", \"Starspur\", \"Sondarr\", \"Xothaerin\"]",
        "location_en": "south-eastern Trackless Sea → Middledark → Old Shanatar",
        "name_alt_en_str": "City of Pools",
        "location_ru": "юго-восточный Бесследное море → Среднее Подземье → Старый Шанатар",
        "name_alt_ru_str": "Город Прудов",
        "geog_extent_centroid_md": "30° 13′ 08″ N 016° 43′ 03″ W",
        "geog_extent_centroid_fria": "30° 13′ 08″ N 070° 11′ 56″ W",
        "geog_extent_area_sq_km": null,
        "geog_extent_area_sq_miles": null,
        "geog_extent_length_km": null,
        "geog_extent_length_miles": null,
        "geog_extent_perimeter_km": null,
        "geog_extent_perimeter_miles": null,
        "geog_extent_bbox_md": null,
        "geog_extent_bbox_fria": null,
        "name_it": "Sloopdilmonpolop",
        "name_abb_it": null,
        "label_it": "Sloopdilmonpolop",
        "descr_it": "Una città-stato teocratica dei kuo-toa situata nella regione del Sottosuolo intermedio del Sottosuolo, sotto la Baia del Drago di Fuoco. Consiste di diciotto caverne incrostate di sale raggruppate attorno a una diciannovesima caverna centrale. La città rivendica territorio sotto la Baia del Drago di Fuoco, la Penisola del Collo del Drago e lo Sprone Stellare. Fu fondata come città-tempio intorno al -3000 DR e in seguito divenne una teocrazia governata da un Re-Sacerdote, segretamente guidato da un kraken noto come Il Cefalopolopo. La città non fu mai conquistata durante le Guerre dell'Ascia e della Pinna con i regni nanici, ma entrò in un periodo di declino in seguito. Dopo la Piaga degli Incantesimi, molti kuo-toa si allontanarono da Blibdoolpoolp per adorare Ghaunadaur.",
        "descr_html_it": null,
        "url_it": null,
        "location_it": "Mare Senza Tracce sud-orientale → Middledark → Antico Shanatar",
        "name_alt_it_str": "Città delle Piscine",
        "topical_tags": "underdark, kuo-toa, theocracy, city-state, temple-city, firedrake_bay, middledark, old_shanatar",
        "related_location_tags": "Middledark, Old Shanatar, Firedrake Bay, Tethyr, Dragon's Neck Peninsula, Starspur, Sondarr, Xothaerin",
        "related_cultures_tags": "kuo-toa, drow, duergar, slyth, troglodyte, goblin",
        "related_factions_tags": "Abolethic Sovereignty"
      },
      "geometry": {
        "type": "MultiPoint",
        "coordinates": [
          [
            -70.19915867686265,
            30.21889962934483
          ]
        ]
      }
    },
    {
      "type": "Feature",
      "properties": {
        "uuid": "d1e11282-2ee3-4a23-adf0-a606e7f3a378",
        "layer_id": "udk_civ_populated_places_pt",
        "timeframe": null,
        "feature_class": "City",
        "feature_rank": 3,
        "is_visible": true,
        "is_labeled": true,
        "needs_review": false,
        "review_notes": null,
        "img_url": null,
        "last_edited": "2026-07-14",
        "last_editor": "postgres",
        "name_en": "Mantol-Derith",
        "name_ru": "Мантол-Дерит",
        "name_abb_en": null,
        "name_abb_ru": null,
        "label_en": "Mantol-Derith",
        "label_ru": "Мантол-Дерит",
        "descr_en": "A trading city situated in an underground cavern three miles below the surface.",
        "descr_ru": "Торговый город в подземной пещере в трёх милях под поверхностью, расположенный в областях Среднего Подземья и Северного Подземья. Имеет центральный рынок, окружённый гигантскими грибами, безымянную гостиницу и четыре склада по углам пещеры. Город известен своими хрустальными мостами и ручьями.",
        "descr_html_en": "<!DOCTYPE HTML PUBLIC \"-//W3C//DTD HTML 4.0//EN\" \"http://www.w3.org/TR/REC-html40/strict.dtd\">\n<html><head><meta name=\"qrichtext\" content=\"1\" /><style type=\"text/css\">\np, li { white-space: pre-wrap; }\n</style></head><body style=\" font-family:'MS Shell Dlg 2'; font-size:10pt; font-weight:400; font-style:normal;\">\n<p style=\" margin-top:0px; margin-bottom:0px; margin-left:0px; margin-right:0px; -qt-block-indent:0; text-indent:0px;\">—</p></body></html>",
        "descr_html_ru": null,
        "url_en": "https://forgottenrealms.fandom.com/wiki/Mantol-Derith",
        "url_ru": null,
        "source_name": "WotC Underdark 3e",
        "source_url": "https://forgottenrealms.fandom.com/wiki/Underdark_(sourcebook)",
        "dnd_editions_str": "5e, 3e",
        "feature_levels_str": "Middledark",
        "extra_str": "topical_tags: [\"trading\", \"city\", \"underground\", \"cavern\", \"market\", \"inn\", \"warehouses\", \"crystal\", \"bridges\"] | related_cultures_tags: [\"drow\", \"duergar\", \"svirfneblin\", \"illithid\", \"bugbear\"] | related_factions_tags: [\"Twilight Traders\"] | related_location_tags: [\"Darklake\", \"Gracklstugh\", \"Menzoberranzan\", \"Ched Nasad\", \"Middledark\", \"Northdark\"]",
        "location_en": "north-western Faerûn → Middledark → Northdark",
        "name_alt_en_str": null,
        "location_ru": "северо-западный Фаэрун → Среднее Подземье → Нортдарк",
        "name_alt_ru_str": null,
        "geog_extent_centroid_md": "50° 15′ 34″ N 018° 25′ 01″ W",
        "geog_extent_centroid_fria": "50° 15′ 34″ N 071° 53′ 54″ W",
        "geog_extent_area_sq_km": null,
        "geog_extent_area_sq_miles": null,
        "geog_extent_length_km": null,
        "geog_extent_length_miles": null,
        "geog_extent_perimeter_km": null,
        "geog_extent_perimeter_miles": null,
        "geog_extent_bbox_md": null,
        "geog_extent_bbox_fria": null,
        "name_it": "Mantol-Derith",
        "name_abb_it": null,
        "label_it": "Mantol-Derith",
        "descr_it": "Una città commerciale in una caverna sotterranea a tre miglia sotto la superficie, situata nelle regioni del Sottosuolo intermedio e del Nord Sotterraneo. Presenta un mercato centrale circondato da funghi giganti, una locanda senza nome e quattro magazzini agli angoli della caverna. La città è nota per i suoi ponti di cristallo e i ruscelli.",
        "descr_html_it": null,
        "url_it": null,
        "location_it": "Faerûn nord-occidentale → Middledark → Sottosuolo Settentrionale",
        "name_alt_it_str": null,
        "topical_tags": "trading, city, underground, cavern, market, inn, warehouses, crystal, bridges",
        "related_location_tags": "Darklake, Gracklstugh, Menzoberranzan, Ched Nasad, Middledark, Northdark",
        "related_cultures_tags": "drow, duergar, svirfneblin, illithid, bugbear",
        "related_factions_tags": "Twilight Traders"
      },
      "geometry": {
        "type": "MultiPoint",
        "coordinates": [
          [
            -71.89857191647882,
            50.259452080207765
          ]
        ]
      }
    },
    {
      "type": "Feature",
      "properties": {
        "uuid": "d8d31829-0616-456d-a3b8-7ca36e89baec",
        "layer_id": "udk_civ_populated_places_pt",
        "timeframe": null,
        "feature_class": "Town",
        "feature_rank": 4,
        "is_visible": true,
        "is_labeled": true,
        "needs_review": false,
        "review_notes": null,
        "img_url": null,
        "last_edited": "2026-07-14",
        "last_editor": "postgres",
        "name_en": "Reeshov",
        "name_ru": "Ришов",
        "name_abb_en": null,
        "name_abb_ru": null,
        "label_en": "Reeshov",
        "label_ru": "Ришов",
        "descr_en": "A fortified Lowerdark settlement of low, roofless stone buildings, centered around a large, canal-fed communal bath.",
        "descr_ru": "Укреплённое поселение в Нижнем Подземье, построенное из низких каменных плит, часто без потолков. Каналы и акведуки направляли речную воду в хранилища и центральную общественную купальню. Город защищался периметром ловушек, змеевидным входом-лестницей и внутренними зданиями-ловушками. Его жители были бывшими рабами иллитидов, крайне параноидальными и осторожными с чужаками.",
        "descr_html_en": "<!DOCTYPE HTML PUBLIC \"-//W3C//DTD HTML 4.0//EN\" \"http://www.w3.org/TR/REC-html40/strict.dtd\">\n<html><head><meta name=\"qrichtext\" content=\"1\" /><style type=\"text/css\">\np, li { white-space: pre-wrap; }\n</style></head><body style=\" font-family:'MS Shell Dlg 2'; font-size:10pt; font-weight:400; font-style:normal;\">\n<p style=\" margin-top:0px; margin-bottom:0px; margin-left:0px; margin-right:0px; -qt-block-indent:0; text-indent:0px;\">—</p></body></html>",
        "descr_html_ru": null,
        "url_en": "https://forgottenrealms.fandom.com/wiki/Reeshov",
        "url_ru": null,
        "source_name": "WotC Underdark 3e",
        "source_url": "https://forgottenrealms.fandom.com/wiki/Underdark_(sourcebook)",
        "dnd_editions_str": "5e, 3e",
        "feature_levels_str": "Lowerdark",
        "extra_str": "topical_tags: [\"fortified_settlement\", \"lowerdark\", \"underdark\", \"canals\", \"aqueducts\", \"communal_bath\", \"traps\", \"former_slaves\", \"paranoid\"] | related_cultures_tags: [\"Grimlock\", \"Quaggoth\", \"Lizardfolk\", \"Troglodyte\"] | related_location_tags: [\"Lowerdark\", \"Northdark\", \"Serpent Hills\"]",
        "location_en": "western Faerûn → Lowerdark → Northdark",
        "name_alt_en_str": null,
        "location_ru": "западный Фаэрун → Нижнее Подземье → Нортдарк",
        "name_alt_ru_str": null,
        "geog_extent_centroid_md": "42° 06′ 25″ N 013° 11′ 11″ W",
        "geog_extent_centroid_fria": "42° 06′ 25″ N 066° 40′ 04″ W",
        "geog_extent_area_sq_km": null,
        "geog_extent_area_sq_miles": null,
        "geog_extent_length_km": null,
        "geog_extent_length_miles": null,
        "geog_extent_perimeter_km": null,
        "geog_extent_perimeter_miles": null,
        "geog_extent_bbox_md": null,
        "geog_extent_bbox_fria": null,
        "name_it": "Reeshov",
        "name_abb_it": null,
        "label_it": "Reeshov",
        "descr_it": "Un insediamento fortificato nel Sottosuolo inferiore, costruito con lastre di pietra basse spesso prive di soffitti. Canali e acquedotti incanalavano l'acqua del fiume verso aree di stoccaggio e un bagno comune centrale. La città era difesa da un perimetro di trappole, un ingresso a stile serpentino ed edifici interni manomessi. I suoi abitanti erano ex schiavi dei mind flayer, intensamente paranoici e diffidenti verso gli estranei.",
        "descr_html_it": null,
        "url_it": null,
        "location_it": "Faerûn occidentale → Lowerdark → Sottosuolo Settentrionale",
        "name_alt_it_str": null,
        "topical_tags": "fortified_settlement, lowerdark, underdark, canals, aqueducts, communal_bath, traps, former_slaves, paranoid",
        "related_location_tags": "Lowerdark, Northdark, Serpent Hills",
        "related_cultures_tags": "Grimlock, Quaggoth, Lizardfolk, Troglodyte",
        "related_factions_tags": ""
      },
      "geometry": {
        "type": "MultiPoint",
        "coordinates": [
          [
            -66.66798299871111,
            42.107012715931255
          ]
        ]
      }
    },
    {
      "type": "Feature",
      "properties": {
        "uuid": "dd66b8f6-2909-4cb7-a97f-31ff5b1a626a",
        "layer_id": "udk_civ_populated_places_pt",
        "timeframe": null,
        "feature_class": "City",
        "feature_rank": 3,
        "is_visible": true,
        "is_labeled": true,
        "needs_review": false,
        "review_notes": null,
        "img_url": null,
        "last_edited": "2026-07-14",
        "last_editor": "postgres",
        "name_en": "Ooltul",
        "name_ru": "Ултул",
        "name_abb_en": null,
        "name_abb_ru": null,
        "label_en": "Ooltul",
        "label_ru": "Ултул",
        "descr_en": "A small beholder city in a bell-shaped cavern in the upper reaches of the Buried Realms.",
        "descr_ru": "Маленький город созерцателей, расположенный в колоколообразной пещере в верхних Погребённых Королевствах Подземья. Управлялся триумвиратом фэриммов и был известен своей валютой, основанной на информации, и торговлей самоцветами, королями-мертвецами и нетерезийскими артефактами.",
        "descr_html_en": "<!DOCTYPE HTML PUBLIC \"-//W3C//DTD HTML 4.0//EN\" \"http://www.w3.org/TR/REC-html40/strict.dtd\">\n<html><head><meta name=\"qrichtext\" content=\"1\" /><style type=\"text/css\">\np, li { white-space: pre-wrap; }\n</style></head><body style=\" font-family:'MS Shell Dlg 2'; font-size:10pt; font-weight:400; font-style:normal;\">\n<p style=\" margin-top:0px; margin-bottom:0px; margin-left:0px; margin-right:0px; -qt-block-indent:0; text-indent:0px;\">—</p></body></html>",
        "descr_html_ru": null,
        "url_en": "https://forgottenrealms.fandom.com/wiki/Ooltul",
        "url_ru": null,
        "source_name": "WotC Underdark 3e",
        "source_url": "https://forgottenrealms.fandom.com/wiki/Underdark_(sourcebook)",
        "dnd_editions_str": "5e, 3e",
        "feature_levels_str": "Upperdark",
        "extra_str": "topical_tags: [\"beholder\", \"city\", \"underdark\", \"triumvirate\", \"information\", \"trade\", \"portal\", \"slaves\", \"death_tyrant\", \"phaerimm\"] | related_cultures_tags: [\"beholder\", \"phaerimm\", \"asabi\", \"goblin\", \"ogre\", \"orc\"] | related_factions_tags: [\"Triumvirate\", \"Tyranarchs\"] | related_location_tags: [\"Upper Buried Realms\", \"Underdark\", \"Tethyamar\", \"Stonelands\", \"Tel Badir\", \"Shadowdale\", \"Worldwatcher's Tower\", \"Xunqaq\"]",
        "location_en": "central Faerûn → Upperdark → Buried Realms",
        "name_alt_en_str": "City of Tyrants",
        "location_ru": "центральный Фаэрун → Верхнее Подземье → Погребённые Царства",
        "name_alt_ru_str": "Город Тиранов",
        "geog_extent_centroid_md": "41° 05′ 05″ N 004° 58′ 27″ W",
        "geog_extent_centroid_fria": "41° 05′ 05″ N 058° 27′ 20″ W",
        "geog_extent_area_sq_km": null,
        "geog_extent_area_sq_miles": null,
        "geog_extent_length_km": null,
        "geog_extent_length_miles": null,
        "geog_extent_perimeter_km": null,
        "geog_extent_perimeter_miles": null,
        "geog_extent_bbox_md": null,
        "geog_extent_bbox_fria": null,
        "name_it": "Ooltul",
        "name_abb_it": null,
        "label_it": "Ooltul",
        "descr_it": "Una piccola città dei beholder situata in una caverna a forma di campana nei superiori Reami Sepolti del Sottosuolo. Era governata da un triumvirato di phaerimm e nota per la sua valuta basata sull'informazione e il commercio di gemme, tiranni della morte e manufatti Netheresi.",
        "descr_html_it": null,
        "url_it": null,
        "location_it": "Faerûn centrale → Upperdark → Reami Sepolti",
        "name_alt_it_str": "Città dei Tiranni",
        "topical_tags": "beholder, city, underdark, triumvirate, information, trade, portal, slaves, death_tyrant, phaerimm",
        "related_location_tags": "Upper Buried Realms, Underdark, Tethyamar, Stonelands, Tel Badir, Shadowdale, Worldwatcher's Tower, Xunqaq",
        "related_cultures_tags": "beholder, phaerimm, asabi, goblin, ogre, orc",
        "related_factions_tags": "Triumvirate, Tyranarchs"
      },
      "geometry": {
        "type": "MultiPoint",
        "coordinates": [
          [
            -58.455804430090815,
            41.08484908836504
          ]
        ]
      }
    },
    {
      "type": "Feature",
      "properties": {
        "uuid": "ddbc9b15-1608-4c45-a024-59bd5b3d45ad",
        "layer_id": "udk_civ_populated_places_pt",
        "timeframe": null,
        "feature_class": "City",
        "feature_rank": 3,
        "is_visible": true,
        "is_labeled": true,
        "needs_review": false,
        "review_notes": null,
        "img_url": null,
        "last_edited": "2026-07-14",
        "last_editor": "postgres",
        "name_en": "Oryndoll",
        "name_ru": "Ориндолл",
        "name_abb_en": null,
        "name_abb_ru": null,
        "label_en": "Oryndoll",
        "label_ru": "Ориндолл",
        "descr_en": "An ancient and feared mind flayer city-state in the Lowerdark, renowned for its vast collection of exclusive lore, said to rival even the libraries of Candlekeep. More than just a repository of knowledge, Oryndoll is a sacred site to the god Ilsensine and the horrifying birthplace of entire races, including the duergar, as well as several unique forms of ceremorphs.",
        "descr_ru": "Обширный подземный город-государство в Нижнем Подземье, основанный беженцами из Глита. Является святым местом Илсенсина и центром навязчивого сбора знаний, управляется старшим мозгом и советом улитаридских Хранителей Веры.",
        "descr_html_en": "<!DOCTYPE HTML PUBLIC \"-//W3C//DTD HTML 4.0//EN\" \"http://www.w3.org/TR/REC-html40/strict.dtd\">\n<html><head><meta name=\"qrichtext\" content=\"1\" /><style type=\"text/css\">\np, li { white-space: pre-wrap; }\n</style></head><body style=\" font-family:'MS Shell Dlg 2'; font-size:10pt; font-weight:400; font-style:normal;\">\n<p style=\" margin-top:0px; margin-bottom:0px; margin-left:0px; margin-right:0px; -qt-block-indent:0; text-indent:0px;\">—</p></body></html>",
        "descr_html_ru": null,
        "url_en": "https://forgottenrealms.fandom.com/wiki/Oryndoll",
        "url_ru": null,
        "source_name": "WotC Underdark 3e",
        "source_url": "https://forgottenrealms.fandom.com/wiki/Underdark_(sourcebook)",
        "dnd_editions_str": "5e, 3e",
        "feature_levels_str": "Lowerdark",
        "extra_str": "topical_tags: [\"underdark\", \"city-state\", \"illithid\", \"loretaker\", \"knowledge\", \"psionics\", \"holy-site\", \"metropolis\"] | related_cultures_tags: [\"illithid\", \"duergar\", \"lizardfolk\", \"troglodyte\", \"tren\", \"gold dwarf\"] | related_factions_tags: [\"Elder Concord\", \"loretaker Creed\", \"Venerators\", \"Encephalithid\", \"Unworthy of Ilsensine\", \"Stray Thoughts\"] | related_location_tags: [\"Shining Plains\", \"Ormath\", \"Lheshayl\", \"Guallidurth\", \"Barakuir\", \"Undraeth\", \"Anauroch\", \"Tellectus\"]",
        "location_en": "central Faerûn → Lowerdark → Darklands",
        "name_alt_en_str": "City of Loretakers",
        "location_ru": "центральный Фаэрун → Нижнее Подземье → Тёмные Земли",
        "name_alt_ru_str": "Город Похитителей Знаний",
        "geog_extent_centroid_md": "30° 52′ 41″ N 005° 54′ 01″ W",
        "geog_extent_centroid_fria": "30° 52′ 41″ N 059° 22′ 55″ W",
        "geog_extent_area_sq_km": null,
        "geog_extent_area_sq_miles": null,
        "geog_extent_length_km": null,
        "geog_extent_length_miles": null,
        "geog_extent_perimeter_km": null,
        "geog_extent_perimeter_miles": null,
        "geog_extent_bbox_md": null,
        "geog_extent_bbox_fria": null,
        "name_it": "Oryndoll",
        "name_abb_it": null,
        "label_it": "Oryndoll",
        "descr_it": "Una vasta città-stato sotterranea nel Sottosuolo inferiore, fondata da rifugiati di Glyth. È un luogo sacro di Ilsensine e un centro per l'ossessiva raccolta di conoscenza, governata da un cervello anziano e un consiglio di ulitharid Maestri del Credo.",
        "descr_html_it": null,
        "url_it": null,
        "location_it": "Faerûn centrale → Lowerdark → Terre Oscure",
        "name_alt_it_str": "Città dei Custodi",
        "topical_tags": "underdark, city-state, illithid, loretaker, knowledge, psionics, holy-site, metropolis",
        "related_location_tags": "Shining Plains, Ormath, Lheshayl, Guallidurth, Barakuir, Undraeth, Anauroch, Tellectus",
        "related_cultures_tags": "illithid, duergar, lizardfolk, troglodyte, tren, gold dwarf",
        "related_factions_tags": "Elder Concord, loretaker Creed, Venerators, Encephalithid, Unworthy of Ilsensine, Stray Thoughts"
      },
      "geometry": {
        "type": "MultiPoint",
        "coordinates": [
          [
            -59.38202178148564,
            30.87814125247312
          ]
        ]
      }
    },
    {
      "type": "Feature",
      "properties": {
        "uuid": "dde63d95-14e4-462e-b7ba-ce91f30505aa",
        "layer_id": "udk_civ_populated_places_pt",
        "timeframe": null,
        "feature_class": "City",
        "feature_rank": 3,
        "is_visible": true,
        "is_labeled": true,
        "needs_review": false,
        "review_notes": null,
        "img_url": null,
        "last_edited": "2026-07-14",
        "last_editor": "postgres",
        "name_en": "Oaxaptupa",
        "name_ru": "Оаксаптупа",
        "name_abb_en": null,
        "name_abb_ru": null,
        "label_en": "Oaxaptupa",
        "label_ru": "Оаксаптупа",
        "descr_en": "A settlement of xenophobic tlincalli (scorpion-folk) built within the ruins of the former dwarven realm of Xothaerin. The original dwarven architecture has been brutally reshaped into a chaotic landscape of rubble and crude structures.",
        "descr_ru": "Поселение тлинкалли, расположенное в бывшем дварфийском королевстве Ксотаэрин, построенное из грубо сложенных зданий и щебня. Было организовано в тридцать кланов, управляемых кастой Прорицателей, и было негостеприимно к чужакам. Поселение исчезло во время Чумного Заклинания.",
        "descr_html_en": "<!DOCTYPE HTML PUBLIC \"-//W3C//DTD HTML 4.0//EN\" \"http://www.w3.org/TR/REC-html40/strict.dtd\">\n<html><head><meta name=\"qrichtext\" content=\"1\" /><style type=\"text/css\">\np, li { white-space: pre-wrap; }\n</style></head><body style=\" font-family:'MS Shell Dlg 2'; font-size:10pt; font-weight:400; font-style:normal;\">\n<p style=\" margin-top:0px; margin-bottom:0px; margin-left:0px; margin-right:0px; -qt-block-indent:0; text-indent:0px;\">—</p></body></html>",
        "descr_html_ru": null,
        "url_en": "https://forgottenrealms.fandom.com/wiki/Oaxaptupa",
        "url_ru": null,
        "source_name": "WotC Underdark 3e",
        "source_url": "https://forgottenrealms.fandom.com/wiki/Underdark_(sourcebook)",
        "dnd_editions_str": "5e, 3e",
        "feature_levels_str": "Upperdark",
        "extra_str": "topical_tags: [\"tlincalli\", \"underdark\", \"settlement\", \"diviner\", \"caste\", \"raiders\", \"spellplague\"] | related_cultures_tags: [\"tlincalli\", \"azer\", \"efreeti\", \"fire elementals\", \"salamanders\", \"duergar\"] | related_factions_tags: [\"Diviner caste\"] | related_location_tags: [\"Upper Old Shanatar\", \"Xothaerin\", \"Small Teeth\", \"Amn\", \"Underdark\", \"Maztica\", \"Faerûn\", \"Abeir\"]",
        "location_en": "western Faerûn → Upperdark → Old Shanatar",
        "name_alt_en_str": null,
        "location_ru": "западный Фаэрун → Верхнее Подземье → Старый Шанатар",
        "name_alt_ru_str": null,
        "geog_extent_centroid_md": "33° 53′ 01″ N 014° 36′ 07″ W",
        "geog_extent_centroid_fria": "33° 53′ 01″ N 068° 05′ 00″ W",
        "geog_extent_area_sq_km": null,
        "geog_extent_area_sq_miles": null,
        "geog_extent_length_km": null,
        "geog_extent_length_miles": null,
        "geog_extent_perimeter_km": null,
        "geog_extent_perimeter_miles": null,
        "geog_extent_bbox_md": null,
        "geog_extent_bbox_fria": null,
        "name_it": "Oaxaptupa",
        "name_abb_it": null,
        "label_it": "Oaxaptupa",
        "descr_it": "Un insediamento di tlincalli situato nell'ex regno nanico di Xothaerin, costruito con edifici costruiti rozzamente e macerie. Era organizzato in trenta clan governati da una casta di Divinatori ed era inospitale verso gli estranei. L'insediamento scomparve durante la Piaga degli Incantesimi.",
        "descr_html_it": null,
        "url_it": null,
        "location_it": "Faerûn occidentale → Upperdark → Antico Shanatar",
        "name_alt_it_str": null,
        "topical_tags": "tlincalli, underdark, settlement, diviner, caste, raiders, spellplague",
        "related_location_tags": "Upper Old Shanatar, Xothaerin, Small Teeth, Amn, Underdark, Maztica, Faerûn, Abeir",
        "related_cultures_tags": "tlincalli, azer, efreeti, fire elementals, salamanders, duergar",
        "related_factions_tags": "Diviner caste"
      },
      "geometry": {
        "type": "MultiPoint",
        "coordinates": [
          [
            -68.08354889261463,
            33.88375173175584
          ]
        ]
      }
    },
    {
      "type": "Feature",
      "properties": {
        "uuid": "e25fd7f7-e055-4ec6-a2bf-624d09f7d903",
        "layer_id": "udk_civ_populated_places_pt",
        "timeframe": null,
        "feature_class": "City",
        "feature_rank": 3,
        "is_visible": true,
        "is_labeled": true,
        "needs_review": false,
        "review_notes": null,
        "img_url": null,
        "last_edited": "2026-07-14",
        "last_editor": "postgres",
        "name_en": "Gracklstugh",
        "name_ru": "Граклстуг",
        "name_abb_en": null,
        "name_abb_ru": null,
        "label_en": "Gracklstugh",
        "label_ru": "Граклстуг",
        "descr_en": "A duergar city on the shores of the Darklake in the Northdark.",
        "descr_ru": "Метрополия дуэргаров на берегах Тёмного Озера в Северном Подземье, в пяти милях под Вечными Пустошами. Пещерный город освещён плавильнями и литейными, разделён глубоким разломом, называемым Борозда Ладугера, и известен качественным оружием и экспортом металлов.",
        "descr_html_en": "<!DOCTYPE HTML PUBLIC \"-//W3C//DTD HTML 4.0//EN\" \"http://www.w3.org/TR/REC-html40/strict.dtd\">\n<html><head><meta name=\"qrichtext\" content=\"1\" /><style type=\"text/css\">\np, li { white-space: pre-wrap; }\n</style></head><body style=\" font-family:'MS Shell Dlg 2'; font-size:10pt; font-weight:400; font-style:normal;\">\n<p style=\" margin-top:0px; margin-bottom:0px; margin-left:0px; margin-right:0px; -qt-block-indent:0; text-indent:0px;\">—</p></body></html>",
        "descr_html_ru": null,
        "url_en": "https://forgottenrealms.fandom.com/wiki/Gracklstugh",
        "url_ru": null,
        "source_name": "WotC Underdark 3e",
        "source_url": "https://forgottenrealms.fandom.com/wiki/Underdark_(sourcebook)",
        "dnd_editions_str": "5e, 3e",
        "feature_levels_str": "Middledark",
        "extra_str": "topical_tags: [\"underdark\", \"duergar\", \"metropolis\", \"darklake\", \"northdark\", \"mining\", \"weaponsmithing\", \"subterranean\", \"city-state\"] | related_cultures_tags: [\"duergar\", \"derro\", \"durzagon\", \"orog\", \"stone giant\", \"goblin\", \"shield dwarf\", \"orc\", \"svirfneblin\", \"human\"] | related_factions_tags: [\"Clan Muzgardt\", \"Clan Xundom\", \"Clan Xardelvar\", \"Clan Cairngorm\", \"Stone Guards\", \"Darkhafts\", \"Council of Savants\", \"Merchant Council\"] | related_location_tags: [\"Menzoberranzan\", \"Evermoors\", \"Dessarin River\", \"Skullport\", \"Mantol-Derith\", \"Sshamath\", \"Ooltul\", \"Mithral Hall\"]",
        "location_en": "western Faerûn → Middledark → Northdark",
        "name_alt_en_str": "City of Blades",
        "location_ru": "западный Фаэрун → Среднее Подземье → Нортдарк",
        "name_alt_ru_str": "Город Клинков",
        "geog_extent_centroid_md": "49° 36′ 31″ N 018° 30′ 00″ W",
        "geog_extent_centroid_fria": "49° 36′ 31″ N 071° 58′ 53″ W",
        "geog_extent_area_sq_km": null,
        "geog_extent_area_sq_miles": null,
        "geog_extent_length_km": null,
        "geog_extent_length_miles": null,
        "geog_extent_perimeter_km": null,
        "geog_extent_perimeter_miles": null,
        "geog_extent_bbox_md": null,
        "geog_extent_bbox_fria": null,
        "name_it": "Gracklstugh",
        "name_abb_it": null,
        "label_it": "Gracklstugh",
        "descr_it": "Una metropoli dei duergar sulle rive del Lago Oscuro nel Nord Sotterraneo, a cinque miglia sotto gli Evermoors. La città cavernosa è illuminata da fonderie e fucine, divisa da un profondo crepaccio chiamato Solco di Laduguer, e nota per le sue armi di qualità e le esportazioni di metalli.",
        "descr_html_it": null,
        "url_it": null,
        "location_it": "Faerûn occidentale → Middledark → Sottosuolo Settentrionale",
        "name_alt_it_str": "Città delle Lame",
        "topical_tags": "underdark, duergar, metropolis, darklake, northdark, mining, weaponsmithing, subterranean, city-state",
        "related_location_tags": "Menzoberranzan, Evermoors, Dessarin River, Skullport, Mantol-Derith, Sshamath, Ooltul, Mithral Hall",
        "related_cultures_tags": "duergar, derro, durzagon, orog, stone giant, goblin, shield dwarf, orc, svirfneblin, human",
        "related_factions_tags": "Clan Muzgardt, Clan Xundom, Clan Xardelvar, Clan Cairngorm, Stone Guards, Darkhafts, Council of Savants, Merchant Council"
      },
      "geometry": {
        "type": "MultiPoint",
        "coordinates": [
          [
            -71.98151423278443,
            49.608665915177085
          ]
        ]
      }
    },
    {
      "type": "Feature",
      "properties": {
        "uuid": "f90f625b-5af2-4d8f-abb1-40cb8aa5e6cd",
        "layer_id": "udk_civ_populated_places_pt",
        "timeframe": null,
        "feature_class": "City",
        "feature_rank": 3,
        "is_visible": true,
        "is_labeled": true,
        "needs_review": false,
        "review_notes": null,
        "img_url": null,
        "last_edited": "2026-07-14",
        "last_editor": "postgres",
        "name_en": "Maerimydra",
        "name_ru": "Маэримидра",
        "name_abb_en": null,
        "name_abb_ru": null,
        "label_en": "Maerimydra",
        "label_ru": "Маэримидра",
        "descr_en": "A large drow city located below the Dalelands in the Deep Wastes.",
        "descr_ru": "Большой город дроу в Глубинных Пустошах Подземья, расположенный под Долинами. Был метрополией и монархией, позже теократией, с населением около 11 000 человек в 1372 ЛД. Город был разграблен в 1372 ЛД, позже контролировался огненными великанами и в конечном итоге освобождён и вновь заселён дроу и последователями Эйлисттры.",
        "descr_html_en": "<!DOCTYPE HTML PUBLIC \"-//W3C//DTD HTML 4.0//EN\" \"http://www.w3.org/TR/REC-html40/strict.dtd\">\n<html><head><meta name=\"qrichtext\" content=\"1\" /><style type=\"text/css\">\np, li { white-space: pre-wrap; }\n</style></head><body style=\" font-family:'MS Shell Dlg 2'; font-size:10pt; font-weight:400; font-style:normal;\">\n<p style=\" margin-top:0px; margin-bottom:0px; margin-left:0px; margin-right:0px; -qt-block-indent:0; text-indent:0px;\">—</p></body></html>",
        "descr_html_ru": null,
        "url_en": "https://forgottenrealms.fandom.com/wiki/Maerimydra",
        "url_ru": null,
        "source_name": "WotC Underdark 3e",
        "source_url": "https://forgottenrealms.fandom.com/wiki/Underdark_(sourcebook)",
        "dnd_editions_str": "5e, 3e",
        "feature_levels_str": "Middledark",
        "extra_str": "topical_tags: [\"underdark\", \"drow\", \"city\", \"metropolis\", \"deepwastes\", \"middledark\"] | related_cultures_tags: [\"Azers\", \"Drow\", \"Fire giants\", \"Goblins\", \"Ogres\", \"Undead\", \"Duergar\", \"Myconids\"] | related_factions_tags: [\"Jaezred Chaulssin\", \"Church of Eilistraee\", \"Harpers\", \"Zhentarim\", \"Emerald Enclave\", \"Lords' Alliance\", \"Order of the Gauntlet\", \"Red Plumes\"] | related_location_tags: [\"Deep Wastes\", \"Middledark\", \"Underdark\", \"Dalelands\", \"Mistledale\", \"Daggerdale\", \"Cormanthor\", \"Battledale\"]",
        "location_en": "central Faerûn → Middledark → Deep Wastes",
        "name_alt_en_str": "The Burning City",
        "location_ru": "центральный Фаэрун → Среднее Подземье → Глубинные Пустоши",
        "name_alt_ru_str": "Горящий Город",
        "geog_extent_centroid_md": "41° 25′ 27″ N 000° 16′ 47″ W",
        "geog_extent_centroid_fria": "41° 25′ 27″ N 053° 45′ 41″ W",
        "geog_extent_area_sq_km": null,
        "geog_extent_area_sq_miles": null,
        "geog_extent_length_km": null,
        "geog_extent_length_miles": null,
        "geog_extent_perimeter_km": null,
        "geog_extent_perimeter_miles": null,
        "geog_extent_bbox_md": null,
        "geog_extent_bbox_fria": null,
        "name_it": "Maerimydra",
        "name_abb_it": null,
        "label_it": "Maerimydra",
        "descr_it": "Una grande città dei drow nei Profondi Abissi del Sottosuolo, situata sotto le Valli. Era una metropoli e monarchia, poi una teocrazia, con una popolazione di circa 11.000 nel 1372 DR. La città fu saccheggiata nel 1372 DR, successivamente controllata da giganti del fuoco, e infine liberata e ripopolata da drow e seguaci di Eilistraee.",
        "descr_html_it": null,
        "url_it": null,
        "location_it": "Faerûn centrale → Middledark → Desolazioni Profonde",
        "name_alt_it_str": "La Città Ardente",
        "topical_tags": "underdark, drow, city, metropolis, deepwastes, middledark",
        "related_location_tags": "Deep Wastes, Middledark, Underdark, Dalelands, Mistledale, Daggerdale, Cormanthor, Battledale",
        "related_cultures_tags": "Azers, Drow, Fire giants, Goblins, Ogres, Undead, Duergar, Myconids",
        "related_factions_tags": "Jaezred Chaulssin, Church of Eilistraee, Harpers, Zhentarim, Emerald Enclave, Lords' Alliance, Order of the Gauntlet, Red Plumes"
      },
      "geometry": {
        "type": "MultiPoint",
        "coordinates": [
          [
            -53.76147287714366,
            41.42439559935306
          ]
        ]
      }
    },
    {
      "type": "Feature",
      "properties": {
        "uuid": "fad52dd6-4114-4357-adad-41e2283582aa",
        "layer_id": "udk_civ_populated_places_pt",
        "timeframe": null,
        "feature_class": "City",
        "feature_rank": 3,
        "is_visible": true,
        "is_labeled": true,
        "needs_review": false,
        "review_notes": "exclude from wiki link auto-ageneration",
        "img_url": null,
        "last_edited": "2026-07-13",
        "last_editor": "postgres",
        "name_en": "Vrasl",
        "name_ru": "Врасл",
        "name_abb_en": null,
        "name_abb_ru": null,
        "label_en": "Vrasl",
        "label_ru": "Врасл",
        "descr_en": "This city is a segment of the drow confederation Undrek'Thoz, ruled by a matron mother whose power is balanced by the monastic Blackened Fist order. It lies in the Underdark beneath Thay, linked to its nine sister-cities by a permanent portal network.",
        "descr_ru": null,
        "descr_html_en": "<!DOCTYPE HTML PUBLIC \"-//W3C//DTD HTML 4.0//EN\" \"http://www.w3.org/TR/REC-html40/strict.dtd\">\n<html><head><meta name=\"qrichtext\" content=\"1\" /><style type=\"text/css\">\np, li { white-space: pre-wrap; }\n</style></head><body style=\" font-family:'MS Shell Dlg 2'; font-size:10pt; font-weight:400; font-style:normal;\">\n<p style=\" margin-top:0px; margin-bottom:0px; margin-left:0px; margin-right:0px; -qt-block-indent:0; text-indent:0px;\">—</p></body></html>",
        "descr_html_ru": null,
        "url_en": null,
        "url_ru": null,
        "source_name": "WotC Undrek'Thoz 3e",
        "source_url": "https://forgottenrealms.fandom.com/wiki/Underdark_(sourcebook)",
        "dnd_editions_str": "5e, 3e",
        "feature_levels_str": "Middledark",
        "extra_str": null,
        "location_en": "eastern Faerûn → Middledark → Earthroot → Undrek'Thoz",
        "name_alt_en_str": null,
        "location_ru": "восточный Фаэрун → Среднее Подземье → Корень Земли → Ундрек'Тоз",
        "name_alt_ru_str": null,
        "geog_extent_centroid_md": "35° 39′ 09″ N 019° 46′ 07″ E",
        "geog_extent_centroid_fria": "35° 39′ 09″ N 033° 42′ 45″ W",
        "geog_extent_area_sq_km": null,
        "geog_extent_area_sq_miles": null,
        "geog_extent_length_km": null,
        "geog_extent_length_miles": null,
        "geog_extent_perimeter_km": null,
        "geog_extent_perimeter_miles": null,
        "geog_extent_bbox_md": null,
        "geog_extent_bbox_fria": null,
        "name_it": "Vrasl",
        "name_abb_it": null,
        "label_it": "Vrasl",
        "descr_it": null,
        "descr_html_it": null,
        "url_it": null,
        "location_it": "Faerûn orientale → Middledark → Radice della Terra → Undrek'Thoz",
        "name_alt_it_str": null,
        "topical_tags": "",
        "related_location_tags": "",
        "related_cultures_tags": "",
        "related_factions_tags": ""
      },
      "geometry": {
        "type": "MultiPoint",
        "coordinates": [
          [
            -33.71271302479239,
            35.65251383073726
          ]
        ]
      }
    }
  ]
}